doc_id,word_count,sentence_count,mean_word_len,mean_sentence_len,mean_syll_per_word,polysyll_count,phrase_count,type_token_ratio,syll_v,syll_cv,syll_vc,syll_cvc,syll_vcc,syll_cvcc,syll_ccv,syll_ccvc,syll_ccvcc,syll_ccvccc,cons_cluster,tag_bi,tag_tri,bik_bi,bik_tri,ceb_bi,ceb_tri,affix_density,prefix_density,suffix_density,reduplication_rate,ng_digraph_density,function_word_ratio,hapax_ratio,question_ratio,dialogue_ratio,punct_density,label,language,split_role
0,57,17,3.3859649122807016,3.3529411764705883,1.6491228070175439,3,0.0,0.17543859649122806,0.08771929824561403,0.19298245614035087,0.0,0.0,0.12280701754385964,0.0,0.0,0.0,0.0,0.0,0.12280701754385964,0.11582614379764505,0.08232785932960007,0.07513217764088392,0.04114925354489111,0.10822189041015792,0.09137426361483666,0.49122807017543857,0.3684210526315789,0.12280701754385964,0.0,0.0,0.3157894736842105,0.0,0.0,0.0,0.0,1,tagalog,high_resource
1,153,23,4.9411764705882355,6.6521739130434785,1.973856209150327,39,0.43478260869565216,0.5751633986928104,0.0,0.13725490196078433,0.0457516339869281,0.013071895424836602,0.032679738562091505,0.0196078431372549,0.05228758169934641,0.0,0.006535947712418301,0.0,0.4117647058823529,0.42486167560504046,0.35050355441112707,0.34833652058889414,0.29876300121960075,0.37013066838624226,0.3505215340807004,0.9215686274509803,0.6666666666666666,0.2549019607843137,0.0,0.0915032679738562,0.35947712418300654,0.7613636363636364,0.0,0.43478260869565216,0.43478260869565216,1,tagalog,high_resource
2,58,7,5.551724137931035,8.285714285714286,2.1551724137931036,18,0.8571428571428571,0.7413793103448276,0.0,0.1206896551724138,0.05172413793103448,0.017241379310344827,0.05172413793103448,0.06896551724137931,0.0,0.0,0.0,0.0,0.5344827586206896,0.3221433065182205,0.21525785557051277,0.32633984715843417,0.21762911038190966,0.3187369757673256,0.1774576752888772,0.8793103448275863,0.5689655172413793,0.3103448275862069,0.0,0.05172413793103448,0.29310344827586204,0.813953488372093,0.0,0.0,0.8571428571428571,1,tagalog,high_resource
3,210,25,5.119047619047619,8.4,2.142857142857143,79,0.36,0.3952380952380952,0.004761904761904762,0.0761904761904762,0.047619047619047616,0.023809523809523808,0.1,0.004761904761904762,0.04285714285714286,0.004761904761904762,0.0,0.0,0.49523809523809526,0.38326210045202663,0.4394825219513034,0.34648770751592517,0.30637248771610603,0.3844353976547596,0.3943893141069882,1.223809523809524,0.7714285714285715,0.4523809523809524,0.0,0.12380952380952381,0.4,0.6746987951807228,0.0,0.12,0.36,1,tagalog,high_resource
4,188,16,5.207446808510638,11.75,2.132978723404255,70,0.375,0.5106382978723404,0.005319148936170213,0.1276595744680851,0.05319148936170213,0.0,0.06914893617021277,0.02127659574468085,0.02127659574468085,0.0,0.005319148936170213,0.0,0.5106382978723404,0.46617060259601356,0.4329025244983307,0.4255618508929718,0.3230430868516399,0.44187227512927996,0.38398131953160647,1.0904255319148937,0.723404255319149,0.3670212765957447,0.0,0.11702127659574468,0.42021276595744683,0.6770833333333334,0.0,0.0625,0.375,1,tagalog,high_resource
5,437,46,4.935926773455377,9.5,2.0320366132723113,120,0.4782608695652174,0.4919908466819222,0.004576659038901602,0.13729977116704806,0.07551487414187644,0.009153318077803204,0.05263157894736842,0.018306636155606407,0.02288329519450801,0.0,0.0,0.0,0.41418764302059496,0.48050678441670674,0.4735601971422632,0.38973098698636,0.3345992929352498,0.4281144648824615,0.3850145988896005,1.0045766590389016,0.7025171624713958,0.30205949656750575,0.0,0.07551487414187644,0.38215102974828374,0.7534883720930232,0.0,0.1956521739130435,0.4782608695652174,1,tagalog,high_resource
6,127,35,3.779527559055118,3.6285714285714286,1.7401574803149606,23,0.0,0.1889763779527559,0.0,0.13385826771653545,0.08661417322834646,0.015748031496062992,0.09448818897637795,0.0,0.031496062992125984,0.0,0.0,0.0,0.2125984251968504,0.285450521350079,0.1717738689219484,0.29524158117719107,0.16867801553595976,0.27785694430156704,0.1312540801314213,0.8582677165354331,0.7637795275590551,0.09448818897637795,0.0,0.031496062992125984,0.36220472440944884,0.0,0.0,0.0,0.0,1,tagalog,high_resource
7,13,1,5.384615384615385,13.0,2.1538461538461537,6,2.0,0.6153846153846154,0.0,0.15384615384615385,0.0,0.0,0.15384615384615385,0.0,0.0,0.0,0.0,0.0,0.38461538461538464,0.24956134254965343,0.14032492976250768,0.23634553471822728,0.12129902107158627,0.24297280459785764,0.17710194867376317,1.6923076923076925,1.2307692307692308,0.46153846153846156,0.0,0.0,0.3076923076923077,0.375,0.0,0.0,2.0,1,tagalog,high_resource
8,19,1,4.526315789473684,19.0,1.4736842105263157,2,1.0,0.5789473684210527,0.0,0.0,0.0,0.10526315789473684,0.10526315789473684,0.0,0.21052631578947367,0.0,0.10526315789473684,0.0,0.7368421052631579,0.19897606143706703,0.1315871618070951,0.200903411181254,0.12214270878352541,0.19526022244726088,0.19249232038380135,0.7368421052631579,0.47368421052631576,0.2631578947368421,0.0,0.10526315789473684,0.21052631578947367,0.2727272727272727,0.0,0.0,1.0,1,tagalog,high_resource
9,105,15,3.9904761904761905,7.0,1.8666666666666667,19,0.06666666666666667,0.4095238095238095,0.0,0.14285714285714285,0.047619047619047616,0.009523809523809525,0.14285714285714285,0.0,0.009523809523809525,0.0,0.0,0.0,0.2571428571428571,0.3642802612179249,0.34734359185869235,0.367254944589156,0.2686031208684035,0.387035629231059,0.3558131468676111,0.7047619047619048,0.49523809523809526,0.20952380952380953,0.0,0.0380952380952381,0.41904761904761906,0.627906976744186,0.0,0.0,0.06666666666666667,1,tagalog,high_resource
10,52,17,3.673076923076923,3.0588235294117645,1.6923076923076923,6,0.17647058823529413,0.19230769230769232,0.0,0.09615384615384616,0.0,0.19230769230769232,0.15384615384615385,0.0,0.0,0.0,0.0,0.0,0.15384615384615385,0.15758670881502657,0.08899971229260012,0.14732079815876048,0.07133365555629041,0.15563558812645964,0.05138799563938,0.4423076923076923,0.28846153846153844,0.15384615384615385,0.0,0.0,0.25,0.2,0.0,0.0,0.17647058823529413,1,tagalog,high_resource
11,37,1,4.972972972972973,37.0,1.864864864864865,4,4.0,0.5675675675675675,0.0,0.05405405405405406,0.0,0.05405405405405406,0.02702702702702703,0.0,0.0,0.05405405405405406,0.0,0.0,0.5135135135135135,0.11673023162248569,0.010393937903883281,0.09802107873760496,0.007645388971739779,0.13906289538940364,0.0183317487238807,0.2972972972972973,0.24324324324324326,0.05405405405405406,0.0,0.0,0.08108108108108109,0.23809523809523808,0.0,0.0,4.0,1,tagalog,high_resource
12,91,11,5.175824175824176,8.272727272727273,2.131868131868132,25,0.09090909090909091,0.6593406593406593,0.0,0.0989010989010989,0.0989010989010989,0.02197802197802198,0.04395604395604396,0.0,0.02197802197802198,0.0,0.0,0.0,0.46153846153846156,0.4508925932137791,0.42581690962160373,0.4210698250733523,0.32299752444594115,0.4535066858919275,0.3936154299169214,1.10989010989011,0.7912087912087912,0.31868131868131866,0.0,0.06593406593406594,0.38461538461538464,0.7833333333333333,0.0,0.0,0.09090909090909091,1,tagalog,high_resource
13,193,27,5.0880829015544045,7.148148148148148,2.1088082901554404,59,0.37037037037037035,0.5129533678756477,0.0,0.13989637305699482,0.04145077720207254,0.031088082901554404,0.06217616580310881,0.025906735751295335,0.0051813471502590676,0.0,0.0,0.0,0.40932642487046633,0.4181557748243838,0.38923382452313127,0.4000653444844167,0.2940467974254107,0.4176535140063837,0.3818710661999805,1.1139896373056994,0.8186528497409327,0.29533678756476683,0.0,0.03626943005181347,0.3626943005181347,0.7070707070707071,0.07407407407407407,0.18518518518518517,0.37037037037037035,1,tagalog,high_resource
14,150,10,5.246666666666667,15.0,2.1466666666666665,53,0.4,0.5533333333333333,0.006666666666666667,0.12,0.06666666666666667,0.0,0.06,0.02,0.02,0.0,0.006666666666666667,0.0,0.5333333333333333,0.45222649488633543,0.413148564569999,0.419101731367279,0.3352556701333683,0.4248552559087223,0.3725012998251474,1.0466666666666666,0.7066666666666667,0.34,0.0,0.12666666666666668,0.4266666666666667,0.7349397590361446,0.0,0.1,0.4,1,tagalog,high_resource
15,64,17,3.53125,3.764705882352941,1.625,2,0.29411764705882354,0.21875,0.0,0.140625,0.0,0.140625,0.078125,0.03125,0.0,0.0,0.0,0.0,0.15625,0.19822434147559106,0.0886675229626133,0.16727214013271294,0.07291087238926519,0.2198112767395323,0.0739942391014687,0.46875,0.34375,0.125,0.0,0.03125,0.25,0.21428571428571427,0.0,0.0,0.29411764705882354,1,tagalog,high_resource
16,197,27,4.730964467005077,7.296296296296297,1.9390862944162437,56,0.2222222222222222,0.4416243654822335,0.0,0.1319796954314721,0.02030456852791878,0.08121827411167512,0.08121827411167512,0.025380710659898477,0.02030456852791878,0.0,0.0,0.0,0.37055837563451777,0.4359077976178885,0.432063595826266,0.3967678886213384,0.2914639123118909,0.43299223582188123,0.39513019807345356,1.1725888324873095,0.8730964467005076,0.29949238578680204,0.0,0.04568527918781726,0.350253807106599,0.632183908045977,0.0,0.18518518518518517,0.2222222222222222,1,tagalog,high_resource
17,207,27,4.661835748792271,7.666666666666667,1.8840579710144927,58,0.4444444444444444,0.4444444444444444,0.0,0.14492753623188406,0.057971014492753624,0.004830917874396135,0.04830917874396135,0.11594202898550725,0.014492753623188406,0.0,0.0,0.0,0.4830917874396135,0.4549479403247244,0.36113218674704134,0.4139697360178108,0.3392098129022594,0.4086652717591108,0.3068727950915971,1.1256038647342996,0.821256038647343,0.30434782608695654,0.0,0.06763285024154589,0.33816425120772947,0.6630434782608695,0.0,0.2222222222222222,0.4444444444444444,1,tagalog,high_resource
18,214,27,4.906542056074766,7.925925925925926,1.985981308411215,57,0.5555555555555556,0.4953271028037383,0.004672897196261682,0.08878504672897196,0.07476635514018691,0.03271028037383177,0.08878504672897196,0.028037383177570093,0.04672897196261682,0.0,0.0,0.0,0.514018691588785,0.46223468020194264,0.36059501341423905,0.35095260040521,0.2983735420228591,0.37743737344749395,0.3263147426904825,1.1121495327102804,0.7710280373831776,0.3411214953271028,0.004672897196261682,0.08878504672897196,0.35514018691588783,0.7264150943396226,0.0,0.0,0.5555555555555556,1,tagalog,high_resource
19,10,3,5.0,3.3333333333333335,2.0,2,0.0,0.5,0.0,0.2,0.0,0.0,0.2,0.0,0.0,0.0,0.0,0.0,0.4,0.17559243029372418,0.08069970666523718,0.1257761913078398,0.0802070823960299,0.13777242427388875,0.08069970666523718,1.2,0.6,0.6,0.0,0.0,0.4,0.0,0.0,0.0,0.0,1,tagalog,high_resource
20,114,7,5.754385964912281,16.285714285714285,2.3157894736842106,47,2.142857142857143,0.631578947368421,0.0,0.10526315789473684,0.03508771929824561,0.008771929824561403,0.06140350877192982,0.03508771929824561,0.03508771929824561,0.0,0.0,0.0,0.5526315789473685,0.39693813370778364,0.3400491903566728,0.3829683982147008,0.2601168887883278,0.39700055503232495,0.33040239730678017,1.3596491228070176,1.043859649122807,0.3157894736842105,0.0,0.12280701754385964,0.30701754385964913,0.75,0.14285714285714285,0.0,2.142857142857143,1,tagalog,high_resource
21,91,11,4.6923076923076925,8.272727272727273,1.967032967032967,21,0.7272727272727273,0.6153846153846154,0.0,0.14285714285714285,0.03296703296703297,0.01098901098901099,0.13186813186813187,0.0,0.03296703296703297,0.0,0.0,0.0,0.38461538461538464,0.43593816105538563,0.41789044053781754,0.4114479955122966,0.3044602406004552,0.40852648541953707,0.3446752559915819,0.945054945054945,0.6153846153846154,0.32967032967032966,0.01098901098901099,0.054945054945054944,0.37362637362637363,0.8035714285714286,0.0,0.2727272727272727,0.7272727272727273,1,tagalog,high_resource
22,125,28,5.0,4.464285714285714,2.056,35,0.17857142857142858,0.608,0.008,0.104,0.032,0.016,0.056,0.032,0.024,0.0,0.0,0.0,0.48,0.4233353017928181,0.39521505306940163,0.40330315734521704,0.3039860689632749,0.4354623119719356,0.37060793819471416,1.024,0.72,0.304,0.0,0.08,0.352,0.6973684210526315,0.03571428571428571,0.0,0.17857142857142858,1,tagalog,high_resource
23,11,2,4.363636363636363,5.5,1.8181818181818181,2,0.5,0.6363636363636364,0.0,0.18181818181818182,0.0,0.09090909090909091,0.18181818181818182,0.0,0.0,0.0,0.0,0.0,0.45454545454545453,0.11782258455601914,0.06599266711320026,0.10389969856459308,0.050097856150658295,0.10236018159958757,0.05141410728630645,0.8181818181818181,0.5454545454545454,0.2727272727272727,0.0,0.0,0.36363636363636365,0.42857142857142855,0.0,0.0,0.5,1,tagalog,high_resource
24,15,4,5.8,3.75,2.0,6,0.0,0.3333333333333333,0.0,0.0,0.0,0.2,0.2,0.0,0.0,0.0,0.0,0.0,0.6,0.17593369062265446,0.07720299388951575,0.1778085215459601,0.09786711710010523,0.17424012579712425,0.08188687584530666,1.6,1.0,0.6,0.0,0.0,0.2,0.0,0.0,0.0,0.0,1,tagalog,high_resource
25,484,79,4.845041322314049,6.1265822784810124,2.022727272727273,129,0.21518987341772153,0.45041322314049587,0.002066115702479339,0.16942148760330578,0.045454545454545456,0.010330578512396695,0.05165289256198347,0.012396694214876033,0.03305785123966942,0.0,0.0,0.0,0.43388429752066116,0.463978308643851,0.5387616349261618,0.42449205834696274,0.4280951800798603,0.4594398961880748,0.4581829294810297,1.0764462809917354,0.78099173553719,0.29545454545454547,0.002066115702479339,0.08884297520661157,0.40289256198347106,0.7155963302752294,0.012658227848101266,0.10126582278481013,0.21518987341772153,1,tagalog,high_resource
26,161,21,5.341614906832298,7.666666666666667,2.1925465838509317,52,0.14285714285714285,0.5217391304347826,0.0,0.07453416149068323,0.055900621118012424,0.037267080745341616,0.11801242236024845,0.0,0.043478260869565216,0.0,0.0,0.0,0.5714285714285714,0.4531660164998033,0.362997427434445,0.4139268760948607,0.31717825645034176,0.4083936059709722,0.31044404960423694,1.3229813664596275,0.9565217391304348,0.36645962732919257,0.0,0.10559006211180125,0.38509316770186336,0.7738095238095238,0.0,0.09523809523809523,0.14285714285714285,1,tagalog,high_resource
27,13,1,4.769230769230769,13.0,1.8461538461538463,2,2.0,0.6923076923076923,0.0,0.0,0.0,0.0,0.15384615384615385,0.0,0.0,0.0,0.0,0.0,0.6153846153846154,0.19189630952128595,0.11405766124421997,0.16391730068193794,0.11632675890008234,0.18410609445463444,0.10063355378585824,0.46153846153846156,0.3076923076923077,0.15384615384615385,0.0,0.15384615384615385,0.3076923076923077,0.5555555555555556,0.0,0.0,2.0,1,tagalog,high_resource
28,105,14,4.142857142857143,7.5,1.838095238095238,16,0.5,0.3904761904761905,0.0,0.19047619047619047,0.01904761904761905,0.0,0.11428571428571428,0.0,0.0,0.0,0.0,0.0,0.29523809523809524,0.3340745683228857,0.2339293091604425,0.308985427622899,0.21234210165001136,0.32561243454341887,0.21564248117518783,0.7619047619047619,0.6190476190476191,0.14285714285714285,0.0,0.06666666666666667,0.4095238095238095,0.5853658536585366,0.0,0.42857142857142855,0.5,1,tagalog,high_resource
29,66,4,4.818181818181818,16.5,2.0454545454545454,20,0.25,0.5606060606060606,0.0,0.13636363636363635,0.030303030303030304,0.06060606060606061,0.06060606060606061,0.015151515151515152,0.045454545454545456,0.0,0.0,0.0,0.48484848484848486,0.41355852572646035,0.38588914280693726,0.3522095743579048,0.27846335198338895,0.34924542354655813,0.2740020156375932,1.2121212121212122,0.8939393939393939,0.3181818181818182,0.0,0.16666666666666666,0.4696969696969697,0.6486486486486487,0.0,0.0,0.25,1,tagalog,high_resource
30,120,14,4.733333333333333,8.571428571428571,1.9833333333333334,33,0.5714285714285714,0.6583333333333333,0.05,0.13333333333333333,0.075,0.008333333333333333,0.075,0.008333333333333333,0.058333333333333334,0.008333333333333333,0.0,0.0,0.45,0.4186378903411803,0.41145771153255495,0.40413978899445396,0.33337751231858587,0.40572976148201195,0.3709152769947517,0.9416666666666667,0.7083333333333334,0.23333333333333334,0.0,0.09166666666666666,0.375,0.8354430379746836,0.0,0.0,0.5714285714285714,1,tagalog,high_resource
31,90,10,5.155555555555556,9.0,2.1333333333333333,32,0.0,0.4666666666666667,0.0,0.07777777777777778,0.14444444444444443,0.022222222222222223,0.15555555555555556,0.011111111111111112,0.044444444444444446,0.0,0.0,0.0,0.6444444444444445,0.34659062222233716,0.3412004188211464,0.308559207352273,0.27885038129643835,0.3437384270573399,0.3350127803084658,1.211111111111111,0.8888888888888888,0.32222222222222224,0.0,0.05555555555555555,0.43333333333333335,0.6904761904761905,0.0,0.0,0.0,1,tagalog,high_resource
32,91,10,4.714285714285714,9.1,1.901098901098901,17,0.6,0.5604395604395604,0.0,0.07692307692307693,0.08791208791208792,0.03296703296703297,0.07692307692307693,0.0,0.02197802197802198,0.01098901098901099,0.0,0.0,0.46153846153846156,0.35635908402935673,0.329085818240646,0.350462308816845,0.3171961449509157,0.3657069701923022,0.28727687105914945,0.989010989010989,0.6263736263736264,0.3626373626373626,0.0,0.06593406593406594,0.38461538461538464,0.7450980392156863,0.1,0.0,0.6,1,tagalog,high_resource
33,3,1,7.0,3.0,3.0,2,0.0,1.0,0.0,0.3333333333333333,0.0,0.0,0.0,0.0,0.0,0.0,0.0,0.0,0.6666666666666666,0.10902306224289102,0.015715906859774257,0.09234361527943516,0.02051839514663264,0.10266429407149819,0.00691791083692766,1.6666666666666665,1.3333333333333333,0.3333333333333333,0.0,0.0,0.3333333333333333,1.0,0.0,0.0,0.0,1,tagalog,high_resource
34,225,27,4.3822222222222225,8.333333333333334,1.8266666666666667,36,0.8518518518518519,0.5288888888888889,0.008888888888888889,0.15555555555555556,0.04888888888888889,0.0044444444444444444,0.04,0.008888888888888889,0.04,0.0044444444444444444,0.0044444444444444444,0.0,0.4533333333333333,0.4250454478708312,0.4123535390752238,0.39813271024943275,0.373933249631591,0.4110399587516278,0.3443645589827249,0.7422222222222222,0.5555555555555556,0.18666666666666668,0.0,0.08888888888888889,0.37777777777777777,0.7310924369747899,0.037037037037037035,0.5185185185185185,0.8518518518518519,1,tagalog,high_resource
35,160,16,4.88125,10.0,2.0875,51,0.8125,0.475,0.0,0.075,0.05625,0.03125,0.06875,0.00625,0.0,0.0,0.0,0.0,0.4,0.3951648476345621,0.3914106138141337,0.3572528219150353,0.34833794662054085,0.32757209288661493,0.30479440435184263,1.0,0.73125,0.26875,0.0,0.08125,0.3,0.7236842105263158,0.0,0.5,0.8125,1,tagalog,high_resource
36,70,3,4.228571428571429,23.333333333333332,1.7285714285714286,17,0.0,0.44285714285714284,0.0,0.2,0.05714285714285714,0.0,0.14285714285714285,0.0,0.014285714285714285,0.0,0.0,0.0,0.37142857142857144,0.2907142730703597,0.2216664000893708,0.27836783900278045,0.16411001345125417,0.28812682427509606,0.18287036043236385,0.8571428571428571,0.6285714285714286,0.22857142857142856,0.0,0.04285714285714286,0.3142857142857143,0.6774193548387096,0.0,0.0,0.0,1,tagalog,high_resource
37,190,21,4.8052631578947365,9.047619047619047,1.9842105263157894,47,0.23809523809523808,0.531578947368421,0.0,0.12105263157894737,0.05263157894736842,0.010526315789473684,0.07894736842105263,0.0,0.021052631578947368,0.0,0.0,0.0,0.4473684210526316,0.4662996288109648,0.45248620106313087,0.3712197574707693,0.30098255533632773,0.3972447682541297,0.3647878505471612,1.1473684210526316,0.8052631578947368,0.34210526315789475,0.0,0.05789473684210526,0.33157894736842103,0.7425742574257426,0.047619047619047616,0.23809523809523808,0.23809523809523808,1,tagalog,high_resource
38,80,5,4.9125,16.0,2.0375,27,0.4,0.6,0.0,0.1625,0.025,0.0125,0.0625,0.0125,0.1,0.0,0.0,0.0,0.5375,0.37336810080913235,0.28712352773798805,0.3245825495375577,0.2557439039067334,0.3545116724954486,0.23629862582713937,1.0125,0.7,0.3125,0.0,0.1875,0.4625,0.8125,0.0,0.0,0.4,1,tagalog,high_resource
39,114,17,4.605263157894737,6.705882352941177,1.912280701754386,21,0.35294117647058826,0.5701754385964912,0.0,0.21929824561403508,0.017543859649122806,0.008771929824561403,0.06140350877192982,0.017543859649122806,0.008771929824561403,0.0,0.0,0.0,0.4298245614035088,0.3918514142776247,0.40294548287422927,0.382064841482118,0.3623319841013387,0.3908088277312573,0.34829383848143397,0.8421052631578948,0.5175438596491229,0.32456140350877194,0.0,0.017543859649122806,0.32456140350877194,0.7692307692307693,0.23529411764705882,0.5294117647058824,0.35294117647058826,1,tagalog,high_resource
40,22,1,4.7727272727272725,22.0,1.9545454545454546,5,1.0,0.7272727272727273,0.0,0.18181818181818182,0.0,0.0,0.045454545454545456,0.045454545454545456,0.045454545454545456,0.0,0.0,0.0,0.36363636363636365,0.21322207106554417,0.07093180444610514,0.1929361174182823,0.0799443921926496,0.1856959137544849,0.060122074550069966,0.5,0.4090909090909091,0.09090909090909091,0.0,0.0,0.18181818181818182,0.75,0.0,0.0,1.0,1,tagalog,high_resource
41,210,28,5.214285714285714,7.5,2.1523809523809523,72,0.0,0.5047619047619047,0.0,0.08095238095238096,0.023809523809523808,0.03333333333333333,0.08095238095238096,0.009523809523809525,0.03333333333333333,0.0,0.0,0.0,0.5047619047619047,0.4178276838397024,0.4241813063192684,0.36735964455804726,0.3462787990917444,0.40389543561725716,0.3792759350558588,1.1047619047619048,0.7095238095238096,0.3952380952380952,0.0,0.12857142857142856,0.35714285714285715,0.7358490566037735,0.0,0.0,0.0,1,tagalog,high_resource
42,173,23,4.84393063583815,7.521739130434782,2.0578034682080926,48,0.43478260869565216,0.5838150289017341,0.0,0.15028901734104047,0.017341040462427744,0.028901734104046242,0.06358381502890173,0.005780346820809248,0.017341040462427744,0.0,0.0,0.0,0.3583815028901734,0.4484138731295123,0.4566366691506518,0.43221734907629705,0.3712214773946993,0.4487804523785805,0.41078499978502464,1.0751445086705202,0.8034682080924855,0.27167630057803466,0.0,0.06358381502890173,0.32947976878612717,0.7029702970297029,0.043478260869565216,0.43478260869565216,0.43478260869565216,1,tagalog,high_resource
43,169,24,5.088757396449704,7.041666666666667,2.1124260355029585,47,0.375,0.6094674556213018,0.0,0.10059171597633136,0.03550295857988166,0.029585798816568046,0.05325443786982249,0.011834319526627219,0.03550295857988166,0.0,0.0,0.0,0.4260355029585799,0.47565507731485435,0.5060493839821334,0.4331793675003586,0.3853170407446314,0.43723636699088225,0.38197922007704,1.2366863905325443,0.9112426035502958,0.3254437869822485,0.0,0.08284023668639054,0.3431952662721893,0.7475728155339806,0.0,0.5,0.375,1,tagalog,high_resource
44,132,11,4.9772727272727275,12.0,1.9318181818181819,40,0.6363636363636364,0.5606060606060606,0.0,0.18181818181818182,0.045454545454545456,0.007575757575757576,0.06060606060606061,0.09090909090909091,0.022727272727272728,0.0,0.0,0.0,0.553030303030303,0.4049012624570014,0.33157043186801566,0.3537470579254794,0.2708710427244628,0.3777285077278192,0.3055479745868979,0.9242424242424243,0.5757575757575758,0.3484848484848485,0.0,0.08333333333333333,0.3712121212121212,0.7702702702702703,0.0,0.18181818181818182,0.6363636363636364,1,tagalog,high_resource
45,164,22,5.103658536585366,7.454545454545454,2.0548780487804876,50,0.09090909090909091,0.4634146341463415,0.0,0.06097560975609756,0.03048780487804878,0.012195121951219513,0.10365853658536585,0.012195121951219513,0.0975609756097561,0.0,0.0,0.0,0.5,0.43064146163770256,0.40271973051880905,0.3514842379992699,0.3235560978034585,0.37726035366952243,0.3276385550985063,1.25,0.8963414634146342,0.35365853658536583,0.0,0.16463414634146342,0.4024390243902439,0.7105263157894737,0.18181818181818182,0.045454545454545456,0.09090909090909091,1,tagalog,high_resource
46,50,9,3.36,5.555555555555555,1.56,3,0.0,0.22,0.0,0.22,0.0,0.18,0.06,0.0,0.0,0.0,0.0,0.0,0.06,0.09858215516016253,0.041148291364702765,0.09379203193326224,0.03874140633114361,0.10002177289689197,0.018981105858511184,0.46,0.4,0.06,0.0,0.0,0.28,0.18181818181818182,0.0,0.0,0.0,1,tagalog,high_resource
47,71,11,3.9859154929577465,6.454545454545454,1.8309859154929577,17,0.5454545454545454,0.5070422535211268,0.0,0.16901408450704225,0.04225352112676056,0.014084507042253521,0.11267605633802817,0.0,0.07042253521126761,0.0,0.0,0.0,0.29577464788732394,0.2882038190968825,0.18384455577345857,0.2527249242133656,0.19615303639852139,0.27136515495237823,0.15730338950116043,0.7605633802816901,0.6056338028169014,0.15492957746478872,0.0,0.07042253521126761,0.4084507042253521,0.7777777777777778,0.0,0.0,0.5454545454545454,1,tagalog,high_resource
48,199,26,4.527638190954774,7.653846153846154,1.8743718592964824,32,0.19230769230769232,0.4221105527638191,0.0,0.04522613065326633,0.02512562814070352,0.01507537688442211,0.12060301507537688,0.005025125628140704,0.08040201005025126,0.0,0.0,0.0,0.5527638190954773,0.4019323661921721,0.35957786542851583,0.3347699175647882,0.2993415439755888,0.34811541064525764,0.32252099310464927,1.1959798994974875,0.8542713567839196,0.3417085427135678,0.0,0.16080402010050251,0.39195979899497485,0.6428571428571429,0.0,0.07692307692307693,0.19230769230769232,1,tagalog,high_resource
49,53,12,4.3584905660377355,4.416666666666667,1.8867924528301887,9,0.16666666666666666,0.5471698113207547,0.0,0.03773584905660377,0.07547169811320754,0.018867924528301886,0.07547169811320754,0.018867924528301886,0.1320754716981132,0.0,0.0,0.0,0.3018867924528302,0.3405841247663567,0.23434701994680648,0.3169146759577393,0.16060518265821414,0.336485071808094,0.2193901401334964,1.3773584905660377,0.8867924528301887,0.49056603773584906,0.0,0.1320754716981132,0.39622641509433965,0.7931034482758621,0.0,0.08333333333333333,0.16666666666666666,1,tagalog,high_resource
50,7,5,4.285714285714286,1.4,1.5714285714285714,1,0.2,1.0,0.0,0.14285714285714285,0.0,0.14285714285714285,0.14285714285714285,0.0,0.0,0.0,0.0,0.0,0.42857142857142855,0.12434866435923457,0.022486687521324947,0.13421648752405632,0.022486687521324947,0.12418922053822756,0.022486687521324947,0.5714285714285714,0.2857142857142857,0.2857142857142857,0.0,0.0,0.2857142857142857,1.0,0.2,0.0,0.2,1,tagalog,high_resource
51,331,21,4.969788519637462,15.761904761904763,2.11178247734139,95,1.1904761904761905,0.3564954682779456,0.0030211480362537764,0.10876132930513595,0.07250755287009064,0.012084592145015106,0.06042296072507553,0.012084592145015106,0.0755287009063444,0.0,0.0,0.0,0.4380664652567976,0.4313932103617816,0.4243379451945998,0.37864666001332176,0.3005729420618085,0.41859852682966336,0.39042191215113936,1.0271903323262839,0.7492447129909365,0.27794561933534745,0.0,0.1510574018126888,0.4108761329305136,0.4915254237288136,0.14285714285714285,0.19047619047619047,1.1904761904761905,1,tagalog,high_resource
52,253,34,5.209486166007905,7.4411764705882355,2.110671936758893,73,0.14705882352941177,0.4782608695652174,0.0,0.1225296442687747,0.02766798418972332,0.023715415019762844,0.07114624505928854,0.023715415019762844,0.02766798418972332,0.0,0.0,0.0,0.5652173913043478,0.46046819947830847,0.42571238098101927,0.39596143283685664,0.36078541733844605,0.3945391790031968,0.38517748651835915,1.1462450592885376,0.8181818181818182,0.32806324110671936,0.003952569169960474,0.1225296442687747,0.391304347826087,0.768595041322314,0.17647058823529413,0.058823529411764705,0.14705882352941177,1,tagalog,high_resource
53,283,43,4.879858657243816,6.5813953488372094,2.060070671378092,80,0.11627906976744186,0.44876325088339225,0.0,0.12367491166077739,0.0353356890459364,0.07773851590106007,0.04946996466431095,0.02120141342756184,0.028268551236749116,0.0,0.0,0.0,0.4028268551236749,0.49010936530470384,0.4479083945354651,0.41492926162150684,0.3791373581297891,0.41763490631326305,0.338499696702868,1.2791519434628975,0.9257950530035336,0.35335689045936397,0.014134275618374558,0.06713780918727916,0.2968197879858657,0.6062992125984252,0.11627906976744186,0.27906976744186046,0.11627906976744186,1,tagalog,high_resource
54,368,35,4.779891304347826,10.514285714285714,1.9728260869565217,82,0.8571428571428571,0.49184782608695654,0.002717391304347826,0.1766304347826087,0.05434782608695652,0.021739130434782608,0.043478260869565216,0.016304347826086956,0.019021739130434784,0.0,0.0,0.0,0.40217391304347827,0.4497249434587789,0.4283938028804699,0.41883510166747956,0.3584790329772951,0.4381430353011931,0.3889626828897785,0.9701086956521738,0.717391304347826,0.25271739130434784,0.0,0.06521739130434782,0.34782608695652173,0.7182320441988951,0.14285714285714285,0.42857142857142855,0.8571428571428571,1,tagalog,high_resource
55,195,25,5.092307692307692,7.8,2.0871794871794873,61,0.2,0.49743589743589745,0.005128205128205128,0.06153846153846154,0.06153846153846154,0.020512820512820513,0.09230769230769231,0.015384615384615385,0.06666666666666667,0.0,0.0,0.0,0.49743589743589745,0.42695555853953887,0.3998879521390624,0.3983179089484721,0.3245876645641365,0.4009331420852567,0.302655743571143,1.1128205128205129,0.7384615384615385,0.37435897435897436,0.0,0.1076923076923077,0.37435897435897436,0.6907216494845361,0.08,0.04,0.2,1,tagalog,high_resource
56,41,1,5.853658536585366,41.0,2.2195121951219514,15,8.0,0.6341463414634146,0.024390243902439025,0.04878048780487805,0.12195121951219512,0.0,0.04878048780487805,0.0,0.0,0.0,0.024390243902439025,0.0,0.5121951219512195,0.27452878733891445,0.13636715817064846,0.2803166363246613,0.1444164853317865,0.27004957093633414,0.12232038331053247,1.097560975609756,0.9512195121951219,0.14634146341463414,0.0,0.0,0.14634146341463414,0.5769230769230769,0.0,0.0,8.0,1,tagalog,high_resource
57,55,15,3.4363636363636365,3.6666666666666665,1.6545454545454545,4,0.2,0.32727272727272727,0.0,0.2545454545454545,0.0,0.03636363636363636,0.07272727272727272,0.0,0.0,0.0,0.0,0.0,0.10909090909090909,0.20211778896350616,0.11789412879680604,0.18316095212813158,0.09917239702395411,0.17042101521651287,0.07968082674690895,0.509090909090909,0.41818181818181815,0.09090909090909091,0.0,0.03636363636363636,0.4909090909090909,0.3333333333333333,0.0,0.13333333333333333,0.2,1,tagalog,high_resource
58,108,19,4.194444444444445,5.684210526315789,1.9166666666666667,21,0.21052631578947367,0.4444444444444444,0.0,0.25,0.009259259259259259,0.0,0.046296296296296294,0.0,0.018518518518518517,0.0,0.0,0.0,0.1111111111111111,0.31782667403360915,0.2588665238538832,0.3170411207330681,0.18392471053840972,0.332114028213383,0.2590306822084303,0.9351851851851852,0.7777777777777778,0.1574074074074074,0.0,0.027777777777777776,0.37037037037037035,0.5625,0.21052631578947367,0.42105263157894735,0.21052631578947367,1,tagalog,high_resource
59,9,5,4.666666666666667,1.8,2.0,3,0.0,0.6666666666666666,0.0,0.3333333333333333,0.0,0.0,0.0,0.0,0.0,0.0,0.0,0.0,0.4444444444444444,0.1382098359948228,0.028132891475858818,0.13204753438619848,0.01753257738122239,0.1251054855862715,0.0060601807591621915,0.6666666666666667,0.5555555555555556,0.1111111111111111,0.0,0.0,0.3333333333333333,0.5,0.0,0.0,0.0,1,tagalog,high_resource
60,194,30,4.015463917525773,6.466666666666667,1.7628865979381443,37,0.3333333333333333,0.36597938144329895,0.005154639175257732,0.15463917525773196,0.05154639175257732,0.015463917525773196,0.11855670103092783,0.015463917525773196,0.05670103092783505,0.0,0.0,0.0,0.3556701030927835,0.36671609960099677,0.3199464395590195,0.3171738061190468,0.24768958904909824,0.364875135080187,0.3282687988209069,0.7422680412371134,0.4896907216494845,0.25257731958762886,0.0,0.0979381443298969,0.4587628865979381,0.647887323943662,0.23333333333333334,0.0,0.3333333333333333,1,tagalog,high_resource
61,20,2,4.75,10.0,2.05,5,1.0,0.95,0.0,0.1,0.15,0.0,0.05,0.05,0.0,0.0,0.0,0.0,0.25,0.29654738409309606,0.1571372647182601,0.2812757341318865,0.06743638412422785,0.2794080686355045,0.12833837135156198,1.15,0.9,0.25,0.0,0.0,0.45,0.9473684210526315,0.0,0.0,1.0,1,tagalog,high_resource
62,114,10,4.640350877192983,11.4,1.8859649122807018,29,0.5,0.5175438596491229,0.0,0.15789473684210525,0.07894736842105263,0.0,0.07894736842105263,0.0,0.05263157894736842,0.0,0.0,0.0,0.43859649122807015,0.4007322526556344,0.28887504970299144,0.3795896157195947,0.2588093685068973,0.406534263377388,0.27111500372933667,0.9210526315789473,0.6228070175438597,0.2982456140350877,0.0,0.10526315789473684,0.39473684210526316,0.6779661016949152,0.0,0.0,0.5,1,tagalog,high_resource
63,126,25,3.8333333333333335,5.04,1.7142857142857142,20,0.08,0.3968253968253968,0.007936507936507936,0.2222222222222222,0.03968253968253968,0.031746031746031744,0.0873015873015873,0.007936507936507936,0.03968253968253968,0.0,0.0,0.0,0.2619047619047619,0.3047588243650825,0.21614687688403142,0.2779419844031166,0.1757475531650989,0.30618183340127175,0.1965430817481704,0.7857142857142858,0.5238095238095238,0.2619047619047619,0.007936507936507936,0.0873015873015873,0.4444444444444444,0.66,0.2,0.0,0.08,1,tagalog,high_resource
64,105,15,4.0476190476190474,7.0,1.8571428571428572,17,0.4,0.47619047619047616,0.0,0.19047619047619047,0.05714285714285714,0.01904761904761905,0.02857142857142857,0.0,0.0380952380952381,0.0,0.0,0.0,0.1523809523809524,0.334275197816403,0.22963056247152536,0.2841994027700471,0.1550197919681865,0.3247659709706915,0.23796355499571079,0.7904761904761906,0.6476190476190476,0.14285714285714285,0.0,0.05714285714285714,0.41904761904761906,0.64,0.06666666666666667,0.4,0.4,1,tagalog,high_resource
65,176,19,4.630681818181818,9.263157894736842,1.9829545454545454,42,0.5263157894736842,0.5909090909090909,0.005681818181818182,0.09659090909090909,0.1534090909090909,0.022727272727272728,0.03977272727272727,0.005681818181818182,0.005681818181818182,0.0,0.0,0.0,0.32386363636363635,0.4884465814181948,0.5043911778638597,0.37594654745065237,0.35916566358201374,0.40695370933928204,0.4245922406933226,1.0,0.7102272727272727,0.2897727272727273,0.0,0.017045454545454544,0.38636363636363635,0.7788461538461539,0.0,0.0,0.5263157894736842,1,tagalog,high_resource
66,116,15,4.75,7.733333333333333,2.0258620689655173,38,0.13333333333333333,0.5431034482758621,0.0,0.14655172413793102,0.08620689655172414,0.017241379310344827,0.05172413793103448,0.017241379310344827,0.034482758620689655,0.0,0.0,0.0,0.35344827586206895,0.3939714228479133,0.36585973948983463,0.3734665032763933,0.2912253391826793,0.36423157069092005,0.34111300322707944,1.043103448275862,0.8017241379310345,0.2413793103448276,0.0,0.0603448275862069,0.4224137931034483,0.6825396825396826,0.0,0.0,0.13333333333333333,1,tagalog,high_resource
67,401,72,4.723192019950124,5.569444444444445,1.9950124688279303,114,0.3055555555555556,0.3516209476309227,0.0024937655860349127,0.18952618453865336,0.04488778054862843,0.014962593516209476,0.05236907730673317,0.00997506234413965,0.014962593516209476,0.0024937655860349127,0.0,0.0,0.33665835411471323,0.4129202078320962,0.40803951637823077,0.3932333786420608,0.335126951766528,0.40877773370716547,0.3444144001366188,1.1346633416458853,0.7855361596009975,0.3491271820448878,0.0,0.04987531172069826,0.35910224438902744,0.5106382978723404,0.0,0.09722222222222222,0.3055555555555556,1,tagalog,high_resource
68,823,84,4.767922235722965,9.797619047619047,1.959902794653706,194,0.19047619047619047,0.35236938031591736,0.0,0.1591737545565006,0.026731470230862697,0.027946537059538274,0.05103280680437424,0.024301336573511544,0.01701093560145808,0.0,0.001215066828675577,0.0,0.41190765492102066,0.4994007013594375,0.4993296608696018,0.4144781168247894,0.3657338701594039,0.41523470993260175,0.4431937175090878,0.9149453219927095,0.6269744835965978,0.28797083839611176,0.0,0.08262454434993925,0.362089914945322,0.6310344827586207,0.07142857142857142,0.16666666666666666,0.19047619047619047,2,tagalog,high_resource
69,509,34,5.196463654223969,14.970588235294118,2.0648330058939095,143,1.2941176470588236,0.48330058939096265,0.0,0.11394891944990176,0.07858546168958742,0.01768172888015717,0.06679764243614932,0.025540275049115914,0.021611001964636542,0.003929273084479371,0.0,0.0,0.5029469548133595,0.48804568195883674,0.5382334972033596,0.4358589364476239,0.40704633732803386,0.4591533137940108,0.45972658156734986,1.2278978388998036,0.8506876227897839,0.37721021611001965,0.0019646365422396855,0.043222003929273084,0.34577603143418467,0.7235772357723578,0.0,0.11764705882352941,1.2941176470588236,2,tagalog,high_resource
70,193,21,4.772020725388601,9.19047619047619,1.9378238341968912,44,0.23809523809523808,0.5077720207253886,0.0,0.17098445595854922,0.05699481865284974,0.031088082901554404,0.046632124352331605,0.010362694300518135,0.015544041450777202,0.0,0.0,0.0,0.36787564766839376,0.48856352043166773,0.4177628471498141,0.43009570855786594,0.36777360506595075,0.4135999551574016,0.3140501742115808,0.9119170984455958,0.6528497409326425,0.25906735751295334,0.0,0.05181347150259067,0.3626943005181347,0.7346938775510204,0.047619047619047616,0.14285714285714285,0.23809523809523808,2,tagalog,high_resource
71,117,14,4.512820512820513,8.357142857142858,1.8803418803418803,25,0.7142857142857143,0.41025641025641024,0.0,0.07692307692307693,0.08547008547008547,0.0,0.05128205128205128,0.042735042735042736,0.017094017094017096,0.0,0.0,0.0,0.37606837606837606,0.41038890450222043,0.3100663456440291,0.3667482443323181,0.25874543199343414,0.3559895136931872,0.28152997418857834,0.8803418803418803,0.6324786324786325,0.24786324786324787,0.0,0.1111111111111111,0.358974358974359,0.5,0.0,0.42857142857142855,0.7142857142857143,2,tagalog,high_resource
72,374,57,4.334224598930481,6.56140350877193,1.7433155080213905,66,0.12280701754385964,0.27540106951871657,0.0,0.10962566844919786,0.0748663101604278,0.06684491978609626,0.12032085561497326,0.0374331550802139,0.09358288770053476,0.0,0.0,0.0,0.48128342245989303,0.40733733378221476,0.35573069980577127,0.3259815016424453,0.2829920869538692,0.3817688719986024,0.3480821399804254,0.9518716577540107,0.6203208556149733,0.3315508021390374,0.0,0.12299465240641712,0.40641711229946526,0.6019417475728155,0.3157894736842105,0.0,0.12280701754385964,2,tagalog,high_resource
73,42,7,4.904761904761905,6.0,2.0952380952380953,10,0.2857142857142857,0.8809523809523809,0.0,0.11904761904761904,0.047619047619047616,0.047619047619047616,0.023809523809523808,0.0,0.0,0.0,0.0,0.0,0.3333333333333333,0.3762497394520853,0.4130246197346373,0.350913228800187,0.31293315833878144,0.3891766113481697,0.3793107728417681,1.119047619047619,0.7380952380952381,0.38095238095238093,0.0,0.023809523809523808,0.35714285714285715,0.8918918918918919,0.0,0.0,0.2857142857142857,2,tagalog,high_resource
74,73,11,4.739726027397261,6.636363636363637,2.0,18,0.18181818181818182,0.6438356164383562,0.0,0.1095890410958904,0.0821917808219178,0.0273972602739726,0.0684931506849315,0.0,0.0136986301369863,0.0,0.0,0.0,0.4657534246575342,0.4189567947382517,0.3733569278530632,0.35560354157966106,0.3145839522113851,0.36798696988934243,0.3682469858326745,0.863013698630137,0.6164383561643836,0.2465753424657534,0.0,0.0684931506849315,0.3972602739726027,0.7021276595744681,0.0,0.0,0.18181818181818182,2,tagalog,high_resource
75,56,7,4.910714285714286,8.0,2.017857142857143,17,0.0,0.6785714285714286,0.0,0.07142857142857142,0.03571428571428571,0.0,0.08928571428571429,0.017857142857142856,0.125,0.0,0.0,0.0,0.5,0.40142691394023045,0.4174443233842154,0.3479702904252516,0.34038954891241163,0.36197939245243266,0.34752945478130876,1.1071428571428572,0.75,0.35714285714285715,0.03571428571428571,0.19642857142857142,0.48214285714285715,0.8157894736842105,0.0,0.14285714285714285,0.0,2,tagalog,high_resource
76,69,8,4.449275362318841,8.625,1.7826086956521738,7,0.125,0.5652173913043478,0.0,0.043478260869565216,0.08695652173913043,0.014492753623188406,0.08695652173913043,0.0,0.08695652173913043,0.014492753623188406,0.0,0.0,0.463768115942029,0.39406695176330586,0.34873868837484356,0.3582380536925412,0.3191393231510187,0.38813121310739973,0.4037641728331639,0.9855072463768115,0.6666666666666666,0.3188405797101449,0.0,0.08695652173913043,0.42028985507246375,0.6666666666666666,0.0,0.0,0.125,2,tagalog,high_resource
77,34,5,4.176470588235294,6.8,1.8235294117647058,6,0.0,0.5588235294117647,0.0,0.17647058823529413,0.08823529411764706,0.0,0.029411764705882353,0.0,0.0,0.0,0.0,0.0,0.17647058823529413,0.2670827186366699,0.10418375552458514,0.20688455095608135,0.06028745518197302,0.2532080719126888,0.09058556503054441,0.8529411764705883,0.7058823529411765,0.14705882352941177,0.0,0.058823529411764705,0.35294117647058826,0.5789473684210527,0.0,0.0,0.0,2,tagalog,high_resource
78,190,22,4.557894736842106,8.636363636363637,1.8631578947368421,45,0.3181818181818182,0.5947368421052631,0.010526315789473684,0.10526315789473684,0.08947368421052632,0.042105263157894736,0.06315789473684211,0.021052631578947368,0.010526315789473684,0.0,0.0,0.0,0.4368421052631579,0.4510558785287428,0.3712567687302459,0.3798662777533669,0.3112373798410082,0.3719709421231758,0.2952121758240536,0.9421052631578948,0.6526315789473685,0.2894736842105263,0.0,0.04736842105263158,0.3,0.7610619469026548,0.045454545454545456,0.09090909090909091,0.3181818181818182,2,tagalog,high_resource
79,66,10,4.742424242424242,6.6,2.0454545454545454,17,0.1,0.5757575757575758,0.0,0.16666666666666666,0.10606060606060606,0.015151515151515152,0.045454545454545456,0.015151515151515152,0.015151515151515152,0.0,0.0,0.0,0.3484848484848485,0.3650909772556744,0.2920837748972583,0.3327703091811658,0.25103162507018595,0.3346469298420776,0.24395824463315563,1.0151515151515151,0.8181818181818182,0.19696969696969696,0.0,0.015151515151515152,0.4393939393939394,0.6578947368421053,0.0,0.0,0.1,2,tagalog,high_resource
80,49,6,4.469387755102041,8.166666666666666,1.9591836734693877,10,0.5,0.7551020408163265,0.0,0.08163265306122448,0.061224489795918366,0.02040816326530612,0.061224489795918366,0.0,0.04081632653061224,0.0,0.0,0.0,0.3877551020408163,0.40091485044065484,0.4299629663508202,0.3653944819644347,0.34562564001506435,0.3965251657794401,0.40595473848346714,0.9183673469387754,0.6530612244897959,0.2653061224489796,0.0,0.12244897959183673,0.40816326530612246,0.7837837837837838,0.0,0.0,0.5,2,tagalog,high_resource
81,53,12,4.622641509433962,4.416666666666667,1.9622641509433962,10,0.0,0.6792452830188679,0.0,0.20754716981132076,0.018867924528301886,0.0,0.03773584905660377,0.0,0.03773584905660377,0.0,0.0,0.0,0.4339622641509434,0.3352872961723005,0.32182880183389195,0.32698535144201557,0.28247352330637654,0.32463883140439154,0.2851821834729879,1.0377358490566038,0.8301886792452831,0.20754716981132076,0.0,0.07547169811320754,0.41509433962264153,0.7777777777777778,0.0,0.0,0.0,2,tagalog,high_resource
82,194,29,4.88659793814433,6.689655172413793,2.0927835051546393,59,0.034482758620689655,0.5103092783505154,0.0,0.12886597938144329,0.08762886597938144,0.015463917525773196,0.05670103092783505,0.015463917525773196,0.0,0.0,0.0,0.0,0.35051546391752575,0.45999800443737454,0.5011113187395357,0.3882803803483484,0.3384964056021663,0.4219051305256422,0.4281973515063722,1.1288659793814433,0.8350515463917526,0.29381443298969073,0.0,0.030927835051546393,0.4020618556701031,0.7171717171717171,0.0,0.034482758620689655,0.034482758620689655,2,tagalog,high_resource
83,144,11,5.0,13.090909090909092,2.0069444444444446,37,0.6363636363636364,0.5833333333333334,0.013888888888888888,0.125,0.020833333333333332,0.027777777777777776,0.06944444444444445,0.05555555555555555,0.05555555555555555,0.020833333333333332,0.0,0.0,0.4513888888888889,0.4515307336022411,0.39077937134614066,0.4356321272520137,0.3524863931874593,0.4578910001568397,0.36401010374639714,1.3055555555555556,0.8819444444444444,0.4236111111111111,0.0,0.10416666666666667,0.3402777777777778,0.7380952380952381,0.0,0.5454545454545454,0.6363636363636364,2,tagalog,high_resource
84,61,9,5.114754098360656,6.777777777777778,2.081967213114754,15,0.1111111111111111,0.6885245901639344,0.0,0.09836065573770492,0.08196721311475409,0.01639344262295082,0.03278688524590164,0.0,0.03278688524590164,0.0,0.0,0.0,0.4262295081967213,0.42388456423163534,0.3861329671894082,0.3858608575744463,0.30238638484347297,0.4121417790690238,0.3053881239081902,1.098360655737705,0.7868852459016393,0.3114754098360656,0.0,0.09836065573770492,0.3770491803278688,0.7380952380952381,0.0,0.0,0.1111111111111111,2,tagalog,high_resource
85,61,7,4.737704918032787,8.714285714285714,1.9508196721311475,12,0.42857142857142855,0.639344262295082,0.0,0.19672131147540983,0.03278688524590164,0.03278688524590164,0.04918032786885246,0.01639344262295082,0.01639344262295082,0.0,0.0,0.0,0.32786885245901637,0.38676960318475434,0.3401568164395311,0.390240227602096,0.2853740629769909,0.3676900033443756,0.30285170710364817,1.3278688524590163,1.0327868852459017,0.29508196721311475,0.0,0.03278688524590164,0.4098360655737705,0.6410256410256411,0.0,0.2857142857142857,0.42857142857142855,2,tagalog,high_resource
86,160,17,4.475,9.411764705882353,1.85625,31,0.17647058823529413,0.4875,0.00625,0.1,0.08125,0.00625,0.075,0.00625,0.0375,0.0,0.0,0.0,0.40625,0.3949183653552473,0.3836731155469249,0.379697984938937,0.30429689244265584,0.40741538759039375,0.4302698441915135,0.91875,0.56875,0.35,0.00625,0.09375,0.4,0.7307692307692307,0.058823529411764705,0.23529411764705882,0.17647058823529413,2,tagalog,high_resource
87,51,6,4.529411764705882,8.5,1.8823529411764706,13,1.0,0.6666666666666666,0.0,0.1568627450980392,0.13725490196078433,0.0392156862745098,0.0,0.0,0.0196078431372549,0.058823529411764705,0.0,0.0,0.23529411764705882,0.2697800660321551,0.14893884730172854,0.20973313040900832,0.1077264398302527,0.2360031397232891,0.12510039834975373,0.9803921568627451,0.9411764705882353,0.0392156862745098,0.0,0.0392156862745098,0.35294117647058826,0.7058823529411765,0.0,0.0,1.0,2,tagalog,high_resource
88,40,7,4.25,5.714285714285714,1.8,5,0.0,0.6,0.0,0.225,0.05,0.025,0.05,0.0,0.0,0.0,0.0,0.0,0.275,0.3466612209717135,0.15634793372235084,0.3126152898956974,0.14473549139349756,0.32981015827301835,0.14054754697250235,0.9,0.775,0.125,0.0,0.025,0.425,0.5,0.0,0.0,0.0,2,tagalog,high_resource
89,1459,174,4.483207676490747,8.385057471264368,1.8978752570253599,291,0.5114942528735632,0.29335161069225496,0.0013708019191226869,0.19533927347498287,0.02878684030157642,0.02810143934201508,0.07676490747087046,0.030843043180260453,0.01644962302947224,0.0013708019191226869,0.009595613433858808,0.0,0.38039753255654557,0.47244130011087926,0.5114868623179104,0.4530672436348892,0.3991313515245664,0.4392856645696033,0.4340415370934071,0.9410555174777244,0.6435915010281015,0.297464016449623,0.003427004797806717,0.045236463331048665,0.3708019191226868,0.6191588785046729,0.1781609195402299,0.47126436781609193,0.5114942528735632,2,tagalog,high_resource
90,78,11,4.269230769230769,7.090909090909091,1.8461538461538463,19,0.09090909090909091,0.6410256410256411,0.0,0.15384615384615385,0.0641025641025641,0.02564102564102564,0.038461538461538464,0.038461538461538464,0.01282051282051282,0.0,0.0,0.0,0.3333333333333333,0.4105951454182467,0.30887514971988117,0.3458622901612295,0.21825324353549722,0.3674790076242261,0.26134913741239924,0.8846153846153846,0.6538461538461539,0.23076923076923078,0.01282051282051282,0.08974358974358974,0.358974358974359,0.72,0.18181818181818182,0.2727272727272727,0.09090909090909091,2,tagalog,high_resource
91,675,30,4.798518518518518,22.5,2.0148148148148146,175,1.0,0.38814814814814813,0.005925925925925926,0.17629629629629628,0.045925925925925926,0.01037037037037037,0.047407407407407405,0.011851851851851851,0.022222222222222223,0.0,0.0,0.0,0.4444444444444444,0.47113001972074775,0.4584291699975789,0.42882861974428255,0.37001241894469156,0.4443156931266168,0.4625757094612457,1.0592592592592593,0.6755555555555556,0.3837037037037037,0.0014814814814814814,0.06222222222222222,0.3674074074074074,0.6564885496183206,0.1,0.5,1.0,2,tagalog,high_resource
92,330,50,4.739393939393939,6.6,1.996969696969697,94,0.14,0.4666666666666667,0.0030303030303030303,0.12121212121212122,0.03939393939393939,0.00909090909090909,0.07272727272727272,0.015151515151515152,0.030303030303030304,0.0,0.0,0.0,0.4484848484848485,0.4703286837248815,0.49326836070491104,0.3898554876811112,0.3706670072797532,0.3920330123122094,0.36968639513053436,0.9939393939393939,0.7272727272727273,0.26666666666666666,0.0,0.1,0.3939393939393939,0.6948051948051948,0.06,0.34,0.14,2,tagalog,high_resource
93,53,7,5.320754716981132,7.571428571428571,2.150943396226415,18,0.0,0.6226415094339622,0.0,0.1320754716981132,0.03773584905660377,0.0,0.09433962264150944,0.0,0.0,0.0,0.0,0.0,0.5283018867924528,0.3282282980716551,0.2921974783446565,0.2682717586126659,0.25692906767782053,0.282906080426703,0.2433045303350274,0.9245283018867925,0.6415094339622641,0.2830188679245283,0.018867924528301886,0.07547169811320754,0.41509433962264153,0.696969696969697,0.0,0.0,0.0,2,tagalog,high_resource
94,83,9,4.265060240963855,9.222222222222221,1.8072289156626506,16,0.0,0.6506024096385542,0.0,0.1927710843373494,0.08433734939759036,0.024096385542168676,0.012048192771084338,0.012048192771084338,0.012048192771084338,0.0,0.0,0.0,0.2891566265060241,0.4023428159783927,0.32199128865814525,0.3204176261180838,0.26148372668732073,0.33728663493536404,0.29537277805292705,0.963855421686747,0.6867469879518072,0.27710843373493976,0.0,0.012048192771084338,0.39759036144578314,0.7592592592592593,0.0,0.0,0.0,2,tagalog,high_resource
95,428,62,4.5327102803738315,6.903225806451613,1.897196261682243,93,0.12903225806451613,0.3621495327102804,0.0,0.21261682242990654,0.04439252336448598,0.02336448598130841,0.06074766355140187,0.004672897196261682,0.028037383177570093,0.0,0.0,0.0,0.3644859813084112,0.47028396004127593,0.45580211024891054,0.4197995126660671,0.3471049112367161,0.4573955551113201,0.3832761074426754,0.9813084112149533,0.7009345794392523,0.2803738317757009,0.0,0.06775700934579439,0.39485981308411217,0.6451612903225806,0.016129032258064516,0.3870967741935484,0.12903225806451613,2,tagalog,high_resource
96,129,16,4.976744186046512,8.0625,2.0387596899224807,39,0.0,0.5891472868217055,0.0,0.16279069767441862,0.023255813953488372,0.031007751937984496,0.03875968992248062,0.007751937984496124,0.046511627906976744,0.0,0.0,0.0,0.5193798449612403,0.37974291005223165,0.3447581025318917,0.36998912944591367,0.3166385232728431,0.3943552488325031,0.3384348621334791,1.0697674418604652,0.8217054263565892,0.24806201550387597,0.0,0.08527131782945736,0.37209302325581395,0.7763157894736842,0.0,0.0,0.0,2,tagalog,high_resource
97,50,8,3.7,6.25,1.58,5,0.0,0.36,0.0,0.08,0.08,0.02,0.18,0.0,0.12,0.0,0.0,0.0,0.56,0.2777780036728059,0.16684128527376355,0.2100897578033398,0.15017430689676525,0.2640166846091231,0.17512936304988558,0.52,0.24,0.28,0.0,0.2,0.56,0.5,0.0,0.0,0.0,2,tagalog,high_resource
98,295,38,4.684745762711865,7.7631578947368425,1.911864406779661,68,0.5263157894736842,0.4101694915254237,0.010169491525423728,0.12542372881355932,0.03728813559322034,0.04745762711864407,0.04745762711864407,0.003389830508474576,0.01694915254237288,0.0,0.003389830508474576,0.0,0.3728813559322034,0.4186095505083571,0.3269787794191919,0.35882714547405753,0.2764289239901976,0.38320850346814417,0.29910439859491456,0.8508474576271187,0.6067796610169491,0.2440677966101695,0.0,0.06779661016949153,0.3254237288135593,0.6033057851239669,0.05263157894736842,0.4473684210526316,0.5263157894736842,2,tagalog,high_resource
99,77,16,4.5064935064935066,4.8125,1.922077922077922,17,0.375,0.5714285714285714,0.0,0.22077922077922077,0.012987012987012988,0.025974025974025976,0.012987012987012988,0.012987012987012988,0.0,0.025974025974025976,0.0,0.0,0.24675324675324675,0.32317653672791524,0.21685922237739794,0.3201613743899124,0.15928463903135603,0.32323984721610655,0.21766428413339708,0.948051948051948,0.6883116883116883,0.2597402597402597,0.0,0.012987012987012988,0.14285714285714285,0.7727272727272727,0.25,0.0,0.375,2,tagalog,high_resource
100,236,35,5.122881355932203,6.742857142857143,2.139830508474576,63,0.6857142857142857,0.576271186440678,0.00847457627118644,0.1440677966101695,0.0423728813559322,0.00847457627118644,0.06779661016949153,0.0423728813559322,0.00847457627118644,0.0,0.0,0.0,0.4533898305084746,0.4517004031817264,0.4870628766089932,0.4375860580765633,0.3731221109288532,0.4193150596232099,0.41047178686462893,1.2796610169491525,0.961864406779661,0.3177966101694915,0.0,0.059322033898305086,0.3305084745762712,0.7426470588235294,0.3142857142857143,0.11428571428571428,0.6857142857142857,2,tagalog,high_resource
101,125,19,4.632,6.578947368421052,1.864,28,0.10526315789473684,0.488,0.0,0.216,0.016,0.016,0.08,0.016,0.008,0.0,0.016,0.0,0.368,0.32091129590808487,0.24220020693223857,0.3037727175017929,0.19706520167216116,0.3101168680773136,0.2527414861217193,0.712,0.504,0.208,0.0,0.032,0.336,0.7049180327868853,0.0,0.0,0.10526315789473684,2,tagalog,high_resource
102,522,59,4.611111111111111,8.847457627118644,1.842911877394636,115,0.3728813559322034,0.3888888888888889,0.0,0.11494252873563218,0.06704980842911877,0.013409961685823755,0.09386973180076628,0.022988505747126436,0.04597701149425287,0.0,0.0,0.0,0.524904214559387,0.4471583443043418,0.43199563380706046,0.42117160362191963,0.36054253788001733,0.4394997054274088,0.4135229344427463,0.9042145593869731,0.5862068965517241,0.31800766283524906,0.0,0.12260536398467432,0.4157088122605364,0.7093596059113301,0.01694915254237288,0.05084745762711865,0.3728813559322034,2,tagalog,high_resource
103,368,51,4.519021739130435,7.215686274509804,1.9157608695652173,86,0.35294117647058826,0.40217391304347827,0.0,0.11956521739130435,0.04619565217391304,0.021739130434782608,0.06521739130434782,0.016304347826086956,0.010869565217391304,0.0,0.002717391304347826,0.0,0.41032608695652173,0.4406017365891812,0.38866733464942066,0.36325963694999824,0.3151231240267944,0.3830406399264746,0.3498831914139098,0.9211956521739131,0.6467391304347826,0.27445652173913043,0.0,0.09239130434782608,0.37228260869565216,0.6351351351351351,0.11764705882352941,0.29411764705882354,0.35294117647058826,2,tagalog,high_resource
104,503,40,4.606361829025845,12.575,1.9582504970178927,133,0.625,0.4254473161033797,0.0,0.14910536779324055,0.055666003976143144,0.019880715705765408,0.05765407554671968,0.019880715705765408,0.003976143141153081,0.0019880715705765406,0.0,0.0,0.3797216699801193,0.4662515051709402,0.5122297908813559,0.4172528337797769,0.4169119840759219,0.44611750546705164,0.427446493447427,0.9602385685884691,0.6878727634194831,0.27236580516898606,0.0019880715705765406,0.061630218687872766,0.39363817097415504,0.719626168224299,0.1,0.2,0.625,2,tagalog,high_resource
105,181,27,4.994475138121547,6.703703703703703,2.0773480662983426,58,0.18518518518518517,0.49171270718232046,0.0,0.22099447513812154,0.049723756906077346,0.0,0.0718232044198895,0.0055248618784530384,0.016574585635359115,0.0,0.0,0.0,0.39779005524861877,0.4311842047002508,0.39772810300232725,0.41522293265293286,0.3074572859191091,0.41950230530674426,0.35506217233155835,0.8895027624309392,0.6574585635359116,0.23204419889502761,0.0,0.049723756906077346,0.40331491712707185,0.7078651685393258,0.0,0.2962962962962963,0.18518518518518517,2,tagalog,high_resource
106,483,56,4.600414078674948,8.625,1.9254658385093169,114,0.08928571428571429,0.39751552795031053,0.0,0.11180124223602485,0.051759834368530024,0.035196687370600416,0.055900621118012424,0.012422360248447204,0.07453416149068323,0.0,0.0,0.0,0.4616977225672878,0.44254384098137256,0.48190149637264446,0.39870989155738856,0.37012085756886254,0.41850982225869604,0.47766688710654237,0.9254658385093169,0.6749482401656315,0.2505175983436853,0.004140786749482402,0.13457556935817805,0.40993788819875776,0.6979166666666666,0.0,0.0,0.08928571428571429,2,tagalog,high_resource
107,20,3,4.8,6.666666666666667,1.95,6,0.3333333333333333,0.9,0.0,0.2,0.0,0.05,0.0,0.0,0.0,0.0,0.0,0.0,0.5,0.3075824878256749,0.21823819607227363,0.3321274196043028,0.20943578705266105,0.29728641464221844,0.15620114504522542,1.0,0.65,0.35,0.0,0.05,0.25,0.8888888888888888,0.0,0.3333333333333333,0.3333333333333333,2,tagalog,high_resource
108,324,45,4.697530864197531,7.2,1.8950617283950617,75,0.13333333333333333,0.4537037037037037,0.0,0.16666666666666666,0.07098765432098765,0.018518518518518517,0.08333333333333333,0.018518518518518517,0.0,0.0,0.0,0.0,0.41975308641975306,0.47775725211171105,0.42453419191531677,0.38820692966803405,0.2968751944020645,0.4035473480234104,0.32570613506330637,0.9197530864197531,0.6728395061728395,0.24691358024691357,0.0,0.033950617283950615,0.33024691358024694,0.6938775510204082,0.06666666666666667,0.0,0.13333333333333333,2,tagalog,high_resource
109,167,34,5.335329341317365,4.911764705882353,2.035928143712575,45,0.08823529411764706,0.47305389221556887,0.0,0.08383233532934131,0.017964071856287425,0.059880239520958084,0.07784431137724551,0.0,0.029940119760479042,0.017964071856287425,0.005988023952095809,0.0,0.5508982035928144,0.41353880938843424,0.32353833821618255,0.3926314145014131,0.2583722551141303,0.3991091719853248,0.32664917672460503,1.155688622754491,0.7964071856287425,0.3592814371257485,0.0,0.03592814371257485,0.2694610778443114,0.5569620253164557,0.0,0.11764705882352941,0.08823529411764706,2,tagalog,high_resource
110,173,35,4.179190751445087,4.942857142857143,1.7919075144508672,21,0.2,0.5028901734104047,0.0,0.20809248554913296,0.023121387283236993,0.057803468208092484,0.03468208092485549,0.011560693641618497,0.0,0.005780346820809248,0.0,0.0,0.2543352601156069,0.3886428869861692,0.29977241278017247,0.3258517389832541,0.22339249738635833,0.3533607318188927,0.1924789529714015,0.7861271676300579,0.5838150289017341,0.2023121387283237,0.0,0.028901734104046242,0.3352601156069364,0.7471264367816092,0.2571428571428571,0.22857142857142856,0.2,2,tagalog,high_resource
111,255,37,4.7176470588235295,6.891891891891892,1.9372549019607843,61,0.13513513513513514,0.39215686274509803,0.0,0.16470588235294117,0.054901960784313725,0.027450980392156862,0.0392156862745098,0.0,0.00784313725490196,0.0,0.0,0.0,0.403921568627451,0.42275315476462516,0.37805797927023516,0.39840232703655837,0.30706656539633326,0.4230926672981007,0.32445575884434286,1.0862745098039215,0.8470588235294118,0.23921568627450981,0.0,0.07058823529411765,0.3333333333333333,0.65,0.1891891891891892,0.4594594594594595,0.13513513513513514,2,tagalog,high_resource
112,212,27,4.679245283018868,7.851851851851852,1.971698113207547,50,0.2962962962962963,0.4339622641509434,0.0,0.10377358490566038,0.08490566037735849,0.014150943396226415,0.0660377358490566,0.0,0.05660377358490566,0.0,0.0,0.0,0.3632075471698113,0.4169820953142748,0.4648466785684857,0.38587712926530643,0.3565136254383244,0.3874382604184152,0.4099336578569587,1.108490566037736,0.839622641509434,0.2688679245283019,0.0,0.08018867924528301,0.44339622641509435,0.6086956521739131,0.0,0.07407407407407407,0.2962962962962963,2,tagalog,high_resource
113,862,111,4.788863109048724,7.7657657657657655,2.0023201856148494,225,0.5675675675675675,0.3619489559164733,0.0034802784222737818,0.1357308584686775,0.048723897911832945,0.013921113689095127,0.07540603248259861,0.010440835266821345,0.04756380510440835,0.0,0.0,0.0,0.39791183294663574,0.4854536763703303,0.5458829589338052,0.4347975852278259,0.4166530027660339,0.46223723359665014,0.4968023554085434,1.0719257540603246,0.7807424593967517,0.29118329466357307,0.01740139211136891,0.08236658932714618,0.4025522041763341,0.6314102564102564,0.04504504504504504,0.36036036036036034,0.5675675675675675,2,tagalog,high_resource
114,301,54,4.289036544850498,5.574074074074074,1.8006644518272426,53,0.3148148148148148,0.4584717607973422,0.006644518272425249,0.16279069767441862,0.036544850498338874,0.013289036544850499,0.059800664451827246,0.026578073089700997,0.009966777408637873,0.0033222591362126247,0.006644518272425249,0.0,0.3289036544850498,0.42884089040501766,0.3852394435818332,0.41251403669413583,0.2959890910949014,0.41978111469869783,0.28140550365905076,0.9069767441860466,0.6345514950166113,0.2724252491694352,0.0,0.053156146179401995,0.3588039867109635,0.6811594202898551,0.2037037037037037,0.4074074074074074,0.3148148148148148,2,tagalog,high_resource
115,1084,93,4.615313653136531,11.655913978494624,1.896678966789668,254,0.3333333333333333,0.3219557195571956,0.0,0.16974169741697417,0.05166051660516605,0.0544280442804428,0.046125461254612546,0.02214022140221402,0.02952029520295203,0.01845018450184502,0.0,0.0,0.4022140221402214,0.5057869280374648,0.5204033157933564,0.4555807802230643,0.37837319313236156,0.4751013701822323,0.4564042291978906,1.0101476014760147,0.665129151291513,0.34501845018450183,0.0027675276752767526,0.07103321033210332,0.36808118081180813,0.6275071633237822,0.10752688172043011,0.3978494623655914,0.3333333333333333,2,tagalog,high_resource
116,752,82,5.04654255319149,9.170731707317072,2.0757978723404253,212,0.5487804878048781,0.425531914893617,0.006648936170212766,0.1502659574468085,0.018617021276595744,0.010638297872340425,0.05186170212765957,0.02526595744680851,0.027925531914893616,0.0,0.0,0.0,0.42686170212765956,0.4837126642450243,0.5199583008525963,0.43276231858042125,0.40359599198728596,0.46214417435951677,0.4674961057158139,1.0824468085106385,0.7952127659574468,0.2872340425531915,0.006648936170212766,0.07180851063829788,0.3351063829787234,0.65625,0.036585365853658534,0.4268292682926829,0.5487804878048781,2,tagalog,high_resource
117,341,40,4.483870967741935,8.525,1.8797653958944283,81,0.475,0.4780058651026393,0.005865102639296188,0.17008797653958943,0.03225806451612903,0.017595307917888565,0.0469208211143695,0.017595307917888565,0.03519061583577713,0.0,0.002932551319648094,0.0,0.3724340175953079,0.4798788875989219,0.5424554298806096,0.45025230267585575,0.3948752580960405,0.4505964115002132,0.4473366372778224,0.8826979472140764,0.592375366568915,0.2903225806451613,0.002932551319648094,0.07917888563049853,0.3812316715542522,0.6993865030674846,0.05,0.25,0.475,2,tagalog,high_resource
118,179,19,4.82122905027933,9.421052631578947,1.9329608938547487,42,0.5263157894736842,0.45251396648044695,0.0,0.13966480446927373,0.0446927374301676,0.0,0.07262569832402235,0.0223463687150838,0.01675977653631285,0.0,0.01675977653631285,0.0,0.5754189944134078,0.43489071856632544,0.3407316298332009,0.37088181867165054,0.2749498620057536,0.37205132879053227,0.32774653442018387,1.0,0.6703910614525139,0.329608938547486,0.0,0.055865921787709494,0.3016759776536313,0.5308641975308642,0.15789473684210525,0.3157894736842105,0.5263157894736842,2,tagalog,high_resource
119,170,20,4.376470588235295,8.5,1.8352941176470587,26,0.95,0.34705882352941175,0.0,0.17058823529411765,0.052941176470588235,0.0,0.03529411764705882,0.023529411764705882,0.0,0.0,0.0,0.0,0.3235294117647059,0.39962362284706593,0.31782701891372594,0.3925139519263051,0.2736826740416098,0.34705222008503595,0.2768424780459272,1.0,0.6588235294117647,0.3411764705882353,0.0,0.058823529411764705,0.29411764705882354,0.4576271186440678,0.2,0.7,0.95,2,tagalog,high_resource
120,305,24,4.79344262295082,12.708333333333334,1.9508196721311475,84,0.25,0.42295081967213116,0.0,0.1180327868852459,0.09508196721311475,0.009836065573770493,0.08524590163934426,0.003278688524590164,0.029508196721311476,0.0,0.0,0.0,0.4426229508196721,0.44889527463820705,0.48330725436881133,0.3984930426149464,0.31098170922456564,0.4304136361586416,0.40383796799595295,0.9114754098360656,0.6491803278688525,0.26229508196721313,0.0,0.08852459016393442,0.39672131147540984,0.689922480620155,0.041666666666666664,0.08333333333333333,0.25,2,tagalog,high_resource
121,315,24,4.549206349206349,13.125,1.8031746031746032,68,0.041666666666666664,0.3904761904761905,0.0,0.2222222222222222,0.06984126984126984,0.06349206349206349,0.06666666666666667,0.0031746031746031746,0.006349206349206349,0.0,0.0,0.0,0.4222222222222222,0.3344619274530237,0.2618986636631577,0.29497992288968206,0.2137190700085922,0.30427959329126264,0.22037051211850547,0.6412698412698412,0.4666666666666667,0.1746031746031746,0.0,0.03492063492063492,0.41904761904761906,0.7967479674796748,0.041666666666666664,0.0,0.041666666666666664,2,tagalog,high_resource
122,208,30,5.206730769230769,6.933333333333334,2.1778846153846154,71,0.3,0.5048076923076923,0.0,0.1201923076923077,0.052884615384615384,0.004807692307692308,0.0625,0.004807692307692308,0.03365384615384615,0.0,0.0,0.0,0.46634615384615385,0.40405525691921057,0.3759749085438568,0.3337355061994685,0.3043250495228407,0.3813938073956807,0.29199832159250744,1.2451923076923077,0.9423076923076923,0.30288461538461536,0.0,0.09615384615384616,0.3317307692307692,0.7238095238095238,0.23333333333333334,0.0,0.3,2,tagalog,high_resource
123,65,5,5.076923076923077,13.0,2.0,18,0.6,0.7076923076923077,0.0,0.07692307692307693,0.046153846153846156,0.03076923076923077,0.1076923076923077,0.015384615384615385,0.046153846153846156,0.0,0.0,0.0,0.5076923076923077,0.38126373968468646,0.3412271231255863,0.3537898050420457,0.2853034569803702,0.38858602706050765,0.3496623663366695,1.0153846153846153,0.676923076923077,0.3384615384615385,0.0,0.09230769230769231,0.3384615384615385,0.8043478260869565,0.8,0.0,0.6,2,tagalog,high_resource
124,192,30,4.666666666666667,6.4,1.9010416666666667,37,0.1,0.4270833333333333,0.0,0.13020833333333334,0.036458333333333336,0.09375,0.03125,0.015625,0.015625,0.0,0.0,0.0,0.3854166666666667,0.39610477814937967,0.40355745860944675,0.39155060922903634,0.30640801478156426,0.3837510218943295,0.2987212434958449,0.9479166666666666,0.6354166666666666,0.3125,0.0,0.052083333333333336,0.3177083333333333,0.6219512195121951,0.26666666666666666,0.0,0.1,2,tagalog,high_resource
125,217,22,4.649769585253456,9.863636363636363,1.967741935483871,57,0.22727272727272727,0.4470046082949309,0.0,0.12442396313364056,0.03225806451612903,0.009216589861751152,0.059907834101382486,0.027649769585253458,0.041474654377880185,0.0,0.0,0.0,0.39631336405529954,0.41777623780292844,0.401240615582655,0.4071138211787508,0.3327326315213565,0.41374396069926256,0.37228318183366244,1.032258064516129,0.7649769585253456,0.2672811059907834,0.0,0.10138248847926268,0.4147465437788018,0.6804123711340206,0.0,0.0,0.22727272727272727,2,tagalog,high_resource
126,248,23,4.786290322580645,10.782608695652174,1.971774193548387,63,0.5652173913043478,0.45161290322580644,0.0,0.1814516129032258,0.03225806451612903,0.012096774193548387,0.06048387096774194,0.016129032258064516,0.036290322580645164,0.0,0.0,0.0,0.43548387096774194,0.43430861819977645,0.4460868844231657,0.40591574475627035,0.3504539600079801,0.420707232739931,0.4023992284353543,1.2137096774193548,0.8830645161290323,0.33064516129032256,0.0,0.07661290322580645,0.36693548387096775,0.6428571428571429,0.0,0.30434782608695654,0.5652173913043478,2,tagalog,high_resource
127,234,27,4.6752136752136755,8.666666666666666,1.9743589743589745,64,0.2962962962962963,0.4829059829059829,0.0,0.1623931623931624,0.042735042735042736,0.017094017094017096,0.05555555555555555,0.008547008547008548,0.029914529914529916,0.0,0.0,0.0,0.42735042735042733,0.45005761663536076,0.43580139640466636,0.40603918403822553,0.35122016212450946,0.42884459068646963,0.3617703512914899,1.0128205128205128,0.7606837606837606,0.25213675213675213,0.004273504273504274,0.06837606837606838,0.36752136752136755,0.7345132743362832,0.037037037037037035,0.4074074074074074,0.2962962962962963,2,tagalog,high_resource
128,214,24,4.705607476635514,8.916666666666666,1.9485981308411215,55,0.4583333333333333,0.5186915887850467,0.0,0.19626168224299065,0.06542056074766354,0.028037383177570093,0.018691588785046728,0.009345794392523364,0.02336448598130841,0.0,0.0,0.0,0.37850467289719625,0.4383817589464154,0.4073964294270591,0.4210404347085909,0.32292310235299965,0.41377135859013786,0.3441681558036919,0.9719626168224299,0.7383177570093458,0.2336448598130841,0.0,0.04672897196261682,0.3598130841121495,0.7207207207207207,0.041666666666666664,0.0,0.4583333333333333,2,tagalog,high_resource
129,50,8,5.06,6.25,2.12,15,0.0,0.72,0.0,0.12,0.06,0.04,0.0,0.0,0.02,0.0,0.0,0.0,0.32,0.42139872927059874,0.2709035203451997,0.3342207499185896,0.20492167391682192,0.33463405378746014,0.21106431970705858,1.16,0.86,0.3,0.02,0.08,0.36,0.7777777777777778,0.0,0.0,0.0,2,tagalog,high_resource
130,47,9,4.51063829787234,5.222222222222222,1.872340425531915,14,0.0,0.5319148936170213,0.0,0.1702127659574468,0.0425531914893617,0.0,0.19148936170212766,0.0,0.10638297872340426,0.0,0.0,0.0,0.46808510638297873,0.3286371319462004,0.24030816528626006,0.3277296644860232,0.22699585786709597,0.3063276792165321,0.23770173700255237,0.9574468085106382,0.7021276595744681,0.2553191489361702,0.0,0.1276595744680851,0.574468085106383,0.76,0.0,0.0,0.0,2,tagalog,high_resource
131,65,12,4.2,5.416666666666667,1.8923076923076922,11,0.16666666666666666,0.5846153846153846,0.0,0.13846153846153847,0.09230769230769231,0.046153846153846156,0.03076923076923077,0.0,0.015384615384615385,0.0,0.0,0.0,0.23076923076923078,0.35715661103008434,0.27846444751546195,0.3297244832451226,0.23696051795613687,0.3479705477900503,0.2522130493843564,0.6,0.5076923076923077,0.09230769230769231,0.0,0.015384615384615385,0.3230769230769231,0.7105263157894737,0.0,0.0,0.16666666666666666,2,tagalog,high_resource
132,344,49,4.776162790697675,7.020408163265306,1.9738372093023255,81,0.32653061224489793,0.4418604651162791,0.0,0.13953488372093023,0.04941860465116279,0.023255813953488372,0.07267441860465117,0.023255813953488372,0.020348837209302327,0.0029069767441860465,0.0,0.0,0.39825581395348836,0.43781201694795596,0.4274406071737303,0.4094419692923233,0.36684979020219183,0.43450511011433224,0.39320019752882257,0.9447674418604651,0.686046511627907,0.25872093023255816,0.0029069767441860465,0.06976744186046512,0.36046511627906974,0.625,0.02040816326530612,0.2653061224489796,0.32653061224489793,2,tagalog,high_resource
133,271,38,4.295202952029521,7.131578947368421,1.6974169741697418,32,0.23684210526315788,0.39114391143911437,0.0,0.11808118081180811,0.02214022140221402,0.03690036900369004,0.07011070110701106,0.014760147601476014,0.07380073800738007,0.02952029520295203,0.02952029520295203,0.0,0.4354243542435424,0.4003733199791703,0.32939020006077896,0.33031345798354245,0.307203767394242,0.3944510414951487,0.30624625889087437,0.8081180811808119,0.6199261992619927,0.1881918819188192,0.0,0.11439114391143912,0.4095940959409594,0.6320754716981132,0.10526315789473684,0.02631578947368421,0.23684210526315788,2,tagalog,high_resource
134,47,6,4.48936170212766,7.833333333333333,1.8297872340425532,9,0.0,0.723404255319149,0.0,0.2127659574468085,0.0425531914893617,0.0,0.02127659574468085,0.0425531914893617,0.02127659574468085,0.0,0.0,0.0425531914893617,0.40425531914893614,0.3802428949687462,0.2875065130735389,0.37258275392618667,0.26696138629163363,0.39140527673330033,0.3200905162365557,0.9148936170212765,0.6595744680851063,0.2553191489361702,0.0,0.0425531914893617,0.40425531914893614,0.7647058823529411,0.0,0.0,0.0,2,tagalog,high_resource
135,41,8,5.0,5.125,2.097560975609756,10,0.0,0.7317073170731707,0.0,0.17073170731707318,0.07317073170731707,0.024390243902439025,0.024390243902439025,0.0,0.0,0.0,0.0,0.0,0.4634146341463415,0.3393543649366309,0.2453615180201741,0.31891224432588045,0.19078621798510012,0.3435829886329064,0.204784291787358,1.121951219512195,0.8292682926829268,0.2926829268292683,0.024390243902439025,0.0,0.36585365853658536,0.7333333333333333,0.0,0.0,0.0,2,tagalog,high_resource
136,157,23,4.6050955414012735,6.826086956521739,1.8598726114649682,36,0.5652173913043478,0.5732484076433121,0.0,0.19745222929936307,0.08280254777070063,0.01910828025477707,0.044585987261146494,0.03821656050955414,0.006369426751592357,0.0,0.0,0.0,0.42038216560509556,0.4430269453363343,0.44694677194227195,0.3786041927594834,0.32096827100939895,0.40720908169904624,0.40389800220794053,1.159235668789809,0.7579617834394905,0.4012738853503185,0.0,0.01910828025477707,0.36942675159235666,0.7555555555555555,0.0,0.08695652173913043,0.5652173913043478,2,tagalog,high_resource
137,88,10,4.556818181818182,8.8,1.8522727272727273,21,0.2,0.5,0.0,0.14772727272727273,0.09090909090909091,0.0,0.056818181818181816,0.0,0.056818181818181816,0.0,0.0,0.0,0.4431818181818182,0.39630520940817715,0.2921898802136703,0.3803372811956366,0.2730329777688507,0.4072220525046529,0.26561018670121544,1.0340909090909092,0.6931818181818182,0.3409090909090909,0.0,0.13636363636363635,0.4431818181818182,0.6363636363636364,0.0,0.0,0.2,2,tagalog,high_resource
138,184,20,4.668478260869565,9.2,1.9945652173913044,44,0.65,0.5869565217391305,0.005434782608695652,0.10326086956521739,0.15217391304347827,0.021739130434782608,0.03804347826086957,0.005434782608695652,0.005434782608695652,0.0,0.0,0.0,0.33152173913043476,0.4824625636263867,0.5267065251885318,0.3712480527521799,0.3724610290961504,0.40367215261128875,0.4209565697749228,1.016304347826087,0.7282608695652174,0.28804347826086957,0.0,0.016304347826086956,0.3858695652173913,0.7777777777777778,0.0,0.0,0.65,2,tagalog,high_resource
139,689,83,4.923076923076923,8.301204819277109,2.049346879535559,177,0.1566265060240964,0.3555878084179971,0.0,0.14513788098693758,0.04934687953555878,0.015965166908563134,0.08708272859216255,0.008708272859216255,0.03918722786647315,0.0,0.0,0.0,0.4339622641509434,0.44084342027238443,0.4706705601956145,0.42284000346356204,0.3892043795626435,0.46060444764668196,0.43770270289592556,1.0682148040638606,0.7648766328011611,0.3033381712626996,0.008708272859216255,0.07111756168359942,0.40493468795355586,0.6489795918367347,0.0,0.10843373493975904,0.1566265060240964,2,tagalog,high_resource
140,540,79,4.772222222222222,6.8354430379746836,2.0055555555555555,146,0.379746835443038,0.4203703703703704,0.0,0.12037037037037036,0.03518518518518519,0.009259259259259259,0.05740740740740741,0.007407407407407408,0.05185185185185185,0.0,0.0,0.0,0.4148148148148148,0.4717786667044734,0.47839415673289204,0.4372533369483337,0.37912240646515155,0.4584819618732654,0.4160646136959708,1.1351851851851853,0.8314814814814815,0.3037037037037037,0.003703703703703704,0.11666666666666667,0.37037037037037035,0.7312775330396476,0.0759493670886076,0.4050632911392405,0.379746835443038,2,tagalog,high_resource
141,44,9,4.568181818181818,4.888888888888889,1.9545454545454546,12,0.1111111111111111,0.7727272727272727,0.0,0.09090909090909091,0.022727272727272728,0.022727272727272728,0.09090909090909091,0.0,0.045454545454545456,0.0,0.0,0.0,0.38636363636363635,0.4371349395991736,0.4147680170118929,0.3840445862888223,0.2939118126915515,0.4080710035287799,0.34827176907234325,1.1363636363636362,0.8636363636363636,0.2727272727272727,0.0,0.11363636363636363,0.38636363636363635,0.8529411764705882,0.0,0.0,0.1111111111111111,2,tagalog,high_resource
142,377,34,4.86737400530504,11.088235294117647,2.06631299734748,110,0.5588235294117647,0.4403183023872679,0.0,0.14323607427055704,0.03978779840848806,0.015915119363395226,0.0636604774535809,0.023872679045092837,0.03183023872679045,0.0,0.0,0.0,0.4244031830238727,0.46669490165247457,0.5030824870101639,0.4348357380655382,0.38625706580959557,0.48263967921567213,0.4577950449248792,1.106100795755968,0.7771883289124668,0.32891246684350134,0.0,0.10079575596816977,0.376657824933687,0.7048192771084337,0.08823529411764706,0.5,0.5588235294117647,2,tagalog,high_resource
143,184,32,3.972826086956522,5.75,1.7554347826086956,23,0.5,0.33695652173913043,0.0,0.19021739130434784,0.005434782608695652,0.03260869565217391,0.05434782608695652,0.005434782608695652,0.03260869565217391,0.0,0.0,0.0,0.3423913043478261,0.3188086828176364,0.24990922337955634,0.3209865479049849,0.23603715229781067,0.2951656887413248,0.22914814142865342,0.6576086956521738,0.4076086956521739,0.25,0.0,0.08152173913043478,0.32065217391304346,0.5645161290322581,0.15625,0.65625,0.5,2,tagalog,high_resource
144,147,17,4.931972789115647,8.647058823529411,2.061224489795918,43,0.23529411764705882,0.41496598639455784,0.0,0.1360544217687075,0.04081632653061224,0.006802721088435374,0.06802721088435375,0.006802721088435374,0.06802721088435375,0.0,0.0,0.0,0.47619047619047616,0.4038715864225063,0.3098419538458963,0.3299415038569097,0.2673462241902103,0.3598995954914383,0.26872173265778365,1.0612244897959182,0.782312925170068,0.2789115646258503,0.0,0.1564625850340136,0.43537414965986393,0.6721311475409836,0.058823529411764705,0.11764705882352941,0.23529411764705882,2,tagalog,high_resource
145,565,37,4.849557522123894,15.27027027027027,2.0212389380530973,165,0.5405405405405406,0.4088495575221239,0.0035398230088495575,0.11858407079646018,0.0584070796460177,0.01415929203539823,0.05486725663716814,0.01592920353982301,0.047787610619469026,0.0017699115044247787,0.0,0.0,0.45486725663716815,0.46298731135472193,0.5014884851639881,0.46311884912272877,0.4077454632166358,0.45683197330941444,0.4744425674548704,1.1221238938053097,0.8035398230088495,0.3185840707964602,0.007079646017699115,0.10973451327433628,0.39823008849557523,0.7056277056277056,0.0,0.08108108108108109,0.5405405405405406,2,tagalog,high_resource
146,107,13,4.05607476635514,8.23076923076923,1.6074766355140186,13,0.7692307692307693,0.4766355140186916,0.0,0.1588785046728972,0.056074766355140186,0.028037383177570093,0.06542056074766354,0.028037383177570093,0.009345794392523364,0.0,0.0,0.0,0.37383177570093457,0.3516342712312552,0.27654711256910636,0.30135866029752884,0.230771129292663,0.31266496498717206,0.23414574414635683,1.1962616822429906,0.794392523364486,0.40186915887850466,0.0,0.09345794392523364,0.32710280373831774,0.6666666666666666,0.07692307692307693,0.0,0.7692307692307693,2,tagalog,high_resource
147,824,94,4.657766990291262,8.76595744680851,1.9453883495145632,198,0.648936170212766,0.3070388349514563,0.0024271844660194173,0.18446601941747573,0.03640776699029126,0.0048543689320388345,0.05946601941747573,0.03033980582524272,0.01699029126213592,0.0036407766990291263,0.0,0.0,0.41140776699029125,0.48859998126392973,0.5162562551550033,0.4271934896951948,0.40118773232345056,0.4210817783370211,0.4528204373216356,1.0728155339805825,0.7597087378640777,0.3131067961165049,0.0,0.05703883495145631,0.36529126213592233,0.5612648221343873,0.11702127659574468,0.46808510638297873,0.648936170212766,2,tagalog,high_resource
148,101,48,5.792079207920792,2.1041666666666665,2.504950495049505,56,0.020833333333333332,0.44554455445544555,0.0,0.039603960396039604,0.04950495049504951,0.0,0.0594059405940594,0.019801980198019802,0.019801980198019802,0.0,0.0,0.0,0.4752475247524752,0.2965948563777763,0.2559678112475302,0.23933557702364197,0.16985028365058946,0.2561099976256051,0.22752646478577832,1.118811881188119,0.8811881188118812,0.2376237623762376,0.0,0.0594059405940594,0.21782178217821782,0.6444444444444445,0.0,0.08333333333333333,0.020833333333333332,2,tagalog,high_resource
149,197,31,4.6395939086294415,6.354838709677419,1.9390862944162437,45,0.22580645161290322,0.5025380710659898,0.0,0.16751269035532995,0.025380710659898477,0.005076142131979695,0.06598984771573604,0.02030456852791878,0.030456852791878174,0.01015228426395939,0.0,0.0,0.41116751269035534,0.44821988616294794,0.41776016527740595,0.3553369767410166,0.29214431933018115,0.41285951963570233,0.35021001299636384,0.8274111675126904,0.5939086294416244,0.233502538071066,0.0,0.08629441624365482,0.39086294416243655,0.696969696969697,0.22580645161290322,0.41935483870967744,0.22580645161290322,2,tagalog,high_resource
150,107,18,4.822429906542056,5.944444444444445,1.9906542056074767,27,0.5555555555555556,0.5607476635514018,0.0,0.19626168224299065,0.037383177570093455,0.037383177570093455,0.028037383177570093,0.018691588785046728,0.018691588785046728,0.0,0.0,0.0,0.32710280373831774,0.3729694065229151,0.3521599053192615,0.3120365585690115,0.27103259761843657,0.3322051900730423,0.2804870792152152,1.2523364485981308,0.9532710280373832,0.29906542056074764,0.009345794392523364,0.037383177570093455,0.27102803738317754,0.7,0.1111111111111111,0.0,0.5555555555555556,2,tagalog,high_resource
151,199,21,5.035175879396985,9.476190476190476,2.0854271356783918,60,0.42857142857142855,0.46733668341708545,0.0,0.09045226130653267,0.06030150753768844,0.020100502512562814,0.06532663316582915,0.005025125628140704,0.01507537688442211,0.0,0.0,0.0,0.457286432160804,0.4618608866230417,0.4086738213941068,0.34714493738872954,0.2941193876621988,0.3840084984445385,0.3517514696432816,1.1457286432160805,0.7889447236180904,0.35678391959798994,0.005025125628140704,0.09547738693467336,0.33668341708542715,0.6344086021505376,0.09523809523809523,0.42857142857142855,0.42857142857142855,2,tagalog,high_resource
152,220,21,4.777272727272727,10.476190476190476,1.9772727272727273,58,0.3333333333333333,0.5,0.0,0.15,0.02727272727272727,0.045454545454545456,0.06363636363636363,0.03636363636363636,0.00909090909090909,0.0,0.0,0.0,0.4090909090909091,0.4662467642873041,0.46605994037016407,0.38168019871322456,0.3359781505373786,0.39328621796498026,0.3900600914911245,1.2136363636363636,0.8681818181818182,0.34545454545454546,0.0,0.031818181818181815,0.32727272727272727,0.7090909090909091,0.047619047619047616,0.3333333333333333,0.3333333333333333,2,tagalog,high_resource
153,116,7,4.482758620689655,16.571428571428573,1.8362068965517242,24,0.5714285714285714,0.5517241379310345,0.0,0.19827586206896552,0.017241379310344827,0.05172413793103448,0.05172413793103448,0.02586206896551724,0.02586206896551724,0.0,0.008620689655172414,0.0,0.3879310344827586,0.42166076509758954,0.36001180795600723,0.41748253354101017,0.3364142106780091,0.3996214534634165,0.31346513815484434,1.0603448275862069,0.6896551724137931,0.3706896551724138,0.0,0.0603448275862069,0.35344827586206895,0.75,0.0,0.2857142857142857,0.5714285714285714,2,tagalog,high_resource
154,459,54,4.494553376906318,8.5,1.9237472766884531,94,0.35185185185185186,0.4335511982570806,0.0,0.15468409586056645,0.06100217864923747,0.0196078431372549,0.030501089324618737,0.02178649237472767,0.010893246187363835,0.0,0.0,0.0,0.33769063180827885,0.46137858547555993,0.4770969493157294,0.42206589904516245,0.3517035505036883,0.43539703612465824,0.44623838845501484,0.9302832244008714,0.6949891067538126,0.23529411764705882,0.0,0.030501089324618737,0.3355119825708061,0.7135678391959799,0.018518518518518517,0.2222222222222222,0.35185185185185186,2,tagalog,high_resource
155,315,41,4.482539682539683,7.682926829268292,1.9301587301587302,77,0.3902439024390244,0.44126984126984126,0.0031746031746031746,0.18095238095238095,0.04126984126984127,0.015873015873015872,0.0380952380952381,0.04126984126984127,0.01904761904761905,0.0,0.0,0.0,0.39365079365079364,0.4462914205653491,0.40772049973069907,0.4091517020764743,0.35179212412167093,0.4334209704132535,0.3823666434105872,0.8793650793650793,0.653968253968254,0.2253968253968254,0.0,0.05396825396825397,0.35873015873015873,0.6187050359712231,0.17073170731707318,0.4634146341463415,0.3902439024390244,2,tagalog,high_resource
156,60,8,3.7333333333333334,7.5,1.5666666666666667,8,0.125,0.35,0.0,0.25,0.05,0.016666666666666666,0.16666666666666666,0.016666666666666666,0.0,0.0,0.0,0.0,0.4,0.2827148646497228,0.1660725784744314,0.25589330347686884,0.19343160250023475,0.26775822839597613,0.18770987987767718,0.41666666666666663,0.15,0.26666666666666666,0.0,0.016666666666666666,0.48333333333333334,0.42857142857142855,0.0,0.125,0.125,2,tagalog,high_resource
157,43,8,5.27906976744186,5.375,2.0232558139534884,11,0.0,0.4186046511627907,0.0,0.06976744186046512,0.023255813953488372,0.0,0.11627906976744186,0.0,0.0,0.0,0.0,0.0,0.6744186046511628,0.262325052207208,0.1361899800210385,0.26613217760857544,0.09655421273653965,0.2365478367928329,0.11550556911461456,1.2325581395348837,0.6511627906976745,0.5813953488372093,0.0,0.0,0.20930232558139536,0.6666666666666666,0.0,0.0,0.0,2,tagalog,high_resource
158,358,39,4.698324022346369,9.179487179487179,1.9608938547486034,91,0.38461538461538464,0.41620111731843573,0.0,0.11731843575418995,0.030726256983240222,0.01675977653631285,0.08100558659217877,0.013966480446927373,0.00558659217877095,0.0,0.0,0.0,0.36312849162011174,0.4437537467885267,0.4349503949355581,0.4417582367891447,0.3439990923580245,0.41901726568039144,0.35578352631674964,1.0251396648044693,0.6927374301675978,0.3324022346368715,0.002793296089385475,0.07541899441340782,0.34916201117318435,0.6510067114093959,0.0,0.2564102564102564,0.38461538461538464,2,tagalog,high_resource
159,429,46,4.655011655011655,9.326086956521738,1.9277389277389276,104,0.45652173913043476,0.42424242424242425,0.002331002331002331,0.15151515151515152,0.07925407925407925,0.011655011655011656,0.06060606060606061,0.011655011655011656,0.018648018648018648,0.0,0.0,0.0,0.40326340326340326,0.44316354416682263,0.43909068864388084,0.4169291600728433,0.4121479730274995,0.4235608510837145,0.3489346847814134,1.0023310023310024,0.7132867132867133,0.289044289044289,0.0,0.055944055944055944,0.3962703962703963,0.7087912087912088,0.021739130434782608,0.1956521739130435,0.45652173913043476,2,tagalog,high_resource
160,146,16,4.164383561643835,9.125,1.773972602739726,26,0.0625,0.3972602739726027,0.0,0.17123287671232876,0.0684931506849315,0.0273972602739726,0.08904109589041095,0.0,0.00684931506849315,0.0,0.0,0.0,0.363013698630137,0.3964879145051773,0.35023524704518333,0.3375853248485838,0.27220371107485153,0.37248044237003924,0.3363550982986168,0.7945205479452055,0.5,0.2945205479452055,0.00684931506849315,0.0684931506849315,0.410958904109589,0.6379310344827587,0.0625,0.125,0.0625,2,tagalog,high_resource
161,145,24,4.503448275862069,6.041666666666667,1.896551724137931,30,0.08333333333333333,0.5310344827586206,0.0,0.11724137931034483,0.1310344827586207,0.020689655172413793,0.027586206896551724,0.020689655172413793,0.034482758620689655,0.013793103448275862,0.0,0.0,0.42758620689655175,0.3569100661585556,0.3246021705157775,0.3250422773507438,0.25727820527293527,0.3573960132018072,0.3152219902323387,0.8137931034482758,0.6,0.21379310344827587,0.0,0.06206896551724138,0.4,0.7792207792207793,0.0,0.041666666666666664,0.08333333333333333,2,tagalog,high_resource
162,60,8,4.916666666666667,7.5,2.0166666666666666,16,0.375,0.36666666666666664,0.0,0.2,0.016666666666666666,0.0,0.11666666666666667,0.0,0.0,0.0,0.0,0.0,0.5,0.3341364886844676,0.23525166613317783,0.3263683041555496,0.21079178519036082,0.33778835081655434,0.2109857892819109,0.8333333333333334,0.55,0.2833333333333333,0.0,0.03333333333333333,0.36666666666666664,0.36363636363636365,0.0,0.125,0.375,2,tagalog,high_resource
163,317,35,4.548895899053628,9.057142857142857,1.804416403785489,63,0.5714285714285714,0.4889589905362776,0.0,0.167192429022082,0.0473186119873817,0.022082018927444796,0.056782334384858045,0.022082018927444796,0.028391167192429023,0.0,0.0031545741324921135,0.0,0.41324921135646686,0.43871410938953603,0.4257000302594039,0.4275917332919759,0.36738239767987657,0.43820521277064967,0.3719741221580294,0.9810725552050473,0.6971608832807571,0.28391167192429023,0.0,0.0694006309148265,0.35962145110410093,0.7483870967741936,0.17142857142857143,0.5428571428571428,0.5714285714285714,2,tagalog,high_resource
164,566,45,4.789752650176679,12.577777777777778,2.0176678445229683,161,0.9333333333333333,0.3621908127208481,0.0,0.1166077738515901,0.0706713780918728,0.007067137809187279,0.08833922261484099,0.0088339222614841,0.05830388692579505,0.0,0.0,0.0,0.4134275618374558,0.4771354468437278,0.5105520187838709,0.44090601517732364,0.40638864718022816,0.45465313393625406,0.44625058706945187,1.1289752650176679,0.7950530035335689,0.3339222614840989,0.0,0.10777385159010601,0.44346289752650175,0.6,0.044444444444444446,0.26666666666666666,0.9333333333333333,3,tagalog,high_resource
165,261,25,4.908045977011494,10.44,2.1149425287356323,88,0.6,0.47126436781609193,0.0038314176245210726,0.16091954022988506,0.09195402298850575,0.007662835249042145,0.02681992337164751,0.007662835249042145,0.019157088122605363,0.0,0.0,0.0,0.37547892720306514,0.4726784810286788,0.4633448740144089,0.43331842822144684,0.38897323541036977,0.44584265049172606,0.4306813811412591,1.1647509578544062,0.89272030651341,0.2720306513409962,0.0,0.07662835249042145,0.41379310344827586,0.6910569105691057,0.0,0.24,0.6,3,tagalog,high_resource
166,587,39,5.112436115843271,15.051282051282051,2.0187393526405453,157,0.8461538461538461,0.43611584327086883,0.008517887563884156,0.11584327086882454,0.06643952299829642,0.010221465076660987,0.0919931856899489,0.010221465076660987,0.05110732538330494,0.0,0.005110732538330494,0.0,0.575809199318569,0.44264489810991664,0.4534145972277175,0.4048476437095496,0.35460574995862115,0.4386869534944095,0.43008745997678505,0.9659284497444633,0.6439522998296422,0.3219761499148211,0.0,0.10391822827938671,0.403747870528109,0.75390625,0.0,0.0,0.8461538461538461,3,tagalog,high_resource
167,569,87,4.62390158172232,6.540229885057471,1.9121265377855887,116,0.39080459770114945,0.4235500878734622,0.005272407732864675,0.18629173989455183,0.0492091388400703,0.019332161687170474,0.040421792618629174,0.015817223198594025,0.01054481546572935,0.0,0.0,0.0,0.4288224956063269,0.4744666979765679,0.4080857936789805,0.4050226053502393,0.3210126703209791,0.41086284455299477,0.3453881104831416,0.8980667838312829,0.6344463971880492,0.26362038664323373,0.0017574692442882249,0.03690685413005272,0.3462214411247803,0.6514522821576764,0.1839080459770115,0.27586206896551724,0.39080459770114945,3,tagalog,high_resource
168,722,80,4.760387811634349,9.025,1.8434903047091413,140,0.275,0.3988919667590028,0.0,0.13019390581717452,0.04293628808864266,0.009695290858725761,0.0443213296398892,0.015235457063711912,0.04293628808864266,0.002770083102493075,0.00554016620498615,0.0,0.5595567867036011,0.45975392849015867,0.44519608756104156,0.3981044873718024,0.39718052223031025,0.3940961438808997,0.3928584217993762,1.0110803324099722,0.7188365650969529,0.2922437673130194,0.0013850415512465374,0.09833795013850416,0.3171745152354571,0.6527777777777778,0.025,0.2375,0.275,3,tagalog,high_resource
169,501,41,4.688622754491018,12.21951219512195,1.8922155688622755,125,0.21951219512195122,0.4311377245508982,0.0,0.12375249500998003,0.07784431137724551,0.015968063872255488,0.08782435129740519,0.011976047904191617,0.06387225548902195,0.0,0.011976047904191617,0.0,0.469061876247505,0.45969404125870716,0.4341471789488276,0.4132719760681876,0.35310476243731054,0.44446383521493954,0.40781808116806795,0.8782435129740519,0.5668662674650699,0.31137724550898205,0.0,0.06786427145708583,0.38323353293413176,0.7222222222222222,0.0,0.0,0.21951219512195122,3,tagalog,high_resource
170,452,54,4.603982300884955,8.37037037037037,1.9734513274336283,107,0.37037037037037035,0.45132743362831856,0.0,0.168141592920354,0.035398230088495575,0.008849557522123894,0.0420353982300885,0.035398230088495575,0.017699115044247787,0.0,0.0,0.0,0.35176991150442477,0.4724031336723625,0.5197677038601715,0.42391299490027234,0.34037907678389384,0.4320145197693344,0.43183822379030606,1.0995575221238938,0.7345132743362832,0.36504424778761063,0.0,0.05752212389380531,0.3584070796460177,0.6617647058823529,0.09259259259259259,0.0,0.37037037037037035,3,tagalog,high_resource
171,600,63,4.85,9.523809523809524,1.9583333333333333,142,0.5555555555555556,0.3883333333333333,0.0033333333333333335,0.17333333333333334,0.008333333333333333,0.028333333333333332,0.03333333333333333,0.023333333333333334,0.016666666666666666,0.008333333333333333,0.02666666666666667,0.0,0.42833333333333334,0.4636166505844253,0.48910031889405486,0.422200822161423,0.34484336854459635,0.43931728427068184,0.4038218917716746,0.9416666666666667,0.71,0.23166666666666666,0.0,0.04666666666666667,0.30833333333333335,0.630901287553648,0.15873015873015872,0.3968253968253968,0.5555555555555556,3,tagalog,high_resource
172,869,81,4.790563866513233,10.728395061728396,1.9631760644418872,201,0.5679012345679012,0.38550057537399307,0.004602991944764097,0.18872266973532797,0.0333716915995397,0.009205983889528193,0.04142692750287687,0.024165707710011506,0.028768699654775604,0.0023014959723820483,0.0,0.0,0.4085155350978136,0.47572946990472437,0.5344889723454476,0.4476815321325579,0.45105892569373335,0.4524502388184382,0.49185982232752934,1.097813578826237,0.7422324510932106,0.35558112773302647,0.0011507479861910242,0.05983889528193326,0.3705408515535098,0.6835820895522388,0.037037037037037035,0.35802469135802467,0.5679012345679012,3,tagalog,high_resource
173,24,3,5.666666666666667,8.0,2.25,11,0.0,0.75,0.0,0.125,0.041666666666666664,0.0,0.08333333333333333,0.0,0.08333333333333333,0.0,0.0,0.0,0.5416666666666666,0.348594958146631,0.2201940252810254,0.34969015898571176,0.20057863349078908,0.3571618260155359,0.19928651187041363,1.625,1.25,0.375,0.041666666666666664,0.16666666666666666,0.4166666666666667,0.7222222222222222,0.0,0.0,0.0,3,tagalog,high_resource
174,7,4,6.0,1.75,2.142857142857143,2,0.25,1.0,0.0,0.0,0.0,0.0,0.14285714285714285,0.0,0.0,0.0,0.0,0.0,0.5714285714285714,0.1862894142797062,0.05064250532686551,0.17713642604496496,0.03923400336419884,0.17604877071351308,0.05732717770879636,1.2857142857142856,0.7142857142857143,0.5714285714285714,0.0,0.0,0.14285714285714285,1.0,0.0,0.0,0.25,3,tagalog,high_resource
175,32,3,5.4375,10.666666666666666,2.28125,11,0.3333333333333333,0.75,0.0,0.125,0.09375,0.0,0.09375,0.0,0.03125,0.0,0.0,0.0,0.53125,0.40580549530248583,0.3172537208491732,0.37686794362583576,0.25801376647318364,0.40696066688005944,0.29139168767411877,1.3125,0.90625,0.40625,0.0,0.09375,0.4375,0.7916666666666666,0.0,0.0,0.3333333333333333,3,tagalog,high_resource
176,450,29,4.751111111111111,15.517241379310345,1.92,102,0.4827586206896552,0.5022222222222222,0.0022222222222222222,0.1711111111111111,0.035555555555555556,0.03777777777777778,0.044444444444444446,0.024444444444444446,0.024444444444444446,0.0,0.0022222222222222222,0.0,0.4577777777777778,0.4909881695798451,0.5607489857159653,0.4524759367701852,0.4386880538507834,0.44986184398062695,0.4469794416951793,1.14,0.8044444444444444,0.33555555555555555,0.0022222222222222222,0.08,0.3488888888888889,0.7300884955752213,0.034482758620689655,0.27586206896551724,0.4827586206896552,3,tagalog,high_resource
177,343,42,4.60932944606414,8.166666666666666,1.9620991253644315,92,0.5714285714285714,0.5451895043731778,0.03498542274052478,0.11078717201166181,0.04081632653061224,0.014577259475218658,0.06705539358600583,0.008746355685131196,0.037900874635568516,0.0058309037900874635,0.0,0.0,0.3877551020408163,0.46136729020658884,0.4874868317510309,0.4092144554336779,0.35702488512060404,0.4413582260150753,0.40300074275120923,0.9183673469387755,0.6559766763848397,0.26239067055393583,0.014577259475218658,0.052478134110787174,0.27988338192419826,0.732620320855615,0.19047619047619047,0.38095238095238093,0.5714285714285714,3,tagalog,high_resource
178,4,1,5.5,4.0,2.5,2,0.0,1.0,0.0,0.25,0.0,0.0,0.0,0.0,0.0,0.0,0.0,0.0,0.25,0.018589424166031116,0.002371383426767233,0.030962655028188388,0.0,0.01852396858304,0.0015198566966584139,1.25,1.25,0.0,0.0,0.0,0.25,1.0,0.0,0.0,0.0,3,tagalog,high_resource
179,1031,100,4.426770126091173,10.31,1.8506304558680893,199,0.34,0.36954413191076624,0.02133850630455868,0.1687681862269641,0.03297769156159069,0.019398642095053348,0.0446168768186227,0.023278370514064017,0.03200775945683802,0.0019398642095053346,0.0,0.0,0.38409311348205627,0.502869155507176,0.5189782290966741,0.4457187409207085,0.47877739194763996,0.4241576499013089,0.4279805296845562,0.9107662463627546,0.6265761396702231,0.28419010669253153,0.002909796314258002,0.07759456838021339,0.32201745877788557,0.6509186351706037,0.15,0.42,0.34,3,tagalog,high_resource
180,69,5,5.478260869565218,13.8,2.2028985507246377,25,0.6,0.6521739130434783,0.0,0.13043478260869565,0.08695652173913043,0.0,0.08695652173913043,0.014492753623188406,0.07246376811594203,0.0,0.0,0.0,0.5217391304347826,0.4063218301307288,0.38525467025671495,0.3884775317944569,0.30212494901649173,0.3994288553661633,0.3804614730212848,1.1304347826086956,0.7681159420289855,0.36231884057971014,0.0,0.10144927536231885,0.4057971014492754,0.8,0.0,0.0,0.6,3,tagalog,high_resource
181,122,10,5.557377049180328,12.2,2.262295081967213,51,0.6,0.6639344262295082,0.00819672131147541,0.12295081967213115,0.03278688524590164,0.00819672131147541,0.040983606557377046,0.00819672131147541,0.03278688524590164,0.0,0.0,0.0,0.5409836065573771,0.45394459057060593,0.42894491278079905,0.3991022624160127,0.3290346419602963,0.39935688379267253,0.3976461441639506,1.319672131147541,0.9508196721311475,0.36885245901639346,0.0,0.1557377049180328,0.36885245901639346,0.8395061728395061,0.0,0.1,0.6,3,tagalog,high_resource
182,133,8,5.007518796992481,16.625,2.0150375939849625,42,1.25,0.5939849624060151,0.03759398496240601,0.08270676691729323,0.06015037593984962,0.015037593984962405,0.06015037593984962,0.022556390977443608,0.06015037593984962,0.0,0.015037593984962405,0.0,0.6015037593984962,0.41725259290434635,0.360427735907172,0.3734362346832892,0.2636981918489752,0.4142829073681678,0.3674074672517295,0.9774436090225564,0.6842105263157895,0.2932330827067669,0.0,0.15037593984962405,0.42857142857142855,0.7974683544303798,0.0,0.0,1.25,3,tagalog,high_resource
183,58,8,5.293103448275862,7.25,2.1551724137931036,19,0.125,0.7241379310344828,0.0,0.08620689655172414,0.05172413793103448,0.0,0.10344827586206896,0.0,0.034482758620689655,0.0,0.0,0.0,0.5344827586206896,0.4226403029664538,0.27453454774002145,0.35034214689241455,0.2294035247218765,0.4042503425711304,0.2633538783416685,1.3275862068965516,0.896551724137931,0.43103448275862066,0.0,0.1206896551724138,0.3793103448275862,0.7857142857142857,0.0,0.0,0.125,3,tagalog,high_resource
184,14,3,5.928571428571429,4.666666666666667,2.357142857142857,5,0.6666666666666666,0.9285714285714286,0.0,0.07142857142857142,0.0,0.0,0.14285714285714285,0.0,0.07142857142857142,0.0,0.0,0.0,0.6428571428571429,0.29357348060007027,0.21667536972781593,0.28573141008483005,0.16303325268110494,0.3000903012077239,0.20100616791084452,1.1428571428571428,0.7857142857142857,0.35714285714285715,0.0,0.14285714285714285,0.35714285714285715,0.9230769230769231,0.0,0.0,0.6666666666666666,3,tagalog,high_resource
185,632,85,4.656645569620253,7.435294117647059,1.9430379746835442,146,0.2823529411764706,0.375,0.0,0.17246835443037975,0.02689873417721519,0.0189873417721519,0.05379746835443038,0.0189873417721519,0.014240506329113924,0.0,0.0,0.0,0.3686708860759494,0.4570550288716669,0.4915082753302611,0.41347231337464735,0.3864201224452236,0.44657881286669576,0.4616986920552048,0.9556962025316456,0.6693037974683544,0.28639240506329117,0.006329113924050633,0.055379746835443035,0.33860759493670883,0.6666666666666666,0.08235294117647059,0.36470588235294116,0.2823529411764706,3,tagalog,high_resource
186,624,71,4.584935897435898,8.788732394366198,1.9583333333333333,157,0.4647887323943662,0.3701923076923077,0.0,0.17467948717948717,0.038461538461538464,0.014423076923076924,0.05128205128205128,0.016025641025641024,0.009615384615384616,0.0,0.0,0.0,0.38782051282051283,0.47883361627513943,0.5196353316277301,0.444286260663113,0.406180982381863,0.4632234772593858,0.4729305985081126,1.011217948717949,0.7035256410256411,0.3076923076923077,0.0016025641025641025,0.046474358974358976,0.34775641025641024,0.6320346320346321,0.09859154929577464,0.4507042253521127,0.4647887323943662,3,tagalog,high_resource
187,681,92,4.6138032305433185,7.4021739130434785,1.9441997063142438,158,0.5652173913043478,0.368575624082232,0.0,0.16299559471365638,0.039647577092511016,0.014684287812041116,0.049926578560939794,0.023494860499265784,0.016152716593245228,0.0,0.0,0.0,0.3832599118942731,0.47044700639879955,0.49243077739610797,0.45494626621139617,0.39055106029745723,0.43838809026237,0.43477341629073596,0.9104258443465492,0.6593245227606461,0.2511013215859031,0.0014684287812041115,0.05726872246696035,0.3509544787077827,0.6533864541832669,0.03260869565217391,0.44565217391304346,0.5652173913043478,3,tagalog,high_resource
188,78,8,4.756410256410256,9.75,1.858974358974359,20,0.625,0.7307692307692307,0.038461538461538464,0.08974358974358974,0.07692307692307693,0.02564102564102564,0.0641025641025641,0.0,0.08974358974358974,0.02564102564102564,0.0,0.0,0.48717948717948717,0.35988089889552516,0.3110285129996145,0.31060800986296877,0.29591235346676065,0.3277590920087062,0.26218235062922784,0.7307692307692307,0.5641025641025641,0.16666666666666666,0.0,0.10256410256410256,0.21794871794871795,0.8245614035087719,0.0,0.125,0.625,3,tagalog,high_resource
189,798,95,4.976190476190476,8.4,2.037593984962406,209,0.5263157894736842,0.35714285714285715,0.0,0.16791979949874686,0.047619047619047616,0.016290726817042606,0.04887218045112782,0.02756892230576441,0.010025062656641603,0.0,0.0,0.0,0.36215538847117795,0.4983375557612669,0.4934270498118262,0.4293928341739016,0.4080371116478584,0.4252615375832346,0.4381699900760105,1.2568922305764412,0.9147869674185464,0.34210526315789475,0.002506265664160401,0.03508771929824561,0.33709273182957394,0.6736842105263158,0.031578947368421054,0.4,0.5263157894736842,3,tagalog,high_resource
190,66,15,5.909090909090909,4.4,2.272727272727273,19,0.6,0.696969696969697,0.0,0.07575757575757576,0.030303030303030304,0.015151515151515152,0.10606060606060606,0.0,0.045454545454545456,0.0,0.0,0.0,0.5303030303030303,0.39401603603229957,0.3057375833097029,0.36732588434847274,0.2391677534213203,0.40179312393266126,0.30901279787435304,1.303030303030303,1.0606060606060606,0.24242424242424243,0.030303030303030304,0.07575757575757576,0.2878787878787879,0.782608695652174,0.0,0.0,0.6,3,tagalog,high_resource
191,460,36,4.578260869565217,12.777777777777779,1.8326086956521739,86,0.6666666666666666,0.41304347826086957,0.0,0.14782608695652175,0.041304347826086954,0.015217391304347827,0.07173913043478261,0.021739130434782608,0.03260869565217391,0.0,0.0,0.010869565217391304,0.46304347826086956,0.4830010219178854,0.4619911834962843,0.44457959851295337,0.4197182622871193,0.450983124854262,0.40712178132411125,0.9869565217391305,0.6847826086956522,0.30217391304347824,0.006521739130434782,0.08695652173913043,0.3630434782608696,0.6526315789473685,0.08333333333333333,0.05555555555555555,0.6666666666666666,3,tagalog,high_resource
192,1831,155,4.619333697433096,11.812903225806451,1.9240851993446204,461,0.432258064516129,0.2987438558164937,0.002184598580010923,0.1474604041507373,0.06062261059530311,0.016384489350081924,0.0655379574003277,0.016384489350081924,0.047515019115237575,0.0,0.0,0.0,0.4046968869470235,0.49494482605352796,0.5910005749894188,0.43991667321669303,0.4352295644968143,0.45667313530723813,0.5081968776344306,0.920808301474604,0.6406335335882032,0.2801747678864009,0.002730748225013654,0.0977607864554888,0.4194429273620972,0.6727605118829981,0.05806451612903226,0.13548387096774195,0.432258064516129,3,tagalog,high_resource
193,804,92,4.7288557213930345,8.73913043478261,1.945273631840796,224,0.1956521739130435,0.40049751243781095,0.0,0.2064676616915423,0.05845771144278607,0.043532338308457715,0.04228855721393035,0.048507462686567165,0.012437810945273632,0.0,0.0012437810945273632,0.0,0.3718905472636816,0.4714288945036462,0.544918869783656,0.43856334821765375,0.4318235481057117,0.44546518942597685,0.47166772290638215,1.1069651741293534,0.7748756218905473,0.332089552238806,0.0024875621890547263,0.03980099502487562,0.36069651741293535,0.7018633540372671,0.021739130434782608,0.33695652173913043,0.1956521739130435,3,tagalog,high_resource
194,445,43,4.550561797752809,10.348837209302326,1.9213483146067416,108,0.20930232558139536,0.39101123595505616,0.0,0.19550561797752808,0.0449438202247191,0.011235955056179775,0.05393258426966292,0.024719101123595506,0.02696629213483146,0.0,0.0,0.0,0.4157303370786517,0.45099276650870485,0.32984077880732443,0.4252090839596845,0.2894856832065319,0.439811101760811,0.2982578982915955,0.9168539325842696,0.6876404494382022,0.2292134831460674,0.0,0.07191011235955057,0.39101123595505616,0.7068965517241379,0.06976744186046512,0.18604651162790697,0.20930232558139536,3,tagalog,high_resource
195,509,33,4.43614931237721,15.424242424242424,1.8447937131630647,110,0.7878787878787878,0.3948919449901768,0.0,0.16110019646365423,0.06286836935166994,0.04518664047151277,0.047151277013752456,0.015717092337917484,0.03732809430255403,0.0019646365422396855,0.003929273084479371,0.0,0.3968565815324165,0.49383347178015696,0.4738170317666583,0.4501019285988299,0.4095235760911076,0.44936757526286364,0.39419452561899876,0.8094302554027504,0.5952848722986247,0.21414538310412573,0.0,0.0825147347740668,0.37524557956778,0.7164179104477612,0.0,0.12121212121212122,0.7878787878787878,3,tagalog,high_resource
196,291,28,4.621993127147766,10.392857142857142,1.7525773195876289,45,1.0,0.3917525773195876,0.0,0.18556701030927836,0.037800687285223365,0.013745704467353952,0.05154639175257732,0.044673539518900345,0.013745704467353952,0.013745704467353952,0.0,0.0,0.44673539518900346,0.4513344136180042,0.36281603907626053,0.36990936742772873,0.2936624318698603,0.38884957307991086,0.322256133089489,0.9140893470790379,0.6219931271477663,0.2920962199312715,0.0,0.024054982817869417,0.32646048109965636,0.5350877192982456,0.14285714285714285,0.6071428571428571,1.0,3,tagalog,high_resource
197,2068,230,4.643133462282399,8.991304347826087,1.9671179883945842,484,0.3739130434782609,0.31721470019342357,0.0014506769825918763,0.16924564796905223,0.03916827852998066,0.023694390715667313,0.043036750483559,0.026595744680851064,0.012088974854932301,0.0,0.0009671179883945841,0.0,0.36895551257253384,0.5149105810928816,0.6227736585514878,0.44981274363001755,0.4451108293241302,0.4743900740763912,0.4683160598699645,1.0971953578336557,0.7915860735009671,0.3056092843326886,0.007253384912959381,0.054642166344294,0.3404255319148936,0.649390243902439,0.13043478260869565,0.3652173913043478,0.3739130434782609,3,tagalog,high_resource
198,117,12,5.0256410256410255,9.75,2.0085470085470085,28,0.4166666666666667,0.5982905982905983,0.0,0.13675213675213677,0.06837606837606838,0.0,0.042735042735042736,0.017094017094017096,0.017094017094017096,0.0,0.0,0.0,0.42735042735042733,0.47083044490380027,0.4129684415720608,0.418436238162071,0.34025927374126425,0.39613971883488047,0.36558992290510833,1.341880341880342,0.9230769230769231,0.4188034188034188,0.0,0.042735042735042736,0.3418803418803419,0.6571428571428571,0.3333333333333333,0.25,0.4166666666666667,3,tagalog,high_resource
199,347,36,4.734870317002882,9.63888888888889,1.962536023054755,86,0.4166666666666667,0.5043227665706052,0.0,0.1037463976945245,0.037463976945244955,0.023054755043227664,0.05763688760806916,0.011527377521613832,0.06051873198847262,0.002881844380403458,0.002881844380403458,0.002881844380403458,0.44668587896253603,0.4555247362383637,0.48783399276259204,0.4356808989122546,0.4110382507819657,0.43370141204988777,0.4161716281454907,0.9596541786743515,0.6628242074927954,0.2968299711815562,0.0,0.10662824207492795,0.34870317002881845,0.7085714285714285,0.0,0.3055555555555556,0.4166666666666667,3,tagalog,high_resource
200,412,72,4.601941747572815,5.722222222222222,1.9174757281553398,90,0.2916666666666667,0.3713592233009709,0.0,0.13592233009708737,0.06067961165048544,0.012135922330097087,0.0412621359223301,0.007281553398058253,0.024271844660194174,0.0,0.0,0.0,0.4393203883495146,0.454516729394917,0.3795255505409961,0.4009394165307852,0.31920812949819605,0.410865948988611,0.34563459385238054,0.9975728155339806,0.6990291262135923,0.29854368932038833,0.0,0.07281553398058252,0.32524271844660196,0.6470588235294118,0.125,0.05555555555555555,0.2916666666666667,3,tagalog,high_resource
201,136,11,5.147058823529412,12.363636363636363,2.110294117647059,47,0.45454545454545453,0.5661764705882353,0.007352941176470588,0.08823529411764706,0.07352941176470588,0.022058823529411766,0.04411764705882353,0.022058823529411766,0.007352941176470588,0.0,0.007352941176470588,0.0,0.5147058823529411,0.46412013853927836,0.4517968280287117,0.4262199374767127,0.33770899424629697,0.4320035396352278,0.36687116033762057,1.0514705882352942,0.7279411764705882,0.3235294117647059,0.0,0.125,0.3897058823529412,0.7142857142857143,0.0,0.0,0.45454545454545453,3,tagalog,high_resource
202,326,38,4.745398773006135,8.578947368421053,1.969325153374233,82,0.6842105263157895,0.4938650306748466,0.003067484662576687,0.18098159509202455,0.03680981595092025,0.04294478527607362,0.05828220858895705,0.009202453987730062,0.024539877300613498,0.006134969325153374,0.0,0.0,0.3987730061349693,0.41055026451441623,0.38132610607386147,0.38661946781742784,0.31561359485284396,0.4092341572877959,0.3280755755104766,0.9969325153374233,0.696319018404908,0.3006134969325153,0.03680981595092025,0.03987730061349693,0.3558282208588957,0.6956521739130435,0.0,0.18421052631578946,0.6842105263157895,3,tagalog,high_resource
203,9,1,5.555555555555555,9.0,2.4444444444444446,4,0.0,0.8888888888888888,0.0,0.2222222222222222,0.1111111111111111,0.0,0.0,0.0,0.0,0.0,0.0,0.0,0.3333333333333333,0.16549390994687596,0.015414956010836717,0.15098900441088914,0.02079410068381222,0.1596204147336711,0.004120485354663638,1.3333333333333335,1.1111111111111112,0.2222222222222222,0.0,0.0,0.3333333333333333,0.875,0.0,0.0,0.0,3,tagalog,high_resource
204,416,43,5.033653846153846,9.674418604651162,2.048076923076923,103,0.46511627906976744,0.4543269230769231,0.0,0.11298076923076923,0.028846153846153848,0.014423076923076924,0.06490384615384616,0.01201923076923077,0.016826923076923076,0.002403846153846154,0.0,0.0,0.44711538461538464,0.4926360230576798,0.5346420833635055,0.39707021728798353,0.3376825894756748,0.4187752265296375,0.411192197643328,1.108173076923077,0.8028846153846154,0.30528846153846156,0.0,0.07692307692307693,0.3317307692307692,0.6931216931216931,0.023255813953488372,0.32558139534883723,0.46511627906976744,3,tagalog,high_resource
205,802,103,4.887780548628429,7.786407766990291,1.9950124688279303,206,0.3786407766990291,0.442643391521197,0.004987531172069825,0.12094763092269327,0.06608478802992519,0.03117206982543641,0.07231920199501247,0.01371571072319202,0.022443890274314215,0.0024937655860349127,0.0012468827930174563,0.0,0.4376558603491272,0.4842042163384946,0.522893864598375,0.4284402548747254,0.38853465905201007,0.4617758126220678,0.46487857234889923,1.0910224438902743,0.7618453865336658,0.32917705735660846,0.0012468827930174563,0.05486284289276808,0.34538653366583544,0.7211267605633803,0.0,0.1262135922330097,0.3786407766990291,3,tagalog,high_resource
206,751,101,4.620505992010653,7.435643564356436,1.9254327563249,154,1.099009900990099,0.3235685752330226,0.0,0.14647137150466044,0.02796271637816245,0.019973368841544607,0.06391478029294274,0.015978695073235686,0.010652463382157125,0.017310252996005325,0.0,0.0,0.4234354194407457,0.4451135671846608,0.45454182270664006,0.4294049779367096,0.349512538238186,0.4212536119269393,0.4113817690503094,1.0612516644474035,0.7456724367509987,0.3155792276964048,0.0,0.043941411451398134,0.3182423435419441,0.5967078189300411,0.0594059405940594,0.33663366336633666,1.099009900990099,3,tagalog,high_resource
207,8,3,5.75,2.6666666666666665,2.5,4,1.6666666666666667,0.75,0.0,0.0,0.0,0.0,0.0,0.0,0.0,0.0,0.0,0.0,0.5,0.09604139900412806,0.005677691205215594,0.10655274012540707,0.011242342308150216,0.09329336943501075,0.006854453485683055,0.875,0.875,0.0,0.0,0.0,0.0,0.6666666666666666,0.0,0.0,1.6666666666666667,3,tagalog,high_resource
208,609,88,4.8686371100164205,6.920454545454546,2.0147783251231526,158,0.42045454545454547,0.4367816091954023,0.0016420361247947454,0.12643678160919541,0.04597701149425287,0.03284072249589491,0.04597701149425287,0.0049261083743842365,0.060755336617405585,0.0016420361247947454,0.003284072249589491,0.0,0.4088669950738916,0.48047050769679217,0.5342923640256244,0.4346630810871662,0.39982130927615395,0.4673968406815331,0.4531290048171209,1.0311986863711002,0.7586206896551724,0.27257799671592775,0.003284072249589491,0.10673234811165845,0.34318555008210183,0.6917293233082706,0.045454545454545456,0.36363636363636365,0.42045454545454547,3,tagalog,high_resource
209,232,19,4.870689655172414,12.210526315789474,2.021551724137931,67,0.42105263157894735,0.4353448275862069,0.0,0.1206896551724138,0.05172413793103448,0.021551724137931036,0.0603448275862069,0.004310344827586207,0.034482758620689655,0.0,0.0,0.0,0.5,0.39296386990944143,0.3561657047329393,0.3648316040773186,0.32880648502746435,0.3819478837384012,0.2771719389278172,0.7974137931034483,0.5905172413793104,0.20689655172413793,0.0,0.11206896551724138,0.36637931034482757,0.6732673267326733,0.0,0.0,0.42105263157894735,3,tagalog,high_resource
210,436,75,4.685779816513762,5.8133333333333335,1.885321100917431,96,0.4,0.43577981651376146,0.0022935779816513763,0.17889908256880735,0.01834862385321101,0.03211009174311927,0.045871559633027525,0.020642201834862386,0.034403669724770644,0.0022935779816513763,0.0,0.0,0.37155963302752293,0.4707559778483015,0.5061231114195123,0.44748056127999103,0.3918147597610398,0.4388645875248274,0.4421855727372338,0.9220183486238531,0.6513761467889908,0.2706422018348624,0.0,0.06651376146788991,0.33256880733944955,0.6789473684210526,0.05333333333333334,0.26666666666666666,0.4,3,tagalog,high_resource
211,403,48,4.779156327543424,8.395833333333334,1.9578163771712158,107,0.25,0.4466501240694789,0.0,0.1761786600496278,0.03225806451612903,0.022332506203473945,0.06451612903225806,0.019851116625310174,0.02481389578163772,0.0,0.0,0.0,0.38957816377171217,0.47174771043583896,0.4656615337158097,0.3972683460988935,0.37615522256672296,0.4334274915212588,0.4466656905939877,1.196029776674938,0.8933002481389578,0.3027295285359802,0.004962779156327543,0.05955334987593052,0.38213399503722084,0.7333333333333333,0.0,0.2708333333333333,0.25,3,tagalog,high_resource
212,613,81,4.869494290375204,7.567901234567901,1.9820554649265905,165,0.30864197530864196,0.399673735725938,0.0,0.07830342577487764,0.06851549755301795,0.040783034257748776,0.0734094616639478,0.01468189233278956,0.05057096247960848,0.0016313213703099511,0.0,0.0,0.48613376835236544,0.4750288303998315,0.4823377987712111,0.3880673283632416,0.3459633980254357,0.4324558460666291,0.49245623581788994,1.0799347471451877,0.7406199021207178,0.33931484502446985,0.0016313213703099511,0.10277324632952692,0.35073409461663946,0.6612244897959184,0.13580246913580246,0.037037037037037035,0.30864197530864196,3,tagalog,high_resource
213,433,58,4.242494226327945,7.4655172413793105,1.8290993071593533,66,0.27586206896551724,0.42494226327944573,0.03233256351039261,0.15473441108545036,0.03002309468822171,0.020785219399538105,0.020785219399538105,0.020785219399538105,0.011547344110854504,0.0023094688221709007,0.0,0.0,0.3233256351039261,0.48457463075334795,0.4732951107666002,0.40068051395215,0.4071461252372486,0.40981765463533537,0.38195394552345513,0.9376443418013857,0.6859122401847575,0.2517321016166282,0.0023094688221709007,0.057736720554272515,0.2471131639722864,0.6358695652173914,0.1896551724137931,0.46551724137931033,0.27586206896551724,3,tagalog,high_resource
214,12,1,5.166666666666667,12.0,1.9166666666666667,3,1.0,0.9166666666666666,0.0,0.25,0.08333333333333333,0.0,0.0,0.0,0.0,0.0,0.0,0.0,0.5833333333333334,0.3012702493807659,0.1143746603925637,0.26453051315502035,0.09250077625214907,0.2896007963503763,0.10290698359277098,0.9166666666666667,0.5833333333333334,0.3333333333333333,0.0,0.0,0.3333333333333333,0.9090909090909091,0.0,0.0,1.0,3,tagalog,high_resource
215,143,9,5.601398601398602,15.88888888888889,2.237762237762238,52,1.0,0.6223776223776224,0.006993006993006993,0.06993006993006994,0.03496503496503497,0.006993006993006993,0.06293706293706294,0.02097902097902098,0.006993006993006993,0.0,0.0,0.0,0.5944055944055944,0.4195994305076505,0.34267600116961905,0.3784797470152272,0.2535179117578478,0.38158656330469504,0.3099506661647859,1.1468531468531469,0.7972027972027972,0.34965034965034963,0.0,0.14685314685314685,0.3356643356643357,0.797752808988764,0.0,0.1111111111111111,1.0,3,tagalog,high_resource
216,71,7,5.47887323943662,10.142857142857142,2.183098591549296,25,0.14285714285714285,0.6056338028169014,0.0,0.1267605633802817,0.07042253521126761,0.0,0.08450704225352113,0.014084507042253521,0.04225352112676056,0.0,0.0,0.0,0.5633802816901409,0.3957983310808488,0.3483721444998339,0.35132664227154015,0.24535742369832844,0.39798747891518943,0.32367588760873517,1.3943661971830985,1.0422535211267605,0.352112676056338,0.0,0.11267605633802817,0.39436619718309857,0.6744186046511628,0.0,0.0,0.14285714285714285,3,tagalog,high_resource
217,714,82,4.551820728291316,8.707317073170731,1.8697478991596639,162,0.4634146341463415,0.3487394957983193,0.0014005602240896359,0.15826330532212884,0.02661064425770308,0.015406162464985995,0.06302521008403361,0.02100840336134454,0.05042016806722689,0.0014005602240896359,0.0,0.0,0.4215686274509804,0.4832792734080757,0.468732006703416,0.4386974768322091,0.3453591066615775,0.4712913237920659,0.43943130426271904,1.0476190476190477,0.7478991596638656,0.29971988795518206,0.0014005602240896359,0.09803921568627451,0.4005602240896359,0.6265060240963856,0.17073170731707318,0.4878048780487805,0.4634146341463415,3,tagalog,high_resource
218,16,3,5.9375,5.333333333333333,2.3125,7,0.0,0.8125,0.0625,0.125,0.0,0.0,0.125,0.0,0.0,0.0,0.0,0.0,0.5,0.3394052916987969,0.21796945282057215,0.37007628431494005,0.17344870913683672,0.3383147771737866,0.2085806729530501,2.125,1.625,0.5,0.0,0.0625,0.375,0.7692307692307693,0.0,0.0,0.0,3,tagalog,high_resource
219,86,6,5.116279069767442,14.333333333333334,2.13953488372093,27,0.16666666666666666,0.6162790697674418,0.0,0.12790697674418605,0.10465116279069768,0.03488372093023256,0.08139534883720931,0.0,0.05813953488372093,0.0,0.0,0.0,0.46511627906976744,0.44672695204734153,0.4206515482325321,0.38085013714204113,0.3615615247081889,0.4127855488871325,0.4110877806701946,1.1162790697674418,0.7558139534883721,0.36046511627906974,0.0,0.08139534883720931,0.4418604651162791,0.7735849056603774,0.0,0.0,0.16666666666666666,3,tagalog,high_resource
220,211,27,4.630331753554502,7.814814814814815,1.933649289099526,42,0.2962962962962963,0.47393364928909953,0.0,0.17535545023696683,0.04739336492890995,0.014218009478672985,0.05687203791469194,0.023696682464454975,0.05687203791469194,0.0,0.0,0.0,0.41706161137440756,0.4303188664221603,0.4106143785554791,0.4035388238227614,0.32820153280983155,0.4413432306419877,0.3305685628004867,0.8151658767772512,0.5639810426540285,0.25118483412322273,0.0,0.09004739336492891,0.3791469194312796,0.63,0.0,0.2962962962962963,0.2962962962962963,3,tagalog,high_resource
221,960,118,5.088541666666667,8.135593220338983,2.080208333333333,300,0.4406779661016949,0.4,0.0010416666666666667,0.13958333333333334,0.05625,0.016666666666666666,0.06145833333333333,0.010416666666666666,0.041666666666666664,0.0,0.0,0.0020833333333333333,0.44583333333333336,0.4987106258381717,0.5688512621638409,0.46334967015175305,0.4588051359243326,0.4879202704052402,0.511690651076767,1.1416666666666666,0.815625,0.3260416666666667,0.005208333333333333,0.08645833333333333,0.375,0.6354166666666666,0.025423728813559324,0.16101694915254236,0.4406779661016949,3,tagalog,high_resource
222,453,79,4.770419426048565,5.734177215189874,1.9757174392935983,108,0.3924050632911392,0.4392935982339956,0.0,0.19426048565121412,0.017660044150110375,0.013245033112582781,0.033112582781456956,0.019867549668874173,0.02207505518763797,0.0,0.002207505518763797,0.0,0.4083885209713024,0.4808444888438445,0.48305492306801656,0.38896243122772856,0.3831810689679372,0.4074373765775575,0.41269146022285585,0.8609271523178808,0.5982339955849889,0.26269315673289184,0.004415011037527594,0.059602649006622516,0.31346578366445915,0.7035175879396985,0.06329113924050633,0.3291139240506329,0.3924050632911392,3,tagalog,high_resource
223,69,6,5.36231884057971,11.5,2.1449275362318843,30,0.5,0.6666666666666666,0.0,0.15942028985507245,0.07246376811594203,0.0,0.0,0.014492753623188406,0.028985507246376812,0.0,0.0,0.0,0.5217391304347826,0.34475083750768387,0.2536664761408426,0.293947047516396,0.2231239764763617,0.3431478214998422,0.23147926193901688,0.7681159420289855,0.5652173913043478,0.2028985507246377,0.0,0.08695652173913043,0.34782608695652173,0.7608695652173914,0.0,0.0,0.5,3,tagalog,high_resource
224,523,59,4.747609942638623,8.864406779661017,2.0019120458891013,125,0.7457627118644068,0.40152963671128106,0.0,0.17208413001912046,0.055449330783938815,0.011472275334608031,0.05162523900573614,0.022944550669216062,0.030592734225621414,0.0038240917782026767,0.0,0.0,0.37858508604206503,0.4564307003851413,0.4938462745800955,0.41708566352829496,0.36380424246467347,0.43622984898948325,0.4354754896259909,1.0783938814531548,0.7495219885277247,0.32887189292543023,0.0,0.07074569789674952,0.37093690248565964,0.6761904761904762,0.1694915254237288,0.7288135593220338,0.7457627118644068,3,tagalog,high_resource
225,338,26,4.928994082840236,13.0,2.0502958579881656,90,0.8461538461538461,0.4556213017751479,0.0029585798816568047,0.1242603550295858,0.06804733727810651,0.014792899408284023,0.06804733727810651,0.0029585798816568047,0.03550295857988166,0.0,0.0,0.0,0.4437869822485207,0.4566629915561748,0.4663536141878825,0.41677634124443913,0.3543786338560412,0.443324390382242,0.42015039751062133,1.1627218934911243,0.8284023668639053,0.3343195266272189,0.0029585798816568047,0.08579881656804733,0.3994082840236686,0.6948051948051948,0.0,0.34615384615384615,0.8461538461538461,3,tagalog,high_resource
226,73,3,5.232876712328767,24.333333333333332,2.232876712328767,21,0.3333333333333333,0.6301369863013698,0.0136986301369863,0.1643835616438356,0.0684931506849315,0.0136986301369863,0.0410958904109589,0.0,0.0547945205479452,0.0,0.0,0.0,0.4520547945205479,0.40383153898149965,0.3824481514845929,0.38910286919697484,0.33447519925179225,0.4040230760338408,0.3508509451040705,1.0547945205479452,0.7808219178082192,0.273972602739726,0.0,0.136986301369863,0.4246575342465753,0.717391304347826,0.0,0.0,0.3333333333333333,3,tagalog,high_resource
227,333,62,4.7807807807807805,5.370967741935484,2.012012012012012,87,0.3387096774193548,0.35735735735735735,0.0,0.12912912912912913,0.015015015015015015,0.02702702702702703,0.06606606606606606,0.015015015015015015,0.0,0.0,0.0,0.0,0.3933933933933934,0.44592983080958337,0.47151102081191304,0.3887778592468998,0.3757788925101932,0.4090262996322967,0.38747587695570906,0.9489489489489489,0.6276276276276276,0.3213213213213213,0.0,0.06306306306306306,0.30930930930930933,0.5462184873949579,0.08064516129032258,0.41935483870967744,0.3387096774193548,3,tagalog,high_resource
228,395,87,4.934177215189873,4.540229885057471,2.0354430379746837,97,0.42528735632183906,0.4430379746835443,0.0,0.10126582278481013,0.03291139240506329,0.030379746835443037,0.08354430379746836,0.005063291139240506,0.017721518987341773,0.0,0.0,0.002531645569620253,0.3949367088607595,0.4643093426800602,0.5098946459857071,0.41066879402155965,0.38234791266792034,0.447677677289073,0.4092914479302238,1.0784810126582278,0.7518987341772152,0.3265822784810127,0.005063291139240506,0.060759493670886074,0.3189873417721519,0.6914285714285714,0.0,0.13793103448275862,0.42528735632183906,3,tagalog,high_resource
229,45,3,3.8444444444444446,15.0,1.5333333333333334,7,0.3333333333333333,0.7777777777777778,0.06666666666666667,0.06666666666666667,0.1111111111111111,0.044444444444444446,0.06666666666666667,0.0,0.06666666666666667,0.044444444444444446,0.0,0.0,0.4,0.1824887994373955,0.09995928152621446,0.16687555343489338,0.11134742371535214,0.15018941136401265,0.1028078257324978,0.48888888888888893,0.4,0.08888888888888889,0.0,0.044444444444444446,0.08888888888888889,0.8,0.0,0.3333333333333333,0.3333333333333333,3,tagalog,high_resource
230,493,57,4.9127789046653145,8.649122807017545,2.0446247464503045,147,0.3157894736842105,0.3995943204868154,0.0,0.1257606490872211,0.016227180527383367,0.016227180527383367,0.09127789046653144,0.016227180527383367,0.006085192697768763,0.0,0.0,0.0,0.4949290060851927,0.4811801319473814,0.4687561584514542,0.45178557661459623,0.37697386373269814,0.4342215055149025,0.436185629540201,1.0182555780933062,0.6957403651115619,0.3225152129817444,0.0,0.09127789046653144,0.3630831643002028,0.6751269035532995,0.017543859649122806,0.3684210526315789,0.3157894736842105,3,tagalog,high_resource
231,502,52,5.00199203187251,9.653846153846153,2.0677290836653386,155,0.4423076923076923,0.47410358565737054,0.0,0.14741035856573706,0.05976095617529881,0.01593625498007968,0.043824701195219126,0.027888446215139442,0.029880478087649404,0.0,0.00597609561752988,0.0,0.43227091633466136,0.5037023199353929,0.5510727505422366,0.44999196539987657,0.3800982151444144,0.4518192294067499,0.399373945977502,1.1314741035856575,0.8227091633466136,0.30876494023904383,0.0,0.08167330677290836,0.35856573705179284,0.7563025210084033,0.0,0.019230769230769232,0.4423076923076923,3,tagalog,high_resource
232,16,2,5.25,8.0,1.9375,4,0.5,0.625,0.0,0.0625,0.125,0.0,0.125,0.0,0.0,0.0,0.0,0.0,0.625,0.28135868788152957,0.1748820172838893,0.23594639284380162,0.13648050481502688,0.2464530614084702,0.19188391647738612,1.5625,1.0,0.5625,0.0,0.0,0.3125,0.4,0.0,0.0,0.5,3,tagalog,high_resource
233,490,39,4.720408163265306,12.564102564102564,1.963265306122449,137,0.6410256410256411,0.45102040816326533,0.0,0.14285714285714285,0.06326530612244897,0.0163265306122449,0.08979591836734693,0.014285714285714285,0.04693877551020408,0.0,0.0,0.0,0.42857142857142855,0.49112762773703966,0.5748775061351173,0.4361841017233274,0.41980028769569844,0.46295830982915376,0.4599955758663774,0.9918367346938776,0.6877551020408164,0.3040816326530612,0.0,0.08979591836734693,0.4,0.7285067873303167,0.05128205128205128,0.4358974358974359,0.6410256410256411,3,tagalog,high_resource
234,86,10,4.534883720930233,8.6,1.8255813953488371,16,0.8,0.6395348837209303,0.0,0.1744186046511628,0.046511627906976744,0.03488372093023256,0.06976744186046512,0.011627906976744186,0.023255813953488372,0.0,0.023255813953488372,0.0,0.37209302325581395,0.44944221746119856,0.3348771894651143,0.4202997844304401,0.3098864851551528,0.4151059652946733,0.30525408232774287,0.9069767441860466,0.6511627906976745,0.2558139534883721,0.023255813953488372,0.05813953488372093,0.37209302325581395,0.7454545454545455,0.0,0.3,0.8,3,tagalog,high_resource
235,271,26,4.922509225092251,10.423076923076923,2.0,67,0.38461538461538464,0.5461254612546126,0.0,0.13284132841328414,0.07011070110701106,0.025830258302583026,0.05166051660516605,0.025830258302583026,0.014760147601476014,0.0,0.0036900369003690036,0.0,0.42066420664206644,0.4791673995819159,0.43400503510093175,0.4072941288301087,0.3687767871806942,0.408549107101668,0.3804473041133724,1.0590405904059041,0.7527675276752768,0.3062730627306273,0.0,0.04428044280442804,0.35424354243542433,0.7364864864864865,0.0,0.15384615384615385,0.38461538461538464,3,tagalog,high_resource
236,171,13,4.771929824561403,13.153846153846153,1.935672514619883,40,0.46153846153846156,0.4502923976608187,0.0,0.07602339181286549,0.1111111111111111,0.023391812865497075,0.1111111111111111,0.023391812865497075,0.017543859649122806,0.0,0.0,0.0,0.4327485380116959,0.4106373927447227,0.3708595436752179,0.39549998048529816,0.27261198265196585,0.41331688040387393,0.3847712859020403,1.0409356725146197,0.7017543859649122,0.3391812865497076,0.0,0.05263157894736842,0.391812865497076,0.6753246753246753,0.0,0.07692307692307693,0.46153846153846156,3,tagalog,high_resource
237,579,59,5.058721934369602,9.813559322033898,2.051813471502591,181,0.4406779661016949,0.44041450777202074,0.0,0.16753022452504318,0.06044905008635579,0.024179620034542316,0.0535405872193437,0.015544041450777202,0.02936096718480138,0.0017271157167530224,0.0,0.0,0.4265975820379965,0.4650138296911919,0.482180278809666,0.42841418261667774,0.38167199613219815,0.44265454321904923,0.39393197855291545,1.1727115716753023,0.8635578583765112,0.30915371329879104,0.0,0.06044905008635579,0.36614853195164077,0.7333333333333333,0.05084745762711865,0.4576271186440678,0.4406779661016949,3,tagalog,high_resource
238,471,42,4.556263269639066,11.214285714285714,1.9150743099787686,110,0.7619047619047619,0.3970276008492569,0.0,0.14437367303609341,0.08492569002123142,0.014861995753715499,0.06794055201698514,0.012738853503184714,0.03184713375796178,0.0,0.0021231422505307855,0.0,0.3970276008492569,0.516604664185196,0.5043644581886689,0.42486218582019586,0.44150316774734427,0.4262049003391216,0.4328756369791075,0.8641188959660298,0.6263269639065817,0.23779193205944799,0.0,0.08067940552016985,0.3991507430997877,0.7058823529411765,0.0,0.40476190476190477,0.7619047619047619,3,tagalog,high_resource
239,68,20,4.411764705882353,3.4,1.9705882352941178,16,0.0,0.6176470588235294,0.0,0.20588235294117646,0.014705882352941176,0.014705882352941176,0.029411764705882353,0.0,0.014705882352941176,0.0,0.0,0.0,0.23529411764705882,0.34178802393428626,0.2850483551600161,0.3251882141715966,0.2375239703027307,0.34637404639365504,0.29304524879092136,1.0441176470588236,0.7352941176470589,0.3088235294117647,0.0,0.014705882352941176,0.4117647058823529,0.7857142857142857,0.1,0.0,0.0,1,cebuano,high_resource
240,37,7,5.297297297297297,5.285714285714286,2.081081081081081,9,0.0,0.4594594594594595,0.0,0.05405405405405406,0.0,0.10810810810810811,0.1891891891891892,0.0,0.0,0.0,0.0,0.0,0.4594594594594595,0.3670764222189444,0.22626601079630967,0.34209083429520415,0.19301109488593596,0.3689835756722254,0.21036323798526482,1.3513513513513513,0.8378378378378378,0.5135135135135135,0.0,0.0,0.24324324324324326,0.4117647058823529,0.0,0.0,0.0,1,cebuano,high_resource
241,35,12,4.514285714285714,2.9166666666666665,2.0285714285714285,8,0.0,0.8,0.0,0.11428571428571428,0.02857142857142857,0.0,0.0,0.02857142857142857,0.0,0.0,0.0,0.0,0.22857142857142856,0.263291606788652,0.1373344918291906,0.2629667910281637,0.15392598540302227,0.2590164950649516,0.1552899147205746,1.0,0.7142857142857143,0.2857142857142857,0.0,0.0,0.22857142857142856,0.7857142857142857,0.0,0.0,0.0,1,cebuano,high_resource
242,58,12,4.517241379310345,4.833333333333333,2.0344827586206895,12,0.0,0.6724137931034483,0.0,0.05172413793103448,0.10344827586206896,0.08620689655172414,0.0,0.0,0.034482758620689655,0.017241379310344827,0.0,0.0,0.20689655172413793,0.37351982706056847,0.24681521774638313,0.39121366221570675,0.20026548928305787,0.36172676650483704,0.27788718316136735,1.0172413793103448,0.7586206896551724,0.25862068965517243,0.0,0.034482758620689655,0.2413793103448276,0.7948717948717948,0.0,0.08333333333333333,0.0,1,cebuano,high_resource
243,15,4,4.533333333333333,3.75,1.8666666666666667,3,0.0,0.7333333333333333,0.0,0.2,0.0,0.0,0.13333333333333333,0.0,0.0,0.0,0.0,0.0,0.3333333333333333,0.18212834574573078,0.03376600550670945,0.1891732052078743,0.03477951990354451,0.19338039242681962,0.04167298819736859,1.0,0.8666666666666667,0.13333333333333333,0.0,0.0,0.3333333333333333,0.7272727272727273,0.0,0.0,0.0,1,cebuano,high_resource
244,70,21,5.014285714285714,3.3333333333333335,2.1714285714285713,21,0.047619047619047616,0.7142857142857143,0.0,0.15714285714285714,0.05714285714285714,0.014285714285714285,0.014285714285714285,0.0,0.04285714285714286,0.0,0.0,0.0,0.3,0.4008028422096032,0.3023229803400074,0.39915862963824283,0.287432298708185,0.4154555312138845,0.34590549753113153,1.0142857142857142,0.8285714285714286,0.18571428571428572,0.0,0.04285714285714286,0.3142857142857143,0.78,0.0,0.0,0.047619047619047616,1,cebuano,high_resource
245,16,5,4.625,3.2,2.0625,4,0.0,0.9375,0.0,0.1875,0.0,0.0,0.0625,0.0,0.0,0.0,0.0,0.0,0.375,0.2888397029177713,0.10394187097312749,0.28526557186826734,0.0878149699562529,0.28056391499281835,0.13298323166926468,1.0625,0.75,0.3125,0.0,0.0,0.375,0.9333333333333333,0.0,0.2,0.0,1,cebuano,high_resource
246,43,9,4.372093023255814,4.777777777777778,1.8372093023255813,8,0.0,0.8837209302325582,0.0,0.13953488372093023,0.046511627906976744,0.0,0.023255813953488372,0.023255813953488372,0.023255813953488372,0.023255813953488372,0.0,0.0,0.27906976744186046,0.3216947107407488,0.23481633845572542,0.30017235905916073,0.2499353161570013,0.3124872427829909,0.28583653947661203,0.8372093023255814,0.5116279069767442,0.32558139534883723,0.0,0.023255813953488372,0.27906976744186046,0.8947368421052632,0.0,0.1111111111111111,0.0,1,cebuano,high_resource
247,34,6,5.0,5.666666666666667,2.088235294117647,8,0.0,0.7352941176470589,0.0,0.058823529411764705,0.08823529411764706,0.029411764705882353,0.08823529411764706,0.0,0.058823529411764705,0.0,0.0,0.0,0.38235294117647056,0.3441281672002086,0.3002174268845421,0.33850720564022296,0.2810250803543531,0.38955438088972993,0.371486198305049,1.3823529411764706,0.9411764705882353,0.4411764705882353,0.0,0.058823529411764705,0.35294117647058826,0.76,0.0,0.0,0.0,1,cebuano,high_resource
248,68,12,4.279411764705882,5.666666666666667,1.8676470588235294,11,0.0,0.6911764705882353,0.0,0.16176470588235295,0.04411764705882353,0.029411764705882353,0.014705882352941176,0.014705882352941176,0.029411764705882353,0.0,0.0,0.0,0.29411764705882354,0.3056544187156675,0.20885264525726707,0.3007374371929725,0.19134213616925433,0.3166279066495094,0.25394722758828453,0.7794117647058822,0.5441176470588235,0.23529411764705882,0.0,0.029411764705882353,0.27941176470588236,0.723404255319149,0.0,0.0,0.0,1,cebuano,high_resource
249,100,23,4.76,4.3478260869565215,1.96,22,0.13043478260869565,0.56,0.0,0.06,0.07,0.02,0.09,0.0,0.05,0.0,0.0,0.0,0.4,0.3958360039647075,0.3753053904953671,0.40012535397197724,0.25267757820000725,0.40673327722636393,0.36362570296036173,1.07,0.77,0.3,0.01,0.05,0.35,0.7142857142857143,0.0,0.0,0.13043478260869565,1,cebuano,high_resource
250,61,12,4.622950819672131,5.083333333333333,2.0491803278688523,17,0.0,0.5901639344262295,0.0,0.22950819672131148,0.01639344262295082,0.0,0.04918032786885246,0.0,0.01639344262295082,0.0,0.0,0.0,0.26229508196721313,0.32661872130791714,0.2699333186019303,0.3354201919581602,0.2589420378346099,0.358747358633453,0.36081583357476865,0.8852459016393441,0.5573770491803278,0.32786885245901637,0.0,0.01639344262295082,0.29508196721311475,0.6944444444444444,0.0,0.0,0.0,1,cebuano,high_resource
251,97,8,4.298969072164948,12.125,1.7938144329896908,14,0.125,0.4020618556701031,0.0,0.14432989690721648,0.030927835051546393,0.0,0.10309278350515463,0.0,0.1134020618556701,0.0,0.0,0.0,0.44329896907216493,0.2954311322433343,0.23339849417374833,0.2867066294920479,0.2278776471311304,0.3375878858394197,0.28515792158112446,0.6185567010309279,0.3917525773195876,0.2268041237113402,0.0,0.1134020618556701,0.28865979381443296,0.6923076923076923,0.0,0.0,0.125,1,cebuano,high_resource
252,73,8,4.5479452054794525,9.125,1.8630136986301369,14,0.0,0.5616438356164384,0.0,0.1232876712328767,0.0410958904109589,0.0136986301369863,0.0410958904109589,0.0,0.1780821917808219,0.0,0.0,0.0,0.3835616438356164,0.363755826940562,0.3810068450780914,0.3485124437667867,0.32629534828042694,0.3957406846795978,0.4529548135541656,0.7945205479452054,0.6575342465753424,0.136986301369863,0.0,0.1780821917808219,0.3835616438356164,0.6341463414634146,0.0,0.0,0.0,1,cebuano,high_resource
253,33,9,4.96969696969697,3.6666666666666665,1.9393939393939394,10,0.0,0.5757575757575758,0.0,0.030303030303030304,0.030303030303030304,0.0,0.24242424242424243,0.0,0.09090909090909091,0.0,0.0,0.0,0.5454545454545454,0.24991871885773886,0.17938158264984283,0.255179468939644,0.15474575458510956,0.2934435834838074,0.23191094497837492,0.9393939393939394,0.5757575757575758,0.36363636363636365,0.0,0.09090909090909091,0.30303030303030304,0.7368421052631579,0.0,0.0,0.0,1,cebuano,high_resource
254,19,5,4.368421052631579,3.8,2.0,3,0.0,0.8421052631578947,0.0,0.10526315789473684,0.0,0.0,0.05263157894736842,0.0,0.0,0.0,0.0,0.0,0.2631578947368421,0.2191361974688104,0.08833031486975522,0.2028472182788983,0.05147239672359679,0.22631860621466668,0.11711375181164543,0.5789473684210527,0.47368421052631576,0.10526315789473684,0.0,0.0,0.3684210526315789,0.8125,0.0,0.0,0.0,1,cebuano,high_resource
255,19,6,4.894736842105263,3.1666666666666665,2.1578947368421053,4,0.0,0.7368421052631579,0.0,0.05263157894736842,0.05263157894736842,0.0,0.0,0.0,0.0,0.0,0.0,0.0,0.15789473684210525,0.26557176307271024,0.07142604282748585,0.24646503820944554,0.05847994755662811,0.2583472025220477,0.08090878314438543,1.0,0.7368421052631579,0.2631578947368421,0.0,0.0,0.3157894736842105,0.7857142857142857,0.0,0.0,0.0,1,cebuano,high_resource
256,44,9,5.181818181818182,4.888888888888889,2.090909090909091,11,0.2222222222222222,0.75,0.0,0.20454545454545456,0.045454545454545456,0.0,0.0,0.022727272727272728,0.045454545454545456,0.0,0.0,0.0,0.38636363636363635,0.3621666386202029,0.22684164333236495,0.3330693968326836,0.15608158336763658,0.3487318972498291,0.23564432234721192,0.9090909090909092,0.7272727272727273,0.18181818181818182,0.0,0.045454545454545456,0.3409090909090909,0.8181818181818182,0.0,0.1111111111111111,0.2222222222222222,1,cebuano,high_resource
257,54,7,4.333333333333333,7.714285714285714,1.7962962962962963,10,0.2857142857142857,0.48148148148148145,0.0,0.12962962962962962,0.018518518518518517,0.0,0.1111111111111111,0.0,0.1111111111111111,0.0,0.0,0.0,0.35185185185185186,0.22148420509863453,0.14531872961187772,0.22471388522125307,0.13020841725612198,0.22265341574107173,0.19718098029806083,0.9444444444444444,0.5185185185185185,0.42592592592592593,0.0,0.1111111111111111,0.2222222222222222,0.6538461538461539,0.0,0.0,0.2857142857142857,1,cebuano,high_resource
258,39,7,4.205128205128205,5.571428571428571,1.8974358974358974,9,0.0,0.6923076923076923,0.0,0.23076923076923078,0.02564102564102564,0.0,0.05128205128205128,0.0,0.02564102564102564,0.0,0.0,0.0,0.2564102564102564,0.3296059367966592,0.2683406575638409,0.29008048949437476,0.2142801802169186,0.3371941846466767,0.311945525345571,0.6666666666666666,0.5641025641025641,0.10256410256410256,0.0,0.02564102564102564,0.3333333333333333,0.7407407407407407,0.0,0.0,0.0,1,cebuano,high_resource
259,22,5,3.4545454545454546,4.4,1.5454545454545454,0,0.2,0.7727272727272727,0.0,0.18181818181818182,0.13636363636363635,0.09090909090909091,0.0,0.0,0.0,0.0,0.0,0.0,0.0,0.18902905949492835,0.03835894189877109,0.17858212299924203,0.02581326527667227,0.19205009930105232,0.014574910776484954,0.4090909090909091,0.36363636363636365,0.045454545454545456,0.0,0.0,0.36363636363636365,0.8235294117647058,0.0,0.0,0.2,1,cebuano,high_resource
260,22,5,3.909090909090909,4.4,1.5909090909090908,0,0.4,0.9090909090909091,0.0,0.09090909090909091,0.13636363636363635,0.0,0.0,0.0,0.13636363636363635,0.0,0.0,0.0,0.3181818181818182,0.29357886062433625,0.10720268338755415,0.29345694339890654,0.10283379256686867,0.3142117265516592,0.15252033965602213,0.3181818181818182,0.18181818181818182,0.13636363636363635,0.0,0.13636363636363635,0.3181818181818182,0.9,0.0,0.0,0.4,1,cebuano,high_resource
261,46,9,4.021739130434782,5.111111111111111,1.7826086956521738,8,0.0,0.5869565217391305,0.0,0.2608695652173913,0.0,0.0,0.06521739130434782,0.0,0.021739130434782608,0.0,0.0,0.0,0.1956521739130435,0.3336901088530016,0.22914067282636896,0.334334384775912,0.1806002187440635,0.34827465233574145,0.23909702939853464,0.8695652173913043,0.6956521739130435,0.17391304347826086,0.0,0.021739130434782608,0.391304347826087,0.5925925925925926,0.0,0.0,0.0,1,cebuano,high_resource
262,22,6,4.363636363636363,3.6666666666666665,1.9090909090909092,5,0.0,0.7272727272727273,0.0,0.09090909090909091,0.09090909090909091,0.0,0.18181818181818182,0.0,0.0,0.0,0.0,0.0,0.36363636363636365,0.3230428162481716,0.160013987995262,0.3357392838499517,0.12885489104906495,0.333319724874432,0.18042544397007126,0.8636363636363636,0.6363636363636364,0.22727272727272727,0.0,0.0,0.36363636363636365,0.75,0.0,0.0,0.0,1,cebuano,high_resource
263,17,6,3.823529411764706,2.8333333333333335,1.8823529411764706,2,0.0,0.7058823529411765,0.0,0.17647058823529413,0.11764705882352941,0.0,0.0,0.0,0.0,0.0,0.0,0.0,0.17647058823529413,0.14556230254182728,0.08304107836088384,0.1206496952916901,0.04868209994577004,0.1278972408120744,0.06763171575322866,0.7058823529411765,0.6470588235294118,0.058823529411764705,0.0,0.0,0.4117647058823529,0.5833333333333334,0.0,0.0,0.0,1,cebuano,high_resource
264,66,18,5.2727272727272725,3.6666666666666665,2.1666666666666665,22,0.05555555555555555,0.7575757575757576,0.0,0.12121212121212122,0.0,0.045454545454545456,0.030303030303030304,0.0,0.045454545454545456,0.015151515151515152,0.0,0.0,0.45454545454545453,0.37958196469237254,0.27962053169521955,0.3596825537538439,0.2286420272496184,0.4018037905012523,0.2894685495405591,0.9090909090909091,0.6666666666666666,0.24242424242424243,0.0,0.045454545454545456,0.15151515151515152,0.8,0.0,0.0,0.05555555555555555,1,cebuano,high_resource
265,44,10,4.659090909090909,4.4,1.9545454545454546,11,0.0,0.6818181818181818,0.0,0.09090909090909091,0.06818181818181818,0.0,0.045454545454545456,0.0,0.0,0.0,0.022727272727272728,0.022727272727272728,0.4090909090909091,0.19704850335616256,0.14419410959738982,0.20331834780365174,0.12945849802947787,0.1918299196210233,0.134994320641653,0.8181818181818182,0.5681818181818182,0.25,0.0,0.0,0.29545454545454547,0.6666666666666666,0.0,0.0,0.0,1,cebuano,high_resource
266,24,5,4.0,4.8,1.6666666666666667,0,0.0,0.9166666666666666,0.0,0.125,0.08333333333333333,0.041666666666666664,0.0,0.0,0.041666666666666664,0.0,0.0,0.0,0.3333333333333333,0.28465022894418013,0.15493065605211861,0.2670872109798567,0.09916603340493653,0.2986109648597877,0.15041726341519368,0.625,0.5,0.125,0.0,0.041666666666666664,0.25,0.9090909090909091,0.0,0.0,0.0,1,cebuano,high_resource
267,18,5,3.7222222222222223,3.6,1.6111111111111112,0,0.0,0.7777777777777778,0.0,0.1111111111111111,0.05555555555555555,0.0,0.16666666666666666,0.0,0.05555555555555555,0.0,0.0,0.0,0.3888888888888889,0.26646355301893426,0.15284477312953276,0.2716940270419503,0.10853082908402714,0.3218898027290982,0.1418214466201078,0.5,0.2222222222222222,0.2777777777777778,0.0,0.05555555555555555,0.3888888888888889,0.7857142857142857,0.0,0.0,0.0,1,cebuano,high_resource
268,19,6,3.6315789473684212,3.1666666666666665,1.5789473684210527,0,0.0,0.3684210526315789,0.0,0.10526315789473684,0.05263157894736842,0.10526315789473684,0.15789473684210525,0.0,0.0,0.0,0.0,0.0,0.15789473684210525,0.1350831230392192,0.056797426159882244,0.10605943150112888,0.045343666185145,0.1476422935380654,0.04754644325101617,0.2631578947368421,0.10526315789473684,0.15789473684210525,0.0,0.0,0.3157894736842105,0.14285714285714285,0.0,0.0,0.0,1,cebuano,high_resource
269,224,15,4.883928571428571,14.933333333333334,2.0,70,0.6,0.5,0.004464285714285714,0.1875,0.06696428571428571,0.026785714285714284,0.04017857142857143,0.004464285714285714,0.10714285714285714,0.0,0.0,0.0,0.4017857142857143,0.42510737066835896,0.40628026381288024,0.3722175703871658,0.38272248698792166,0.4213933255965357,0.47406445884313364,0.8392857142857143,0.6473214285714286,0.19196428571428573,0.0,0.10714285714285714,0.36607142857142855,0.7767857142857143,0.0,0.0,0.6,1,cebuano,high_resource
270,89,10,4.47191011235955,8.9,1.8651685393258426,17,0.0,0.5168539325842697,0.0,0.19101123595505617,0.0449438202247191,0.011235955056179775,0.056179775280898875,0.011235955056179775,0.12359550561797752,0.0,0.0,0.0,0.43820224719101125,0.35721525303131385,0.27913935023197955,0.33096544638483244,0.2437597256129447,0.3724850877154596,0.31207261987908086,0.9325842696629214,0.6853932584269663,0.24719101123595505,0.0,0.12359550561797752,0.3707865168539326,0.7391304347826086,0.0,0.0,0.0,1,cebuano,high_resource
271,80,9,4.2625,8.88888888888889,1.8,11,0.1111111111111111,0.5125,0.0,0.1,0.075,0.0,0.025,0.0,0.175,0.0,0.0,0.0,0.4125,0.3260126446884229,0.31226661906323705,0.3128314827947633,0.2793026469383913,0.3424874711486948,0.3917882000583469,0.6875,0.5,0.1875,0.0,0.175,0.3375,0.6097560975609756,0.0,0.0,0.1111111111111111,1,cebuano,high_resource
272,56,12,4.535714285714286,4.666666666666667,1.9285714285714286,13,0.08333333333333333,0.6428571428571429,0.0,0.125,0.03571428571428571,0.017857142857142856,0.07142857142857142,0.0,0.10714285714285714,0.0,0.0,0.0,0.35714285714285715,0.32928009977812794,0.2906104244402244,0.3178244958315846,0.2375488373922875,0.36682583931624324,0.34538483913183976,1.0714285714285714,0.8928571428571429,0.17857142857142858,0.0,0.10714285714285714,0.3392857142857143,0.7777777777777778,0.0,0.0,0.08333333333333333,1,cebuano,high_resource
273,24,8,3.8333333333333335,3.0,1.4583333333333333,0,0.0,0.625,0.0,0.16666666666666666,0.041666666666666664,0.0,0.125,0.20833333333333334,0.0,0.0,0.0,0.0,0.5416666666666666,0.25667160824991797,0.12608365033268334,0.21048709296165183,0.11475416026496903,0.22909904709585208,0.12898849430567141,1.1666666666666665,0.6666666666666666,0.5,0.0,0.0,0.4166666666666667,0.6666666666666666,0.0,0.0,0.0,1,cebuano,high_resource
274,47,16,4.76595744680851,2.9375,1.9148936170212767,11,0.0,0.425531914893617,0.0,0.1702127659574468,0.0,0.0,0.14893617021276595,0.0,0.0,0.0,0.0,0.0,0.5957446808510638,0.2865803046407317,0.2081704788270119,0.23857393920777814,0.20626483225239559,0.2532976931311383,0.2115937564673044,1.6382978723404256,1.1063829787234043,0.5319148936170213,0.0,0.0,0.3404255319148936,0.65,0.0,0.0,0.0,1,cebuano,high_resource
275,72,13,4.402777777777778,5.538461538461538,1.9027777777777777,15,0.0,0.5972222222222222,0.0,0.16666666666666666,0.05555555555555555,0.0,0.06944444444444445,0.0,0.05555555555555555,0.0,0.0,0.0,0.3611111111111111,0.3967107022906622,0.3489503134982548,0.39142946218253283,0.2846465884548229,0.4320017835078935,0.40931951333856875,0.9722222222222223,0.7083333333333334,0.2638888888888889,0.013888888888888888,0.05555555555555555,0.2916666666666667,0.627906976744186,0.0,0.0,0.0,1,cebuano,high_resource
276,49,10,3.979591836734694,4.9,1.7142857142857142,6,0.1,0.5714285714285714,0.0,0.1836734693877551,0.061224489795918366,0.0,0.14285714285714285,0.0,0.02040816326530612,0.0,0.0,0.0,0.24489795918367346,0.3051309945633433,0.21032981369660542,0.2932636229739679,0.2185425753960711,0.32234075281681085,0.20413432265466816,0.8775510204081632,0.673469387755102,0.20408163265306123,0.0,0.02040816326530612,0.40816326530612246,0.7142857142857143,0.0,0.0,0.1,1,cebuano,high_resource
277,24,7,4.083333333333333,3.4285714285714284,1.7083333333333333,0,0.0,0.75,0.0,0.16666666666666666,0.0,0.041666666666666664,0.08333333333333333,0.0,0.0,0.0,0.0,0.0,0.25,0.2295381705977818,0.12596840480459714,0.22599508733090465,0.1459344246558162,0.2336852738068141,0.11860314538151594,0.5416666666666666,0.375,0.16666666666666666,0.0,0.0,0.25,0.7222222222222222,0.0,0.0,0.0,1,cebuano,high_resource
278,20,6,3.9,3.3333333333333335,1.7,1,0.0,0.65,0.0,0.2,0.05,0.0,0.15,0.0,0.0,0.0,0.0,0.0,0.3,0.22896368789724164,0.09383247079668708,0.21194045130424277,0.1016941708181187,0.2284096576934317,0.08735362992095527,0.6,0.35,0.25,0.0,0.0,0.4,0.6923076923076923,0.0,0.0,0.0,1,cebuano,high_resource
279,7,3,3.857142857142857,2.3333333333333335,1.5714285714285714,0,0.0,0.5714285714285714,0.0,0.2857142857142857,0.0,0.0,0.14285714285714285,0.0,0.0,0.0,0.0,0.0,0.42857142857142855,0.03252484184360233,0.013036167721990363,0.038068889397309,0.036362268494270385,0.03995947389193519,0.004487634697123684,1.0,0.8571428571428571,0.14285714285714285,0.0,0.0,0.42857142857142855,0.25,0.0,0.0,0.0,1,cebuano,high_resource
280,8,2,3.25,4.0,1.5,0,0.0,0.75,0.0,0.25,0.0,0.0,0.25,0.0,0.0,0.0,0.0,0.0,0.25,0.08347135604669344,0.06838969707632472,0.08816818106580833,0.09207413627468841,0.09769948270343222,0.055453161735651124,0.625,0.375,0.25,0.0,0.0,0.5,0.6666666666666666,0.0,0.0,0.0,1,cebuano,high_resource
281,20,5,3.05,4.0,1.45,0,0.0,0.65,0.0,0.4,0.0,0.0,0.05,0.0,0.0,0.0,0.0,0.0,0.05,0.15985720893056624,0.07305026409656272,0.1697283977386439,0.08136296924838597,0.19454517106997882,0.07840095342216762,0.4,0.25,0.15,0.0,0.0,0.45,0.6923076923076923,0.0,0.0,0.0,1,cebuano,high_resource
282,39,13,5.153846153846154,3.0,2.1538461538461537,11,0.0,0.8461538461538461,0.0,0.05128205128205128,0.05128205128205128,0.02564102564102564,0.02564102564102564,0.0,0.0,0.0,0.0,0.0,0.3076923076923077,0.35799686885053195,0.17749561986821094,0.3638640920058294,0.19123513220252508,0.3586999143890471,0.22591308421366416,1.1282051282051282,0.7692307692307693,0.358974358974359,0.0,0.0,0.1794871794871795,0.8181818181818182,0.0,0.0,0.0,1,cebuano,high_resource
283,24,6,4.083333333333333,4.0,1.8333333333333333,4,0.0,0.7083333333333334,0.0,0.2916666666666667,0.0,0.0,0.041666666666666664,0.0,0.0,0.0,0.0,0.0,0.25,0.2377540169148134,0.04533786408768377,0.22472156097649676,0.04009098331898078,0.24709976964476035,0.049949511862910946,0.6666666666666667,0.5833333333333334,0.08333333333333333,0.0,0.0,0.375,0.7647058823529411,0.0,0.0,0.0,1,cebuano,high_resource
284,12,4,3.5,3.0,1.5,0,0.0,0.5,0.0,0.3333333333333333,0.0,0.0,0.16666666666666666,0.0,0.0,0.0,0.0,0.0,0.3333333333333333,0.05531988464597741,0.03066187029812284,0.05537947725333415,0.03368570460246101,0.055657807676894336,0.01724803031257139,0.8333333333333333,0.6666666666666666,0.16666666666666666,0.0,0.0,0.5,0.0,0.0,0.0,0.0,1,cebuano,high_resource
285,19,6,3.3157894736842106,3.1666666666666665,1.5263157894736843,0,0.0,0.3157894736842105,0.0,0.21052631578947367,0.0,0.0,0.2631578947368421,0.0,0.0,0.0,0.0,0.0,0.2631578947368421,0.07263693517085444,0.07787304078759011,0.07269652777821119,0.0867301082729731,0.07464235372603167,0.04985136742725921,0.7894736842105263,0.5263157894736842,0.2631578947368421,0.0,0.0,0.47368421052631576,0.0,0.0,0.0,0.0,1,cebuano,high_resource
286,21,6,3.7142857142857144,3.5,1.4285714285714286,0,0.0,0.42857142857142855,0.0,0.23809523809523808,0.0,0.0,0.14285714285714285,0.0,0.0,0.0,0.0,0.0,0.14285714285714285,0.16237845920914573,0.06004958802428132,0.15783257359274436,0.060124425035136826,0.15670149133920305,0.055267036475288536,0.7619047619047619,0.6190476190476191,0.14285714285714285,0.047619047619047616,0.0,0.38095238095238093,0.3333333333333333,0.0,0.0,0.0,1,cebuano,high_resource
287,23,6,5.130434782608695,3.8333333333333335,1.9565217391304348,3,0.0,0.8260869565217391,0.0,0.043478260869565216,0.08695652173913043,0.0,0.08695652173913043,0.0,0.0,0.0,0.0,0.0,0.4782608695652174,0.31413901329764715,0.1659573585091757,0.29933416108276933,0.16174937402172734,0.30946704421854077,0.17782174369666437,1.391304347826087,1.0434782608695652,0.34782608695652173,0.0,0.0,0.391304347826087,0.7894736842105263,0.0,0.16666666666666666,0.0,1,cebuano,high_resource
288,109,12,4.669724770642202,9.083333333333334,1.9541284403669725,27,0.08333333333333333,0.6513761467889908,0.0,0.14678899082568808,0.045871559633027525,0.01834862385321101,0.03669724770642202,0.009174311926605505,0.09174311926605505,0.0,0.0,0.0,0.3944954128440367,0.3968826525652571,0.41262356769939845,0.4190193554188182,0.35940457546900173,0.4495183123971853,0.46512401600231124,0.963302752293578,0.7064220183486238,0.25688073394495414,0.009174311926605505,0.09174311926605505,0.30275229357798167,0.8169014084507042,0.0,0.0,0.08333333333333333,1,cebuano,high_resource
289,52,10,5.019230769230769,5.2,2.0961538461538463,14,0.1,0.75,0.0,0.09615384615384616,0.09615384615384616,0.0,0.019230769230769232,0.0,0.038461538461538464,0.0,0.0,0.0,0.40384615384615385,0.3655416859435242,0.2970666469744597,0.36996681756773375,0.2681174542333086,0.40052394814337267,0.3372164597156702,1.0192307692307692,0.7884615384615384,0.23076923076923078,0.019230769230769232,0.038461538461538464,0.3076923076923077,0.8461538461538461,0.0,0.0,0.1,1,cebuano,high_resource
290,48,8,4.25,6.0,1.8125,8,0.0,0.6458333333333334,0.0,0.22916666666666666,0.0,0.0,0.08333333333333333,0.0,0.041666666666666664,0.0,0.0,0.0,0.375,0.36957213783445103,0.28986944330715986,0.35632841979042407,0.2724127498007975,0.40474319368247164,0.32323229623690786,0.6875,0.5416666666666666,0.14583333333333334,0.0,0.041666666666666664,0.3541666666666667,0.6451612903225806,0.0,0.0,0.0,1,cebuano,high_resource
291,74,21,4.743243243243243,3.5238095238095237,1.9864864864864864,19,0.0,0.7297297297297297,0.0,0.12162162162162163,0.02702702702702703,0.013513513513513514,0.0945945945945946,0.013513513513513514,0.05405405405405406,0.0,0.0,0.0,0.4189189189189189,0.370603575204315,0.2881515905020558,0.3634608086106979,0.24852901171804678,0.4115865741938439,0.3457062094109457,0.7567567567567568,0.5540540540540541,0.20270270270270271,0.0,0.05405405405405406,0.21621621621621623,0.8333333333333334,0.0,0.0,0.0,1,cebuano,high_resource
292,41,14,4.487804878048781,2.9285714285714284,1.8048780487804879,5,0.0,0.7073170731707317,0.0,0.12195121951219512,0.024390243902439025,0.0,0.12195121951219512,0.0,0.024390243902439025,0.0,0.0,0.0,0.43902439024390244,0.2770514974030515,0.1723565213441699,0.29641815544542144,0.1473841829690034,0.2852040890601716,0.17855964941611463,0.5853658536585366,0.4146341463414634,0.17073170731707318,0.0,0.024390243902439025,0.3170731707317073,0.7931034482758621,0.0,0.0,0.0,1,cebuano,high_resource
293,42,11,4.690476190476191,3.8181818181818183,1.8333333333333333,8,0.0,0.42857142857142855,0.0,0.14285714285714285,0.0,0.047619047619047616,0.16666666666666666,0.0,0.023809523809523808,0.0,0.0,0.0,0.4523809523809524,0.33648350679648753,0.2114559582893173,0.2734310220824853,0.16484765051576214,0.33381730776587937,0.2456174189278298,0.6428571428571428,0.42857142857142855,0.21428571428571427,0.0,0.023809523809523808,0.30952380952380953,0.7222222222222222,0.0,0.0,0.0,1,cebuano,high_resource
294,22,6,4.7272727272727275,3.6666666666666665,2.0454545454545454,5,0.0,0.6363636363636364,0.0,0.18181818181818182,0.0,0.0,0.0,0.0,0.0,0.0,0.0,0.0,0.045454545454545456,0.21552076869608025,0.06528551271103201,0.16799187099583968,0.043389989076461785,0.20160923462857064,0.09563914694532025,1.0909090909090908,0.9090909090909091,0.18181818181818182,0.0,0.0,0.22727272727272727,0.7142857142857143,0.0,0.0,0.0,1,cebuano,high_resource
295,31,6,3.161290322580645,5.166666666666667,1.5806451612903225,0,0.0,0.3225806451612903,0.0,0.3870967741935484,0.0,0.0,0.03225806451612903,0.0,0.0,0.0,0.0,0.0,0.03225806451612903,0.11490468744837942,0.04012026058886581,0.11720932720738596,0.029927710715261818,0.12093100953615465,0.025010179877485356,0.12903225806451613,0.0967741935483871,0.03225806451612903,0.0,0.0,0.22580645161290322,0.5,0.0,0.0,0.0,1,cebuano,high_resource
296,123,18,4.7073170731707314,6.833333333333333,1.975609756097561,33,0.5,0.4796747967479675,0.0,0.21951219512195122,0.056910569105691054,0.008130081300813009,0.08130081300813008,0.016260162601626018,0.016260162601626018,0.0,0.0,0.0,0.43089430894308944,0.4154096698727295,0.34710744838303786,0.39807626896079396,0.30111247512383826,0.42213937073581786,0.3998847908141482,1.089430894308943,0.7154471544715447,0.37398373983739835,0.0,0.016260162601626018,0.37398373983739835,0.711864406779661,0.05555555555555555,0.16666666666666666,0.5,1,cebuano,high_resource
297,22,6,4.7272727272727275,3.6666666666666665,2.1363636363636362,8,0.0,0.9090909090909091,0.09090909090909091,0.09090909090909091,0.045454545454545456,0.045454545454545456,0.045454545454545456,0.0,0.0,0.0,0.0,0.0,0.2727272727272727,0.3329764171836894,0.17825250494371964,0.313366176464795,0.18868775374374022,0.34646025706569283,0.1808474634863069,0.8181818181818181,0.6363636363636364,0.18181818181818182,0.0,0.0,0.3181818181818182,0.9,0.0,0.0,0.0,1,cebuano,high_resource
298,11,4,3.4545454545454546,2.75,1.6363636363636365,0,0.25,0.45454545454545453,0.0,0.18181818181818182,0.0,0.0,0.18181818181818182,0.0,0.0,0.0,0.0,0.0,0.18181818181818182,0.061873494880444774,0.03973069944191505,0.04948689224086407,0.031790836552342605,0.06022545037654151,0.030123341028082305,0.6363636363636364,0.45454545454545453,0.18181818181818182,0.0,0.0,0.36363636363636365,0.4,0.0,0.0,0.25,1,cebuano,high_resource
299,155,13,3.825806451612903,11.923076923076923,1.6709677419354838,24,3.8461538461538463,0.6774193548387096,0.03225806451612903,0.04516129032258064,0.07096774193548387,0.0064516129032258064,0.07096774193548387,0.03225806451612903,0.07741935483870968,0.01935483870967742,0.0,0.0,0.45806451612903226,0.3831734395054445,0.3701131265004102,0.36416383283954734,0.30369295775212807,0.40078384774149833,0.41683951199357505,0.6387096774193548,0.47096774193548385,0.16774193548387098,0.0064516129032258064,0.07096774193548387,0.2064516129032258,0.7238095238095238,0.0,0.0,3.8461538461538463,1,cebuano,high_resource
300,47,9,4.829787234042553,5.222222222222222,1.9574468085106382,10,0.0,0.7021276595744681,0.0,0.06382978723404255,0.0851063829787234,0.0,0.06382978723404255,0.0,0.06382978723404255,0.0,0.0,0.0,0.425531914893617,0.3421523293581231,0.30597513224799955,0.3491568580992496,0.2721389970309776,0.35288853395876474,0.3891036637830877,0.8936170212765957,0.6382978723404256,0.2553191489361702,0.0,0.06382978723404255,0.3829787234042553,0.7272727272727273,0.0,0.0,0.0,1,cebuano,high_resource
301,37,11,4.5675675675675675,3.3636363636363638,1.864864864864865,2,0.18181818181818182,0.6756756756756757,0.0,0.02702702702702703,0.0,0.02702702702702703,0.13513513513513514,0.02702702702702703,0.02702702702702703,0.0,0.0,0.0,0.43243243243243246,0.2702089906849501,0.17445164488403767,0.24498020743531615,0.15949146719909202,0.30326449497571395,0.1687038958383189,0.7567567567567568,0.43243243243243246,0.32432432432432434,0.0,0.02702702702702703,0.24324324324324326,0.68,0.0,0.0,0.18181818181818182,1,cebuano,high_resource
302,17,4,3.5294117647058822,4.25,1.4705882352941178,0,0.0,0.8823529411764706,0.0,0.11764705882352941,0.058823529411764705,0.058823529411764705,0.11764705882352941,0.0,0.058823529411764705,0.0,0.0,0.0,0.17647058823529413,0.18894017241069533,0.083929265475235,0.14975802014551484,0.07779292468183674,0.17147131354472475,0.08356882540094686,0.5882352941176471,0.4117647058823529,0.17647058823529413,0.0,0.058823529411764705,0.29411764705882354,0.8666666666666667,0.0,0.0,0.0,1,cebuano,high_resource
303,11,4,4.0,2.75,1.5454545454545454,0,0.0,0.45454545454545453,0.0,0.18181818181818182,0.0,0.0,0.18181818181818182,0.09090909090909091,0.0,0.0,0.0,0.0,0.5454545454545454,0.0614003262961255,0.02603418520366979,0.04901372365654479,0.02349237645436659,0.05721047304291902,0.027519772125283514,1.1818181818181817,0.9090909090909091,0.2727272727272727,0.0,0.0,0.36363636363636365,0.2,0.0,0.0,0.0,1,cebuano,high_resource
304,19,5,3.263157894736842,3.8,1.5263157894736843,0,0.0,0.3157894736842105,0.0,0.2631578947368421,0.0,0.0,0.21052631578947367,0.0,0.0,0.0,0.0,0.0,0.21052631578947367,0.08016895730633321,0.06655533927338074,0.08486578232544811,0.07739547098206805,0.09439708396307202,0.05484939905986439,0.5789473684210527,0.3684210526315789,0.21052631578947367,0.0,0.0,0.47368421052631576,0.0,0.0,0.0,0.0,1,cebuano,high_resource
305,35,12,4.6,2.9166666666666665,1.8285714285714285,7,0.0,0.6571428571428571,0.0,0.14285714285714285,0.11428571428571428,0.0,0.05714285714285714,0.0,0.05714285714285714,0.0,0.0,0.0,0.45714285714285713,0.2768232593809206,0.206662416656252,0.27188108512157644,0.2098715186564045,0.2938113146838788,0.2478709978179281,0.6857142857142857,0.5428571428571428,0.14285714285714285,0.0,0.05714285714285714,0.4,0.6956521739130435,0.0,0.0,0.0,1,cebuano,high_resource
306,18,8,4.0,2.25,1.5,1,0.0,0.7777777777777778,0.0,0.1111111111111111,0.1111111111111111,0.05555555555555555,0.05555555555555555,0.0,0.05555555555555555,0.0,0.0,0.0,0.2777777777777778,0.34170110956813654,0.2055795531735016,0.33039071540229026,0.1627209116018785,0.32476015664124325,0.21193101492200475,1.7222222222222223,1.1111111111111112,0.6111111111111112,0.1111111111111111,0.05555555555555555,0.3333333333333333,0.8571428571428571,0.0,0.0,0.0,1,cebuano,high_resource
307,43,7,4.3023255813953485,6.142857142857143,1.7674418604651163,5,0.2857142857142857,0.627906976744186,0.023255813953488372,0.11627906976744186,0.09302325581395349,0.0,0.06976744186046512,0.0,0.09302325581395349,0.0,0.0,0.0,0.3953488372093023,0.24061334750497598,0.10928729711366571,0.2467641540847869,0.09219185923748442,0.2796876537224327,0.11693284404724644,0.5813953488372093,0.37209302325581395,0.20930232558139536,0.0,0.09302325581395349,0.37209302325581395,0.7037037037037037,0.0,0.0,0.2857142857142857,1,cebuano,high_resource
308,45,10,4.977777777777778,4.5,2.2,17,0.0,0.6666666666666666,0.0,0.1111111111111111,0.022222222222222223,0.0,0.044444444444444446,0.0,0.022222222222222223,0.0,0.0,0.0,0.28888888888888886,0.28781648233233315,0.20104199243803728,0.30306786235749716,0.20418305630366923,0.30506678965790507,0.22762358499172533,1.0666666666666667,0.8,0.26666666666666666,0.0,0.022222222222222223,0.37777777777777777,0.7,0.0,0.0,0.0,1,cebuano,high_resource
309,23,6,3.8260869565217392,3.8333333333333335,1.5217391304347827,0,0.0,0.8260869565217391,0.0,0.043478260869565216,0.0,0.043478260869565216,0.17391304347826086,0.0,0.13043478260869565,0.0,0.0,0.0,0.43478260869565216,0.294508782519808,0.1942224934594535,0.272495705531793,0.16544918599674938,0.2922890739241854,0.18485018169684259,0.6521739130434783,0.391304347826087,0.2608695652173913,0.043478260869565216,0.13043478260869565,0.34782608695652173,0.8947368421052632,0.0,0.0,0.0,1,cebuano,high_resource
310,54,16,5.648148148148148,3.375,2.3703703703703702,21,0.125,0.7777777777777778,0.0,0.12962962962962962,0.018518518518518517,0.0,0.07407407407407407,0.0,0.0,0.0,0.0,0.0,0.35185185185185186,0.38164815287142634,0.34346925270837275,0.35863022821415474,0.23855508960234761,0.33746506624773803,0.304617984782717,1.1296296296296295,0.8703703703703703,0.25925925925925924,0.0,0.0,0.2962962962962963,0.8571428571428571,0.0,0.0,0.125,1,cebuano,high_resource
311,68,9,3.926470588235294,7.555555555555555,1.7058823529411764,5,0.0,0.5,0.0,0.23529411764705882,0.029411764705882353,0.0,0.10294117647058823,0.0,0.014705882352941176,0.0,0.0,0.0,0.2647058823529412,0.31847437144256624,0.1935240159978125,0.2795518060257165,0.17771279613895402,0.3145970043306296,0.20047861467264674,0.6764705882352942,0.5,0.17647058823529413,0.0,0.014705882352941176,0.38235294117647056,0.6470588235294118,0.0,0.0,0.0,1,cebuano,high_resource
312,33,5,4.454545454545454,6.6,1.7878787878787878,4,0.0,0.6363636363636364,0.0,0.18181818181818182,0.09090909090909091,0.030303030303030304,0.06060606060606061,0.0,0.030303030303030304,0.0,0.0,0.0,0.24242424242424243,0.24830326074620057,0.10796467121053824,0.2165375161923754,0.07418952228956287,0.24373492361639884,0.1006140627362028,0.5757575757575757,0.3939393939393939,0.18181818181818182,0.0,0.030303030303030304,0.3939393939393939,0.7142857142857143,0.0,0.0,0.0,1,cebuano,high_resource
313,52,16,5.038461538461538,3.25,2.076923076923077,16,0.0625,0.7115384615384616,0.0,0.09615384615384616,0.07692307692307693,0.0,0.07692307692307693,0.0,0.019230769230769232,0.0,0.0,0.0,0.38461538461538464,0.38147372419565434,0.27602531783098766,0.3788771442157409,0.25547436742793134,0.39870351348567135,0.31647914647752096,0.9807692307692308,0.6730769230769231,0.3076923076923077,0.019230769230769232,0.019230769230769232,0.23076923076923078,0.7837837837837838,0.0,0.0,0.0625,1,cebuano,high_resource
314,37,12,4.756756756756757,3.0833333333333335,1.972972972972973,8,0.0,0.7567567567567568,0.0,0.10810810810810811,0.05405405405405406,0.02702702702702703,0.02702702702702703,0.0,0.05405405405405406,0.0,0.0,0.0,0.2972972972972973,0.3055127957536778,0.15313770155686066,0.30298097874091023,0.12915057487070788,0.3084862990720105,0.19829793961907355,1.135135135135135,0.8648648648648649,0.2702702702702703,0.0,0.05405405405405406,0.3783783783783784,0.8571428571428571,0.0,0.0,0.0,1,cebuano,high_resource
315,45,10,4.711111111111111,4.5,2.066666666666667,10,0.0,0.6888888888888889,0.0,0.13333333333333333,0.022222222222222223,0.0,0.022222222222222223,0.0,0.022222222222222223,0.0,0.0,0.0,0.3333333333333333,0.3421641808058135,0.1994355325149113,0.32823657062459105,0.17269138679336032,0.3303742644134877,0.22658027650812732,1.0,0.8,0.2,0.0,0.022222222222222223,0.37777777777777777,0.7419354838709677,0.0,0.0,0.0,1,cebuano,high_resource
316,162,11,3.6049382716049383,14.727272727272727,1.5925925925925926,25,5.2727272727272725,0.5679012345679012,0.030864197530864196,0.11728395061728394,0.06790123456790123,0.006172839506172839,0.07407407407407407,0.030864197530864196,0.06172839506172839,0.018518518518518517,0.0,0.0,0.3888888888888889,0.2676890297971801,0.1938198812095412,0.2843243057282801,0.17896047868480155,0.3006431276734071,0.21765710850088626,0.4567901234567901,0.2962962962962963,0.16049382716049382,0.0,0.04938271604938271,0.25308641975308643,0.6630434782608695,0.0,0.0,5.2727272727272725,1,cebuano,high_resource
317,47,10,5.531914893617022,4.7,2.25531914893617,22,0.1,0.425531914893617,0.0,0.10638297872340426,0.0,0.0,0.06382978723404255,0.0,0.10638297872340426,0.0,0.0,0.0,0.48936170212765956,0.3234619136877506,0.16958734403740364,0.34473505192780235,0.135920283653072,0.3490171547457252,0.21224843617631287,1.148936170212766,0.7659574468085106,0.3829787234042553,0.0,0.10638297872340426,0.14893617021276595,0.65,0.0,0.0,0.1,1,cebuano,high_resource
318,61,11,4.39344262295082,5.545454545454546,1.9836065573770492,17,0.18181818181818182,0.4918032786885246,0.0,0.18032786885245902,0.03278688524590164,0.01639344262295082,0.06557377049180328,0.0,0.03278688524590164,0.0,0.0,0.0,0.22950819672131148,0.3253207397978295,0.23656885041190492,0.31400024051509867,0.22145783781911066,0.3442277907808957,0.2648903895323806,0.9016393442622951,0.6885245901639344,0.21311475409836064,0.0,0.03278688524590164,0.32786885245901637,0.5333333333333333,0.0,0.0,0.18181818181818182,1,cebuano,high_resource
319,61,15,4.180327868852459,4.066666666666666,1.9344262295081966,13,0.13333333333333333,0.5901639344262295,0.0,0.11475409836065574,0.06557377049180328,0.0,0.09836065573770492,0.0,0.03278688524590164,0.0,0.0,0.0,0.26229508196721313,0.3561485592041439,0.2661947415984607,0.33328644873291524,0.2264868014986736,0.37742282436062524,0.3013022147608549,0.7049180327868853,0.5409836065573771,0.16393442622950818,0.0,0.03278688524590164,0.36065573770491804,0.5833333333333334,0.0,0.0,0.13333333333333333,1,cebuano,high_resource
320,20,6,3.3,3.3333333333333335,1.6,0,0.0,0.35,0.0,0.25,0.0,0.0,0.1,0.0,0.0,0.0,0.0,0.0,0.1,0.06679297676645216,0.021749130552396443,0.06938384599322343,0.026360128861850202,0.08884685543363914,0.02562732799600727,0.25,0.15,0.1,0.0,0.0,0.35,0.2857142857142857,0.0,0.0,0.0,1,cebuano,high_resource
321,50,10,4.94,5.0,2.08,14,0.2,0.72,0.0,0.06,0.04,0.02,0.08,0.0,0.02,0.0,0.0,0.0,0.38,0.3574219963381174,0.30966352002862313,0.3473411077321226,0.2319459259953192,0.4059169439897537,0.3617108242139226,1.08,0.82,0.26,0.0,0.06,0.36,0.8055555555555556,0.0,0.2,0.2,1,cebuano,high_resource
322,39,8,4.615384615384615,4.875,2.0256410256410255,12,0.0,0.6666666666666666,0.0,0.1794871794871795,0.02564102564102564,0.0,0.10256410256410256,0.0,0.0,0.0,0.0,0.0,0.358974358974359,0.32326877857203756,0.2715619948888798,0.31731085473437404,0.23299330712287605,0.34295517998607794,0.305990297183152,0.9230769230769231,0.6410256410256411,0.28205128205128205,0.0,0.0,0.38461538461538464,0.6538461538461539,0.0,0.0,0.0,1,cebuano,high_resource
323,40,9,4.575,4.444444444444445,1.95,11,0.0,0.75,0.0,0.225,0.05,0.0,0.0,0.0,0.05,0.0,0.0,0.0,0.175,0.3115058064434331,0.1831969704280247,0.3108947674185559,0.18055751810292273,0.33093047824603994,0.20658337205894475,0.675,0.475,0.2,0.0,0.05,0.225,0.7666666666666667,0.0,0.0,0.0,1,cebuano,high_resource
324,148,24,4.344594594594595,6.166666666666667,1.8310810810810811,25,0.625,0.39864864864864863,0.0,0.22972972972972974,0.02702702702702703,0.0,0.060810810810810814,0.0,0.060810810810810814,0.0,0.006756756756756757,0.0,0.40540540540540543,0.40008584678545644,0.31785714583953256,0.38911131912300495,0.27447942321804275,0.42399218422379414,0.35203974949515887,0.6283783783783784,0.4189189189189189,0.20945945945945946,0.0,0.060810810810810814,0.2702702702702703,0.5084745762711864,0.16666666666666666,0.625,0.625,1,cebuano,high_resource
325,53,10,4.716981132075472,5.3,1.9811320754716981,13,0.2,0.7169811320754716,0.0,0.07547169811320754,0.09433962264150944,0.0,0.05660377358490566,0.0,0.07547169811320754,0.0,0.0,0.0,0.3584905660377358,0.3249347655861394,0.2897750759823599,0.33253082235115056,0.21309611226737463,0.3845716489533366,0.34881217364477934,0.8679245283018867,0.7169811320754716,0.1509433962264151,0.0,0.07547169811320754,0.41509433962264153,0.7368421052631579,0.0,0.0,0.2,1,cebuano,high_resource
326,20,6,3.45,3.3333333333333335,1.5,0,0.0,0.4,0.0,0.1,0.0,0.0,0.25,0.0,0.1,0.0,0.0,0.0,0.35,0.16994264770175296,0.09045592161755268,0.17784084472241046,0.08362315838310166,0.18862921699785132,0.0743441283312406,0.5,0.25,0.25,0.0,0.1,0.45,0.375,0.0,0.0,0.0,1,cebuano,high_resource
327,43,8,4.767441860465116,5.375,2.0232558139534884,12,0.0,0.7441860465116279,0.0,0.13953488372093023,0.09302325581395349,0.0,0.023255813953488372,0.0,0.0,0.0,0.0,0.0,0.2558139534883721,0.3385816204380152,0.17111339432722156,0.297546752870041,0.15300266176880975,0.3367089303610619,0.21833438123886015,0.7906976744186046,0.6046511627906976,0.18604651162790697,0.0,0.0,0.27906976744186046,0.78125,0.0,0.0,0.0,1,cebuano,high_resource
328,45,10,4.6,4.5,1.9111111111111112,6,0.0,0.6444444444444445,0.0,0.1111111111111111,0.022222222222222223,0.0,0.1111111111111111,0.0,0.0,0.0,0.0,0.0,0.3333333333333333,0.2847047145737703,0.1815111835020096,0.2739577816692924,0.14170472880420196,0.3198409991034608,0.21436497354442852,1.0,0.7555555555555555,0.24444444444444444,0.0,0.0,0.26666666666666666,0.7931034482758621,0.0,0.0,0.0,1,cebuano,high_resource
329,38,10,5.184210526315789,3.8,2.1842105263157894,10,0.0,0.7631578947368421,0.0,0.15789473684210525,0.02631578947368421,0.0,0.0,0.0,0.02631578947368421,0.0,0.0,0.0,0.42105263157894735,0.32097198424059775,0.19869266729307544,0.2937932258199716,0.16386047622814146,0.29075915060085,0.1606915935005005,1.0789473684210527,0.8421052631578947,0.23684210526315788,0.0,0.02631578947368421,0.2894736842105263,0.8275862068965517,0.0,0.0,0.0,1,cebuano,high_resource
330,17,6,4.411764705882353,2.8333333333333335,1.7058823529411764,2,0.0,0.5882352941176471,0.0,0.11764705882352941,0.058823529411764705,0.0,0.23529411764705882,0.0,0.0,0.0,0.0,0.0,0.5882352941176471,0.18707479172205999,0.09978027168214569,0.17750289629666313,0.08267495730366892,0.22366522642597722,0.10165502450867175,0.5882352941176471,0.23529411764705882,0.35294117647058826,0.0,0.0,0.4117647058823529,0.7,0.0,0.0,0.0,1,cebuano,high_resource
331,36,8,5.277777777777778,4.5,2.2222222222222223,13,0.0,0.6666666666666666,0.0,0.2222222222222222,0.0,0.0,0.1111111111111111,0.0,0.027777777777777776,0.0,0.0,0.0,0.3611111111111111,0.38099144120282247,0.2699115892685469,0.3603762926698283,0.2650657410784295,0.4015303116763684,0.30043388028316065,1.4166666666666667,1.0555555555555556,0.3611111111111111,0.0,0.027777777777777776,0.2777777777777778,0.6666666666666666,0.0,0.0,0.0,1,cebuano,high_resource
332,34,11,5.294117647058823,3.090909090909091,2.235294117647059,12,0.0,0.7647058823529411,0.0,0.14705882352941177,0.0,0.029411764705882353,0.11764705882352941,0.0,0.0,0.0,0.0,0.0,0.38235294117647056,0.32650918420893127,0.241077691505576,0.32628914730455433,0.22103830624455412,0.33564486836571167,0.25577307182909176,1.2647058823529411,0.7941176470588235,0.47058823529411764,0.0,0.0,0.2647058823529412,0.8461538461538461,0.0,0.0,0.0,1,cebuano,high_resource
333,59,11,4.864406779661017,5.363636363636363,1.9661016949152543,17,0.0,0.576271186440678,0.0,0.23728813559322035,0.01694915254237288,0.01694915254237288,0.03389830508474576,0.06779661016949153,0.03389830508474576,0.0,0.0,0.0,0.3728813559322034,0.2900874467870389,0.18527293372469603,0.28692269830720546,0.20207094502686954,0.2761256576896906,0.21023437088312943,0.8813559322033898,0.7457627118644068,0.13559322033898305,0.0,0.03389830508474576,0.4406779661016949,0.6764705882352942,0.0,0.0,0.0,1,cebuano,high_resource
334,13,6,3.3076923076923075,2.1666666666666665,1.4615384615384615,0,0.0,0.7692307692307693,0.0,0.23076923076923078,0.0,0.07692307692307693,0.07692307692307693,0.0,0.0,0.0,0.0,0.0,0.07692307692307693,0.074750852325292,0.021332453177139082,0.07687121202285599,0.024614198760389217,0.06661083761576102,0.03253197794257043,0.5384615384615385,0.3076923076923077,0.23076923076923078,0.0,0.0,0.3076923076923077,0.8,0.0,0.0,0.0,1,cebuano,high_resource
335,18,6,3.7777777777777777,3.0,1.4444444444444444,0,0.0,0.3888888888888889,0.0,0.0,0.05555555555555555,0.16666666666666666,0.3333333333333333,0.0,0.0,0.0,0.0,0.0,0.5,0.16351420338398628,0.07464585640953698,0.1473126400658819,0.07401563978685406,0.17715594685633318,0.10251883475788043,1.0,0.6666666666666666,0.3333333333333333,0.0,0.0,0.3888888888888889,0.42857142857142855,0.0,0.0,0.0,1,cebuano,high_resource
336,52,18,5.0,2.888888888888889,1.9423076923076923,11,0.0,0.6538461538461539,0.0,0.17307692307692307,0.0,0.0,0.057692307692307696,0.019230769230769232,0.019230769230769232,0.0,0.0,0.0,0.38461538461538464,0.30238806853374833,0.15980869664520306,0.29668819722428735,0.10998314173362521,0.33653157437863435,0.19036354498547586,0.9230769230769231,0.5192307692307693,0.40384615384615385,0.0,0.019230769230769232,0.3076923076923077,0.7352941176470589,0.0,0.0,0.0,1,cebuano,high_resource
337,19,6,4.0,3.1666666666666665,1.6842105263157894,0,0.0,0.631578947368421,0.0,0.05263157894736842,0.10526315789473684,0.0,0.15789473684210525,0.0,0.0,0.0,0.0,0.0,0.3157894736842105,0.24927128891269693,0.12671055492451885,0.23299801447263152,0.13049169164514435,0.23374983117390002,0.1362747938018106,0.5789473684210527,0.3157894736842105,0.2631578947368421,0.0,0.0,0.47368421052631576,0.6666666666666666,0.0,0.0,0.0,1,cebuano,high_resource
338,71,8,4.774647887323944,8.875,1.8873239436619718,16,0.0,0.5774647887323944,0.0,0.16901408450704225,0.0,0.04225352112676056,0.04225352112676056,0.0,0.15492957746478872,0.0,0.0,0.0,0.5070422535211268,0.4011357147290598,0.3458736047219018,0.3660834306786861,0.28589672109230185,0.4223351056507095,0.4364020406880513,1.056338028169014,0.647887323943662,0.4084507042253521,0.0,0.15492957746478872,0.23943661971830985,0.7560975609756098,0.125,0.0,0.0,1,cebuano,high_resource
339,30,6,4.033333333333333,5.0,1.5,0,0.0,0.36666666666666664,0.0,0.03333333333333333,0.16666666666666666,0.0,0.0,0.0,0.1,0.0,0.0,0.0,0.26666666666666666,0.1364327595315227,0.06847323194602258,0.12638520523825708,0.07165336000837699,0.14674640298250632,0.07757252759188134,0.4,0.3,0.1,0.0,0.1,0.2,0.36363636363636365,0.0,0.0,0.0,1,cebuano,high_resource
340,10,3,4.3,3.3333333333333335,1.8,0,0.0,0.6,0.0,0.2,0.0,0.0,0.0,0.0,0.0,0.0,0.0,0.0,0.0,0.10228489765580484,0.021511855867156867,0.11131848702202564,0.012639378720778265,0.1264171987596055,0.021275968597802675,0.8,0.2,0.6,0.0,0.0,0.2,0.6666666666666666,0.0,0.0,0.0,1,cebuano,high_resource
341,55,10,4.0,5.5,1.8545454545454545,11,0.1,0.5272727272727272,0.0,0.2545454545454545,0.05454545454545454,0.0,0.03636363636363636,0.0,0.01818181818181818,0.0,0.0,0.0,0.09090909090909091,0.2685004298932326,0.15120520502876422,0.2295419205636153,0.1388063437747471,0.2850043699400766,0.16295402650424226,0.4727272727272727,0.41818181818181815,0.05454545454545454,0.0,0.01818181818181818,0.34545454545454546,0.6551724137931034,0.0,0.0,0.1,1,cebuano,high_resource
342,163,23,3.7791411042944785,7.086956521739131,1.6319018404907975,14,1.6521739130434783,0.5214723926380368,0.024539877300613498,0.15337423312883436,0.06748466257668712,0.006134969325153374,0.018404907975460124,0.049079754601226995,0.05521472392638037,0.018404907975460124,0.0,0.0,0.3987730061349693,0.31814413904933003,0.24395487635084373,0.26716996341050075,0.19591562012011068,0.2774750850524868,0.2269450666077969,0.8343558282208589,0.6196319018404908,0.2147239263803681,0.0,0.03680981595092025,0.10429447852760736,0.7058823529411765,0.5217391304347826,0.08695652173913043,1.6521739130434783,1,cebuano,high_resource
343,19,5,3.5789473684210527,3.8,1.5263157894736843,0,0.0,0.3157894736842105,0.0,0.2631578947368421,0.0,0.0,0.21052631578947367,0.0,0.0,0.0,0.0,0.0,0.3684210526315789,0.0908923310088442,0.06339401790223739,0.0955891560279591,0.06991496311945286,0.10196737521970897,0.045066401795501275,0.8947368421052632,0.6842105263157895,0.21052631578947367,0.0,0.0,0.47368421052631576,0.0,0.0,0.0,0.0,1,cebuano,high_resource
344,5,1,3.4,5.0,1.6,0,1.0,1.0,0.0,0.2,0.0,0.0,0.2,0.0,0.0,0.0,0.0,0.0,0.2,0.0573248650262934,0.03768674019694241,0.049147757689169715,0.04119231361971123,0.0536353923862934,0.021524439574001256,0.8,0.6,0.2,0.0,0.0,0.4,1.0,0.0,0.0,1.0,1,cebuano,high_resource
345,19,6,3.8421052631578947,3.1666666666666665,1.8421052631578947,4,0.0,0.7368421052631579,0.0,0.2631578947368421,0.05263157894736842,0.0,0.0,0.0,0.0,0.0,0.0,0.0,0.10526315789473684,0.24922684670739764,0.05817573608075686,0.23890559230847605,0.04397486152961649,0.22763440062320084,0.0668409915448912,1.1578947368421053,0.7894736842105263,0.3684210526315789,0.0,0.0,0.2631578947368421,0.8571428571428571,0.0,0.0,0.0,1,cebuano,high_resource
346,65,16,5.2615384615384615,4.0625,2.169230769230769,19,0.0,0.5076923076923077,0.0,0.046153846153846156,0.0,0.03076923076923077,0.24615384615384617,0.0,0.015384615384615385,0.0,0.0,0.0,0.4,0.287186697166008,0.16569530314865674,0.28397781129557315,0.172573696235111,0.29073513056679745,0.15984290604562978,1.0923076923076924,0.7692307692307693,0.3230769230769231,0.0,0.015384615384615385,0.27692307692307694,0.8787878787878788,0.0,0.0,0.0,1,cebuano,high_resource
347,96,11,4.75,8.727272727272727,1.84375,18,0.09090909090909091,0.5208333333333334,0.0,0.23958333333333334,0.0625,0.010416666666666666,0.03125,0.020833333333333332,0.010416666666666666,0.0,0.0,0.0,0.3854166666666667,0.3775349443300199,0.3163662139147629,0.35584354646264726,0.2934492871144998,0.3619515390639771,0.2411641045869968,0.9895833333333333,0.6875,0.3020833333333333,0.0,0.010416666666666666,0.375,0.82,0.0,0.18181818181818182,0.09090909090909091,1,cebuano,high_resource
348,7,2,3.4285714285714284,3.5,1.5714285714285714,0,0.0,1.0,0.0,0.42857142857142855,0.0,0.0,0.0,0.0,0.0,0.0,0.0,0.0,0.14285714285714285,0.024025298946233866,0.021761058723683214,0.018668330781973563,0.02579872905182215,0.020335826306233866,0.002103459335195257,0.7142857142857143,0.7142857142857143,0.0,0.0,0.0,0.2857142857142857,1.0,0.0,0.0,0.0,1,cebuano,high_resource
349,41,6,4.512195121951219,6.833333333333333,1.853658536585366,8,0.0,0.5365853658536586,0.0,0.14634146341463414,0.07317073170731707,0.0,0.12195121951219512,0.0,0.04878048780487805,0.0,0.0,0.0,0.36585365853658536,0.32037023034770473,0.2078891898843784,0.290268759193905,0.18293500711240934,0.3038777285514135,0.19728092632374922,0.9024390243902438,0.5853658536585366,0.3170731707317073,0.0,0.04878048780487805,0.3902439024390244,0.5909090909090909,0.0,0.0,0.0,1,cebuano,high_resource
350,17,6,3.4705882352941178,2.8333333333333335,1.5294117647058822,0,0.0,0.47058823529411764,0.0,0.23529411764705882,0.0,0.0,0.11764705882352941,0.0,0.0,0.0,0.0,0.0,0.29411764705882354,0.09885623865835422,0.029249444318957103,0.09669271232315875,0.034183080194659855,0.11005926949327587,0.03736962031224644,0.5882352941176471,0.17647058823529413,0.4117647058823529,0.0,0.0,0.35294117647058826,0.375,0.0,0.0,0.0,1,cebuano,high_resource
351,31,7,4.645161290322581,4.428571428571429,2.032258064516129,7,0.0,0.6774193548387096,0.0,0.06451612903225806,0.0,0.03225806451612903,0.06451612903225806,0.0,0.03225806451612903,0.0,0.0,0.0,0.2903225806451613,0.31856153026801554,0.2046700579980418,0.29121162054486355,0.17883695997863008,0.28740737071500916,0.18666027885320863,1.096774193548387,0.7419354838709677,0.3548387096774194,0.0,0.03225806451612903,0.2903225806451613,0.7619047619047619,0.0,0.0,0.0,1,cebuano,high_resource
352,5,2,3.4,2.5,1.6,0,0.0,0.8,0.0,0.2,0.0,0.0,0.2,0.0,0.0,0.0,0.0,0.0,0.2,0.05271101221983499,0.023002865094230576,0.04902153957983499,0.021335369569970276,0.04902153957983499,0.019667874045709972,0.8,0.6,0.2,0.0,0.0,0.4,0.75,0.0,0.0,0.0,1,cebuano,high_resource
353,8,2,3.25,4.0,1.5,0,0.0,0.75,0.0,0.25,0.0,0.0,0.25,0.0,0.0,0.0,0.0,0.0,0.25,0.09741083624040012,0.06377329657174041,0.08733009351210168,0.04620393114852578,0.09686139514972557,0.05913158677036535,0.75,0.5,0.25,0.0,0.0,0.5,0.6666666666666666,0.0,0.0,0.0,1,cebuano,high_resource
354,54,11,5.222222222222222,4.909090909090909,2.1481481481481484,16,0.09090909090909091,0.8888888888888888,0.0,0.1111111111111111,0.037037037037037035,0.0,0.018518518518518517,0.0,0.037037037037037035,0.0,0.0,0.0,0.42592592592592593,0.4033011303082796,0.21712140420143275,0.3971463366257161,0.2186495399847141,0.3945040130092234,0.2322902169459866,1.1111111111111112,0.6851851851851852,0.42592592592592593,0.0,0.037037037037037035,0.2037037037037037,0.9166666666666666,0.0,0.0,0.09090909090909091,1,cebuano,high_resource
355,52,11,4.961538461538462,4.7272727272727275,1.9807692307692308,16,0.18181818181818182,0.7115384615384616,0.0,0.19230769230769232,0.019230769230769232,0.057692307692307696,0.019230769230769232,0.019230769230769232,0.0,0.019230769230769232,0.0,0.0,0.46153846153846156,0.311092021108687,0.16499393977776014,0.3188095841730784,0.1602407782654836,0.33020028856066075,0.17703215751326165,0.9423076923076923,0.7115384615384616,0.23076923076923078,0.0,0.0,0.19230769230769232,0.7837837837837838,0.18181818181818182,0.0,0.18181818181818182,1,cebuano,high_resource
356,55,7,3.8545454545454545,7.857142857142857,1.7454545454545454,8,0.0,0.4,0.0,0.3090909090909091,0.0,0.07272727272727272,0.03636363636363636,0.0,0.0,0.0,0.0,0.0,0.18181818181818182,0.30429675718625304,0.2125467343850959,0.3008671522201452,0.20660244229681177,0.2920829555379047,0.20316271369735892,0.41818181818181815,0.2727272727272727,0.14545454545454545,0.0,0.0,0.14545454545454545,0.13636363636363635,0.0,0.0,0.0,1,cebuano,high_resource
357,20,5,3.95,4.0,1.65,0,0.0,0.75,0.0,0.15,0.0,0.0,0.05,0.0,0.1,0.0,0.0,0.0,0.35,0.2608010958795901,0.21706899906043245,0.25322362711002816,0.18097080923573863,0.27204958980448357,0.2245340173469902,0.8,0.6,0.2,0.0,0.1,0.25,0.7333333333333333,0.0,0.0,0.0,1,cebuano,high_resource
358,14,4,3.857142857142857,3.5,1.6428571428571428,0,0.0,0.35714285714285715,0.0,0.21428571428571427,0.0,0.0,0.14285714285714285,0.0,0.0,0.0,0.0,0.0,0.35714285714285715,0.04453937583139407,0.023898687946229846,0.03215277319181337,0.007905593114527754,0.04168407482943728,0.01968938367266634,1.0,0.8571428571428571,0.14285714285714285,0.0,0.0,0.35714285714285715,0.0,0.0,0.0,0.0,1,cebuano,high_resource
359,12,1,4.583333333333333,12.0,1.8333333333333333,0,0.0,1.0,0.0,0.0,0.0,0.16666666666666666,0.0,0.0,0.0,0.0,0.0,0.0,0.3333333333333333,0.030818220940563714,0.04159475434954824,0.022641113603440028,0.03156269134400943,0.02712874830056371,0.013610319264701161,0.9166666666666666,0.9166666666666666,0.0,0.0,0.0,0.0,1.0,0.0,0.0,0.0,1,cebuano,high_resource
360,54,11,4.888888888888889,4.909090909090909,1.8703703703703705,11,0.0,0.7962962962962963,0.0,0.14814814814814814,0.037037037037037035,0.037037037037037035,0.018518518518518517,0.037037037037037035,0.05555555555555555,0.0,0.0,0.0,0.46296296296296297,0.4237713837867294,0.20993362855010286,0.34762168010080047,0.16705786260172809,0.38203261852751424,0.2096419022071777,1.037037037037037,0.7407407407407407,0.2962962962962963,0.0,0.05555555555555555,0.2777777777777778,0.9069767441860465,0.0,0.0,0.0,1,cebuano,high_resource
361,52,16,4.365384615384615,3.25,1.9807692307692308,10,0.375,0.8269230769230769,0.0,0.11538461538461539,0.019230769230769232,0.019230769230769232,0.0,0.038461538461538464,0.038461538461538464,0.0,0.0,0.0,0.19230769230769232,0.3328108500388626,0.23417325817654397,0.3346304730465286,0.17925967479142665,0.33488168319085576,0.28026638715108504,1.0192307692307692,0.7307692307692307,0.28846153846153844,0.0,0.038461538461538464,0.21153846153846154,0.8837209302325582,0.0,0.0,0.375,1,cebuano,high_resource
362,53,18,4.7924528301886795,2.9444444444444446,1.9056603773584906,12,0.0,0.7169811320754716,0.0,0.05660377358490566,0.11320754716981132,0.03773584905660377,0.05660377358490566,0.0,0.03773584905660377,0.0,0.0,0.0,0.37735849056603776,0.33281924655601913,0.24824737488940457,0.3262822969616824,0.23580276817860582,0.35723382747407423,0.2902349541159164,0.9622641509433962,0.6415094339622641,0.32075471698113206,0.0,0.03773584905660377,0.3018867924528302,0.7894736842105263,0.0,0.0,0.0,1,cebuano,high_resource
363,41,8,5.097560975609756,5.125,2.1219512195121952,15,0.0,0.5609756097560976,0.0,0.07317073170731707,0.0,0.0,0.17073170731707318,0.0,0.0975609756097561,0.0,0.0,0.0,0.5121951219512195,0.3060408639693874,0.20995221801936653,0.3045126244343459,0.19747944204691106,0.30501537924216693,0.23554403929153078,1.2195121951219512,0.8048780487804879,0.4146341463414634,0.0,0.0975609756097561,0.43902439024390244,0.6956521739130435,0.0,0.0,0.0,1,cebuano,high_resource
364,87,23,5.137931034482759,3.782608695652174,2.2298850574712645,26,0.34782608695652173,0.6206896551724138,0.0,0.06896551724137931,0.022988505747126436,0.0,0.022988505747126436,0.0,0.022988505747126436,0.0,0.0,0.0,0.2988505747126437,0.4050663548801077,0.2899984832377503,0.36590131431637485,0.19034269590677744,0.404060396114865,0.2989990353861676,1.2758620689655173,1.0344827586206897,0.2413793103448276,0.0,0.022988505747126436,0.25287356321839083,0.7592592592592593,0.0,0.0,0.34782608695652173,1,cebuano,high_resource
365,22,4,4.818181818181818,5.5,1.8181818181818181,2,0.0,0.7272727272727273,0.0,0.09090909090909091,0.09090909090909091,0.0,0.13636363636363635,0.0,0.045454545454545456,0.0,0.0,0.0,0.5909090909090909,0.2941983406409666,0.16966439218705415,0.2729368599577102,0.17538312986998184,0.30166003193254715,0.1686905727939724,0.5454545454545454,0.3181818181818182,0.22727272727272727,0.0,0.045454545454545456,0.36363636363636365,0.75,0.0,0.0,0.0,1,cebuano,high_resource
366,40,7,4.225,5.714285714285714,1.775,7,0.0,0.8,0.0,0.125,0.1,0.0,0.05,0.0,0.075,0.025,0.0,0.0,0.35,0.374724950691931,0.24790107520617785,0.33377200877207125,0.1822020967122688,0.3948981771891507,0.31592847156907433,0.75,0.475,0.275,0.0,0.075,0.325,0.84375,0.0,0.0,0.0,1,cebuano,high_resource
367,32,12,4.75,2.6666666666666665,2.03125,7,0.0,0.6875,0.0,0.03125,0.0,0.0,0.09375,0.03125,0.0,0.0,0.0,0.0,0.25,0.2631767900004794,0.2397809232359878,0.2546163687811389,0.19810852401640874,0.2896067775359086,0.2551887362233765,0.90625,0.71875,0.1875,0.0,0.0,0.40625,0.8636363636363636,0.0,0.0,0.0,1,cebuano,high_resource
368,22,6,4.136363636363637,3.6666666666666665,1.6818181818181819,0,0.0,0.7272727272727273,0.0,0.13636363636363635,0.0,0.0,0.13636363636363635,0.0,0.045454545454545456,0.0,0.0,0.0,0.45454545454545453,0.2466187982487136,0.12650051045456648,0.2548715177507563,0.13053803737505024,0.26131548983184477,0.14605729135776638,0.5454545454545454,0.18181818181818182,0.36363636363636365,0.0,0.045454545454545456,0.36363636363636365,0.75,0.0,0.0,0.0,1,cebuano,high_resource
369,53,7,4.679245283018868,7.571428571428571,1.8679245283018868,11,0.0,0.660377358490566,0.0,0.1320754716981132,0.03773584905660377,0.0,0.09433962264150944,0.0,0.05660377358490566,0.0,0.0,0.0,0.5283018867924528,0.3535163318483599,0.33984969110576085,0.3226331184319996,0.2463576143067289,0.36671837172565513,0.3763803456223578,0.9622641509433962,0.6415094339622641,0.32075471698113206,0.0,0.05660377358490566,0.39622641509433965,0.6857142857142857,0.0,0.0,0.0,1,cebuano,high_resource
370,22,6,3.227272727272727,3.6666666666666665,1.4545454545454546,0,0.0,0.36363636363636365,0.0,0.18181818181818182,0.0,0.13636363636363635,0.18181818181818182,0.0,0.0,0.0,0.0,0.0,0.18181818181818182,0.1480126999966327,0.07518891804892902,0.1401915315472093,0.05881930159338645,0.15464756585416256,0.06465012138907333,0.5,0.3181818181818182,0.18181818181818182,0.045454545454545456,0.0,0.36363636363636365,0.375,0.0,0.0,0.0,1,cebuano,high_resource
371,73,12,4.821917808219178,6.083333333333333,1.9315068493150684,14,0.5,0.6301369863013698,0.0,0.1780821917808219,0.0410958904109589,0.0136986301369863,0.0273972602739726,0.0136986301369863,0.0273972602739726,0.0,0.0,0.0,0.3561643835616438,0.3369838689287247,0.30777829126436057,0.3299558136843993,0.2413304326886767,0.37327266839823364,0.34459865195898837,0.8082191780821917,0.4931506849315068,0.3150684931506849,0.0,0.0273972602739726,0.3150684931506849,0.6521739130434783,0.0,0.5833333333333334,0.5,1,cebuano,high_resource
372,54,10,4.2407407407407405,5.4,1.7777777777777777,9,0.0,0.5925925925925926,0.0,0.24074074074074073,0.037037037037037035,0.0,0.05555555555555555,0.0,0.05555555555555555,0.0,0.0,0.0,0.2962962962962963,0.2284156320123101,0.14013901269121595,0.21626891349093744,0.15323802455593263,0.23180815728266194,0.14573849051969898,0.5,0.4074074074074074,0.09259259259259259,0.0,0.05555555555555555,0.3888888888888889,0.6875,0.0,0.0,0.0,1,cebuano,high_resource
373,24,6,3.7083333333333335,4.0,1.5416666666666667,0,0.0,0.7083333333333334,0.0,0.25,0.041666666666666664,0.0,0.08333333333333333,0.0,0.0,0.0,0.0,0.0,0.20833333333333334,0.32383432080333796,0.1548334958642955,0.3142322856518792,0.12427063213873175,0.2931610707020422,0.13185057016103566,0.5416666666666666,0.375,0.16666666666666666,0.0,0.0,0.4583333333333333,0.7058823529411765,0.0,0.0,0.0,1,cebuano,high_resource
374,126,14,4.428571428571429,9.0,1.7857142857142858,17,0.42857142857142855,0.4523809523809524,0.0,0.16666666666666666,0.05555555555555555,0.007936507936507936,0.05555555555555555,0.0,0.0873015873015873,0.0,0.0,0.0,0.49206349206349204,0.37493018226568126,0.3184600198095103,0.3492901296717785,0.28508276056556353,0.35369488825706735,0.36046588007071106,1.0793650793650793,0.7142857142857143,0.36507936507936506,0.0,0.0873015873015873,0.2857142857142857,0.631578947368421,0.0,0.35714285714285715,0.42857142857142855,1,cebuano,high_resource
375,48,10,4.270833333333333,4.8,1.7708333333333333,6,0.1,0.625,0.0,0.16666666666666666,0.020833333333333332,0.0625,0.0625,0.0,0.041666666666666664,0.0,0.0,0.0,0.3958333333333333,0.3145147019679099,0.20294405342724217,0.33126661222678033,0.2127244253427636,0.3349657620060139,0.2312107336045583,1.0416666666666665,0.6666666666666666,0.375,0.020833333333333332,0.041666666666666664,0.2708333333333333,0.7333333333333333,0.0,0.0,0.1,1,cebuano,high_resource
376,77,9,4.792207792207792,8.555555555555555,1.9350649350649352,16,0.4444444444444444,0.6493506493506493,0.0,0.16883116883116883,0.05194805194805195,0.0,0.05194805194805195,0.0,0.06493506493506493,0.0,0.0,0.0,0.4025974025974026,0.3977847143707167,0.3370397501979382,0.38026076157935645,0.30992621079236743,0.4121566359413955,0.39603784493320665,0.961038961038961,0.7012987012987013,0.2597402597402597,0.0,0.06493506493506493,0.33766233766233766,0.74,0.0,0.1111111111111111,0.4444444444444444,1,cebuano,high_resource
377,45,8,4.488888888888889,5.625,1.9555555555555555,9,0.0,0.7555555555555555,0.0,0.2,0.06666666666666667,0.0,0.022222222222222223,0.0,0.022222222222222223,0.0,0.0,0.0,0.3111111111111111,0.3642049953320135,0.22302925778739704,0.3689204709092564,0.19862055798869624,0.3297272825701238,0.282982409838059,0.9777777777777777,0.7333333333333333,0.24444444444444444,0.0,0.022222222222222223,0.3333333333333333,0.7352941176470589,0.0,0.0,0.0,1,cebuano,high_resource
378,81,8,4.296296296296297,10.125,1.8148148148148149,16,0.5,0.5679012345679012,0.0,0.1728395061728395,0.12345679012345678,0.0,0.024691358024691357,0.024691358024691357,0.037037037037037035,0.012345679012345678,0.0,0.0,0.2962962962962963,0.3776132793472557,0.3090587054354141,0.336144700442908,0.24270403837516663,0.37646254712494426,0.3096051546964578,0.7654320987654321,0.6172839506172839,0.14814814814814814,0.0,0.037037037037037035,0.2716049382716049,0.5869565217391305,0.0,0.0,0.5,1,cebuano,high_resource
379,23,6,4.130434782608695,3.8333333333333335,1.7391304347826086,0,0.0,0.782608695652174,0.0,0.08695652173913043,0.0,0.0,0.13043478260869565,0.0,0.0,0.0,0.0,0.0,0.391304347826087,0.2545712132277692,0.18204254099197253,0.23776208485586892,0.15631636241349242,0.28172557392967656,0.1997147760175059,0.9130434782608696,0.5217391304347826,0.391304347826087,0.0,0.0,0.30434782608695654,0.8333333333333334,0.0,0.0,0.0,1,cebuano,high_resource
380,12,4,3.8333333333333335,3.0,1.6666666666666667,0,0.0,0.5,0.0,0.16666666666666666,0.0,0.0,0.16666666666666666,0.0,0.0,0.0,0.0,0.0,0.3333333333333333,0.08804964035629344,0.0497504333473064,0.07101776963221426,0.02689396961949325,0.07781126424062022,0.03823124718207654,0.6666666666666666,0.5,0.16666666666666666,0.0,0.0,0.3333333333333333,0.0,0.0,0.0,0.0,1,cebuano,high_resource
381,50,10,4.32,5.0,1.8,9,0.0,0.56,0.0,0.2,0.0,0.0,0.12,0.0,0.06,0.0,0.0,0.0,0.4,0.3685908369197418,0.2865665177516528,0.3713837237503443,0.23929533049271307,0.3697806559377645,0.29296568616890856,1.02,0.7,0.32,0.0,0.06,0.36,0.6071428571428571,0.0,0.0,0.0,1,cebuano,high_resource
382,34,12,5.0,2.8333333333333335,2.0588235294117645,8,0.0,0.7352941176470589,0.0,0.08823529411764706,0.08823529411764706,0.0,0.0,0.0,0.0,0.0,0.0,0.0,0.3235294117647059,0.32351029282973187,0.2474216844380469,0.2854776719270617,0.21176608191958804,0.31087685356890676,0.26863813078765664,1.1176470588235294,0.9411764705882353,0.17647058823529413,0.0,0.0,0.29411764705882354,0.76,0.0,0.0,0.0,1,cebuano,high_resource
383,51,10,4.470588235294118,5.1,1.9215686274509804,10,0.0,0.6862745098039216,0.0,0.09803921568627451,0.0784313725490196,0.0196078431372549,0.0392156862745098,0.0,0.0392156862745098,0.0,0.0,0.0,0.29411764705882354,0.34436057133254944,0.279729222081528,0.35178297912492684,0.24963820427615865,0.36608197946086213,0.30208133455475206,0.9215686274509803,0.7254901960784313,0.19607843137254902,0.0,0.0392156862745098,0.37254901960784315,0.6571428571428571,0.0,0.0,0.0,1,cebuano,high_resource
384,41,9,4.2682926829268295,4.555555555555555,1.7317073170731707,6,0.0,0.4634146341463415,0.0,0.24390243902439024,0.024390243902439025,0.0975609756097561,0.0,0.0975609756097561,0.024390243902439025,0.0,0.0,0.0,0.21951219512195122,0.24460168344438438,0.11834725212028491,0.23827872016058188,0.1307476634246321,0.21320555907758637,0.08517171693184145,0.7317073170731707,0.6341463414634146,0.0975609756097561,0.0,0.024390243902439025,0.2682926829268293,0.47368421052631576,0.0,0.1111111111111111,0.0,1,cebuano,high_resource
385,18,5,3.2777777777777777,3.6,1.5,0,0.0,0.4444444444444444,0.0,0.2777777777777778,0.05555555555555555,0.1111111111111111,0.0,0.0,0.0,0.0,0.0,0.0,0.0,0.0995811073191157,0.04725787952421799,0.11122887354643003,0.032525871839005724,0.08626927042892286,0.008941963322960505,0.6111111111111112,0.6111111111111112,0.0,0.0,0.0,0.4444444444444444,0.375,0.0,0.0,0.0,1,cebuano,high_resource
386,52,17,4.865384615384615,3.0588235294117645,1.9615384615384615,13,0.058823529411764705,0.7115384615384616,0.0,0.21153846153846154,0.057692307692307696,0.019230769230769232,0.019230769230769232,0.0,0.0,0.0,0.0,0.0,0.34615384615384615,0.37344125937817235,0.22535520938934075,0.36924710425508644,0.28859451725004504,0.3720792290333696,0.2652605144011137,0.9038461538461539,0.6538461538461539,0.25,0.0,0.0,0.34615384615384615,0.7837837837837838,0.0,0.0,0.058823529411764705,1,cebuano,high_resource
387,22,6,3.272727272727273,3.6666666666666665,1.5909090909090908,0,0.0,0.5454545454545454,0.0,0.22727272727272727,0.045454545454545456,0.0,0.045454545454545456,0.0,0.0,0.0,0.0,0.0,0.045454545454545456,0.15383190980703404,0.03607777648684663,0.13699378953692093,0.046340290634761076,0.14684876940027036,0.04505644522926104,0.4545454545454546,0.36363636363636365,0.09090909090909091,0.0,0.0,0.45454545454545453,0.4166666666666667,0.0,0.0,0.0,1,cebuano,high_resource
388,17,5,3.823529411764706,3.4,1.8235294117647058,2,0.0,0.5294117647058824,0.0,0.29411764705882354,0.0,0.058823529411764705,0.0,0.0,0.0,0.0,0.0,0.0,0.35294117647058826,0.12440912635810264,0.042199749409924894,0.10512811498888294,0.03973780831962827,0.11537969143093527,0.06169911937746469,0.47058823529411764,0.47058823529411764,0.0,0.0,0.0,0.29411764705882354,0.5555555555555556,0.0,0.0,0.0,1,cebuano,high_resource
389,24,6,3.4583333333333335,4.0,1.5833333333333333,0,0.0,0.4583333333333333,0.0,0.2916666666666667,0.0,0.08333333333333333,0.0,0.0,0.0,0.0,0.0,0.0,0.0,0.10682932693707564,0.06516544776961081,0.08122371104239537,0.02776486136057893,0.09615169507466281,0.07959234849733207,0.4583333333333333,0.4583333333333333,0.0,0.0,0.0,0.2916666666666667,0.45454545454545453,0.0,0.0,0.0,1,cebuano,high_resource
390,65,13,4.8307692307692305,5.0,2.0,17,0.07692307692307693,0.5384615384615384,0.0,0.2,0.046153846153846156,0.015384615384615385,0.0,0.0,0.015384615384615385,0.0,0.0,0.0,0.3076923076923077,0.30439465725511256,0.19996818002319094,0.284583441892903,0.14069633679696264,0.28838950370325245,0.20328423500282786,1.076923076923077,0.9538461538461539,0.12307692307692308,0.0,0.015384615384615385,0.3384615384615385,0.6285714285714286,0.0,0.0,0.07692307692307693,1,cebuano,high_resource
391,46,8,4.586956521739131,5.75,1.9565217391304348,13,0.0,0.6304347826086957,0.0,0.1956521739130435,0.06521739130434782,0.021739130434782608,0.021739130434782608,0.0,0.021739130434782608,0.0,0.0,0.0,0.3695652173913043,0.32710407436403977,0.22207854344912514,0.329339407345139,0.2311283786250914,0.30677401220552664,0.20761131018456802,1.0434782608695652,0.8260869565217391,0.21739130434782608,0.0,0.021739130434782608,0.3695652173913043,0.6896551724137931,0.0,0.0,0.0,1,cebuano,high_resource
392,21,6,3.6666666666666665,3.5,1.7619047619047619,0,0.0,0.8571428571428571,0.0,0.14285714285714285,0.047619047619047616,0.0,0.047619047619047616,0.0,0.0,0.0,0.0,0.0,0.14285714285714285,0.19738511209893214,0.10251612833459983,0.19009704617157236,0.0755126367106152,0.1805867498259586,0.14511824772771492,0.7619047619047619,0.47619047619047616,0.2857142857142857,0.0,0.0,0.5238095238095238,0.8888888888888888,0.0,0.0,0.0,1,cebuano,high_resource
393,175,20,4.44,8.75,1.7885714285714285,34,0.8,0.2742857142857143,0.0,0.19428571428571428,0.02857142857142857,0.022857142857142857,0.11428571428571428,0.0,0.08571428571428572,0.0,0.0,0.0,0.4514285714285714,0.3197675990592421,0.25958902262284894,0.3117693483420072,0.21278496780121633,0.33736278395937563,0.30738973736820474,0.8,0.5314285714285715,0.26857142857142857,0.0,0.08571428571428572,0.3485714285714286,0.4583333333333333,0.25,0.0,0.8,1,cebuano,high_resource
394,50,10,4.28,5.0,1.74,4,0.0,0.8,0.0,0.14,0.02,0.02,0.08,0.04,0.06,0.0,0.0,0.0,0.34,0.365980214311162,0.26208993776270034,0.36261837767217264,0.23583829837435977,0.3873970133405911,0.3460079039949311,0.74,0.52,0.22,0.04,0.06,0.34,0.85,0.0,0.0,0.0,1,cebuano,high_resource
395,29,10,4.172413793103448,2.9,1.793103448275862,5,0.0,0.6896551724137931,0.0,0.20689655172413793,0.034482758620689655,0.0,0.06896551724137931,0.0,0.0,0.06896551724137931,0.0,0.0,0.20689655172413793,0.23194237162206277,0.13812599347299284,0.2378196636557036,0.17129397148093614,0.2123468557359311,0.12001787031323713,0.7586206896551724,0.5517241379310345,0.20689655172413793,0.0,0.0,0.41379310344827586,0.65,0.0,0.0,0.0,1,cebuano,high_resource
396,33,12,4.878787878787879,2.75,2.090909090909091,12,0.0,0.7878787878787878,0.0,0.06060606060606061,0.06060606060606061,0.0,0.15151515151515152,0.0,0.0,0.0,0.0,0.0,0.36363636363636365,0.3353655842981796,0.2669757990414958,0.3142839243587547,0.2326611695475908,0.34282000587340294,0.26306483210448894,0.7575757575757576,0.5151515151515151,0.24242424242424243,0.0,0.0,0.30303030303030304,0.8461538461538461,0.0,0.0,0.0,1,cebuano,high_resource
397,38,7,4.7105263157894735,5.428571428571429,1.8157894736842106,7,0.0,0.7105263157894737,0.0,0.13157894736842105,0.07894736842105263,0.0,0.07894736842105263,0.0,0.05263157894736842,0.02631578947368421,0.0,0.0,0.47368421052631576,0.38209868320929263,0.2127111699607626,0.32726800546921164,0.17032518375872294,0.35272711452973704,0.2506687057861476,0.8421052631578947,0.5789473684210527,0.2631578947368421,0.0,0.05263157894736842,0.39473684210526316,0.7407407407407407,0.0,0.0,0.0,1,cebuano,high_resource
398,24,6,4.083333333333333,4.0,1.7083333333333333,0,0.8333333333333334,0.5416666666666666,0.0,0.125,0.041666666666666664,0.0,0.08333333333333333,0.0,0.041666666666666664,0.0,0.0,0.0,0.2916666666666667,0.1939771043219237,0.09280202099970436,0.19079474483673659,0.07275211015260218,0.19283338105729655,0.08481800415995608,0.3333333333333333,0.16666666666666666,0.16666666666666666,0.0,0.041666666666666664,0.2916666666666667,0.46153846153846156,0.0,0.0,0.8333333333333334,1,cebuano,high_resource
399,20,6,3.9,3.3333333333333335,1.55,0,0.0,0.55,0.0,0.05,0.05,0.1,0.25,0.0,0.0,0.0,0.0,0.0,0.4,0.19067433093711614,0.1282176530208883,0.1893772998316659,0.09200386946320427,0.2231132426444839,0.12544188086905905,0.7,0.3,0.4,0.0,0.0,0.4,0.6363636363636364,0.0,0.0,0.0,1,cebuano,high_resource
400,64,11,4.53125,5.818181818181818,1.890625,13,0.0,0.734375,0.03125,0.09375,0.03125,0.03125,0.0625,0.0,0.03125,0.0,0.0,0.0,0.328125,0.3567065923353336,0.2697543625288358,0.3248765177411636,0.23348227170587882,0.3427954521598104,0.3024647759903106,0.96875,0.65625,0.3125,0.0,0.03125,0.28125,0.8085106382978723,0.09090909090909091,0.09090909090909091,0.0,1,cebuano,high_resource
401,69,19,4.3478260869565215,3.6315789473684212,1.7536231884057971,15,0.3684210526315789,0.6086956521739131,0.0,0.13043478260869565,0.057971014492753624,0.057971014492753624,0.07246376811594203,0.014492753623188406,0.07246376811594203,0.08695652173913043,0.0,0.0,0.4492753623188406,0.33809403374127645,0.2854946633101095,0.3474844371390203,0.2693305447301299,0.35975799183151413,0.3101757538819341,0.9420289855072463,0.5797101449275363,0.36231884057971014,0.0,0.07246376811594203,0.2608695652173913,0.7619047619047619,0.0,0.47368421052631576,0.3684210526315789,1,cebuano,high_resource
402,58,16,4.551724137931035,3.625,1.8448275862068966,10,0.125,0.5862068965517241,0.0,0.15517241379310345,0.05172413793103448,0.034482758620689655,0.08620689655172414,0.0,0.05172413793103448,0.0,0.0,0.0,0.3103448275862069,0.3500268803370498,0.21296463137825944,0.36200137804572735,0.21414995169771894,0.3548564993548633,0.22946789720559965,0.8620689655172413,0.5862068965517241,0.27586206896551724,0.0,0.05172413793103448,0.41379310344827586,0.5882352941176471,0.0,0.0,0.125,1,cebuano,high_resource
403,79,15,5.3544303797468356,5.266666666666667,2.2658227848101267,28,0.06666666666666667,0.6582278481012658,0.0,0.13924050632911392,0.08860759493670886,0.0,0.0,0.02531645569620253,0.0759493670886076,0.0,0.0,0.0,0.4050632911392405,0.3683787656755214,0.3352748217669974,0.37142547130105547,0.25814365784411447,0.3660694620068363,0.34348993656527776,1.2025316455696202,0.8734177215189873,0.3291139240506329,0.0,0.0759493670886076,0.27848101265822783,0.8269230769230769,0.0,0.0,0.06666666666666667,2,cebuano,high_resource
404,261,26,4.432950191570881,10.038461538461538,1.839080459770115,59,0.5769230769230769,0.4942528735632184,0.0,0.16475095785440613,0.07662835249042145,0.01532567049808429,0.06130268199233716,0.007662835249042145,0.0842911877394636,0.0038314176245210726,0.0038314176245210726,0.0,0.46360153256704983,0.40995972309154505,0.3995831186074482,0.39276966709062455,0.34940047459724494,0.4312201854683603,0.4820370018504473,0.7164750957854406,0.4904214559386973,0.2260536398467433,0.0038314176245210726,0.0842911877394636,0.36015325670498083,0.7674418604651163,0.11538461538461539,0.2692307692307692,0.5769230769230769,2,cebuano,high_resource
405,55,11,5.2,5.0,2.1636363636363636,17,0.09090909090909091,0.6727272727272727,0.0,0.18181818181818182,0.05454545454545454,0.0,0.0,0.0,0.05454545454545454,0.0,0.0,0.0,0.41818181818181815,0.3643033284544374,0.2999297354712323,0.3495072652192771,0.27662295960717775,0.36167238638209126,0.31022549271017613,1.0545454545454547,0.7090909090909091,0.34545454545454546,0.0,0.05454545454545454,0.2727272727272727,0.8108108108108109,0.0,0.0,0.09090909090909091,2,cebuano,high_resource
406,63,5,4.904761904761905,12.6,1.9523809523809523,14,0.0,0.6825396825396826,0.0,0.1111111111111111,0.06349206349206349,0.015873015873015872,0.07936507936507936,0.0,0.1111111111111111,0.0,0.0,0.0,0.5079365079365079,0.3429986547339002,0.25875397915960474,0.3148516599151046,0.2263770782108048,0.36249520088492015,0.33231413390854536,0.9523809523809523,0.6507936507936508,0.30158730158730157,0.0,0.1111111111111111,0.3492063492063492,0.8372093023255814,0.0,0.0,0.0,2,cebuano,high_resource
407,62,8,4.564516129032258,7.75,1.8709677419354838,8,0.375,0.6290322580645161,0.0,0.14516129032258066,0.03225806451612903,0.04838709677419355,0.03225806451612903,0.0,0.04838709677419355,0.0,0.0,0.0,0.3709677419354839,0.34342258468066816,0.25115172609645825,0.3543910984358119,0.20191385342067572,0.35402695888772884,0.30069665782382804,0.9838709677419355,0.6612903225806451,0.3225806451612903,0.0,0.04838709677419355,0.3225806451612903,0.6153846153846154,0.0,0.125,0.375,2,cebuano,high_resource
408,71,10,4.661971830985915,7.1,2.028169014084507,18,0.3,0.6197183098591549,0.0,0.15492957746478872,0.056338028169014086,0.0,0.09859154929577464,0.0,0.04225352112676056,0.0,0.0,0.0,0.36619718309859156,0.37513829457180226,0.2669632364217715,0.38614389198380655,0.25335058908572855,0.39421106633262726,0.3060268742424162,0.8591549295774648,0.5774647887323944,0.28169014084507044,0.0,0.04225352112676056,0.38028169014084506,0.6818181818181818,0.0,0.0,0.3,2,cebuano,high_resource
409,181,38,4.988950276243094,4.7631578947368425,2.1215469613259668,48,0.13157894736842105,0.569060773480663,0.0,0.13812154696132597,0.049723756906077346,0.016574585635359115,0.0055248618784530384,0.016574585635359115,0.011049723756906077,0.0,0.0,0.0,0.287292817679558,0.39196177956238665,0.32371942772913537,0.3452670607803536,0.25777925970413795,0.37291265323953543,0.3114160878766845,1.022099447513812,0.8453038674033149,0.17679558011049723,0.0,0.011049723756906077,0.27624309392265195,0.7378640776699029,0.0,0.0,0.13157894736842105,2,cebuano,high_resource
410,50,6,4.64,8.333333333333334,2.0,12,0.3333333333333333,0.8,0.0,0.12,0.04,0.0,0.02,0.0,0.12,0.0,0.0,0.0,0.4,0.37288485410974925,0.3252448287643277,0.35913615631899615,0.26638883302637006,0.39418196493648944,0.4231014467286148,0.6799999999999999,0.44,0.24,0.0,0.12,0.28,0.875,0.0,0.0,0.3333333333333333,2,cebuano,high_resource
411,70,10,4.314285714285714,7.0,1.8714285714285714,10,0.3,0.6428571428571429,0.0,0.24285714285714285,0.0,0.05714285714285714,0.014285714285714285,0.0,0.014285714285714285,0.0,0.0,0.0,0.18571428571428572,0.40518696957941147,0.2807836101630625,0.359368712569494,0.21658876896609233,0.3772634344042702,0.2778880876857092,0.8571428571428572,0.7142857142857143,0.14285714285714285,0.0,0.014285714285714285,0.3142857142857143,0.7333333333333333,0.0,0.0,0.3,2,cebuano,high_resource
412,71,6,4.52112676056338,11.833333333333334,1.7605633802816902,8,0.16666666666666666,0.5211267605633803,0.0,0.09859154929577464,0.04225352112676056,0.028169014084507043,0.08450704225352113,0.0,0.09859154929577464,0.014084507042253521,0.0,0.0,0.5352112676056338,0.3463908021749797,0.2982972068351863,0.3073608768352302,0.2729952392460523,0.3330761070678009,0.35978619027726627,1.056338028169014,0.704225352112676,0.352112676056338,0.0,0.08450704225352113,0.323943661971831,0.6756756756756757,0.0,0.0,0.16666666666666666,2,cebuano,high_resource
413,262,52,5.309160305343512,5.038461538461538,2.0877862595419847,78,0.09615384615384616,0.5267175572519084,0.0,0.14122137404580154,0.030534351145038167,0.03435114503816794,0.03816793893129771,0.003816793893129771,0.07251908396946564,0.0,0.0,0.0,0.5343511450381679,0.4578550149530606,0.4209436662879039,0.41321695850348156,0.3318379994225195,0.44689449291628447,0.44349319098579254,1.00381679389313,0.7213740458015268,0.2824427480916031,0.003816793893129771,0.06870229007633588,0.26717557251908397,0.6594202898550725,0.0,0.0,0.09615384615384616,2,cebuano,high_resource
414,88,20,4.5227272727272725,4.4,1.8863636363636365,16,0.0,0.6818181818181818,0.0,0.18181818181818182,0.011363636363636364,0.045454545454545456,0.07954545454545454,0.0,0.011363636363636364,0.0,0.0,0.0,0.29545454545454547,0.3675879152484748,0.37535210157999654,0.35970114256081065,0.2948724924416228,0.37152417475475535,0.2837698800537659,0.7613636363636364,0.5340909090909091,0.22727272727272727,0.0,0.011363636363636364,0.26136363636363635,0.7333333333333333,0.15,0.0,0.0,2,cebuano,high_resource
415,119,26,4.957983193277311,4.576923076923077,2.0168067226890756,29,0.038461538461538464,0.5966386554621849,0.0,0.11764705882352941,0.03361344537815126,0.008403361344537815,0.11764705882352941,0.008403361344537815,0.025210084033613446,0.0,0.0,0.0,0.42016806722689076,0.40434649879324064,0.3030052917887265,0.38643697705463464,0.23156607740758878,0.4138015288864052,0.32779771172385663,1.0756302521008403,0.7647058823529411,0.31092436974789917,0.0,0.025210084033613446,0.3025210084033613,0.7183098591549296,0.0,0.0,0.038461538461538464,2,cebuano,high_resource
416,112,23,4.616071428571429,4.869565217391305,1.8928571428571428,22,0.13043478260869565,0.5714285714285714,0.0,0.21428571428571427,0.026785714285714284,0.026785714285714284,0.05357142857142857,0.0,0.017857142857142856,0.0,0.0,0.0,0.3125,0.40540161169975997,0.3153427164076668,0.405836437156644,0.2603493082448422,0.4188741468408904,0.36628853412560275,0.9732142857142857,0.7232142857142857,0.25,0.008928571428571428,0.017857142857142856,0.3392857142857143,0.640625,0.0,0.08695652173913043,0.13043478260869565,2,cebuano,high_resource
417,45,5,4.733333333333333,9.0,1.9111111111111112,13,0.8,0.6222222222222222,0.0,0.08888888888888889,0.08888888888888889,0.022222222222222223,0.0,0.0,0.13333333333333333,0.06666666666666667,0.0,0.0,0.4222222222222222,0.3701881254363073,0.29905339505886797,0.2996667597110835,0.265025559576422,0.34149124136945513,0.3654048474999549,0.8888888888888888,0.7777777777777778,0.1111111111111111,0.0,0.13333333333333333,0.2222222222222222,0.7142857142857143,0.0,0.0,0.8,2,cebuano,high_resource
418,148,33,4.824324324324325,4.484848484848484,2.0472972972972974,39,0.0,0.527027027027027,0.0,0.14189189189189189,0.0472972972972973,0.033783783783783786,0.060810810810810814,0.0,0.04054054054054054,0.006756756756756757,0.0,0.0,0.2905405405405405,0.4212174352906293,0.4047401240580561,0.3893805422203272,0.33640499402198404,0.4164342180883698,0.45200840666304215,0.945945945945946,0.722972972972973,0.22297297297297297,0.0,0.04054054054054054,0.34459459459459457,0.6923076923076923,0.0,0.09090909090909091,0.0,2,cebuano,high_resource
419,183,39,5.251366120218579,4.6923076923076925,2.1475409836065573,58,0.0,0.5355191256830601,0.0,0.1366120218579235,0.04918032786885246,0.01639344262295082,0.0546448087431694,0.00546448087431694,0.0546448087431694,0.0,0.0,0.0,0.46994535519125685,0.40795558589604575,0.37148416364093634,0.40169701404141384,0.34876276787417126,0.4177318126550021,0.432769081576534,1.1530054644808745,0.8469945355191257,0.30601092896174864,0.00546448087431694,0.0546448087431694,0.29508196721311475,0.7244897959183674,0.0,0.0,0.0,2,cebuano,high_resource
420,104,24,4.490384615384615,4.333333333333333,1.8557692307692308,23,0.0,0.5384615384615384,0.0,0.21153846153846154,0.07692307692307693,0.0,0.0,0.0,0.019230769230769232,0.0,0.0,0.0,0.21153846153846154,0.3432207233501041,0.29191164934679265,0.30713200395858653,0.23265923204327674,0.35901872357545345,0.37066366917360777,0.8653846153846154,0.6634615384615384,0.20192307692307693,0.0,0.019230769230769232,0.2980769230769231,0.7142857142857143,0.0,0.0,0.0,2,cebuano,high_resource
421,48,15,5.3125,3.2,2.0625,13,0.0,0.7708333333333334,0.0,0.10416666666666667,0.0,0.020833333333333332,0.08333333333333333,0.0,0.0,0.0,0.0,0.0,0.4375,0.3491151529294171,0.2602472886516301,0.3719276920142921,0.21865655518464022,0.40032954297421997,0.3121124920285339,1.25,0.8541666666666666,0.3958333333333333,0.0,0.0,0.22916666666666666,0.7837837837837838,0.0,0.0,0.0,2,cebuano,high_resource
422,113,22,4.929203539823009,5.136363636363637,2.15929203539823,43,0.0,0.6106194690265486,0.0,0.08849557522123894,0.05309734513274336,0.017699115044247787,0.02654867256637168,0.008849557522123894,0.10619469026548672,0.0,0.0,0.0,0.336283185840708,0.39674520089232496,0.3267462811816765,0.3778646699098462,0.2805267436992666,0.4123142835850677,0.3871018426644485,0.9911504424778761,0.7522123893805309,0.23893805309734514,0.008849557522123894,0.10619469026548672,0.2743362831858407,0.7536231884057971,0.045454545454545456,0.0,0.0,2,cebuano,high_resource
423,213,23,4.225352112676056,9.26086956521739,1.7605633802816902,36,2.260869565217391,0.6291079812206573,0.023474178403755867,0.107981220657277,0.046948356807511735,0.023474178403755867,0.046948356807511735,0.028169014084507043,0.051643192488262914,0.014084507042253521,0.0,0.0,0.4272300469483568,0.38039774911713725,0.36925593001731993,0.3800776526080611,0.3053820036514289,0.4202206756147206,0.4178871249704869,0.7511737089201878,0.460093896713615,0.29107981220657275,0.004694835680751174,0.04225352112676056,0.22535211267605634,0.7238805970149254,0.043478260869565216,0.0,2.260869565217391,2,cebuano,high_resource
424,157,22,4.24203821656051,7.136363636363637,1.6751592356687899,22,0.3181818181818182,0.4713375796178344,0.0,0.21656050955414013,0.050955414012738856,0.006369426751592357,0.07643312101910828,0.025477707006369428,0.050955414012738856,0.0,0.0,0.0,0.42038216560509556,0.3547970564379268,0.29669101229365424,0.36297478659149224,0.25131646051744383,0.36924861478226023,0.3103514543440444,0.7579617834394905,0.5286624203821656,0.22929936305732485,0.0,0.044585987261146494,0.28662420382165604,0.5945945945945946,0.6363636363636364,0.0,0.3181818181818182,2,cebuano,high_resource
425,45,5,4.688888888888889,9.0,2.066666666666667,12,0.6,0.7111111111111111,0.0,0.13333333333333333,0.044444444444444446,0.0,0.022222222222222223,0.0,0.13333333333333333,0.0,0.0,0.0,0.28888888888888886,0.38967493327794994,0.34680442138464473,0.36993995084578524,0.3171891127223286,0.39844449636500956,0.3865254986811768,1.0888888888888888,0.8444444444444444,0.24444444444444444,0.0,0.13333333333333333,0.35555555555555557,0.78125,0.0,0.0,0.6,2,cebuano,high_resource
426,48,10,4.354166666666667,4.8,1.9791666666666667,14,0.0,0.6041666666666666,0.0,0.1875,0.0625,0.0,0.020833333333333332,0.020833333333333332,0.020833333333333332,0.0,0.0,0.0,0.20833333333333334,0.22912242163162436,0.13935392783112363,0.21088645618599075,0.1263306379433704,0.22662906145971914,0.14771402320800048,0.8333333333333334,0.6875,0.14583333333333334,0.020833333333333332,0.020833333333333332,0.3125,0.7241379310344828,0.0,0.0,0.0,2,cebuano,high_resource
427,68,16,4.367647058823529,4.25,1.8676470588235294,11,0.0,0.6323529411764706,0.0,0.16176470588235295,0.07352941176470588,0.0,0.07352941176470588,0.0,0.029411764705882353,0.0,0.0,0.0,0.25,0.34861316647114454,0.25565118437341106,0.3495647694618294,0.21193575929016129,0.36438269491279135,0.29471017213225364,0.7941176470588235,0.5441176470588235,0.25,0.0,0.029411764705882353,0.39705882352941174,0.7209302325581395,0.0,0.0,0.0,2,cebuano,high_resource
428,114,24,4.87719298245614,4.75,2.017543859649123,29,0.041666666666666664,0.543859649122807,0.0,0.19298245614035087,0.02631578947368421,0.008771929824561403,0.043859649122807015,0.0,0.043859649122807015,0.0,0.0,0.0,0.37719298245614036,0.3126403456528567,0.2998031286653654,0.2998312876571046,0.20740338456402593,0.3111449629079246,0.3171232614548194,0.8859649122807017,0.7017543859649122,0.18421052631578946,0.0,0.043859649122807015,0.2807017543859649,0.7258064516129032,0.0,0.041666666666666664,0.041666666666666664,2,cebuano,high_resource
429,60,11,4.333333333333333,5.454545454545454,1.85,12,0.0,0.65,0.0,0.18333333333333332,0.03333333333333333,0.05,0.06666666666666667,0.0,0.06666666666666667,0.0,0.0,0.0,0.38333333333333336,0.35200163208970686,0.30446110789487246,0.34536017522375234,0.26009603381492596,0.3689014480263511,0.31981377942961725,0.8333333333333333,0.6,0.23333333333333334,0.0,0.06666666666666667,0.4,0.7692307692307693,0.0,0.0,0.0,2,cebuano,high_resource
430,94,13,5.0638297872340425,7.230769230769231,2.1595744680851063,26,0.46153846153846156,0.7021276595744681,0.010638297872340425,0.1595744680851064,0.010638297872340425,0.0425531914893617,0.0,0.0,0.0425531914893617,0.0,0.0,0.0,0.30851063829787234,0.4446934668105742,0.40054023582387893,0.42195055439462675,0.31764041525622555,0.4624638650671836,0.4018824643953282,1.0319148936170213,0.7659574468085106,0.26595744680851063,0.0,0.0425531914893617,0.23404255319148937,0.7575757575757576,0.0,0.07692307692307693,0.46153846153846156,2,cebuano,high_resource
431,84,10,4.571428571428571,8.4,1.8928571428571428,18,0.5,0.5714285714285714,0.0,0.14285714285714285,0.047619047619047616,0.011904761904761904,0.08333333333333333,0.011904761904761904,0.07142857142857142,0.0,0.0,0.0,0.32142857142857145,0.3628094762192994,0.26140110219082063,0.3491302461213731,0.20276690287784316,0.3700392842012685,0.323363140480039,0.8214285714285714,0.5357142857142857,0.2857142857142857,0.011904761904761904,0.07142857142857142,0.25,0.7083333333333334,0.0,0.0,0.5,2,cebuano,high_resource
432,100,18,5.33,5.555555555555555,2.27,34,0.2222222222222222,0.57,0.0,0.13,0.03,0.0,0.06,0.0,0.01,0.0,0.0,0.0,0.31,0.42752076989383564,0.39106977210553545,0.40766284932480307,0.3086510194120428,0.43858955938003147,0.42032289321101146,1.4100000000000001,1.05,0.36,0.0,0.01,0.29,0.6842105263157895,0.0,0.1111111111111111,0.2222222222222222,2,cebuano,high_resource
433,162,15,5.074074074074074,10.8,2.04320987654321,38,0.9333333333333333,0.49382716049382713,0.0,0.17901234567901234,0.012345679012345678,0.0,0.018518518518518517,0.006172839506172839,0.09876543209876543,0.006172839506172839,0.0,0.0,0.49382716049382713,0.43751614183152315,0.3389872632146456,0.36862110650330665,0.28978631128730575,0.40873161967020516,0.4154753115933743,1.0061728395061729,0.7098765432098766,0.2962962962962963,0.006172839506172839,0.09876543209876543,0.20987654320987653,0.6375,0.0,0.2,0.9333333333333333,2,cebuano,high_resource
434,101,15,4.8316831683168315,6.733333333333333,1.99009900990099,25,0.06666666666666667,0.5346534653465347,0.0,0.16831683168316833,0.07920792079207921,0.0,0.0594059405940594,0.009900990099009901,0.009900990099009901,0.0,0.0,0.0,0.2871287128712871,0.3526436323550375,0.2830318446580214,0.30414878495866693,0.21905809177606358,0.351970037426244,0.30643704018087,0.8712871287128713,0.7326732673267327,0.13861386138613863,0.0,0.009900990099009901,0.31683168316831684,0.6481481481481481,0.0,0.0,0.06666666666666667,2,cebuano,high_resource
435,120,20,4.666666666666667,6.0,1.925,34,0.0,0.4666666666666667,0.0,0.175,0.058333333333333334,0.0,0.09166666666666666,0.0,0.075,0.0,0.0,0.0,0.375,0.3885658821645312,0.33934432208595405,0.3866350298299189,0.2915166216906142,0.3989749734410901,0.3721415298644654,0.9416666666666667,0.7083333333333334,0.23333333333333334,0.0,0.075,0.39166666666666666,0.6607142857142857,0.0,0.0,0.0,2,cebuano,high_resource
436,110,12,4.318181818181818,9.166666666666666,1.7,21,0.16666666666666666,0.38181818181818183,0.0,0.17272727272727273,0.07272727272727272,0.02727272727272727,0.07272727272727272,0.045454545454545456,0.11818181818181818,0.00909090909090909,0.0,0.0,0.5272727272727272,0.32062141125154225,0.28613370725745063,0.25857511476046496,0.22673801869746812,0.3015425184155237,0.2743518270509679,0.5363636363636364,0.3181818181818182,0.21818181818181817,0.0,0.11818181818181818,0.33636363636363636,0.5238095238095238,0.0,0.0,0.16666666666666666,2,cebuano,high_resource
437,283,57,4.865724381625442,4.964912280701754,2.0176678445229683,76,0.3157894736842105,0.5017667844522968,0.0,0.1413427561837456,0.053003533568904596,0.014134275618374558,0.05653710247349823,0.007067137809187279,0.045936395759717315,0.0035335689045936395,0.0,0.0,0.392226148409894,0.4249117827322077,0.3810180100236522,0.4294197347026951,0.31956764741106625,0.44899585273856796,0.48548322093429774,1.0353356890459364,0.7561837455830389,0.2791519434628975,0.0,0.045936395759717315,0.29328621908127206,0.6971830985915493,0.03508771929824561,0.10526315789473684,0.3157894736842105,2,cebuano,high_resource
438,287,30,4.515679442508711,9.566666666666666,1.8815331010452963,72,0.36666666666666664,0.5087108013937283,0.0,0.18815331010452963,0.041811846689895474,0.041811846689895474,0.03484320557491289,0.003484320557491289,0.10452961672473868,0.0,0.0,0.0,0.41114982578397213,0.40871881428484635,0.3476570207844574,0.3910233696252154,0.32092852864272914,0.4278466484870859,0.40183430234958933,0.6898954703832751,0.5331010452961672,0.156794425087108,0.0,0.10801393728222997,0.2961672473867596,0.7397260273972602,0.1,0.1,0.36666666666666664,2,cebuano,high_resource
439,105,16,4.809523809523809,6.5625,1.9333333333333333,23,0.0,0.5619047619047619,0.0,0.17142857142857143,0.009523809523809525,0.02857142857142857,0.0380952380952381,0.009523809523809525,0.05714285714285714,0.0,0.0,0.0,0.4095238095238095,0.3573112824442916,0.3206483610809001,0.3468287430290922,0.2752729764720018,0.3974770117111961,0.3615942122905359,1.1333333333333333,0.8476190476190476,0.2857142857142857,0.009523809523809525,0.05714285714285714,0.3047619047619048,0.7627118644067796,0.0,0.0,0.0,2,cebuano,high_resource
440,286,56,5.2622377622377625,5.107142857142857,2.111888111888112,86,0.017857142857142856,0.486013986013986,0.0,0.17832167832167833,0.027972027972027972,0.006993006993006993,0.06293706293706294,0.0034965034965034965,0.08741258741258741,0.0,0.0,0.0,0.48951048951048953,0.4456011226084091,0.45528041960552457,0.4234777240724922,0.36455970809238897,0.4732099843364486,0.5147577615879741,1.1643356643356644,0.8181818181818182,0.34615384615384615,0.0,0.08741258741258741,0.34965034965034963,0.7482014388489209,0.0,0.0,0.017857142857142856,2,cebuano,high_resource
441,675,97,4.721481481481481,6.958762886597938,1.917037037037037,149,0.28865979381443296,0.40296296296296297,0.0014814814814814814,0.16592592592592592,0.04888888888888889,0.022222222222222223,0.05333333333333334,0.016296296296296295,0.02666666666666667,0.0,0.0,0.0,0.4014814814814815,0.44211885240188603,0.4056691142376972,0.4049432874156023,0.3125829827979852,0.4577207131279376,0.45678116192209145,0.9244444444444444,0.6414814814814814,0.28296296296296297,0.0,0.02666666666666667,0.28,0.6580882352941176,0.12371134020618557,0.6082474226804123,0.28865979381443296,2,cebuano,high_resource
442,47,10,4.76595744680851,4.7,1.9361702127659575,13,0.1,0.7021276595744681,0.0,0.1702127659574468,0.0,0.0,0.10638297872340426,0.0,0.06382978723404255,0.0,0.02127659574468085,0.0,0.48936170212765956,0.3822692698977988,0.2515032959021929,0.3563676254455949,0.16866576219257212,0.3914588484911462,0.28589865460114205,1.0,0.7659574468085106,0.23404255319148937,0.02127659574468085,0.06382978723404255,0.3829787234042553,0.7575757575757576,0.0,0.0,0.1,2,cebuano,high_resource
443,82,18,4.7560975609756095,4.555555555555555,1.951219512195122,21,0.0,0.573170731707317,0.0,0.04878048780487805,0.08536585365853659,0.012195121951219513,0.15853658536585366,0.0,0.024390243902439025,0.0,0.0,0.0,0.3780487804878049,0.33527533604750603,0.22761386539975767,0.3326772708763881,0.18800903402232844,0.3728879100486356,0.3126114417436901,1.1097560975609757,0.7195121951219512,0.3902439024390244,0.0,0.024390243902439025,0.3902439024390244,0.7659574468085106,0.0,0.0,0.0,2,cebuano,high_resource
444,806,87,4.759305210918114,9.264367816091953,1.9441687344913152,207,0.25287356321839083,0.34987593052109184,0.0012406947890818859,0.1687344913151365,0.03598014888337469,0.019851116625310174,0.060794044665012405,0.018610421836228287,0.060794044665012405,0.0,0.0,0.0,0.39950372208436724,0.4445161469442558,0.4172096264086135,0.42247368848676203,0.35149696642473555,0.48375476010700674,0.5106195181244291,0.8970223325062034,0.598014888337469,0.2990074441687345,0.0037220843672456576,0.060794044665012405,0.31141439205955335,0.6418439716312057,0.06896551724137931,0.10344827586206896,0.25287356321839083,2,cebuano,high_resource
445,436,68,4.555045871559633,6.411764705882353,1.8555045871559632,87,0.25,0.3967889908256881,0.0,0.19495412844036697,0.02981651376146789,0.009174311926605505,0.07568807339449542,0.011467889908256881,0.06880733944954129,0.0,0.0,0.0,0.43119266055045874,0.42826554164739133,0.40241302044108934,0.4103166042099751,0.3142097317472641,0.4548025287555986,0.4441875766812069,0.8944954128440367,0.6009174311926605,0.29357798165137616,0.0022935779816513763,0.06880733944954129,0.3669724770642202,0.6763005780346821,0.058823529411764705,0.2647058823529412,0.25,2,cebuano,high_resource
446,132,22,4.7727272727272725,6.0,1.871212121212121,28,0.0,0.4318181818181818,0.0,0.16666666666666666,0.030303030303030304,0.015151515151515152,0.12878787878787878,0.03787878787878788,0.05303030303030303,0.015151515151515152,0.0,0.0,0.4772727272727273,0.37418078909384467,0.3174807324500452,0.34523651723112,0.26055683162064747,0.38303668687470627,0.3475919592470465,1.1893939393939394,0.75,0.4393939393939394,0.022727272727272728,0.05303030303030303,0.4015151515151515,0.6842105263157895,0.0,0.0,0.0,2,cebuano,high_resource
447,125,22,4.92,5.681818181818182,2.024,25,0.09090909090909091,0.624,0.0,0.128,0.04,0.0,0.008,0.016,0.016,0.0,0.0,0.0,0.376,0.40743481195722403,0.36582514607793504,0.37745326429288556,0.2576232294032945,0.4134350763834996,0.3867077556271594,1.024,0.744,0.28,0.0,0.016,0.176,0.7435897435897436,0.0,0.0,0.09090909090909091,2,cebuano,high_resource
448,242,28,3.9958677685950414,8.642857142857142,1.6528925619834711,46,1.7142857142857142,0.5165289256198347,0.02066115702479339,0.13636363636363635,0.05785123966942149,0.04132231404958678,0.07024793388429752,0.02066115702479339,0.05785123966942149,0.012396694214876033,0.0,0.0,0.3884297520661157,0.36297846765194597,0.294888361292186,0.33725247888684395,0.2573022689757844,0.38841673560096684,0.32039072371729055,0.5247933884297521,0.3760330578512397,0.1487603305785124,0.004132231404958678,0.049586776859504134,0.2892561983471074,0.744,0.0,0.0,1.7142857142857142,2,cebuano,high_resource
449,56,9,4.839285714285714,6.222222222222222,2.0,15,0.2222222222222222,0.6785714285714286,0.0,0.19642857142857142,0.017857142857142856,0.0,0.03571428571428571,0.0,0.05357142857142857,0.0,0.0,0.0,0.39285714285714285,0.3529015165849422,0.24094464236216762,0.32716982118626264,0.20679479382471527,0.3174182838671392,0.25465028803071993,1.0178571428571428,0.8392857142857143,0.17857142857142858,0.0,0.05357142857142857,0.32142857142857145,0.7368421052631579,0.0,0.0,0.2222222222222222,2,cebuano,high_resource
450,35,6,4.571428571428571,5.833333333333333,1.8857142857142857,7,0.0,0.5428571428571428,0.0,0.22857142857142856,0.0,0.0,0.05714285714285714,0.05714285714285714,0.02857142857142857,0.0,0.0,0.0,0.3142857142857143,0.3140018748455403,0.21695550755061616,0.28589743345102836,0.17505919632306707,0.29583379384712993,0.20825643110945682,1.1142857142857143,0.8857142857142857,0.22857142857142856,0.0,0.02857142857142857,0.34285714285714286,0.3684210526315789,0.0,0.0,0.0,2,cebuano,high_resource
451,319,35,4.366771159874608,9.114285714285714,1.8025078369905956,58,0.4,0.49843260188087773,0.0,0.1536050156739812,0.06896551724137931,0.018808777429467086,0.050156739811912224,0.0219435736677116,0.06896551724137931,0.0,0.0,0.0,0.329153605015674,0.40874484792280824,0.41677547820173166,0.4031464402854546,0.33890765978747234,0.4389940677949611,0.46026426359795264,0.7021943573667712,0.4890282131661442,0.21316614420062696,0.0,0.07523510971786834,0.3166144200626959,0.7295597484276729,0.05714285714285714,0.05714285714285714,0.4,2,cebuano,high_resource
452,149,29,5.073825503355705,5.137931034482759,2.12751677852349,41,0.034482758620689655,0.5436241610738255,0.0,0.20134228187919462,0.03355704697986577,0.006711409395973154,0.020134228187919462,0.0,0.03355704697986577,0.0,0.0,0.0,0.348993288590604,0.39656822496866234,0.36914480626894824,0.38314056913742967,0.3234479891785212,0.4261818234935151,0.4233868208946278,1.1208053691275168,0.8322147651006712,0.28859060402684567,0.0,0.03355704697986577,0.3691275167785235,0.7407407407407407,0.0,0.0,0.034482758620689655,2,cebuano,high_resource
453,177,37,5.03954802259887,4.783783783783784,2.0112994350282487,48,0.05405405405405406,0.480225988700565,0.0,0.1977401129943503,0.022598870056497175,0.011299435028248588,0.05084745762711865,0.03389830508474576,0.05649717514124294,0.0,0.0,0.0,0.480225988700565,0.4208354315553271,0.39424467637055804,0.39586830683301455,0.317657446125909,0.44268460375527224,0.3856857281559251,1.1299435028248588,0.8757062146892656,0.2542372881355932,0.01694915254237288,0.05649717514124294,0.3107344632768362,0.6588235294117647,0.0,0.0,0.05405405405405406,2,cebuano,high_resource
454,153,30,5.104575163398692,5.1,2.1633986928104574,47,0.03333333333333333,0.5098039215686274,0.0,0.1830065359477124,0.032679738562091505,0.026143790849673203,0.0392156862745098,0.006535947712418301,0.0457516339869281,0.0,0.0,0.0,0.35294117647058826,0.39220255301227147,0.34455497351127,0.36829569465489176,0.3021968293783799,0.39607181311246187,0.39192210693999074,1.1437908496732025,0.9477124183006536,0.19607843137254902,0.0,0.0457516339869281,0.3006535947712418,0.717948717948718,0.0,0.0,0.03333333333333333,2,cebuano,high_resource
455,74,14,4.9324324324324325,5.285714285714286,2.054054054054054,22,0.14285714285714285,0.6621621621621622,0.0,0.13513513513513514,0.013513513513513514,0.04054054054054054,0.02702702702702703,0.0,0.08108108108108109,0.0,0.0,0.0,0.35135135135135137,0.3436323658027854,0.2453120819520627,0.3442167326142294,0.20262820467222267,0.35070342531892607,0.29628293106332076,0.8648648648648649,0.6081081081081081,0.25675675675675674,0.0,0.08108108108108109,0.22972972972972974,0.7551020408163265,0.0,0.07142857142857142,0.14285714285714285,2,cebuano,high_resource
456,61,8,5.114754098360656,7.625,2.081967213114754,19,0.125,0.7704918032786885,0.01639344262295082,0.11475409836065574,0.03278688524590164,0.0,0.04918032786885246,0.01639344262295082,0.06557377049180328,0.0,0.0,0.0,0.4918032786885246,0.4168206737096331,0.3191516961666755,0.3700791829434628,0.24336049542391422,0.39750386595007525,0.37313358588211937,1.1311475409836067,0.819672131147541,0.3114754098360656,0.0,0.06557377049180328,0.2459016393442623,0.8297872340425532,0.0,0.0,0.125,2,cebuano,high_resource
457,915,80,4.331147540983607,11.4375,1.7540983606557377,122,0.55,0.3038251366120219,0.002185792349726776,0.16939890710382513,0.06229508196721312,0.025136612021857924,0.014207650273224045,0.04480874316939891,0.07213114754098361,0.004371584699453552,0.0,0.0,0.3693989071038251,0.46002787323782773,0.4157184382649642,0.41202977343840963,0.3892122560136495,0.45407613942951724,0.4949950090289075,0.7497267759562841,0.5595628415300546,0.1901639344262295,0.001092896174863388,0.06229508196721312,0.29180327868852457,0.5719424460431655,0.1875,0.4125,0.55,2,cebuano,high_resource
458,1004,101,4.5129482071713145,9.94059405940594,1.8675298804780875,216,0.45544554455445546,0.32171314741035856,0.00099601593625498,0.19223107569721115,0.025896414342629483,0.03884462151394422,0.05876494023904383,0.00796812749003984,0.07370517928286853,0.0,0.00398406374501992,0.0,0.41733067729083667,0.44946523369181696,0.4044998258058871,0.44685925872983484,0.33240135130295956,0.43976342722544803,0.4828182826255077,0.8844621513944224,0.5667330677290837,0.31772908366533864,0.0,0.07470119521912351,0.29780876494023906,0.6873065015479877,0.09900990099009901,0.4752475247524752,0.45544554455445546,2,cebuano,high_resource
459,47,10,4.276595744680851,4.7,1.7234042553191489,5,0.0,0.40425531914893614,0.0,0.1702127659574468,0.02127659574468085,0.0,0.1276595744680851,0.0,0.06382978723404255,0.0,0.0,0.0,0.46808510638297873,0.3584233432510517,0.26589340842359066,0.3280555175545009,0.18869146450609295,0.39196726241403695,0.27892407983697576,0.9361702127659575,0.5957446808510638,0.3404255319148936,0.0,0.06382978723404255,0.3191489361702128,0.5789473684210527,0.0,0.0,0.0,2,cebuano,high_resource
460,103,20,4.543689320388349,5.15,2.029126213592233,29,0.1,0.5533980582524272,0.0,0.17475728155339806,0.038834951456310676,0.0,0.04854368932038835,0.0,0.04854368932038835,0.009708737864077669,0.0,0.0,0.22330097087378642,0.3658050810532731,0.3109005323298129,0.3893518995344267,0.26132298846537544,0.3865909501643597,0.3750191092199717,0.9320388349514563,0.7184466019417476,0.21359223300970873,0.0,0.04854368932038835,0.3300970873786408,0.6666666666666666,0.05,0.05,0.1,2,cebuano,high_resource
461,252,30,4.2976190476190474,8.4,1.8214285714285714,63,1.7666666666666666,0.5476190476190477,0.01984126984126984,0.10317460317460317,0.07539682539682539,0.011904761904761904,0.051587301587301584,0.04365079365079365,0.06746031746031746,0.011904761904761904,0.0,0.0,0.4444444444444444,0.4010571171091633,0.29853995931978616,0.34968447225249677,0.2359992428024276,0.3845517678993908,0.3207339873293163,0.7142857142857142,0.5436507936507936,0.17063492063492064,0.0,0.05952380952380952,0.28174603174603174,0.7246376811594203,0.0,0.0,1.7666666666666666,2,cebuano,high_resource
462,226,46,4.615044247787611,4.913043478260869,1.9380530973451326,49,0.10869565217391304,0.48672566371681414,0.0,0.13274336283185842,0.030973451327433628,0.03982300884955752,0.07964601769911504,0.01327433628318584,0.04424778761061947,0.008849557522123894,0.0,0.0,0.36283185840707965,0.40927758346002,0.36289015183695394,0.3748157294504964,0.27538082417169346,0.4160290059093606,0.3993928968727233,0.8230088495575222,0.5929203539823009,0.23008849557522124,0.0,0.04424778761061947,0.3407079646017699,0.7181818181818181,0.021739130434782608,0.15217391304347827,0.10869565217391304,2,cebuano,high_resource
463,284,33,4.704225352112676,8.606060606060606,1.954225352112676,74,0.6363636363636364,0.4894366197183099,0.0,0.1795774647887324,0.03873239436619718,0.02112676056338028,0.056338028169014086,0.035211267605633804,0.045774647887323945,0.014084507042253521,0.0,0.0,0.3873239436619718,0.3970979897022772,0.33765846690601464,0.411597960408902,0.3545857170102855,0.4156463831322485,0.37837071220401025,0.8767605633802817,0.6267605633802817,0.25,0.0,0.045774647887323945,0.2711267605633803,0.6690647482014388,0.18181818181818182,0.3939393939393939,0.6363636363636364,2,cebuano,high_resource
464,417,30,4.601918465227818,13.9,1.8729016786570742,84,0.3333333333333333,0.34292565947242204,0.0,0.12709832134292565,0.045563549160671464,0.011990407673860911,0.08633093525179857,0.007194244604316547,0.11510791366906475,0.0,0.0,0.0,0.5155875299760192,0.436269298787907,0.4384123304249187,0.37333781077678163,0.3443179033193512,0.41235810570202014,0.5311709420040951,0.8465227817745804,0.5347721822541966,0.3117505995203837,0.004796163069544364,0.11510791366906475,0.33573141486810554,0.6153846153846154,0.0,0.0,0.3333333333333333,2,cebuano,high_resource
465,50,6,4.84,8.333333333333334,2.0,14,0.0,0.64,0.0,0.14,0.06,0.0,0.04,0.0,0.04,0.0,0.0,0.0,0.38,0.2906953429179355,0.19739418255051577,0.2945757752957635,0.15698080881671533,0.3094950587743974,0.20759974128355152,0.74,0.56,0.18,0.0,0.04,0.32,0.6875,0.0,0.0,0.0,2,cebuano,high_resource
466,178,48,4.078651685393258,3.7083333333333335,1.651685393258427,27,0.0,0.43820224719101125,0.0,0.2696629213483146,0.0056179775280898875,0.033707865168539325,0.033707865168539325,0.0,0.0,0.016853932584269662,0.0,0.0,0.2808988764044944,0.3596241374184342,0.3503029889735236,0.3266030499966426,0.2696656251876928,0.31660568238122905,0.37015549824252997,0.752808988764045,0.6123595505617978,0.1404494382022472,0.0056179775280898875,0.0,0.3089887640449438,0.5769230769230769,0.10416666666666667,0.0,0.0,2,cebuano,high_resource
467,109,14,4.926605504587156,7.785714285714286,2.0,30,0.21428571428571427,0.6422018348623854,0.0,0.1559633027522936,0.05504587155963303,0.009174311926605505,0.027522935779816515,0.01834862385321101,0.05504587155963303,0.0,0.0,0.0,0.41284403669724773,0.38725310824029513,0.2894354008339119,0.3820262237663917,0.24681180927115418,0.4170403907772072,0.3296589438815416,0.7798165137614679,0.5137614678899083,0.26605504587155965,0.0,0.05504587155963303,0.28440366972477066,0.7857142857142857,0.0,0.0,0.21428571428571427,2,cebuano,high_resource
468,68,16,5.735294117647059,4.25,2.3676470588235294,27,0.0625,0.6764705882352942,0.0,0.08823529411764706,0.0,0.029411764705882353,0.029411764705882353,0.0,0.08823529411764706,0.0,0.0,0.0,0.4852941176470588,0.3804249196179819,0.261975638092221,0.3948191593935679,0.2544483520755568,0.40442044329740795,0.305031534697223,1.161764705882353,0.8676470588235294,0.29411764705882354,0.0,0.08823529411764706,0.25,0.717391304347826,0.0,0.0,0.0625,2,cebuano,high_resource
469,154,17,4.6688311688311686,9.058823529411764,2.0259740259740258,40,1.2352941176470589,0.35714285714285715,0.0,0.15584415584415584,0.03896103896103896,0.045454545454545456,0.08441558441558442,0.006493506493506494,0.006493506493506494,0.006493506493506494,0.0,0.0,0.3116883116883117,0.3281260682108953,0.31888392610514127,0.323283148900849,0.29967213040916385,0.32775145730438043,0.3453352647619222,0.987012987012987,0.6623376623376623,0.3246753246753247,0.0,0.006493506493506494,0.2532467532467532,0.43636363636363634,0.23529411764705882,0.7647058823529411,1.2352941176470589,2,cebuano,high_resource
470,49,7,5.775510204081633,7.0,2.2653061224489797,15,0.0,0.673469387755102,0.0,0.08163265306122448,0.02040816326530612,0.02040816326530612,0.02040816326530612,0.0,0.14285714285714285,0.0,0.0,0.0,0.5102040816326531,0.3790894317087492,0.29160520236981624,0.37118564202107474,0.21595422715936985,0.39971232067672036,0.3593482290521211,1.2040816326530612,0.8979591836734694,0.30612244897959184,0.02040816326530612,0.14285714285714285,0.14285714285714285,0.7878787878787878,0.0,0.0,0.0,2,cebuano,high_resource
471,110,18,4.6454545454545455,6.111111111111111,1.8727272727272728,18,0.16666666666666666,0.5909090909090909,0.00909090909090909,0.07272727272727272,0.02727272727272727,0.045454545454545456,0.00909090909090909,0.02727272727272727,0.13636363636363635,0.0,0.0,0.0,0.4,0.3285386195765704,0.20721483409288785,0.2862001181361538,0.1922260948228365,0.30822245770867696,0.2318421551641951,0.9181818181818182,0.6727272727272727,0.24545454545454545,0.0,0.13636363636363635,0.10909090909090909,0.7846153846153846,0.1111111111111111,0.16666666666666666,0.16666666666666666,2,cebuano,high_resource
472,185,20,3.8864864864864863,9.25,1.6486486486486487,28,2.25,0.6378378378378379,0.02702702702702703,0.08648648648648649,0.06486486486486487,0.010810810810810811,0.03783783783783784,0.032432432432432434,0.10810810810810811,0.021621621621621623,0.0,0.005405405405405406,0.42162162162162165,0.3591389642416633,0.32338182755995204,0.36615546249265224,0.2998661632824308,0.38477312324800933,0.357138804875484,0.5675675675675675,0.41621621621621624,0.15135135135135136,0.0,0.0972972972972973,0.21081081081081082,0.7796610169491526,0.0,0.0,2.25,2,cebuano,high_resource
473,165,35,4.084848484848485,4.714285714285714,1.7575757575757576,22,0.11428571428571428,0.5151515151515151,0.0,0.2606060606060606,0.024242424242424242,0.06060606060606061,0.024242424242424242,0.006060606060606061,0.024242424242424242,0.006060606060606061,0.0,0.0,0.19393939393939394,0.3949994389850693,0.3102431496731453,0.3616314034086708,0.25130942540682244,0.39802724870868167,0.30700060091585507,0.6363636363636364,0.47878787878787876,0.15757575757575756,0.0,0.024242424242424242,0.3151515151515151,0.7294117647058823,0.2,0.0,0.11428571428571428,2,cebuano,high_resource
474,124,22,4.443548387096774,5.636363636363637,1.814516129032258,19,0.22727272727272727,0.7096774193548387,0.016129032258064516,0.14516129032258066,0.016129032258064516,0.04032258064516129,0.04032258064516129,0.024193548387096774,0.04032258064516129,0.008064516129032258,0.008064516129032258,0.0,0.4032258064516129,0.38547467115969025,0.3465984058117885,0.365980922335322,0.2734949216027825,0.399376623588688,0.3479438016090939,0.8870967741935484,0.5403225806451613,0.3467741935483871,0.0,0.04032258064516129,0.23387096774193547,0.75,0.36363636363636365,0.9090909090909091,0.22727272727272727,2,cebuano,high_resource
475,1021,92,4.832517140058766,11.097826086956522,2.01077375122429,281,0.45652173913043476,0.31831537708129287,0.0,0.1802154750244858,0.039177277179236046,0.021547502448579822,0.05680705190989226,0.009794319294809012,0.08031341821743389,0.0019588638589618022,0.0,0.0,0.4681684622918707,0.42038300929432015,0.46095652476082816,0.4193320123386743,0.3651032051233636,0.4549216913871562,0.5368873654298489,0.9128305582761997,0.6121449559255632,0.3006856023506366,0.0019588638589618022,0.08031341821743389,0.32713026444662097,0.6584615384615384,0.08695652173913043,0.44565217391304346,0.45652173913043476,2,cebuano,high_resource
476,167,31,4.976047904191617,5.387096774193548,2.059880239520958,43,0.0,0.5089820359281437,0.0,0.15568862275449102,0.017964071856287425,0.005988023952095809,0.059880239520958084,0.0,0.059880239520958084,0.0,0.0,0.0,0.4431137724550898,0.3855919751873629,0.3547253174429452,0.3635732637726434,0.2618537622978797,0.4009233837411067,0.3793931357299857,1.0059880239520957,0.7724550898203593,0.23353293413173654,0.0,0.059880239520958084,0.31736526946107785,0.6588235294117647,0.0,0.0,0.0,2,cebuano,high_resource
477,276,53,4.659420289855072,5.2075471698113205,2.003623188405797,67,0.33962264150943394,0.4528985507246377,0.0036231884057971015,0.16666666666666666,0.043478260869565216,0.010869565217391304,0.04710144927536232,0.014492753623188406,0.03985507246376811,0.0036231884057971015,0.0,0.0,0.34782608695652173,0.41695852712795756,0.35813983494625634,0.3752661229064976,0.3116423097791166,0.4099970560531413,0.42203956338302356,0.8007246376811594,0.5289855072463768,0.2717391304347826,0.0036231884057971015,0.03985507246376811,0.2427536231884058,0.624,0.1509433962264151,0.6792452830188679,0.33962264150943394,2,cebuano,high_resource
478,86,16,4.941860465116279,5.375,2.0348837209302326,25,0.0,0.6162790697674418,0.0,0.16279069767441862,0.023255813953488372,0.011627906976744186,0.046511627906976744,0.03488372093023256,0.09302325581395349,0.0,0.0,0.0,0.45348837209302323,0.4492685945205997,0.4091608522773088,0.4162526077397565,0.3357610381285213,0.4631149780234292,0.43137716891356,1.2325581395348837,0.872093023255814,0.36046511627906974,0.011627906976744186,0.09302325581395349,0.3488372093023256,0.7358490566037735,0.0,0.0,0.0,2,cebuano,high_resource
479,84,8,4.595238095238095,10.5,1.8928571428571428,19,0.5,0.34523809523809523,0.0,0.07142857142857142,0.09523809523809523,0.047619047619047616,0.17857142857142858,0.05952380952380952,0.0,0.0,0.0,0.0,0.5238095238095238,0.3368289136097068,0.2332040788890174,0.29718846901208557,0.22294594630656137,0.31667832491251935,0.25454881162509346,1.0952380952380953,0.7261904761904762,0.36904761904761907,0.0,0.0,0.4166666666666667,0.5172413793103449,0.0,0.5,0.5,2,cebuano,high_resource
480,78,15,4.653846153846154,5.2,1.9487179487179487,20,0.06666666666666667,0.5769230769230769,0.0,0.23076923076923078,0.05128205128205128,0.02564102564102564,0.01282051282051282,0.0,0.0,0.0,0.0,0.0,0.28205128205128205,0.3345499640354964,0.33387843833500747,0.3127769538419493,0.3166418008653418,0.3303146578779814,0.3452850033110141,1.0128205128205128,0.7307692307692307,0.28205128205128205,0.0,0.0,0.34615384615384615,0.7333333333333333,0.0,0.0,0.06666666666666667,2,cebuano,high_resource
481,161,35,5.198757763975156,4.6,2.0434782608695654,52,0.11428571428571428,0.422360248447205,0.012422360248447204,0.12422360248447205,0.012422360248447204,0.012422360248447204,0.07453416149068323,0.018633540372670808,0.062111801242236024,0.006211180124223602,0.0,0.0,0.5403726708074534,0.37003214384103866,0.31601112164732664,0.3701542629302338,0.26420155806239454,0.3795812878637605,0.3386520446301661,0.8757763975155279,0.5652173913043478,0.3105590062111801,0.0,0.062111801242236024,0.2484472049689441,0.5882352941176471,0.0,0.11428571428571428,0.11428571428571428,2,cebuano,high_resource
482,89,16,4.707865168539326,5.5625,2.033707865168539,26,0.0,0.38202247191011235,0.0,0.19101123595505617,0.0,0.06741573033707865,0.0449438202247191,0.0,0.0,0.0,0.0,0.0,0.21348314606741572,0.20944754148510442,0.11654940185653861,0.18743524392837976,0.10697074818421358,0.2130716379068034,0.10922723599836524,1.0112359550561798,0.8876404494382022,0.12359550561797752,0.0,0.0,0.34831460674157305,0.7058823529411765,0.0,0.0,0.0,2,cebuano,high_resource
483,91,18,4.318681318681318,5.055555555555555,1.7692307692307692,18,0.0,0.4065934065934066,0.0,0.1978021978021978,0.08791208791208792,0.02197802197802198,0.04395604395604396,0.0,0.07692307692307693,0.0,0.0,0.0,0.3076923076923077,0.3732520756860867,0.26836348697491236,0.3895283284132853,0.23229275632931937,0.40607107375046175,0.37217081265314206,1.021978021978022,0.8131868131868132,0.2087912087912088,0.01098901098901099,0.07692307692307693,0.3626373626373626,0.5405405405405406,0.0,0.0,0.0,2,cebuano,high_resource
484,84,19,4.809523809523809,4.421052631578948,1.9523809523809523,18,0.15789473684210525,0.6785714285714286,0.011904761904761904,0.11904761904761904,0.047619047619047616,0.023809523809523808,0.03571428571428571,0.011904761904761904,0.08333333333333333,0.0,0.0,0.0,0.44047619047619047,0.34574349056465387,0.304940230966983,0.3597698441575641,0.2890822497123806,0.37682081840352194,0.3470385105200176,1.0833333333333333,0.6666666666666666,0.4166666666666667,0.0,0.08333333333333333,0.25,0.7368421052631579,0.0,0.0,0.15789473684210525,2,cebuano,high_resource
485,89,16,4.337078651685394,5.5625,1.8876404494382022,16,0.125,0.5393258426966292,0.0,0.15730337078651685,0.07865168539325842,0.033707865168539325,0.033707865168539325,0.0,0.011235955056179775,0.0,0.0,0.0,0.21348314606741572,0.2946598256497074,0.14674836056565024,0.2571093448279229,0.11401795121830813,0.2710568246523976,0.14518780543567353,0.898876404494382,0.7865168539325843,0.11235955056179775,0.0,0.011235955056179775,0.33707865168539325,0.6041666666666666,0.0,0.125,0.125,2,cebuano,high_resource
486,75,12,4.093333333333334,6.25,1.8266666666666667,13,0.8333333333333334,0.5733333333333334,0.0,0.2,0.02666666666666667,0.0,0.02666666666666667,0.0,0.08,0.0,0.0,0.0,0.26666666666666666,0.3204952603805646,0.22685537670798198,0.2935615946626182,0.21600729944679867,0.32091200498347416,0.2598439079494363,0.4533333333333333,0.38666666666666666,0.06666666666666667,0.0,0.08,0.17333333333333334,0.7209302325581395,0.0,0.0,0.8333333333333334,2,cebuano,high_resource
487,217,43,4.953917050691245,5.046511627906977,2.0230414746543777,57,0.13953488372093023,0.5345622119815668,0.0,0.14285714285714285,0.03225806451612903,0.03686635944700461,0.055299539170506916,0.027649769585253458,0.03225806451612903,0.0,0.0,0.0,0.3640552995391705,0.41783933417180386,0.34600727324316766,0.4405421741803326,0.29864848033571156,0.4244617373271393,0.38192697263834163,0.9585253456221199,0.6912442396313364,0.2672811059907834,0.0,0.03225806451612903,0.33640552995391704,0.6982758620689655,0.046511627906976744,0.3488372093023256,0.13953488372093023,2,cebuano,high_resource
488,42,6,4.309523809523809,7.0,1.8095238095238095,8,0.16666666666666666,0.6428571428571429,0.0,0.14285714285714285,0.0,0.023809523809523808,0.0,0.0,0.16666666666666666,0.0,0.0,0.047619047619047616,0.35714285714285715,0.27840529419105264,0.16942430323464575,0.2647984331930863,0.1348792286809372,0.2952100900189465,0.2540102667290915,0.6666666666666667,0.5476190476190477,0.11904761904761904,0.0,0.16666666666666666,0.19047619047619047,0.7037037037037037,0.0,0.3333333333333333,0.16666666666666666,2,cebuano,high_resource
489,285,62,4.666666666666667,4.596774193548387,1.9228070175438596,68,0.0,0.4280701754385965,0.0,0.1543859649122807,0.03859649122807018,0.031578947368421054,0.04912280701754386,0.0035087719298245615,0.028070175438596492,0.007017543859649123,0.0,0.0,0.3649122807017544,0.4069855840770015,0.3894155165425275,0.4017609715971691,0.3181229443657625,0.41022166354095485,0.3741049683500924,0.9789473684210526,0.7192982456140351,0.2596491228070175,0.017543859649122806,0.028070175438596492,0.3333333333333333,0.6311475409836066,0.016129032258064516,0.0,0.0,2,cebuano,high_resource
490,37,7,4.702702702702703,5.285714285714286,2.054054054054054,9,0.0,0.7027027027027027,0.0,0.16216216216216217,0.0,0.0,0.05405405405405406,0.0,0.05405405405405406,0.0,0.0,0.0,0.40540540540540543,0.3287678202831546,0.20517051824040589,0.31559715008713873,0.19022335158239725,0.3522131657397766,0.21317319856750847,1.054054054054054,0.8378378378378378,0.21621621621621623,0.0,0.05405405405405406,0.2972972972972973,0.6538461538461539,0.0,0.0,0.0,2,cebuano,high_resource
491,139,25,4.496402877697841,5.56,1.8129496402877698,25,0.04,0.4892086330935252,0.0,0.2517985611510791,0.007194244604316547,0.014388489208633094,0.07913669064748201,0.02158273381294964,0.02877697841726619,0.0,0.0,0.0,0.38848920863309355,0.3691227525760048,0.303547386796033,0.35299588580707175,0.269779712553077,0.3829749280892347,0.3115131994303201,0.697841726618705,0.4460431654676259,0.2517985611510791,0.014388489208633094,0.02877697841726619,0.34532374100719426,0.7205882352941176,0.0,0.0,0.04,2,cebuano,high_resource
492,140,29,4.75,4.827586206896552,1.9785714285714286,30,0.1724137931034483,0.5285714285714286,0.0,0.2,0.007142857142857143,0.0,0.04285714285714286,0.0,0.04285714285714286,0.04285714285714286,0.0,0.0,0.4,0.382756035383217,0.37777129565656875,0.36566725041586645,0.2883952815676282,0.42534536165731335,0.4435654612311294,0.7785714285714286,0.5357142857142857,0.24285714285714285,0.0,0.04285714285714286,0.32857142857142857,0.7027027027027027,0.06896551724137931,0.2413793103448276,0.1724137931034483,2,cebuano,high_resource
493,204,45,4.627450980392157,4.533333333333333,1.946078431372549,42,0.15555555555555556,0.47058823529411764,0.0,0.21568627450980393,0.03431372549019608,0.004901960784313725,0.058823529411764705,0.0,0.03431372549019608,0.0,0.0,0.0,0.36764705882352944,0.4110240995275559,0.3544013261637006,0.40798504542534114,0.30559434936457724,0.4244151934859191,0.3921716085700516,1.0686274509803921,0.8186274509803921,0.25,0.058823529411764705,0.03431372549019608,0.3872549019607843,0.625,0.022222222222222223,0.15555555555555556,0.15555555555555556,2,cebuano,high_resource
494,249,51,4.795180722891566,4.882352941176471,1.9678714859437751,53,0.0784313725490196,0.5341365461847389,0.0,0.1566265060240964,0.0321285140562249,0.04819277108433735,0.028112449799196786,0.004016064257028112,0.0321285140562249,0.0,0.0,0.0,0.3453815261044177,0.42746527987183786,0.4503486331862798,0.38526576651366173,0.35095292199489503,0.42736350118211486,0.45076387331896217,0.8955823293172691,0.6345381526104418,0.26104417670682734,0.0,0.0321285140562249,0.3293172690763052,0.706766917293233,0.0,0.0,0.0784313725490196,2,cebuano,high_resource
495,95,10,4.5473684210526315,9.5,1.8631578947368421,23,0.2,0.5157894736842106,0.0,0.15789473684210525,0.08421052631578947,0.0,0.05263157894736842,0.0,0.06315789473684211,0.0,0.0,0.0,0.4421052631578947,0.41475855994708505,0.2977372562094021,0.39609716851120064,0.27823893831041235,0.4192498113149828,0.2707909490850415,1.0210526315789474,0.6947368421052632,0.3263157894736842,0.0,0.12631578947368421,0.43157894736842106,0.6530612244897959,0.0,0.0,0.2,2,cebuano,high_resource
496,76,8,4.657894736842105,9.5,1.9342105263157894,16,0.25,0.6710526315789473,0.0,0.11842105263157894,0.05263157894736842,0.02631578947368421,0.05263157894736842,0.0,0.07894736842105263,0.0,0.0,0.0,0.35526315789473684,0.35065831655768104,0.3486493553934633,0.3490909729800103,0.26629034173797844,0.41606400366520585,0.435456618069333,0.9078947368421053,0.6052631578947368,0.3026315789473684,0.0,0.07894736842105263,0.2631578947368421,0.6862745098039216,0.0,0.0,0.25,2,cebuano,high_resource
497,253,26,4.051383399209486,9.73076923076923,1.715415019762846,41,1.8461538461538463,0.5335968379446641,0.019762845849802372,0.1422924901185771,0.05138339920948617,0.003952569169960474,0.06719367588932806,0.019762845849802372,0.043478260869565216,0.011857707509881422,0.0,0.0,0.391304347826087,0.4037924008129766,0.37769531775208526,0.39955241553682813,0.3800311681087282,0.4092827852718982,0.3818923882846589,0.766798418972332,0.5098814229249012,0.25691699604743085,0.003952569169960474,0.03557312252964427,0.2845849802371542,0.7555555555555555,0.0,0.0,1.8461538461538463,2,cebuano,high_resource
498,109,23,4.587155963302752,4.739130434782608,1.9908256880733946,30,0.043478260869565216,0.5779816513761468,0.0,0.21100917431192662,0.01834862385321101,0.009174311926605505,0.009174311926605505,0.01834862385321101,0.03669724770642202,0.0,0.0,0.0,0.24770642201834864,0.34201212214259147,0.2301553597202031,0.3441051647119384,0.20988821382218617,0.33803289797616715,0.3044820669390705,0.9816513761467891,0.6972477064220184,0.28440366972477066,0.0,0.03669724770642202,0.27522935779816515,0.7142857142857143,0.0,0.0,0.043478260869565216,2,cebuano,high_resource
499,144,28,4.902777777777778,5.142857142857143,1.9375,26,0.07142857142857142,0.5416666666666666,0.0,0.18055555555555555,0.034722222222222224,0.0,0.04861111111111111,0.020833333333333332,0.020833333333333332,0.0,0.0,0.0,0.4652777777777778,0.43862989798900204,0.3405479893186191,0.387697065805035,0.32893266770531315,0.4021650457651817,0.3351751688934729,1.0972222222222223,0.7152777777777778,0.3819444444444444,0.0,0.020833333333333332,0.3472222222222222,0.7435897435897436,0.0,0.07142857142857142,0.07142857142857142,2,cebuano,high_resource
500,69,16,3.652173913043478,4.3125,1.536231884057971,3,0.125,0.2463768115942029,0.0,0.21739130434782608,0.10144927536231885,0.0,0.0,0.11594202898550725,0.0,0.0,0.0,0.0,0.17391304347826086,0.2239233781611833,0.13217998147832147,0.19857507406628605,0.10495984206124727,0.2038713563600485,0.11942915769951591,0.4202898550724638,0.30434782608695654,0.11594202898550725,0.0,0.0,0.34782608695652173,0.058823529411764705,0.0,0.0,0.125,2,cebuano,high_resource
501,193,22,4.430051813471502,8.772727272727273,1.8186528497409327,30,0.3181818181818182,0.538860103626943,0.0,0.13989637305699482,0.015544041450777202,0.02072538860103627,0.08290155440414508,0.010362694300518135,0.11398963730569948,0.0,0.0,0.0,0.44559585492227977,0.4350773622293867,0.38796106244864814,0.38221016562422105,0.38478876509093296,0.4156044927826866,0.4701541024224704,0.7357512953367875,0.49222797927461137,0.24352331606217617,0.010362694300518135,0.10880829015544041,0.27979274611398963,0.7307692307692307,0.18181818181818182,0.22727272727272727,0.3181818181818182,2,cebuano,high_resource
502,80,4,4.6,20.0,1.9625,21,0.5,0.5625,0.0,0.2625,0.0375,0.0125,0.025,0.0,0.075,0.0,0.0,0.0,0.3875,0.37971258358414,0.3097781260421159,0.37120853107216284,0.2768338707423045,0.42109160985301125,0.3616123329243135,0.8,0.5,0.3,0.0,0.075,0.3125,0.6666666666666666,0.0,0.0,0.5,2,cebuano,high_resource
503,508,48,4.417322834645669,10.583333333333334,1.860236220472441,108,0.4583333333333333,0.39960629921259844,0.0,0.15748031496062992,0.047244094488188976,0.025590551181102362,0.0531496062992126,0.021653543307086614,0.10826771653543307,0.0,0.0,0.0,0.3937007874015748,0.4350574305444901,0.4026325978112338,0.4102317626874416,0.3442214065678528,0.4571537808222458,0.5297183471278947,0.8681102362204725,0.5748031496062992,0.2933070866141732,0.003937007874015748,0.10826771653543307,0.31496062992125984,0.6847290640394089,0.0625,0.3541666666666667,0.4583333333333333,3,cebuano,high_resource
504,428,43,4.553738317757009,9.953488372093023,1.8457943925233644,72,0.3953488372093023,0.4158878504672897,0.0,0.20093457943925233,0.030373831775700934,0.018691588785046728,0.06074766355140187,0.016355140186915886,0.07009345794392523,0.0,0.0,0.0,0.39953271028037385,0.3781251309935835,0.35985278307647045,0.37730988068272353,0.33529060951143963,0.4194126069995269,0.3996495087122075,0.7967289719626168,0.5186915887850467,0.2780373831775701,0.0,0.06775700934579439,0.34345794392523366,0.7584269662921348,0.0,0.32558139534883723,0.3953488372093023,3,cebuano,high_resource
505,108,23,4.453703703703703,4.695652173913044,1.8796296296296295,19,0.13043478260869565,0.6388888888888888,0.0,0.1574074074074074,0.037037037037037035,0.0,0.07407407407407407,0.009259259259259259,0.07407407407407407,0.0,0.0,0.0,0.3611111111111111,0.4039631084832933,0.4067119425687216,0.3911235753540259,0.3413603511592958,0.44797117857606605,0.4451812432482215,0.6759259259259259,0.4537037037037037,0.2222222222222222,0.009259259259259259,0.05555555555555555,0.2962962962962963,0.7536231884057971,0.0,0.0,0.13043478260869565,3,cebuano,high_resource
506,233,18,4.776824034334764,12.944444444444445,1.9785407725321889,64,0.9444444444444444,0.43776824034334766,0.0,0.15879828326180256,0.04721030042918455,0.012875536480686695,0.08583690987124463,0.0,0.09012875536480687,0.0,0.0,0.0,0.43776824034334766,0.4182514075468408,0.405427823995922,0.38638815590166686,0.3333331635911664,0.4456969517621062,0.4439725464210931,0.7896995708154507,0.5407725321888412,0.24892703862660945,0.0,0.09012875536480687,0.2875536480686695,0.7156862745098039,0.0,0.0,0.9444444444444444,3,cebuano,high_resource
507,772,69,4.540155440414508,11.18840579710145,1.895077720207254,151,0.8695652173913043,0.2966321243523316,0.0,0.16191709844559585,0.06735751295336788,0.015544041450777202,0.042746113989637305,0.019430051813471502,0.08031088082901554,0.009067357512953367,0.0,0.0,0.3626943005181347,0.4176464398712302,0.39875067192642677,0.4008560415243321,0.3386590313794969,0.4746286458194028,0.4856018712295711,0.8393782383419689,0.5971502590673575,0.2422279792746114,0.015544041450777202,0.07901554404145078,0.3393782383419689,0.5545851528384279,0.13043478260869565,0.5507246376811594,0.8695652173913043,3,cebuano,high_resource
508,196,22,4.408163265306122,8.909090909090908,1.816326530612245,29,0.4090909090909091,0.5102040816326531,0.0,0.17346938775510204,0.04591836734693878,0.03571428571428571,0.04591836734693878,0.02040816326530612,0.0663265306122449,0.0,0.0,0.0,0.3877551020408163,0.409829907643696,0.31167444464333305,0.36886647969582054,0.2605483251359178,0.382477980738046,0.3643453019786264,0.8571428571428572,0.5357142857142857,0.32142857142857145,0.01020408163265306,0.0663265306122449,0.2857142857142857,0.74,0.045454545454545456,0.045454545454545456,0.4090909090909091,3,cebuano,high_resource
509,970,88,4.654639175257732,11.022727272727273,1.8865979381443299,217,0.4318181818181818,0.3402061855670103,0.002061855670103093,0.19175257731958764,0.03814432989690722,0.042268041237113405,0.03608247422680412,0.01443298969072165,0.07525773195876288,0.010309278350515464,0.0010309278350515464,0.0,0.465979381443299,0.4190324920798746,0.4003669362133813,0.4241024058233313,0.33087130026919526,0.4765930736888264,0.5076790047633196,0.8484536082474228,0.6103092783505155,0.2381443298969072,0.0010309278350515464,0.06804123711340206,0.30927835051546393,0.6545454545454545,0.11363636363636363,0.4431818181818182,0.4318181818181818,3,cebuano,high_resource
510,121,11,4.363636363636363,11.0,1.8016528925619835,19,0.45454545454545453,0.5702479338842975,0.008264462809917356,0.15702479338842976,0.05785123966942149,0.01652892561983471,0.0743801652892562,0.01652892561983471,0.05785123966942149,0.0,0.008264462809917356,0.0,0.34710743801652894,0.3483156299010397,0.34759672442431805,0.33584653425987526,0.28493634051508043,0.3884441886580746,0.43728153428504196,0.8016528925619835,0.5785123966942148,0.2231404958677686,0.008264462809917356,0.05785123966942149,0.34710743801652894,0.7391304347826086,0.0,0.2727272727272727,0.45454545454545453,3,cebuano,high_resource
511,528,73,4.672348484848484,7.232876712328767,1.875,99,0.273972602739726,0.375,0.0,0.1534090909090909,0.05113636363636364,0.02462121212121212,0.03787878787878788,0.03598484848484849,0.07007575757575757,0.0,0.0,0.0,0.4621212121212121,0.43906265843995473,0.39570090848996214,0.40234407035990366,0.32657648328378147,0.435410850322818,0.48101520294331956,0.8295454545454545,0.6041666666666666,0.22537878787878787,0.0,0.07007575757575757,0.2840909090909091,0.5707070707070707,0.0958904109589041,0.4794520547945205,0.273972602739726,3,cebuano,high_resource
512,433,34,4.5265588914549655,12.735294117647058,1.928406466512702,101,0.29411764705882354,0.43648960739030024,0.0,0.21016166281755197,0.06697459584295612,0.018475750577367205,0.03926096997690531,0.006928406466512702,0.04157043879907621,0.0,0.0,0.0,0.325635103926097,0.40495017566924546,0.37133067248510787,0.392260267313439,0.31420113471536754,0.4578914185235532,0.42654433256520946,0.74364896073903,0.5219399538106235,0.22170900692840648,0.0,0.03926096997690531,0.3533487297921478,0.7354497354497355,0.058823529411764705,0.29411764705882354,0.29411764705882354,3,cebuano,high_resource
513,232,53,4.517241379310345,4.377358490566038,1.7672413793103448,40,0.09433962264150944,0.5560344827586207,0.0,0.17672413793103448,0.04741379310344827,0.0603448275862069,0.04741379310344827,0.03017241379310345,0.03017241379310345,0.04310344827586207,0.008620689655172414,0.0,0.4051724137931034,0.4239908620646983,0.338099093300865,0.40590643575229474,0.3329959066417367,0.4296578842383681,0.39808134543488927,0.8491379310344827,0.5818965517241379,0.2672413793103448,0.004310344827586207,0.03017241379310345,0.29310344827586204,0.7441860465116279,0.03773584905660377,0.11320754716981132,0.09433962264150944,3,cebuano,high_resource
514,544,65,4.7463235294117645,8.36923076923077,1.9154411764705883,135,0.3384615384615385,0.40441176470588236,0.001838235294117647,0.15808823529411764,0.04963235294117647,0.007352941176470588,0.06801470588235294,0.014705882352941176,0.05698529411764706,0.0,0.0,0.0,0.4227941176470588,0.41968422045289133,0.4479067772703667,0.42444647296876287,0.3958043096942995,0.4808137603422336,0.5016958207791141,0.8952205882352942,0.59375,0.3014705882352941,0.0,0.05698529411764706,0.32536764705882354,0.6636363636363637,0.046153846153846156,0.2923076923076923,0.3384615384615385,3,cebuano,high_resource
515,167,11,4.455089820359281,15.181818181818182,1.7904191616766467,26,0.36363636363636365,0.4431137724550898,0.0,0.1377245508982036,0.059880239520958084,0.0,0.059880239520958084,0.0,0.12574850299401197,0.0,0.0,0.0,0.4491017964071856,0.40019748367779934,0.3590790511411638,0.3651820573898996,0.3592520877162118,0.398613727883099,0.41939681746676194,0.9580838323353293,0.6287425149700598,0.32934131736526945,0.0,0.12574850299401197,0.32934131736526945,0.6621621621621622,0.0,0.2727272727272727,0.36363636363636365,3,cebuano,high_resource
516,189,20,4.560846560846561,9.45,1.8518518518518519,44,0.25,0.4973544973544973,0.005291005291005291,0.21164021164021163,0.031746031746031744,0.0582010582010582,0.037037037037037035,0.026455026455026454,0.021164021164021163,0.0,0.0,0.0,0.3915343915343915,0.4565419770459514,0.45291933531114775,0.40495650143417705,0.36684331545279425,0.4254193558741926,0.3946532992961802,0.8994708994708994,0.5925925925925926,0.30687830687830686,0.0,0.10052910052910052,0.3492063492063492,0.6914893617021277,0.15,0.45,0.25,3,cebuano,high_resource
517,653,76,4.479326186830015,8.592105263157896,1.889739663093415,147,0.34210526315789475,0.3889739663093415,0.0,0.2327718223583461,0.022970903522205207,0.015313935681470138,0.05206738131699847,0.01225114854517611,0.06891271056661562,0.0015313935681470138,0.0,0.0030627871362940277,0.43032159264931086,0.43633239208483166,0.46548799212304115,0.4105090289482309,0.38147833463613984,0.477111721889909,0.5072115661571076,0.7166921898928025,0.5084226646248086,0.2082695252679939,0.0,0.06738131699846861,0.3430321592649311,0.6889763779527559,0.06578947368421052,0.3026315789473684,0.34210526315789475,3,cebuano,high_resource
518,420,38,4.461904761904762,11.052631578947368,1.7952380952380953,76,0.8947368421052632,0.4,0.0,0.17142857142857143,0.07857142857142857,0.06190476190476191,0.06190476190476191,0.01904761904761905,0.03333333333333333,0.004761904761904762,0.0,0.0,0.3738095238095238,0.3945448285532616,0.36400900275361237,0.4028250648002789,0.3087312311139259,0.4501758921892065,0.38728980309362193,0.7476190476190476,0.5071428571428571,0.24047619047619048,0.004761904761904762,0.03333333333333333,0.35,0.7083333333333334,0.13157894736842105,0.39473684210526316,0.8947368421052632,3,cebuano,high_resource
519,404,30,4.702970297029703,13.466666666666667,1.9034653465346534,99,0.8,0.4405940594059406,0.0024752475247524753,0.1485148514851485,0.0297029702970297,0.03217821782178218,0.05693069306930693,0.027227722772277228,0.1485148514851485,0.0,0.0,0.0,0.5074257425742574,0.4371269013581416,0.4418374685079705,0.40130919316817754,0.39303716957600476,0.43896504170743855,0.5271978628592363,0.8316831683168318,0.5544554455445545,0.27722772277227725,0.0,0.1311881188118812,0.2871287128712871,0.7134831460674157,0.1,0.1,0.8,3,cebuano,high_resource
520,191,18,4.471204188481676,10.61111111111111,1.8900523560209423,36,0.7777777777777778,0.38219895287958117,0.0,0.15706806282722513,0.04712041884816754,0.005235602094240838,0.08376963350785341,0.0,0.06282722513089005,0.0,0.0,0.0,0.387434554973822,0.40372202034554766,0.36885913709879126,0.3796404948511699,0.3057794053402908,0.43944233991826226,0.41707851320831135,0.9162303664921465,0.6544502617801047,0.2617801047120419,0.0,0.06282722513089005,0.2931937172774869,0.589041095890411,0.2222222222222222,0.5,0.7777777777777778,3,cebuano,high_resource
521,159,32,4.59748427672956,4.96875,1.8616352201257862,27,0.03125,0.4528301886792453,0.0,0.23270440251572327,0.006289308176100629,0.012578616352201259,0.050314465408805034,0.012578616352201259,0.012578616352201259,0.0,0.0,0.0,0.41509433962264153,0.3155851067825653,0.24113675090138717,0.31886397993321497,0.2612122728211806,0.3013632160583579,0.26491575040061854,0.8301886792452831,0.6037735849056604,0.22641509433962265,0.0,0.012578616352201259,0.34591194968553457,0.7083333333333334,0.0,0.0,0.03125,3,cebuano,high_resource
522,428,30,4.565420560747664,14.266666666666667,1.8504672897196262,91,0.5333333333333333,0.3901869158878505,0.0,0.19158878504672897,0.0514018691588785,0.004672897196261682,0.053738317757009345,0.002336448598130841,0.06542056074766354,0.016355140186915886,0.002336448598130841,0.0,0.40654205607476634,0.41716227293327274,0.44374141884123897,0.39127814514542053,0.360663892871156,0.4571675628027703,0.4971255429694685,0.7523364485981309,0.5373831775700935,0.21495327102803738,0.0,0.06542056074766354,0.34579439252336447,0.6526946107784432,0.0,0.03333333333333333,0.5333333333333333,3,cebuano,high_resource
523,89,13,4.820224719101123,6.846153846153846,1.9662921348314606,23,0.07692307692307693,0.5730337078651685,0.0,0.2696629213483146,0.0,0.011235955056179775,0.0449438202247191,0.02247191011235955,0.02247191011235955,0.0,0.0,0.0,0.29213483146067415,0.384529020990243,0.32189292225650784,0.3781240787134731,0.23415633673640926,0.4104146424189028,0.3434187263253037,1.0337078651685392,0.7191011235955056,0.3146067415730337,0.0,0.02247191011235955,0.38202247191011235,0.7254901960784313,0.0,0.0,0.07692307692307693,3,cebuano,high_resource
524,609,78,4.986863711001642,7.8076923076923075,1.9408866995073892,164,0.4358974358974359,0.3333333333333333,0.0016420361247947454,0.1625615763546798,0.031198686371100164,0.009852216748768473,0.08866995073891626,0.009852216748768473,0.10016420361247948,0.0049261083743842365,0.0,0.0,0.5402298850574713,0.3990822507637557,0.3713976521949526,0.39303515756350643,0.30388675629207074,0.4369162124129984,0.46637890781338204,0.9507389162561577,0.632183908045977,0.3185550082101806,0.0,0.10016420361247948,0.3218390804597701,0.5911330049261084,0.038461538461538464,0.32051282051282054,0.4358974358974359,3,cebuano,high_resource
525,361,46,4.60387811634349,7.8478260869565215,1.894736842105263,66,0.391304347826087,0.44321329639889195,0.0,0.19390581717451524,0.0221606648199446,0.027700831024930747,0.06371191135734072,0.01662049861495845,0.036011080332409975,0.0,0.0,0.0,0.3628808864265928,0.3871104386008323,0.38681451414081636,0.3958231983294983,0.3308744516619603,0.41069417218933146,0.35903773698050545,0.7950138504155124,0.5484764542936288,0.24653739612188366,0.0,0.036011080332409975,0.3047091412742382,0.675,0.10869565217391304,0.30434782608695654,0.391304347826087,3,cebuano,high_resource
526,121,12,4.446280991735537,10.083333333333334,1.8760330578512396,30,0.3333333333333333,0.5371900826446281,0.0,0.19008264462809918,0.08264462809917356,0.024793388429752067,0.04132231404958678,0.0,0.04132231404958678,0.0,0.0,0.0,0.39669421487603307,0.3897283152023164,0.3624279077466785,0.3729572446274622,0.30420966751683925,0.4344157807839157,0.42005955241195686,0.9008264462809917,0.6611570247933884,0.2396694214876033,0.0,0.04132231404958678,0.33884297520661155,0.7230769230769231,0.0,0.0,0.3333333333333333,3,cebuano,high_resource
527,3421,200,4.657702426191173,17.105,1.8930137386729027,804,1.165,0.278865828705057,0.005553931598947676,0.15112540192926044,0.04355451622332651,0.017831043554516222,0.05495469161064016,0.01373867290266004,0.11546331482022801,0.006138555977784273,0.00233849751534639,0.0,0.464776381175095,0.44524195120056514,0.5348912810345897,0.4343814209424016,0.4230928446841982,0.4867585544105276,0.6350802985045199,0.8392282958199357,0.5942706810874013,0.24495761473253436,0.001169248757673195,0.10669394913767904,0.2823735749780766,0.6708595387840671,0.025,0.31,1.165,3,cebuano,high_resource
528,322,41,4.316770186335404,7.853658536585366,1.8043478260869565,54,0.3170731707317073,0.422360248447205,0.0,0.21428571428571427,0.034161490683229816,0.009316770186335404,0.062111801242236024,0.003105590062111801,0.07763975155279502,0.0,0.0,0.0,0.35093167701863354,0.381754460588888,0.38296858207790624,0.40670598207479414,0.35727808765128416,0.43382237064561213,0.4163843664627255,0.7422360248447204,0.5093167701863354,0.2329192546583851,0.006211180124223602,0.07763975155279502,0.34782608695652173,0.7352941176470589,0.14634146341463414,0.21951219512195122,0.3170731707317073,3,cebuano,high_resource
529,151,13,4.556291390728477,11.615384615384615,1.8741721854304636,38,0.38461538461538464,0.4768211920529801,0.0,0.17218543046357615,0.052980132450331126,0.006622516556291391,0.09271523178807947,0.019867549668874173,0.09271523178807947,0.0,0.0,0.0,0.45695364238410596,0.40446374875385727,0.39090226794165994,0.39388141689493994,0.33755900581080583,0.44908874907358187,0.44218990353940263,0.9072847682119205,0.6026490066225165,0.304635761589404,0.0,0.09271523178807947,0.3509933774834437,0.6388888888888888,0.0,0.0,0.38461538461538464,3,cebuano,high_resource
530,246,58,4.979674796747967,4.241379310344827,2.0284552845528454,64,0.15517241379310345,0.4878048780487805,0.0,0.15040650406504066,0.04065040650406504,0.012195121951219513,0.07317073170731707,0.012195121951219513,0.032520325203252036,0.0,0.0,0.0,0.45528455284552843,0.39808832480735096,0.39314788268202705,0.3837490337900234,0.2843747763256564,0.42917930472285465,0.44035848872895006,1.0284552845528456,0.6991869918699187,0.32926829268292684,0.0,0.032520325203252036,0.2601626016260163,0.6916666666666667,0.05172413793103448,0.1206896551724138,0.15517241379310345,3,cebuano,high_resource
531,86,9,4.6395348837209305,9.555555555555555,1.941860465116279,18,0.3333333333333333,0.5813953488372093,0.0,0.13953488372093023,0.05813953488372093,0.011627906976744186,0.06976744186046512,0.011627906976744186,0.0,0.0,0.0,0.0,0.313953488372093,0.41378965283244373,0.3926660473522754,0.37518108099522135,0.31028662616575564,0.396070184254896,0.3411068709289441,1.069767441860465,0.8023255813953488,0.26744186046511625,0.0,0.023255813953488372,0.4069767441860465,0.68,0.0,0.0,0.3333333333333333,3,cebuano,high_resource
532,176,14,4.2102272727272725,12.571428571428571,1.7840909090909092,25,0.5714285714285714,0.44886363636363635,0.0,0.19886363636363635,0.05113636363636364,0.005681818181818182,0.056818181818181816,0.011363636363636364,0.08522727272727272,0.0,0.0,0.0,0.3352272727272727,0.3540261772758036,0.2758521652276644,0.3621759339669731,0.23033120926807207,0.3880139878113441,0.34053677341240657,0.6931818181818181,0.4602272727272727,0.23295454545454544,0.0,0.08522727272727272,0.3125,0.6582278481012658,0.14285714285714285,0.0,0.5714285714285714,3,cebuano,high_resource
533,471,42,4.653927813163482,11.214285714285714,1.959660297239915,109,0.5714285714285714,0.37367303609341823,0.0,0.1740976645435244,0.05307855626326964,0.010615711252653927,0.06369426751592357,0.014861995753715499,0.059447983014861996,0.0,0.0,0.0,0.3481953290870488,0.42945385318328066,0.44355889348274674,0.41243023179923594,0.3610023157924493,0.48236543495742656,0.543775455152427,0.8895966029723992,0.6284501061571125,0.2611464968152866,0.0021231422505307855,0.059447983014861996,0.346072186836518,0.6704545454545454,0.0,0.38095238095238093,0.5714285714285714,3,cebuano,high_resource
534,423,31,4.513002364066194,13.64516129032258,1.8557919621749408,91,0.7096774193548387,0.425531914893617,0.0,0.16548463356973994,0.04964539007092199,0.004728132387706856,0.06382978723404255,0.01182033096926714,0.14184397163120568,0.002364066193853428,0.002364066193853428,0.0,0.44680851063829785,0.39830448001365115,0.3789964320417666,0.40476137539226864,0.3512324000599635,0.4357053687834346,0.46787948935879214,0.8156028368794326,0.5366430260047281,0.2789598108747045,0.0,0.14184397163120568,0.3617021276595745,0.7555555555555555,0.06451612903225806,0.2903225806451613,0.7096774193548387,3,cebuano,high_resource
535,673,56,4.277860326894502,12.017857142857142,1.8202080237741456,138,0.6785714285714286,0.2971768202080238,0.0029717682020802376,0.1352154531946508,0.0549777117384844,0.01634472511144131,0.06092124814264487,0.010401188707280832,0.1426448736998514,0.0014858841010401188,0.0,0.0,0.4234769687964339,0.4368474160644898,0.4236653995654292,0.3719489753145858,0.38106672604333053,0.43463162630221125,0.5348027023782285,0.7696879643387815,0.5022288261515602,0.2674591381872214,0.0,0.1426448736998514,0.32392273402674593,0.62,0.05357142857142857,0.5,0.6785714285714286,3,cebuano,high_resource
536,256,19,4.46875,13.473684210526315,1.83984375,54,0.15789473684210525,0.41015625,0.0,0.19921875,0.05859375,0.0,0.0546875,0.01171875,0.06640625,0.0,0.0,0.0,0.390625,0.4053365367938432,0.3378735352508227,0.39823620728171844,0.2765034100103576,0.4449355269668058,0.3831832581372706,0.94921875,0.671875,0.27734375,0.0078125,0.06640625,0.33203125,0.780952380952381,0.0,0.0,0.15789473684210525,3,cebuano,high_resource
537,238,27,4.453781512605042,8.814814814814815,1.865546218487395,41,0.18518518518518517,0.36134453781512604,0.0,0.09243697478991597,0.0546218487394958,0.012605042016806723,0.06302521008403361,0.02100840336134454,0.05042016806722689,0.0,0.0,0.0,0.29411764705882354,0.4061429799290785,0.3789737847338203,0.33479226544000135,0.2934132828909134,0.3964851599264924,0.4276792348555965,0.8277310924369748,0.6428571428571429,0.18487394957983194,0.004201680672268907,0.05042016806722689,0.3067226890756303,0.5232558139534884,0.07407407407407407,0.25925925925925924,0.18518518518518517,3,cebuano,high_resource
538,419,52,4.4534606205250595,8.057692307692308,1.8520286396181385,80,0.4230769230769231,0.4630071599045346,0.0,0.17899761336515513,0.07398568019093078,0.021479713603818614,0.031026252983293555,0.016706443914081145,0.03341288782816229,0.007159904534606206,0.0,0.0,0.3412887828162291,0.4140548045749822,0.3580210591059209,0.42042555500312134,0.33570477833225193,0.4307689139204287,0.3929627703538787,0.9689737470167065,0.6205250596658711,0.34844868735083534,0.00477326968973747,0.03341288782816229,0.33890214797136037,0.6907216494845361,0.09615384615384616,0.28846153846153844,0.4230769230769231,3,cebuano,high_resource
539,653,84,4.584992343032159,7.773809523809524,1.9464012251148546,139,0.27380952380952384,0.38591117917304746,0.0030627871362940277,0.16079632465543645,0.0444104134762634,0.010719754977029096,0.04900459418070444,0.010719754977029096,0.0444104134762634,0.0,0.0,0.0,0.34915773353751917,0.4232374534907268,0.45023954155821916,0.43514180445593664,0.3996994999078808,0.4435149438334988,0.49551432057254224,0.8698315467075037,0.5911179173047473,0.2787136294027565,0.0,0.0444104134762634,0.3016845329249617,0.6428571428571429,0.08333333333333333,0.42857142857142855,0.27380952380952384,3,cebuano,high_resource
540,683,73,4.465592972181552,9.356164383561644,1.8682284040995607,133,0.6575342465753424,0.30161054172767204,0.0,0.1171303074670571,0.05417276720351391,0.01171303074670571,0.07027818448023426,0.010248901903367497,0.1171303074670571,0.004392386530014641,0.0,0.0,0.4260614934114202,0.4269266763738707,0.4956387146549996,0.4160297642620856,0.38594680392952124,0.4867718818097867,0.5881873353092946,0.8638360175695461,0.5973645680819912,0.2664714494875549,0.0014641288433382138,0.1171303074670571,0.30453879941434847,0.5533980582524272,0.0684931506849315,0.4794520547945205,0.6575342465753424,3,cebuano,high_resource
541,955,95,4.596858638743456,10.052631578947368,1.8848167539267016,189,0.4,0.39267015706806285,0.0010471204188481676,0.1612565445026178,0.03664921465968586,0.014659685863874346,0.041884816753926704,0.012565445026178011,0.10261780104712041,0.0010471204188481676,0.0010471204188481676,0.0,0.4157068062827225,0.4317669722073395,0.4806751948784374,0.41338450541910077,0.41729017773107724,0.4653280515350853,0.5496599945098055,0.7832460732984293,0.5727748691099477,0.21047120418848167,0.0,0.09424083769633508,0.32356020942408376,0.7253333333333334,0.042105263157894736,0.29473684210526313,0.4,3,cebuano,high_resource
542,315,35,4.46984126984127,9.0,1.7746031746031745,55,0.5428571428571428,0.4634920634920635,0.0,0.10793650793650794,0.06031746031746032,0.08253968253968254,0.06031746031746032,0.025396825396825397,0.08571428571428572,0.0031746031746031746,0.0,0.0,0.4634920634920635,0.4127242374414369,0.37865944794283685,0.37562627467379917,0.316539256638529,0.4189969718491394,0.45029548109830464,0.8476190476190477,0.526984126984127,0.32063492063492066,0.0,0.08571428571428572,0.273015873015873,0.726027397260274,0.08571428571428572,0.6285714285714286,0.5428571428571428,3,cebuano,high_resource
543,134,14,5.007462686567164,9.571428571428571,2.044776119402985,35,0.7857142857142857,0.5671641791044776,0.0,0.07462686567164178,0.04477611940298507,0.022388059701492536,0.07462686567164178,0.03731343283582089,0.04477611940298507,0.0,0.0,0.0,0.417910447761194,0.3884636308737449,0.3242191423862859,0.3899707441065026,0.29096733700173105,0.41767581670215087,0.4288637512927337,1.037313432835821,0.7238805970149254,0.31343283582089554,0.0,0.04477611940298507,0.2462686567164179,0.6710526315789473,0.0,0.2857142857142857,0.7857142857142857,3,cebuano,high_resource
544,82,8,4.280487804878049,10.25,1.8048780487804879,19,0.375,0.5487804878048781,0.0,0.2073170731707317,0.07317073170731707,0.024390243902439025,0.024390243902439025,0.012195121951219513,0.06097560975609756,0.0,0.0,0.0,0.3048780487804878,0.36732701886318875,0.2983454849164634,0.31976050018986535,0.25333717317394766,0.3480821513784734,0.3527398808831725,1.1097560975609757,0.8902439024390244,0.21951219512195122,0.0,0.06097560975609756,0.32926829268292684,0.6444444444444445,0.0,0.0,0.375,3,cebuano,high_resource
545,370,35,4.708108108108108,10.571428571428571,1.9351351351351351,96,0.7142857142857143,0.43513513513513513,0.0,0.1945945945945946,0.03783783783783784,0.013513513513513514,0.04054054054054054,0.010810810810810811,0.10810810810810811,0.0,0.0,0.0,0.4918918918918919,0.4426246544508356,0.4032537818090505,0.43647956033568425,0.3794265091310371,0.4680922039720134,0.5011560501735107,0.772972972972973,0.5567567567567567,0.21621621621621623,0.0,0.10810810810810811,0.2945945945945946,0.6956521739130435,0.08571428571428572,0.2857142857142857,0.7142857142857143,3,cebuano,high_resource
546,423,72,4.673758865248227,5.875,1.9243498817966902,94,0.16666666666666666,0.40189125295508277,0.0,0.20094562647754138,0.037825059101654845,0.009456264775413711,0.05673758865248227,0.018912529550827423,0.02364066193853428,0.02127659574468085,0.0,0.0,0.41843971631205673,0.4221477830246746,0.4171321500327777,0.40924248023813503,0.3794050713787612,0.45447779376977143,0.48258569917806765,0.9456264775413712,0.6643026004728132,0.28132387706855794,0.0,0.02364066193853428,0.30969267139479906,0.6647058823529411,0.06944444444444445,0.3611111111111111,0.16666666666666666,3,cebuano,high_resource
547,136,13,4.5661764705882355,10.461538461538462,1.9191176470588236,36,0.0,0.4264705882352941,0.0,0.13970588235294118,0.10294117647058823,0.022058823529411766,0.051470588235294115,0.014705882352941176,0.0661764705882353,0.0,0.0,0.007352941176470588,0.38235294117647056,0.32230726064429166,0.2941870156820465,0.3267444242475739,0.2432265538446194,0.358344182689257,0.3644835735405025,0.9191176470588235,0.6691176470588235,0.25,0.0,0.0661764705882353,0.3161764705882353,0.5344827586206896,0.0,0.0,0.0,3,cebuano,high_resource
548,177,25,4.72316384180791,7.08,1.9830508474576272,45,0.36,0.6836158192090396,0.0,0.1807909604519774,0.02824858757062147,0.02824858757062147,0.03954802259887006,0.005649717514124294,0.04519774011299435,0.005649717514124294,0.0,0.0,0.3446327683615819,0.40852250775829596,0.37866159436946656,0.3965473745889328,0.3184415635103754,0.45072455275774104,0.45364824811528426,0.8813559322033898,0.615819209039548,0.2655367231638418,0.005649717514124294,0.04519774011299435,0.2655367231638418,0.8181818181818182,0.08,0.16,0.36,3,cebuano,high_resource
549,461,70,4.867678958785249,6.585714285714285,1.9219088937093276,110,0.22857142857142856,0.41865509761388287,0.0,0.1019522776572668,0.07158351409978309,0.008676789587852495,0.08026030368763558,0.015184381778741865,0.06724511930585683,0.013015184381778741,0.0,0.0,0.5097613882863341,0.42712863936248113,0.3692389363304114,0.4043160534534169,0.3103683312084069,0.4171664515921178,0.4628141547780509,0.8937093275488069,0.5921908893709328,0.30151843817787416,0.004338394793926247,0.06724511930585683,0.2993492407809111,0.6787564766839378,0.014285714285714285,0.22857142857142856,0.22857142857142856,3,cebuano,high_resource
550,151,17,4.602649006622516,8.882352941176471,1.8874172185430464,30,0.29411764705882354,0.5298013245033113,0.006622516556291391,0.11258278145695365,0.013245033112582781,0.006622516556291391,0.08609271523178808,0.019867549668874173,0.0728476821192053,0.0,0.0,0.0,0.36423841059602646,0.40996777300656545,0.29341445213918965,0.36002668320813075,0.242444183739535,0.40931764399004394,0.35553765918024954,0.8940397350993378,0.6158940397350994,0.2781456953642384,0.0,0.0728476821192053,0.31125827814569534,0.7125,0.0,0.0,0.29411764705882354,3,cebuano,high_resource
551,552,59,4.661231884057971,9.35593220338983,1.9710144927536233,138,0.6101694915254238,0.42391304347826086,0.0,0.18840579710144928,0.04528985507246377,0.028985507246376812,0.043478260869565216,0.009057971014492754,0.04528985507246377,0.0018115942028985507,0.0,0.0018115942028985507,0.37318840579710144,0.4461386559978614,0.43125628474688654,0.45379109026857867,0.38271664903745983,0.4543234225229728,0.47114253865948036,0.8713768115942029,0.5905797101449275,0.2807971014492754,0.0,0.04528985507246377,0.25905797101449274,0.6923076923076923,0.15254237288135594,0.288135593220339,0.6101694915254238,3,cebuano,high_resource
552,386,92,4.3782383419689115,4.195652173913044,1.8031088082901554,60,0.1956521739130435,0.4170984455958549,0.0,0.15025906735751296,0.02849740932642487,0.08549222797927461,0.03367875647668394,0.025906735751295335,0.038860103626943004,0.0,0.0,0.0,0.36528497409326427,0.3742923099441172,0.35866160209834713,0.37221663143987666,0.3504432184055537,0.4020765342197087,0.37717800449681566,0.8212435233160622,0.6088082901554405,0.21243523316062177,0.0,0.038860103626943004,0.24870466321243523,0.6211180124223602,0.05434782608695652,0.30434782608695654,0.1956521739130435,3,cebuano,high_resource
553,298,32,4.654362416107382,9.3125,1.8791946308724832,74,0.4375,0.39932885906040266,0.0,0.18791946308724833,0.030201342281879196,0.003355704697986577,0.02348993288590604,0.010067114093959731,0.06375838926174497,0.006711409395973154,0.0,0.0,0.4228187919463087,0.39401048204973405,0.3720552581596759,0.39529525883965844,0.2969429672879785,0.40452179076386613,0.41976906758664806,0.9093959731543624,0.6879194630872483,0.2214765100671141,0.0,0.06375838926174497,0.3087248322147651,0.6470588235294118,0.0625,0.125,0.4375,3,cebuano,high_resource
554,201,14,4.845771144278607,14.357142857142858,2.0199004975124377,57,0.5714285714285714,0.5124378109452736,0.0,0.1890547263681592,0.029850746268656716,0.0,0.04975124378109453,0.0,0.07462686567164178,0.0,0.0,0.0,0.4427860696517413,0.4377821119528165,0.42893379299699497,0.42916379030775925,0.3436969841124134,0.4641063761090384,0.4605237783355538,0.8905472636815921,0.6069651741293532,0.2835820895522388,0.0,0.07462686567164178,0.31343283582089554,0.6796116504854369,0.0,0.14285714285714285,0.5714285714285714,3,cebuano,high_resource
555,455,41,4.263736263736264,11.097560975609756,1.7098901098901098,86,0.4634146341463415,0.34285714285714286,0.002197802197802198,0.2153846153846154,0.04395604395604396,0.0945054945054945,0.03296703296703297,0.01098901098901099,0.06813186813186813,0.0,0.006593406593406593,0.0,0.34945054945054943,0.4023895517047125,0.36246755292274907,0.3832863104332477,0.3261688419102609,0.44415845197679305,0.43560356928277605,0.7494505494505495,0.5252747252747253,0.22417582417582418,0.0,0.06813186813186813,0.31648351648351647,0.6025641025641025,0.024390243902439025,0.21951219512195122,0.4634146341463415,3,cebuano,high_resource
556,682,70,4.442815249266862,9.742857142857142,1.8563049853372433,140,0.5571428571428572,0.3460410557184751,0.0,0.20234604105571846,0.036656891495601175,0.03519061583577713,0.04105571847507331,0.010263929618768328,0.060117302052785926,0.001466275659824047,0.0,0.0,0.34310850439882695,0.4388513762633931,0.41496633151048395,0.42505857992453167,0.34005881555442935,0.48415476926707884,0.5227432357375972,0.8651026392961877,0.626099706744868,0.23900293255131966,0.0,0.060117302052785926,0.30791788856304986,0.6483050847457628,0.12857142857142856,0.4857142857142857,0.5571428571428572,3,cebuano,high_resource
557,372,37,4.349462365591398,10.054054054054054,1.8548387096774193,73,0.5675675675675675,0.42473118279569894,0.0,0.16666666666666666,0.04838709677419355,0.02956989247311828,0.0456989247311828,0.024193548387096774,0.09408602150537634,0.0,0.0,0.0,0.3575268817204301,0.4235843458491153,0.4628125441251148,0.4180667941081195,0.398337361308297,0.4462663061591774,0.47478736931954046,0.8763440860215054,0.6344086021505376,0.24193548387096775,0.008064516129032258,0.07526881720430108,0.3010752688172043,0.6518987341772152,0.08108108108108109,0.40540540540540543,0.5675675675675675,3,cebuano,high_resource
558,707,73,4.6223479490806225,9.684931506849315,1.9476661951909477,174,0.5068493150684932,0.3606789250353607,0.0014144271570014145,0.17256011315417255,0.033946251768033946,0.008486562942008486,0.08062234794908062,0.011315417256011316,0.0876944837340877,0.0014144271570014145,0.0,0.0,0.4328147100424328,0.41014393510662744,0.4071341209642316,0.3976598940621403,0.3760792788465505,0.43777650352083636,0.4606275066975986,0.801980198019802,0.553041018387553,0.24893917963224893,0.002828854314002829,0.0876944837340877,0.3620933521923621,0.7019607843137254,0.0821917808219178,0.273972602739726,0.5068493150684932,3,cebuano,high_resource
559,788,154,4.430203045685279,5.116883116883117,1.7880710659898478,100,0.4025974025974026,0.24111675126903553,0.0012690355329949238,0.1700507614213198,0.031725888324873094,0.017766497461928935,0.046954314720812185,0.03426395939086294,0.021573604060913704,0.0,0.0,0.0,0.37182741116751267,0.4512250146006638,0.38241967219640877,0.3818821442647621,0.36207812209230095,0.40258331092393257,0.44420870356483716,0.9961928934010154,0.6941624365482234,0.3020304568527919,0.0025380710659898475,0.021573604060913704,0.27411167512690354,0.4421052631578947,0.09090909090909091,0.512987012987013,0.4025974025974026,3,cebuano,high_resource
560,313,35,4.49520766773163,8.942857142857143,1.7827476038338659,56,0.6571428571428571,0.46645367412140576,0.0,0.15335463258785942,0.06389776357827476,0.04472843450479233,0.04153354632587859,0.01597444089456869,0.054313099041533544,0.0,0.0,0.0,0.402555910543131,0.3993525040353722,0.32306874400679386,0.40881755122716384,0.30386184966444574,0.4170199408913816,0.36452886815020147,0.8466453674121406,0.549520766773163,0.2971246006389776,0.0,0.051118210862619806,0.26517571884984026,0.684931506849315,0.17142857142857143,0.5428571428571428,0.6571428571428571,3,cebuano,high_resource
561,221,29,4.660633484162896,7.620689655172414,1.914027149321267,50,0.3103448275862069,0.4841628959276018,0.0,0.20361990950226244,0.058823529411764705,0.00904977375565611,0.04524886877828054,0.004524886877828055,0.09954751131221719,0.0,0.0,0.0,0.4841628959276018,0.4131916016358907,0.3509421554665727,0.40713250983601,0.3346126230023155,0.45543388604908713,0.4236343093661503,0.7330316742081449,0.5610859728506787,0.17194570135746606,0.0,0.09502262443438914,0.3665158371040724,0.7663551401869159,0.06896551724137931,0.3793103448275862,0.3103448275862069,3,cebuano,high_resource
562,662,50,4.290030211480363,13.24,1.7326283987915407,99,0.9,0.30513595166163143,0.0015105740181268882,0.17522658610271905,0.05740181268882175,0.01812688821752266,0.052870090634441085,0.006042296072507553,0.07854984894259819,0.02416918429003021,0.0,0.0,0.3549848942598187,0.42257123806030106,0.4131828258678389,0.4292359657821927,0.34160561926517413,0.45522121518559555,0.5059392673764281,0.8459214501510575,0.5664652567975831,0.2794561933534743,0.0015105740181268882,0.07854984894259819,0.32326283987915405,0.5891089108910891,0.12,0.54,0.9,3,cebuano,high_resource
563,228,36,4.62280701754386,6.333333333333333,1.9649122807017543,56,0.3611111111111111,0.45614035087719296,0.0,0.18421052631578946,0.03508771929824561,0.021929824561403508,0.05701754385964912,0.017543859649122806,0.06578947368421052,0.0,0.0,0.0,0.41228070175438597,0.4006225195444678,0.39713787971750464,0.399654446914823,0.31998895730327825,0.4522214096217291,0.4651958631944372,0.881578947368421,0.6271929824561403,0.2543859649122807,0.008771929824561403,0.06578947368421052,0.35526315789473684,0.6538461538461539,0.1388888888888889,0.16666666666666666,0.3611111111111111,3,cebuano,high_resource
564,462,62,4.233766233766234,7.451612903225806,1.8073593073593073,80,1.1612903225806452,0.4025974025974026,0.0021645021645021645,0.21861471861471862,0.021645021645021644,0.008658008658008658,0.03896103896103896,0.017316017316017316,0.06926406926406926,0.0,0.0,0.0,0.3246753246753247,0.44494649970072386,0.442352033161987,0.4322622323925201,0.3744764583345268,0.45927915688570337,0.49755520373369777,0.7662337662337662,0.5281385281385281,0.23809523809523808,0.006493506493506494,0.06926406926406926,0.30735930735930733,0.6451612903225806,0.0967741935483871,0.6129032258064516,1.1612903225806452,3,cebuano,high_resource
565,547,74,4.440585009140768,7.391891891891892,1.8610603290676417,116,0.28378378378378377,0.3656307129798903,0.009140767824497258,0.1882998171846435,0.021937842778793418,0.010968921389396709,0.06398537477148081,0.018281535648994516,0.09689213893967093,0.003656307129798903,0.0018281535648994515,0.0,0.40036563071297987,0.39075155995377214,0.455216511001292,0.38952500875095186,0.36226333304233366,0.42887874168930995,0.5235624134502659,0.753199268738574,0.5082266910420475,0.2449725776965265,0.0,0.09689213893967093,0.3473491773308958,0.68,0.06756756756756757,0.2702702702702703,0.28378378378378377,3,cebuano,high_resource
566,103,11,4.941747572815534,9.363636363636363,1.970873786407767,26,0.45454545454545453,0.5533980582524272,0.009708737864077669,0.05825242718446602,0.04854368932038835,0.019417475728155338,0.04854368932038835,0.009708737864077669,0.17475728155339806,0.0,0.0,0.0,0.5339805825242718,0.39720780744720857,0.3482924585809144,0.35454795997150923,0.31785989084463034,0.3754262090065195,0.41489788572531533,1.0776699029126213,0.7475728155339806,0.3300970873786408,0.0,0.17475728155339806,0.2621359223300971,0.7017543859649122,0.0,0.2727272727272727,0.45454545454545453,3,cebuano,high_resource
567,277,27,5.368231046931408,10.25925925925926,2.1624548736462095,98,1.5555555555555556,0.5812274368231047,0.0,0.12274368231046931,0.06498194945848375,0.0,0.06498194945848375,0.007220216606498195,0.061371841155234655,0.0,0.0,0.0,0.4151624548736462,0.4452279393976143,0.3969338959176813,0.43224684421289994,0.3367401038488594,0.48295872071703455,0.4182428252332331,1.0974729241877257,0.8086642599277978,0.2888086642599278,0.0,0.06498194945848375,0.2996389891696751,0.782608695652174,0.14814814814814814,0.2222222222222222,1.5555555555555556,3,cebuano,high_resource
568,84,11,4.035714285714286,7.636363636363637,1.8214285714285714,18,0.09090909090909091,0.4642857142857143,0.0,0.23809523809523808,0.05952380952380952,0.0,0.023809523809523808,0.0,0.023809523809523808,0.0,0.0,0.0,0.14285714285714285,0.3412987235014026,0.2688218218400166,0.33006130562713326,0.2543223389288357,0.3619551823714913,0.2889061076163249,0.7023809523809523,0.5,0.20238095238095238,0.0,0.023809523809523808,0.36904761904761907,0.5641025641025641,0.0,0.0,0.09090909090909091,3,cebuano,high_resource
569,138,14,4.413043478260869,9.857142857142858,1.8115942028985508,29,0.2857142857142857,0.47101449275362317,0.0,0.18840579710144928,0.07971014492753623,0.0,0.021739130434782608,0.007246376811594203,0.14492753623188406,0.0,0.0,0.0,0.4057971014492754,0.3566593192371892,0.3200458767561499,0.3155853688002817,0.2560133370170611,0.3705573788634929,0.3424483194067826,0.6666666666666666,0.45652173913043476,0.21014492753623187,0.0,0.14492753623188406,0.34782608695652173,0.8153846153846154,0.0,0.0,0.2857142857142857,3,cebuano,high_resource
570,247,17,4.425101214574899,14.529411764705882,1.8421052631578947,55,0.8235294117647058,0.4898785425101215,0.0,0.17813765182186234,0.0728744939271255,0.012145748987854251,0.04048582995951417,0.032388663967611336,0.07692307692307693,0.0,0.0,0.0,0.3562753036437247,0.4062948820303411,0.3304540384688667,0.40194281490709904,0.28918990866032174,0.44556461299965633,0.4224104548773196,0.8056680161943319,0.5141700404858299,0.291497975708502,0.0,0.07692307692307693,0.32388663967611336,0.71900826446281,0.0,0.11764705882352941,0.8235294117647058,3,cebuano,high_resource
571,1072,51,4.567164179104478,21.019607843137255,1.9570895522388059,270,1.5294117647058822,0.3050373134328358,0.0018656716417910447,0.18003731343283583,0.030783582089552237,0.005597014925373134,0.03824626865671642,0.0018656716417910447,0.125,0.0,0.0,0.0,0.4141791044776119,0.4298242955340628,0.4611899521350986,0.4328373680547564,0.42586365832856055,0.4735944860847327,0.5660719902400029,0.8656716417910447,0.6417910447761194,0.22388059701492538,0.0009328358208955224,0.125,0.3041044776119403,0.6605504587155964,0.058823529411764705,0.21568627450980393,1.5294117647058822,3,cebuano,high_resource
572,81,6,4.345679012345679,13.5,1.8641975308641976,16,0.8333333333333334,0.6172839506172839,0.0,0.2345679012345679,0.037037037037037035,0.0,0.012345679012345678,0.0,0.09876543209876543,0.0,0.0,0.0,0.38271604938271603,0.36309915317340324,0.26910530027324137,0.3134866071187729,0.2640943896552951,0.35496004147228366,0.3044983544736722,0.9135802469135803,0.7283950617283951,0.18518518518518517,0.0,0.09876543209876543,0.32098765432098764,0.8,0.0,0.3333333333333333,0.8333333333333334,3,cebuano,high_resource
573,202,18,4.97029702970297,11.222222222222221,2.0445544554455446,61,0.2222222222222222,0.46534653465346537,0.0,0.15346534653465346,0.034653465346534656,0.0,0.04950495049504951,0.01485148514851485,0.034653465346534656,0.0,0.0,0.0,0.47029702970297027,0.4225934048875681,0.4226682588683411,0.39882953059494963,0.3648414497546841,0.42590090317214774,0.3783135118973064,1.118811881188119,0.7970297029702971,0.3217821782178218,0.0,0.09900990099009901,0.3910891089108911,0.6382978723404256,0.0,0.0,0.2222222222222222,3,cebuano,high_resource
574,200,16,4.75,12.5,1.975,52,0.4375,0.43,0.0,0.17,0.045,0.02,0.07,0.015,0.06,0.0,0.0,0.0,0.395,0.40491274522986875,0.38109059152986907,0.3858852251664859,0.29989959902274305,0.4422598722275939,0.4393674879008225,1.135,0.725,0.41,0.005,0.06,0.34,0.6976744186046512,0.0,0.0,0.4375,3,cebuano,high_resource
575,121,14,4.454545454545454,8.642857142857142,1.9338842975206612,24,0.21428571428571427,0.5537190082644629,0.0,0.15702479338842976,0.0743801652892562,0.024793388429752067,0.04132231404958678,0.0,0.024793388429752067,0.0,0.0,0.0,0.2727272727272727,0.41161694703415025,0.3858364636511614,0.4067058304539954,0.3250470686032655,0.45203869273944264,0.4534791514898394,0.9834710743801652,0.743801652892562,0.2396694214876033,0.0,0.024793388429752067,0.35537190082644626,0.7014925373134329,0.0,0.0,0.21428571428571427,3,cebuano,high_resource
576,429,53,4.410256410256411,8.09433962264151,1.82983682983683,86,0.41509433962264153,0.4289044289044289,0.0,0.2097902097902098,0.039627039627039624,0.009324009324009324,0.04195804195804196,0.055944055944055944,0.055944055944055944,0.0,0.0,0.0,0.337995337995338,0.4046938228496838,0.37608981016804854,0.4016502156696769,0.33578525083519256,0.4087495366467801,0.4223675408187415,0.7296037296037297,0.5174825174825175,0.21212121212121213,0.018648018648018648,0.055944055944055944,0.32867132867132864,0.6739130434782609,0.018867924528301886,0.41509433962264153,0.41509433962264153,3,cebuano,high_resource
577,438,37,4.648401826484018,11.837837837837839,1.9269406392694064,102,0.7567567567567568,0.3835616438356164,0.0,0.21232876712328766,0.04794520547945205,0.00684931506849315,0.03881278538812785,0.01598173515981735,0.0319634703196347,0.00228310502283105,0.0,0.0,0.3995433789954338,0.4193985349385521,0.4186981818296254,0.3952384005158103,0.3361017070524588,0.44001104235110505,0.4584353055688389,0.9292237442922375,0.6712328767123288,0.2579908675799087,0.0,0.0319634703196347,0.3333333333333333,0.6309523809523809,0.05405405405405406,0.32432432432432434,0.7567567567567568,3,cebuano,high_resource
578,253,29,4.553359683794467,8.724137931034482,1.8735177865612649,53,0.3103448275862069,0.5098814229249012,0.0,0.22924901185770752,0.03557312252964427,0.019762845849802372,0.043478260869565216,0.0,0.06324110671936758,0.015810276679841896,0.0,0.0,0.32806324110671936,0.40668510780968425,0.42487440689284073,0.40039326523317625,0.35351919898431505,0.44241904544610383,0.47098260381614715,0.7786561264822134,0.5652173913043478,0.2134387351778656,0.0,0.06324110671936758,0.3201581027667984,0.7441860465116279,0.10344827586206896,0.3448275862068966,0.3103448275862069,3,cebuano,high_resource
579,684,54,4.552631578947368,12.666666666666666,1.8464912280701755,136,0.6296296296296297,0.36403508771929827,0.0014619883040935672,0.1564327485380117,0.04532163742690058,0.01023391812865497,0.04678362573099415,0.013157894736842105,0.12426900584795321,0.0014619883040935672,0.0,0.0,0.42251461988304095,0.42753847589043364,0.42845020832161385,0.4191065623521745,0.3641299498074436,0.4638856202500567,0.5169160662968475,0.7967836257309941,0.554093567251462,0.24269005847953215,0.0,0.12426900584795321,0.3172514619883041,0.6867469879518072,0.05555555555555555,0.3888888888888889,0.6296296296296297,3,cebuano,high_resource
580,697,141,4.30416068866571,4.943262411347518,1.7604017216642756,70,0.6099290780141844,0.19225251076040173,0.0028694404591104736,0.20803443328550933,0.027259684361549498,0.007173601147776184,0.047345767575322814,0.015781922525107604,0.047345767575322814,0.0,0.0,0.0,0.36585365853658536,0.3760003503533813,0.32848091811496316,0.31669414603807167,0.265397895981283,0.34591761115341485,0.3945664339186884,0.9253945480631277,0.6284074605451937,0.296987087517934,0.0028694404591104736,0.047345767575322814,0.28407460545193686,0.3805970149253731,0.0425531914893617,0.49645390070921985,0.6099290780141844,3,cebuano,high_resource
581,245,21,4.33469387755102,11.666666666666666,1.7387755102040816,30,0.7142857142857143,0.46530612244897956,0.0,0.17551020408163265,0.044897959183673466,0.024489795918367346,0.053061224489795916,0.036734693877551024,0.04081632653061224,0.02040816326530612,0.004081632653061225,0.0,0.40816326530612246,0.3986078559492137,0.3258858482926559,0.3653112462009906,0.27531437336665154,0.3878489759542825,0.37424611436446253,0.9795918367346939,0.6408163265306123,0.33877551020408164,0.00816326530612245,0.04081632653061224,0.30612244897959184,0.6754385964912281,0.42857142857142855,0.047619047619047616,0.7142857142857143,3,cebuano,high_resource
582,234,20,4.337606837606837,11.7,1.7393162393162394,30,0.75,0.47435897435897434,0.0,0.18376068376068377,0.04700854700854701,0.02564102564102564,0.05555555555555555,0.038461538461538464,0.042735042735042736,0.021367521367521368,0.004273504273504274,0.0,0.4230769230769231,0.40312142049442834,0.3304807368991367,0.3694844723212404,0.27274992559063543,0.3951598205028236,0.3812870421816141,0.982905982905983,0.6282051282051282,0.3547008547008547,0.008547008547008548,0.042735042735042736,0.32051282051282054,0.6936936936936937,0.4,0.05,0.75,3,cebuano,high_resource
583,494,112,4.510121457489879,4.410714285714286,1.8360323886639676,96,0.23214285714285715,0.39068825910931176,0.0020242914979757085,0.18016194331983806,0.06072874493927125,0.024291497975708502,0.044534412955465584,0.010121457489878543,0.05263157894736842,0.0,0.0,0.0,0.3866396761133603,0.4137395138058843,0.3687968523490927,0.4099784806726535,0.3246640281125489,0.4448008009288078,0.4785162846739932,0.7327935222672065,0.5121457489878543,0.22064777327935223,0.0,0.05263157894736842,0.305668016194332,0.6321243523316062,0.07142857142857142,0.1875,0.23214285714285715,3,cebuano,high_resource
584,173,22,4.7398843930635834,7.863636363636363,1.8959537572254335,41,0.5454545454545454,0.48554913294797686,0.0,0.1791907514450867,0.06358381502890173,0.05202312138728324,0.0,0.005780346820809248,0.08092485549132948,0.0,0.005780346820809248,0.0,0.3063583815028902,0.42148404213291474,0.3233965444357604,0.41491130054954317,0.32187319614910354,0.3910693544729197,0.3237758984760541,0.976878612716763,0.7225433526011561,0.2543352601156069,0.0,0.07514450867052024,0.31213872832369943,0.6904761904761905,0.045454545454545456,0.5454545454545454,0.5454545454545454,1,bikol,high_resource
585,141,17,4.432624113475177,8.294117647058824,1.8156028368794326,21,0.17647058823529413,0.45390070921985815,0.0,0.2127659574468085,0.02127659574468085,0.07092198581560284,0.02127659574468085,0.0070921985815602835,0.03546099290780142,0.0,0.0,0.0,0.3617021276595745,0.3778706781787964,0.2181710815088739,0.36037212832225873,0.2507802105100852,0.34258211927211324,0.20080740846562467,0.8581560283687943,0.624113475177305,0.23404255319148937,0.03546099290780142,0.03546099290780142,0.2695035460992908,0.625,0.17647058823529413,0.0,0.17647058823529413,1,bikol,high_resource
586,95,15,4.6,6.333333333333333,1.8631578947368421,25,0.0,0.2631578947368421,0.0,0.2736842105263158,0.021052631578947368,0.08421052631578947,0.0,0.0,0.021052631578947368,0.0,0.0,0.0,0.2631578947368421,0.27053596510157946,0.12671141763591603,0.26995577032470275,0.11860820746206185,0.2707463878586756,0.12847426631133288,0.7894736842105263,0.631578947368421,0.15789473684210525,0.0,0.021052631578947368,0.23157894736842105,0.2,0.0,0.0,0.0,1,bikol,high_resource
587,71,12,4.619718309859155,5.916666666666667,1.9154929577464788,15,0.08333333333333333,0.5211267605633803,0.0,0.22535211267605634,0.014084507042253521,0.07042253521126761,0.014084507042253521,0.0,0.07042253521126761,0.0,0.014084507042253521,0.0,0.4647887323943662,0.3064755180316179,0.18492455603492636,0.30909176877957656,0.2158968933058861,0.29459222987655553,0.14833723665736695,0.7183098591549295,0.5352112676056338,0.18309859154929578,0.0,0.014084507042253521,0.2676056338028169,0.6486486486486487,0.0,0.08333333333333333,0.08333333333333333,1,bikol,high_resource
588,95,22,4.505263157894737,4.318181818181818,1.8421052631578947,22,0.09090909090909091,0.5894736842105263,0.0,0.24210526315789474,0.042105263157894736,0.06315789473684211,0.05263157894736842,0.010526315789473684,0.021052631578947368,0.0,0.0,0.0,0.3157894736842105,0.3635708659387104,0.3110474984655002,0.3930175910147608,0.27924851854630967,0.3763398911060839,0.34481002171251873,0.6105263157894737,0.4105263157894737,0.2,0.0,0.021052631578947368,0.2631578947368421,0.6964285714285714,0.2727272727272727,0.6363636363636364,0.09090909090909091,1,bikol,high_resource
589,174,14,4.626436781609195,12.428571428571429,1.9022988505747127,37,1.4285714285714286,0.4367816091954023,0.0,0.1724137931034483,0.05172413793103448,0.08620689655172414,0.0,0.0,0.017241379310344827,0.0,0.0,0.0,0.25287356321839083,0.34529992486499184,0.24539813012472877,0.3960146876089071,0.2761543747971632,0.3314165253930867,0.20133152205593052,0.7758620689655172,0.5287356321839081,0.2471264367816092,0.0,0.017241379310344827,0.25862068965517243,0.4868421052631579,0.07142857142857142,0.6428571428571429,1.4285714285714286,1,bikol,high_resource
590,215,67,4.525581395348837,3.208955223880597,1.6651162790697673,28,0.19402985074626866,0.4,0.0,0.10232558139534884,0.06976744186046512,0.037209302325581395,0.004651162790697674,0.013953488372093023,0.046511627906976744,0.08372093023255814,0.004651162790697674,0.0,0.4232558139534884,0.29483540058868835,0.2280822846847018,0.31479841338551595,0.26113818271526335,0.31576899189316204,0.22182196874481633,0.9953488372093023,0.772093023255814,0.22325581395348837,0.06511627906976744,0.04186046511627907,0.26046511627906976,0.6046511627906976,0.0,0.5074626865671642,0.19402985074626866,1,bikol,high_resource
591,83,17,4.590361445783133,4.882352941176471,1.8795180722891567,18,0.29411764705882354,0.46987951807228917,0.0,0.24096385542168675,0.012048192771084338,0.03614457831325301,0.04819277108433735,0.03614457831325301,0.0,0.0,0.0,0.0,0.37349397590361444,0.2712674158162905,0.21281530695554968,0.30775166164030754,0.254930827176725,0.2944114365865582,0.19901318394588485,0.7349397590361446,0.3373493975903614,0.39759036144578314,0.0,0.0,0.20481927710843373,0.5641025641025641,0.17647058823529413,0.8235294117647058,0.29411764705882354,1,bikol,high_resource
592,245,37,4.285714285714286,6.621621621621622,1.7877551020408162,37,0.32432432432432434,0.2571428571428571,0.0,0.07755102040816327,0.1673469387755102,0.11428571428571428,0.004081632653061225,0.0,0.02040816326530612,0.0,0.0,0.0,0.2163265306122449,0.3694545707245885,0.2409481449129308,0.38898669658485013,0.2992968456746001,0.3650072718457239,0.2348469333766062,0.8653061224489795,0.6163265306122448,0.24897959183673468,0.0,0.012244897959183673,0.24897959183673468,0.2857142857142857,0.05405405405405406,0.0,0.32432432432432434,1,bikol,high_resource
593,68,11,4.705882352941177,6.181818181818182,1.9558823529411764,10,0.18181818181818182,0.5294117647058824,0.0,0.19117647058823528,0.029411764705882353,0.014705882352941176,0.0,0.0,0.0,0.0,0.0,0.0,0.38235294117647056,0.300746956619804,0.17829673145894678,0.31880053250627216,0.17557593343306976,0.293601745171916,0.15756699349738146,0.5882352941176471,0.29411764705882354,0.29411764705882354,0.0,0.0,0.22058823529411764,0.8333333333333334,0.0,0.09090909090909091,0.18181818181818182,1,bikol,high_resource
594,182,15,4.84065934065934,12.133333333333333,1.978021978021978,49,0.26666666666666666,0.47802197802197804,0.0,0.14835164835164835,0.08241758241758242,0.06043956043956044,0.03296703296703297,0.01098901098901099,0.03296703296703297,0.005494505494505495,0.0,0.005494505494505495,0.34065934065934067,0.3777297613973573,0.24265726676280397,0.3999956349120013,0.3321915697703641,0.3342496407646204,0.19122195783335638,0.8186813186813187,0.5989010989010989,0.21978021978021978,0.0,0.03296703296703297,0.2802197802197802,0.8045977011494253,0.0,0.0,0.26666666666666666,1,bikol,high_resource
595,25,9,5.64,2.7777777777777777,2.36,9,0.0,0.68,0.0,0.0,0.32,0.04,0.0,0.0,0.0,0.0,0.0,0.0,0.44,0.316238105733338,0.23543845560435228,0.3306907207715048,0.24168565305710107,0.32698036970705974,0.2185919066466388,1.08,0.88,0.2,0.0,0.0,0.32,0.8823529411764706,0.0,0.0,0.0,1,bikol,high_resource
596,183,27,4.147540983606557,6.777777777777778,1.8087431693989071,30,0.48148148148148145,0.4371584699453552,0.0,0.2185792349726776,0.08743169398907104,0.04371584699453552,0.0,0.01639344262295082,0.0273224043715847,0.0,0.0,0.0,0.2185792349726776,0.36968863619512193,0.2026435600878304,0.37318531000102395,0.21301921328551984,0.34073489221205494,0.1945891366225566,0.6775956284153005,0.4972677595628415,0.18032786885245902,0.0,0.02185792349726776,0.3224043715846995,0.6125,0.037037037037037035,0.7777777777777778,0.48148148148148145,1,bikol,high_resource
597,169,15,4.680473372781065,11.266666666666667,1.8579881656804733,32,0.7333333333333333,0.5857988165680473,0.011834319526627219,0.08875739644970414,0.11834319526627218,0.08284023668639054,0.011834319526627219,0.01775147928994083,0.047337278106508875,0.011834319526627219,0.0,0.005917159763313609,0.35502958579881655,0.4129196102946581,0.3463729752130894,0.42400379708471286,0.3622170560877652,0.3827466185975617,0.2671027334232367,0.9053254437869822,0.6863905325443787,0.21893491124260356,0.0,0.03550295857988166,0.24260355029585798,0.7878787878787878,0.0,0.0,0.7333333333333333,1,bikol,high_resource
598,157,22,4.490445859872612,7.136363636363637,1.9044585987261147,29,0.7272727272727273,0.4012738853503185,0.0,0.12738853503184713,0.07006369426751592,0.08280254777070063,0.0,0.012738853503184714,0.01910828025477707,0.0,0.006369426751592357,0.0,0.2802547770700637,0.3656783614070691,0.2843950642600134,0.3993252801326667,0.3280582234875912,0.352196356087303,0.2772680335504152,0.7898089171974523,0.5605095541401274,0.22929936305732485,0.0,0.01910828025477707,0.22929936305732485,0.5238095238095238,0.18181818181818182,0.6363636363636364,0.7272727272727273,1,bikol,high_resource
599,117,13,5.085470085470085,9.0,2.051282051282051,38,0.15384615384615385,0.47863247863247865,0.02564102564102564,0.09401709401709402,0.1111111111111111,0.10256410256410256,0.02564102564102564,0.008547008547008548,0.017094017094017096,0.0,0.0,0.0,0.39316239316239315,0.37703611400064196,0.22679623496590148,0.40532824683106,0.2941676705692632,0.3474249166786572,0.21677109973862774,1.0683760683760684,0.7863247863247863,0.28205128205128205,0.0,0.017094017094017096,0.24786324786324787,0.6607142857142857,0.0,0.0,0.15384615384615385,1,bikol,high_resource
600,88,14,4.9772727272727275,6.285714285714286,2.0681818181818183,23,0.21428571428571427,0.7159090909090909,0.0,0.17045454545454544,0.045454545454545456,0.056818181818181816,0.011363636363636364,0.011363636363636364,0.011363636363636364,0.0,0.0,0.0,0.3522727272727273,0.3939333357139687,0.3356865986818284,0.4213042844669644,0.38645904445508067,0.3767271042518135,0.2947323071430769,1.2386363636363635,0.8977272727272727,0.3409090909090909,0.0,0.011363636363636364,0.2727272727272727,0.8571428571428571,0.07142857142857142,0.0,0.21428571428571427,1,bikol,high_resource
601,191,21,4.706806282722513,9.095238095238095,1.87434554973822,40,0.2857142857142857,0.4031413612565445,0.015706806282722512,0.14659685863874344,0.14659685863874344,0.08376963350785341,0.0,0.005235602094240838,0.020942408376963352,0.0,0.0,0.0,0.3036649214659686,0.3871190493044549,0.30460548497646495,0.384887171738295,0.33160417237091094,0.4012762117956658,0.28752364567794486,1.0418848167539267,0.7225130890052356,0.3193717277486911,0.0,0.020942408376963352,0.3193717277486911,0.5714285714285714,0.0,0.0,0.2857142857142857,1,bikol,high_resource
602,148,18,4.3175675675675675,8.222222222222221,1.7905405405405406,23,0.2222222222222222,0.5608108108108109,0.0,0.24324324324324326,0.006756756756756757,0.11486486486486487,0.0,0.013513513513513514,0.02702702702702703,0.0,0.0,0.0,0.22972972972972974,0.4250529076617229,0.30001003693313144,0.4385858413998109,0.3677127671291477,0.4207061592795207,0.28158262187466176,0.8851351351351352,0.6148648648648649,0.2702702702702703,0.0,0.02027027027027027,0.2635135135135135,0.7228915662650602,0.05555555555555555,0.5,0.2222222222222222,1,bikol,high_resource
603,390,30,5.138461538461539,13.0,2.0435897435897434,101,0.5,0.49230769230769234,0.0,0.16923076923076924,0.06153846153846154,0.07435897435897436,0.010256410256410256,0.0,0.04358974358974359,0.005128205128205128,0.007692307692307693,0.0,0.4256410256410256,0.4401119164276189,0.35800600529785487,0.4616273915239876,0.42746699135917954,0.41187565536175336,0.31828291223576516,1.1153846153846154,0.841025641025641,0.2743589743589744,0.017948717948717947,0.03333333333333333,0.2794871794871795,0.765625,0.0,0.03333333333333333,0.5,1,bikol,high_resource
604,109,12,4.4495412844036695,9.083333333333334,1.8073394495412844,19,0.4166666666666667,0.48623853211009177,0.0,0.1559633027522936,0.11926605504587157,0.05504587155963303,0.0,0.009174311926605505,0.07339449541284404,0.0,0.0,0.0,0.3486238532110092,0.35364178587230055,0.2195263461777794,0.39059791954709533,0.23004031474961295,0.38635508578368044,0.24721350461072966,0.7339449541284404,0.5321100917431193,0.2018348623853211,0.0,0.03669724770642202,0.3394495412844037,0.660377358490566,0.0,0.0,0.4166666666666667,1,bikol,high_resource
605,223,22,4.928251121076233,10.136363636363637,1.9955156950672646,47,0.22727272727272727,0.35874439461883406,0.0,0.13004484304932734,0.13901345291479822,0.03587443946188341,0.008968609865470852,0.0,0.07174887892376682,0.0,0.0,0.004484304932735426,0.3901345291479821,0.3736394905815202,0.3356323044315169,0.39862839714369563,0.3750520658008761,0.3846707004634112,0.30278337827738794,0.9775784753363229,0.6995515695067265,0.27802690582959644,0.0,0.06726457399103139,0.32286995515695066,0.65,0.0,0.045454545454545456,0.22727272727272727,1,bikol,high_resource
606,350,41,4.84,8.536585365853659,1.9485714285714286,86,0.14634146341463414,0.42857142857142855,0.008571428571428572,0.14285714285714285,0.07142857142857142,0.09428571428571429,0.017142857142857144,0.002857142857142857,0.05142857142857143,0.002857142857142857,0.002857142857142857,0.0,0.3514285714285714,0.44669083682620736,0.3530523801332403,0.4705241606697745,0.389350160322432,0.43412826027594786,0.33377259065171694,0.9942857142857143,0.66,0.3342857142857143,0.0,0.045714285714285714,0.2742857142857143,0.66,0.24390243902439024,0.0,0.14634146341463414,1,bikol,high_resource
607,47,10,5.74468085106383,4.7,2.276595744680851,17,0.0,0.5531914893617021,0.0,0.2765957446808511,0.02127659574468085,0.02127659574468085,0.0,0.0,0.0,0.0,0.0,0.0,0.40425531914893614,0.3445384461309779,0.2197130608204244,0.2814413610856925,0.24710246874963854,0.31014912672240813,0.24381473635726092,1.2765957446808511,0.8723404255319149,0.40425531914893614,0.0,0.0,0.2978723404255319,0.7692307692307693,0.0,0.0,0.0,1,bikol,high_resource
608,81,12,4.3580246913580245,6.75,1.8271604938271604,15,0.3333333333333333,0.345679012345679,0.0,0.07407407407407407,0.024691358024691357,0.2222222222222222,0.0,0.04938271604938271,0.0,0.0,0.0,0.0,0.2716049382716049,0.26753359935125937,0.19496685915147233,0.28667897735120973,0.21717102850729147,0.248519075510778,0.1274440250657006,0.8395061728395061,0.5679012345679012,0.2716049382716049,0.0,0.0,0.09876543209876543,0.2857142857142857,0.0,0.0,0.3333333333333333,1,bikol,high_resource
609,114,19,5.2368421052631575,6.0,2.1140350877192984,34,0.05263157894736842,0.4649122807017544,0.0,0.14912280701754385,0.09649122807017543,0.05263157894736842,0.0,0.008771929824561403,0.017543859649122806,0.0,0.0,0.0,0.43859649122807015,0.4156062816730011,0.30277157004946037,0.42481554046241127,0.28135891160145515,0.37140851658748636,0.23121792268760055,1.0350877192982457,0.6754385964912281,0.35964912280701755,0.0,0.008771929824561403,0.2982456140350877,0.6226415094339622,0.0,0.2631578947368421,0.05263157894736842,1,bikol,high_resource
610,52,8,4.884615384615385,6.5,2.019230769230769,9,0.125,0.4423076923076923,0.0,0.21153846153846154,0.0,0.038461538461538464,0.0,0.0,0.0,0.0,0.0,0.0,0.3076923076923077,0.1870009746125771,0.13043362800122157,0.18881629457278737,0.14255435270805392,0.1752193329729127,0.1138301433239044,0.6153846153846154,0.5,0.11538461538461539,0.0,0.0,0.3076923076923077,0.6086956521739131,0.0,0.0,0.125,1,bikol,high_resource
611,98,13,5.173469387755102,7.538461538461538,1.989795918367347,26,0.3076923076923077,0.6122448979591837,0.0,0.08163265306122448,0.08163265306122448,0.10204081632653061,0.0,0.0,0.08163265306122448,0.0,0.0,0.0,0.4897959183673469,0.37919113473518834,0.35343744194031107,0.41372594604735863,0.38404214259201447,0.37648136543725713,0.3264560776999183,1.1734693877551021,0.8061224489795918,0.3673469387755102,0.0,0.030612244897959183,0.21428571428571427,0.7166666666666667,0.0,0.07692307692307693,0.3076923076923077,1,bikol,high_resource
612,216,27,5.12037037037037,8.0,1.9537037037037037,59,0.07407407407407407,0.5370370370370371,0.009259259259259259,0.10185185185185185,0.12037037037037036,0.10185185185185185,0.018518518518518517,0.013888888888888888,0.032407407407407406,0.0,0.013888888888888888,0.0,0.4398148148148148,0.36804872130616,0.2692178123460313,0.408490933239843,0.3475294321926128,0.3594984045878077,0.2509378392672501,0.9861111111111112,0.6620370370370371,0.32407407407407407,0.0,0.013888888888888888,0.2361111111111111,0.7155172413793104,0.18518518518518517,0.0,0.07407407407407407,1,bikol,high_resource
613,11,1,5.181818181818182,11.0,2.0,2,1.0,0.9090909090909091,0.0,0.0,0.0,0.09090909090909091,0.09090909090909091,0.0,0.09090909090909091,0.0,0.0,0.0,0.6363636363636364,0.22158216999020217,0.16448843917171704,0.27178330795436095,0.26640378869202724,0.2483938289611331,0.18140727212450733,1.6363636363636362,1.0,0.6363636363636364,0.0,0.09090909090909091,0.2727272727272727,0.9,0.0,0.0,1.0,1,bikol,high_resource
614,205,30,4.336585365853659,6.833333333333333,1.775609756097561,39,0.3333333333333333,0.4146341463414634,0.0,0.2048780487804878,0.07317073170731707,0.03902439024390244,0.0,0.04878048780487805,0.024390243902439025,0.0,0.0,0.0,0.28780487804878047,0.33080261938481015,0.20309678002513074,0.3486607264047165,0.20667943425691318,0.3199561665732487,0.19440843881091396,0.7951219512195122,0.5609756097560976,0.23414634146341465,0.004878048780487805,0.024390243902439025,0.32195121951219513,0.6,0.16666666666666666,0.6,0.3333333333333333,1,bikol,high_resource
615,65,8,4.769230769230769,8.125,2.0,14,0.75,0.7076923076923077,0.0,0.2153846153846154,0.015384615384615385,0.07692307692307693,0.0,0.015384615384615385,0.015384615384615385,0.015384615384615385,0.0,0.0,0.2923076923076923,0.3341898005733583,0.18048859110745508,0.33652563779321176,0.18028085685776704,0.3089066880296154,0.1674167037281019,1.076923076923077,0.7692307692307693,0.3076923076923077,0.015384615384615385,0.0,0.23076923076923078,0.782608695652174,0.0,0.5,0.75,1,bikol,high_resource
616,194,26,4.427835051546392,7.461538461538462,1.902061855670103,43,0.4230769230769231,0.4536082474226804,0.0,0.30927835051546393,0.015463917525773196,0.030927835051546393,0.0,0.0,0.005154639175257732,0.0,0.0,0.0,0.22164948453608246,0.3312990028316529,0.21447385811316538,0.37888115846566695,0.2462865046517598,0.3499940658994512,0.18630784240586823,0.634020618556701,0.4072164948453608,0.2268041237113402,0.0,0.005154639175257732,0.23711340206185566,0.6931818181818182,0.15384615384615385,0.5769230769230769,0.4230769230769231,1,bikol,high_resource
617,258,36,4.829457364341085,7.166666666666667,2.0271317829457365,75,0.4166666666666667,0.3953488372093023,0.0,0.2364341085271318,0.046511627906976744,0.07751937984496124,0.0,0.0,0.027131782945736434,0.0,0.0,0.0,0.3178294573643411,0.3748333806299001,0.2849000594379415,0.38982484586437893,0.33524665206245674,0.3688411290074357,0.27558829194280426,0.8643410852713178,0.5930232558139535,0.2713178294573643,0.0,0.011627906976744186,0.27906976744186046,0.5686274509803921,0.1388888888888889,0.3611111111111111,0.4166666666666667,1,bikol,high_resource
618,86,13,4.441860465116279,6.615384615384615,1.7790697674418605,15,0.46153846153846156,0.5930232558139535,0.0,0.19767441860465115,0.011627906976744186,0.13953488372093023,0.0,0.0,0.023255813953488372,0.0,0.011627906976744186,0.0,0.4186046511627907,0.30871968279212136,0.17905357907450684,0.35124773550438343,0.2513500512529897,0.32424927298699713,0.17907697608558676,0.7441860465116279,0.5,0.2441860465116279,0.0,0.0,0.22093023255813954,0.6862745098039216,0.3076923076923077,0.0,0.46153846153846156,1,bikol,high_resource
619,209,12,4.866028708133971,17.416666666666668,1.9425837320574162,55,1.5,0.41148325358851673,0.014354066985645933,0.14832535885167464,0.13875598086124402,0.09090909090909091,0.009569377990430622,0.0,0.009569377990430622,0.0,0.0,0.0,0.33014354066985646,0.3945169039278933,0.2539729758928104,0.4367780938200914,0.3237875955365943,0.3664245541449096,0.26280497297873406,0.8995215311004785,0.6411483253588517,0.2583732057416268,0.0,0.009569377990430622,0.33014354066985646,0.5930232558139535,0.0,0.0,1.5,1,bikol,high_resource
620,206,40,4.679611650485437,5.15,1.8932038834951457,46,0.025,0.42718446601941745,0.0,0.12135922330097088,0.009708737864077669,0.024271844660194174,0.14563106796116504,0.05825242718446602,0.014563106796116505,0.0,0.0,0.0,0.5194174757281553,0.3653265098268127,0.25321832878319606,0.3701195957777594,0.29828313983562327,0.3582237983870038,0.2537993040360461,0.8980582524271845,0.5242718446601942,0.3737864077669903,0.0,0.014563106796116505,0.28640776699029125,0.7272727272727273,0.25,0.0,0.025,1,bikol,high_resource
621,142,13,4.894366197183099,10.923076923076923,1.8732394366197183,31,0.15384615384615385,0.5422535211267606,0.014084507042253521,0.18309859154929578,0.035211267605633804,0.1056338028169014,0.035211267605633804,0.0,0.035211267605633804,0.0,0.007042253521126761,0.0,0.4295774647887324,0.42771644955108495,0.3074161581181596,0.4652472032526299,0.3680309603459403,0.39669501101867416,0.2622197642599963,0.9154929577464789,0.6690140845070423,0.24647887323943662,0.014084507042253521,0.02112676056338028,0.24647887323943662,0.6493506493506493,0.0,0.0,0.15384615384615385,1,bikol,high_resource
622,419,43,4.436754176610979,9.744186046511627,1.8568019093078758,80,0.7674418604651163,0.4081145584725537,0.0,0.19809069212410502,0.0405727923627685,0.07875894988066826,0.00477326968973747,0.00954653937947494,0.0405727923627685,0.0,0.0,0.0,0.2744630071599045,0.42400826502980554,0.39207400056461555,0.43110510718996775,0.4147046007826474,0.39619773256422564,0.35786636536979566,0.8472553699284009,0.6348448687350835,0.21241050119331742,0.00477326968973747,0.0405727923627685,0.31026252983293556,0.6491228070175439,0.09302325581395349,0.5581395348837209,0.7674418604651163,1,bikol,high_resource
623,97,12,4.22680412371134,8.083333333333334,1.8350515463917525,16,1.0,0.44329896907216493,0.0,0.14432989690721648,0.020618556701030927,0.16494845360824742,0.0,0.0,0.010309278350515464,0.020618556701030927,0.0,0.0,0.2268041237113402,0.30105535268190264,0.2028890320618082,0.2972833652051809,0.24943337728091328,0.2786991502001851,0.17253469984611322,0.8144329896907216,0.5051546391752577,0.30927835051546393,0.0,0.010309278350515464,0.17525773195876287,0.7906976744186046,0.0,0.0,1.0,1,bikol,high_resource
624,62,10,4.548387096774194,6.2,1.7258064516129032,4,0.7,0.43548387096774194,0.0,0.016129032258064516,0.24193548387096775,0.03225806451612903,0.0,0.0,0.04838709677419355,0.0,0.0,0.0,0.3709677419354839,0.28131479871527115,0.18246794690788198,0.27570319254729453,0.19228460940630754,0.29498638310494246,0.19571986538924385,0.596774193548387,0.3225806451612903,0.27419354838709675,0.0,0.04838709677419355,0.3064516129032258,0.7407407407407407,0.0,0.0,0.7,1,bikol,high_resource
625,290,46,4.820689655172414,6.304347826086956,1.9379310344827587,79,0.043478260869565216,0.4586206896551724,0.006896551724137931,0.14482758620689656,0.12758620689655173,0.09655172413793103,0.010344827586206896,0.013793103448275862,0.027586206896551724,0.0,0.0,0.0,0.3758620689655172,0.41704390868085256,0.3373233463636464,0.43725053839193195,0.374973991464635,0.42957741931321686,0.3389000800546621,0.8862068965517241,0.6103448275862069,0.27586206896551724,0.0,0.020689655172413793,0.3,0.6541353383458647,0.3695652173913043,0.0,0.043478260869565216,1,bikol,high_resource
626,104,15,4.0576923076923075,6.933333333333334,1.625,9,0.06666666666666667,0.33653846153846156,0.019230769230769232,0.2403846153846154,0.028846153846153848,0.125,0.0,0.0,0.07692307692307693,0.0,0.0,0.0,0.375,0.26177436392119996,0.12031052717605542,0.2857559103796665,0.15624756218361802,0.26576602780377656,0.14178762998673208,0.576923076923077,0.33653846153846156,0.2403846153846154,0.0,0.07692307692307693,0.3557692307692308,0.42857142857142855,0.13333333333333333,0.0,0.06666666666666667,1,bikol,high_resource
627,74,10,4.635135135135135,7.4,1.9054054054054055,10,0.0,0.6351351351351351,0.0,0.22972972972972974,0.0,0.06756756756756757,0.013513513513513514,0.013513513513513514,0.013513513513513514,0.0,0.0,0.0,0.32432432432432434,0.36074775748102783,0.2531220336600923,0.33219432518166103,0.20596157090084763,0.3579400030368246,0.2736631275809104,0.972972972972973,0.6621621621621622,0.3108108108108108,0.0,0.013513513513513514,0.25675675675675674,0.8297872340425532,0.0,0.0,0.0,1,bikol,high_resource
628,51,9,3.9215686274509802,5.666666666666667,1.6274509803921569,3,0.0,0.39215686274509803,0.0,0.0,0.1568627450980392,0.27450980392156865,0.0196078431372549,0.0,0.0196078431372549,0.0,0.0,0.0,0.11764705882352941,0.2628989210388299,0.15371469130229073,0.25218804545686097,0.16618724730367393,0.2629788837252309,0.14981070960806134,1.196078431372549,0.8431372549019608,0.35294117647058826,0.0,0.0196078431372549,0.19607843137254902,0.6,0.0,0.0,0.0,1,bikol,high_resource
629,216,11,4.37962962962963,19.636363636363637,1.8009259259259258,46,0.8181818181818182,0.47685185185185186,0.009259259259259259,0.19907407407407407,0.06481481481481481,0.05555555555555555,0.041666666666666664,0.018518518518518517,0.013888888888888888,0.0,0.0,0.0,0.3194444444444444,0.41012374947358,0.32713315704486207,0.4231019973645316,0.3288469893465697,0.42396922069509774,0.3333493170615391,0.9490740740740742,0.6574074074074074,0.2916666666666667,0.0,0.018518518518518517,0.35648148148148145,0.6213592233009708,0.09090909090909091,0.0,0.8181818181818182,1,bikol,high_resource
630,19,1,5.421052631578948,19.0,2.1578947368421053,4,0.0,0.9473684210526315,0.0,0.10526315789473684,0.0,0.0,0.0,0.0,0.0,0.0,0.0,0.0,0.47368421052631576,0.25986988579458886,0.19369423595516824,0.21685349978746474,0.18104397938851638,0.2272505996471075,0.1664960733984069,1.0526315789473684,0.5789473684210527,0.47368421052631576,0.05263157894736842,0.0,0.10526315789473684,0.9444444444444444,0.0,0.0,0.0,1,bikol,high_resource
631,120,9,4.608333333333333,13.333333333333334,1.875,23,0.6666666666666666,0.475,0.0,0.2,0.058333333333333334,0.09166666666666666,0.0,0.008333333333333333,0.025,0.0,0.0,0.0,0.3333333333333333,0.3879598463164515,0.28251935147714863,0.4189917289642546,0.31255500993635565,0.37707648001261457,0.275051181236311,0.9500000000000001,0.6416666666666667,0.30833333333333335,0.0,0.025,0.31666666666666665,0.6491228070175439,0.0,0.2222222222222222,0.6666666666666666,1,bikol,high_resource
632,113,9,4.31858407079646,12.555555555555555,1.9026548672566372,24,0.2222222222222222,0.3805309734513274,0.0,0.1592920353982301,0.05309734513274336,0.1504424778761062,0.0,0.0,0.02654867256637168,0.0,0.0,0.0,0.12389380530973451,0.3560560799269389,0.2522548239425289,0.3593838949198683,0.26738232744794505,0.35287769101962135,0.17743296314445348,1.0353982300884956,0.8053097345132744,0.23008849557522124,0.008849557522123894,0.02654867256637168,0.23893805309734514,0.46511627906976744,0.0,0.0,0.2222222222222222,1,bikol,high_resource
633,203,17,4.921182266009852,11.941176470588236,2.0492610837438425,38,0.0,0.43349753694581283,0.0,0.1921182266009852,0.0049261083743842365,0.09852216748768473,0.0049261083743842365,0.0049261083743842365,0.0049261083743842365,0.0,0.0,0.0,0.3399014778325123,0.3812590413721875,0.27896879358620874,0.38561966668850467,0.3209067764986516,0.34504053891282094,0.2970777111485721,1.1280788177339902,0.7438423645320197,0.3842364532019704,0.0,0.0049261083743842365,0.21674876847290642,0.7840909090909091,0.0,0.0,0.0,1,bikol,high_resource
634,56,12,5.767857142857143,4.666666666666667,2.2857142857142856,22,0.08333333333333333,0.5357142857142857,0.0,0.05357142857142857,0.017857142857142856,0.05357142857142857,0.017857142857142856,0.0,0.017857142857142856,0.0,0.0,0.017857142857142856,0.4642857142857143,0.29169522446016927,0.1650587442077734,0.3082076405934998,0.219577592744743,0.273391282906747,0.1445524360099436,1.1071428571428572,0.6964285714285714,0.4107142857142857,0.0,0.017857142857142856,0.10714285714285714,0.7333333333333333,0.0,0.0,0.08333333333333333,1,bikol,high_resource
635,190,18,4.984210526315789,10.555555555555555,1.894736842105263,41,0.5,0.4473684210526316,0.0,0.1631578947368421,0.0,0.02631578947368421,0.05263157894736842,0.042105263157894736,0.05263157894736842,0.0,0.0,0.0,0.5421052631578948,0.40919049678027947,0.3587674743637664,0.4596465973567942,0.4614389126536595,0.4148979511949632,0.31235835057132344,0.9631578947368421,0.6105263157894737,0.3526315789473684,0.0,0.05263157894736842,0.30526315789473685,0.6588235294117647,0.1111111111111111,0.05555555555555555,0.5,1,bikol,high_resource
636,141,19,4.3546099290780145,7.421052631578948,1.822695035460993,22,1.0526315789473684,0.2198581560283688,0.0,0.14893617021276595,0.14893617021276595,0.0,0.0,0.0,0.07801418439716312,0.0,0.0,0.0,0.3191489361702128,0.3162603084398617,0.20586850785392183,0.30600172343146237,0.21358627592660798,0.3120184165515097,0.1987999728637532,0.7872340425531914,0.5815602836879432,0.20567375886524822,0.0,0.07801418439716312,0.41843971631205673,0.22580645161290322,0.2631578947368421,0.21052631578947367,1.0526315789473684,1,bikol,high_resource
637,219,22,4.200913242009133,9.954545454545455,1.7762557077625571,25,0.2727272727272727,0.2922374429223744,0.0,0.2602739726027397,0.045662100456621,0.0639269406392694,0.0045662100456621,0.0045662100456621,0.0,0.0,0.0,0.0,0.1461187214611872,0.23441331141739655,0.1185795942707344,0.24477440106754947,0.1481872428882704,0.21542655829248084,0.09669859564652418,0.6210045662100456,0.4246575342465753,0.1963470319634703,0.0,0.0,0.2511415525114155,0.625,0.0,0.0,0.2727272727272727,1,bikol,high_resource
638,139,21,5.0,6.619047619047619,1.9784172661870503,32,0.047619047619047616,0.381294964028777,0.0,0.2302158273381295,0.04316546762589928,0.07194244604316546,0.014388489208633094,0.007194244604316547,0.0,0.0,0.0,0.0,0.460431654676259,0.3177563823138944,0.229849457550579,0.3152746064618014,0.23222084082356304,0.3136864215697826,0.20793917548606683,0.935251798561151,0.6474820143884892,0.28776978417266186,0.0,0.014388489208633094,0.28776978417266186,0.5849056603773585,0.0,0.19047619047619047,0.047619047619047616,1,bikol,high_resource
639,118,11,4.533898305084746,10.727272727272727,1.8983050847457628,24,0.45454545454545453,0.4322033898305085,0.0,0.16101694915254236,0.0847457627118644,0.09322033898305085,0.0,0.0,0.00847457627118644,0.0,0.0,0.0,0.2711864406779661,0.3627308474871368,0.3233655558577306,0.3860421080640292,0.3977239985820503,0.35101513220442765,0.31854976273816304,0.8813559322033898,0.5932203389830508,0.288135593220339,0.0,0.00847457627118644,0.2796610169491525,0.5294117647058824,0.0,0.0,0.45454545454545453,1,bikol,high_resource
640,291,30,4.577319587628866,9.7,1.907216494845361,57,0.4666666666666667,0.4261168384879725,0.01718213058419244,0.16151202749140894,0.08247422680412371,0.061855670103092786,0.020618556701030927,0.003436426116838488,0.037800687285223365,0.003436426116838488,0.0,0.003436426116838488,0.3333333333333333,0.4147195503652841,0.3371015798844815,0.4422943180167781,0.36717914963568205,0.3887647527172954,0.284210984248356,0.8487972508591065,0.6013745704467354,0.24742268041237114,0.003436426116838488,0.041237113402061855,0.3230240549828179,0.5967741935483871,0.0,0.7333333333333333,0.4666666666666667,1,bikol,high_resource
641,166,30,4.578313253012048,5.533333333333333,1.855421686746988,27,0.2,0.41566265060240964,0.0,0.21686746987951808,0.006024096385542169,0.04819277108433735,0.006024096385542169,0.012048192771084338,0.024096385542168676,0.0,0.0,0.0,0.3132530120481928,0.36220646334675083,0.2126352643623551,0.3884950340535516,0.26156551666997274,0.3337413596165689,0.17110473843690396,0.8975903614457831,0.6686746987951807,0.2289156626506024,0.0,0.024096385542168676,0.3072289156626506,0.5652173913043478,0.03333333333333333,0.06666666666666667,0.2,1,bikol,high_resource
642,84,21,4.107142857142857,4.0,1.8095238095238095,12,0.0,0.47619047619047616,0.011904761904761904,0.05952380952380952,0.17857142857142858,0.09523809523809523,0.0,0.03571428571428571,0.023809523809523808,0.0,0.0,0.0,0.2261904761904762,0.356498319867503,0.30142608846264785,0.3634570144427111,0.2842393380327103,0.34947469470640335,0.2729999510125462,0.8452380952380952,0.5714285714285714,0.27380952380952384,0.0,0.023809523809523808,0.2976190476190476,0.5,0.23809523809523808,0.0,0.0,1,bikol,high_resource
643,70,11,4.371428571428571,6.363636363636363,1.8714285714285714,16,0.2727272727272727,0.6285714285714286,0.0,0.2,0.02857142857142857,0.12857142857142856,0.0,0.0,0.05714285714285714,0.0,0.0,0.0,0.2714285714285714,0.39875931868066306,0.31512214658737087,0.3800667139019787,0.3105943220139781,0.3747964850726843,0.3145226702370231,0.8714285714285714,0.5571428571428572,0.3142857142857143,0.0,0.05714285714285714,0.2857142857142857,0.6818181818181818,0.0,0.5454545454545454,0.2727272727272727,1,bikol,high_resource
644,67,17,3.791044776119403,3.9411764705882355,1.671641791044776,6,0.0,0.5373134328358209,0.0,0.16417910447761194,0.0,0.11940298507462686,0.04477611940298507,0.0,0.0,0.0,0.0,0.0,0.1791044776119403,0.3150176310547931,0.18089817886376008,0.3072105666381492,0.16012612266619514,0.2959800544046588,0.1562271896800176,0.5970149253731343,0.40298507462686567,0.19402985074626866,0.0,0.0,0.2835820895522388,0.7222222222222222,0.29411764705882354,0.0,0.0,1,bikol,high_resource
645,35,9,4.942857142857143,3.888888888888889,2.0,8,0.0,0.45714285714285713,0.0,0.2571428571428571,0.0,0.11428571428571428,0.0,0.11428571428571428,0.0,0.0,0.0,0.0,0.2857142857142857,0.26208275848438595,0.13407169260277033,0.25526679440103556,0.16581559705430035,0.229499713965576,0.08727062378830233,1.0857142857142859,0.8285714285714286,0.2571428571428571,0.0,0.0,0.2571428571428571,0.5625,0.0,0.0,0.0,1,bikol,high_resource
646,91,25,4.923076923076923,3.64,2.021978021978022,27,0.0,0.3626373626373626,0.0,0.25274725274725274,0.0,0.054945054945054944,0.0,0.0,0.0,0.0,0.0,0.0,0.26373626373626374,0.2649564706979987,0.18496182203935185,0.24693163071739768,0.22613215504323653,0.24948925324082274,0.19345884895514653,0.9230769230769231,0.7032967032967034,0.21978021978021978,0.0,0.0,0.26373626373626374,0.36363636363636365,0.0,0.0,0.0,1,bikol,high_resource
647,199,31,4.552763819095477,6.419354838709677,1.9447236180904524,46,0.3225806451612903,0.5276381909547738,0.0,0.19095477386934673,0.08040201005025126,0.07035175879396985,0.0,0.005025125628140704,0.01507537688442211,0.0,0.0,0.0,0.20603015075376885,0.36636438563855056,0.2315608099101575,0.3878404594912456,0.27006010397888197,0.3700167483842759,0.2057690517454228,0.7738693467336684,0.592964824120603,0.18090452261306533,0.0,0.005025125628140704,0.3015075376884422,0.7333333333333333,0.06451612903225806,0.25806451612903225,0.3225806451612903,1,bikol,high_resource
648,215,12,4.604651162790698,17.916666666666668,1.8232558139534885,43,0.8333333333333334,0.42790697674418604,0.013953488372093023,0.15348837209302327,0.06511627906976744,0.08837209302325581,0.0,0.09767441860465116,0.04186046511627907,0.0,0.0,0.0,0.413953488372093,0.39047429271407463,0.3172540872237539,0.4414793478868024,0.36453377728568614,0.37092093336162163,0.26593173026429884,0.9209302325581395,0.5906976744186047,0.3302325581395349,0.0,0.04186046511627907,0.26976744186046514,0.6847826086956522,0.0,0.0,0.8333333333333334,1,bikol,high_resource
649,123,22,4.373983739837398,5.590909090909091,1.8211382113821137,18,0.0,0.4146341463414634,0.0,0.21138211382113822,0.0,0.08943089430894309,0.024390243902439025,0.04878048780487805,0.008130081300813009,0.0,0.016260162601626018,0.0,0.35772357723577236,0.38916558851048527,0.28161015739230705,0.40210654292289155,0.32204153021935134,0.39155124174507394,0.278030784532949,1.024390243902439,0.6829268292682927,0.34146341463414637,0.0,0.032520325203252036,0.2601626016260163,0.6274509803921569,0.045454545454545456,0.13636363636363635,0.0,1,bikol,high_resource
650,227,23,4.748898678414097,9.869565217391305,1.933920704845815,44,0.7391304347826086,0.43612334801762115,0.0,0.14537444933920704,0.06167400881057269,0.022026431718061675,0.013215859030837005,0.013215859030837005,0.06167400881057269,0.0,0.0,0.0,0.3964757709251101,0.39661229996478875,0.3168962512508856,0.40877224799588313,0.39661798134748005,0.37049117891372074,0.29154390155101984,0.8590308370044053,0.6255506607929515,0.23348017621145375,0.0,0.00881057268722467,0.2026431718061674,0.5454545454545454,0.17391304347826086,0.5217391304347826,0.7391304347826086,1,bikol,high_resource
651,89,23,4.584269662921348,3.869565217391304,1.9101123595505618,19,0.5217391304347826,0.5842696629213483,0.0,0.15730337078651685,0.0,0.07865168539325842,0.0,0.02247191011235955,0.056179775280898875,0.011235955056179775,0.0,0.0,0.21348314606741572,0.27566279468315125,0.16174578492420028,0.3068416917407949,0.2394376288699246,0.29378599284944645,0.17873018754302444,0.7752808988764045,0.550561797752809,0.2247191011235955,0.0,0.056179775280898875,0.19101123595505617,0.6923076923076923,0.043478260869565216,0.5652173913043478,0.5217391304347826,1,bikol,high_resource
652,253,54,5.138339920948616,4.685185185185185,2.0711462450592886,71,0.12962962962962962,0.5296442687747036,0.0,0.18972332015810275,0.023715415019762844,0.06324110671936758,0.011857707509881422,0.003952569169960474,0.03557312252964427,0.007905138339920948,0.007905138339920948,0.0,0.4743083003952569,0.37114022285776654,0.27124459708844634,0.3892011809322325,0.32227698377620784,0.3535899799397128,0.2538078204571839,1.0039525691699605,0.7628458498023716,0.24110671936758893,0.003952569169960474,0.02766798418972332,0.2490118577075099,0.8208955223880597,0.0,0.0,0.12962962962962962,2,bikol,high_resource
653,415,62,4.532530120481928,6.693548387096774,1.8289156626506025,86,0.3870967741935484,0.3686746987951807,0.004819277108433735,0.163855421686747,0.10602409638554217,0.06506024096385542,0.0,0.004819277108433735,0.04096385542168675,0.03132530120481928,0.007228915662650603,0.0,0.3686746987951807,0.4007653570200793,0.2802620064339234,0.44102620098814715,0.32131472616540047,0.3816189711563687,0.2714110743274913,0.7204819277108434,0.5686746987951807,0.15180722891566265,0.0,0.014457831325301205,0.27951807228915665,0.5751633986928104,0.14516129032258066,0.016129032258064516,0.3870967741935484,2,bikol,high_resource
654,578,43,4.7854671280276815,13.44186046511628,1.8806228373702423,121,0.3953488372093023,0.35121107266435986,0.0,0.12802768166089964,0.0847750865051903,0.08823529411764706,0.0,0.005190311418685121,0.10380622837370242,0.0,0.0034602076124567475,0.0,0.4290657439446367,0.41655095708722856,0.41722785711218485,0.459704669972558,0.4676953922838671,0.39811867140385304,0.358313363405074,0.9186851211072664,0.6228373702422145,0.2958477508650519,0.0017301038062283738,0.08650519031141868,0.314878892733564,0.6502463054187192,0.11627906976744186,0.0,0.3953488372093023,2,bikol,high_resource
655,192,42,4.697916666666667,4.571428571428571,1.8697916666666667,47,0.30952380952380953,0.5625,0.0,0.21354166666666666,0.06770833333333333,0.041666666666666664,0.005208333333333333,0.010416666666666666,0.041666666666666664,0.0,0.005208333333333333,0.0,0.3541666666666667,0.37361006303494815,0.23640905370135445,0.4056226878884138,0.2535017407443079,0.3684668515792369,0.26165036605496245,0.640625,0.4895833333333333,0.15104166666666666,0.0,0.036458333333333336,0.3020833333333333,0.7777777777777778,0.11904761904761904,0.5238095238095238,0.30952380952380953,2,bikol,high_resource
656,219,31,4.292237442922374,7.064516129032258,1.7899543378995433,49,0.3225806451612903,0.3150684931506849,0.0,0.1780821917808219,0.1598173515981735,0.0776255707762557,0.0045662100456621,0.0,0.0045662100456621,0.0,0.0,0.0,0.2968036529680365,0.3255206710387268,0.30816805845872747,0.34022854418836407,0.28869410984000166,0.3348990371875085,0.30512101363827493,0.7808219178082192,0.4885844748858447,0.2922374429223744,0.0,0.0045662100456621,0.3013698630136986,0.43478260869565216,0.16129032258064516,0.0,0.3225806451612903,2,bikol,high_resource
657,109,15,4.954128440366972,7.266666666666667,2.0642201834862384,31,0.5333333333333333,0.5596330275229358,0.0,0.11926605504587157,0.03669724770642202,0.10091743119266056,0.0,0.0,0.045871559633027525,0.0,0.0,0.0,0.3119266055045872,0.3443660353045133,0.286587950644115,0.3757583670042496,0.3105587218151357,0.3616364665947827,0.26656747246011925,0.963302752293578,0.6513761467889908,0.3119266055045872,0.0,0.0,0.22935779816513763,0.6229508196721312,0.0,0.06666666666666667,0.5333333333333333,2,bikol,high_resource
658,281,48,4.9786476868327405,5.854166666666667,2.0249110320284696,72,0.5416666666666666,0.5765124555160143,0.010676156583629894,0.1423487544483986,0.06405693950177936,0.08896797153024912,0.0,0.03202846975088968,0.02491103202846975,0.0071174377224199285,0.0,0.0,0.3879003558718861,0.4321176367268957,0.391449762529209,0.47364420013843045,0.46696906658090825,0.40778742229579734,0.3787378667958288,1.0213523131672597,0.7366548042704626,0.2846975088967972,0.0,0.02491103202846975,0.2277580071174377,0.7592592592592593,0.20833333333333334,0.020833333333333332,0.5416666666666666,2,bikol,high_resource
659,122,25,4.598360655737705,4.88,1.819672131147541,14,0.04,0.5081967213114754,0.0,0.22950819672131148,0.0,0.040983606557377046,0.0,0.01639344262295082,0.00819672131147541,0.0,0.0,0.0,0.3442622950819672,0.33341930543404263,0.21651447841184315,0.32099182070744514,0.22346566540217583,0.31133755581643086,0.18001621195916395,0.6311475409836065,0.47540983606557374,0.1557377049180328,0.0,0.00819672131147541,0.2459016393442623,0.6612903225806451,0.04,0.0,0.04,2,bikol,high_resource
660,318,46,5.062893081761007,6.913043478260869,2.0628930817610063,98,0.34782608695652173,0.5062893081761006,0.0,0.1792452830188679,0.07232704402515723,0.0440251572327044,0.0,0.006289308176100629,0.0220125786163522,0.009433962264150943,0.015723270440251572,0.0,0.3836477987421384,0.43174544717039803,0.426324864939398,0.47527900945890295,0.3903323814498749,0.4146932207155869,0.3866337051857046,0.9654088050314464,0.6949685534591195,0.27044025157232704,0.0,0.009433962264150943,0.2578616352201258,0.7018633540372671,0.13043478260869565,0.32608695652173914,0.34782608695652173,2,bikol,high_resource
661,245,28,4.840816326530613,8.75,1.9469387755102041,63,0.4642857142857143,0.49795918367346936,0.0,0.2,0.0653061224489796,0.053061224489795916,0.0,0.004081632653061225,0.05714285714285714,0.0,0.004081632653061225,0.0,0.4163265306122449,0.42102049898870925,0.36757377743648983,0.46783741999779943,0.46914361591281667,0.41142064009860796,0.3322223175525181,0.8448979591836735,0.6122448979591837,0.23265306122448978,0.012244897959183673,0.036734693877551024,0.30612244897959184,0.7622950819672131,0.10714285714285714,0.2857142857142857,0.4642857142857143,2,bikol,high_resource
662,78,6,4.615384615384615,13.0,1.8846153846153846,16,1.1666666666666667,0.41025641025641024,0.0,0.038461538461538464,0.15384615384615385,0.0641025641025641,0.0,0.0,0.0,0.0,0.0,0.0,0.358974358974359,0.3158028558518969,0.2101182239448419,0.3404460567297676,0.23001757189334657,0.3059581470070935,0.1904419160221779,0.9102564102564102,0.6666666666666666,0.24358974358974358,0.0,0.0,0.2948717948717949,0.5,0.0,0.0,1.1666666666666667,2,bikol,high_resource
663,180,37,4.25,4.864864864864865,1.8333333333333333,29,0.08108108108108109,0.5111111111111111,0.0,0.20555555555555555,0.05,0.07777777777777778,0.0,0.011111111111111112,0.022222222222222223,0.005555555555555556,0.0,0.0,0.18888888888888888,0.37677374726272894,0.2868458896206249,0.35093799243035245,0.2748859145364606,0.36401531071082205,0.23625452945352812,0.8777777777777778,0.6555555555555556,0.2222222222222222,0.0,0.011111111111111112,0.2611111111111111,0.7391304347826086,0.24324324324324326,0.0,0.08108108108108109,2,bikol,high_resource
664,253,21,5.031620553359684,12.047619047619047,2.0316205533596836,62,1.380952380952381,0.549407114624506,0.003952569169960474,0.1422924901185771,0.07905138339920949,0.06324110671936758,0.0,0.003952569169960474,0.05138339920948617,0.0,0.0,0.0,0.3359683794466403,0.43756168910329063,0.43837048328030304,0.46857389131336774,0.4504767913654113,0.4237760753036403,0.39679330170604815,1.007905138339921,0.7193675889328063,0.2885375494071146,0.0,0.043478260869565216,0.2766798418972332,0.762589928057554,0.23809523809523808,0.0,1.380952380952381,2,bikol,high_resource
665,351,45,4.717948717948718,7.8,1.997150997150997,99,0.5555555555555556,0.41025641025641024,0.0,0.14245014245014245,0.05698005698005698,0.10541310541310542,0.008547008547008548,0.0,0.04843304843304843,0.002849002849002849,0.005698005698005698,0.0,0.30484330484330485,0.38526067120782287,0.2932781547953459,0.4202157928748954,0.36666742014557435,0.37782753794709306,0.2639038518851442,0.8603988603988604,0.5754985754985755,0.2849002849002849,0.0,0.02849002849002849,0.2222222222222222,0.6597222222222222,0.1111111111111111,0.37777777777777777,0.5555555555555556,2,bikol,high_resource
666,117,14,4.461538461538462,8.357142857142858,1.9401709401709402,28,0.14285714285714285,0.5555555555555556,0.0,0.19658119658119658,0.008547008547008548,0.05982905982905983,0.03418803418803419,0.017094017094017096,0.017094017094017096,0.0,0.0,0.0,0.23076923076923078,0.36752216182242675,0.27790160354443627,0.4098794428025827,0.314503842766648,0.36374992466978673,0.26920004502721767,1.0940170940170941,0.7521367521367521,0.3418803418803419,0.0,0.017094017094017096,0.26495726495726496,0.7230769230769231,0.07142857142857142,0.0,0.14285714285714285,2,bikol,high_resource
667,168,24,4.214285714285714,7.0,1.7380952380952381,26,0.3333333333333333,0.5535714285714286,0.0,0.2261904761904762,0.0,0.06547619047619048,0.017857142857142856,0.07142857142857142,0.005952380952380952,0.0,0.0,0.0,0.2916666666666667,0.3778083400344167,0.28679009129766825,0.43011122425116494,0.3674077596638854,0.3673759502383388,0.2705001297932356,0.8809523809523809,0.5714285714285714,0.30952380952380953,0.017857142857142856,0.005952380952380952,0.24404761904761904,0.7204301075268817,0.16666666666666666,0.08333333333333333,0.3333333333333333,2,bikol,high_resource
668,249,51,4.947791164658635,4.882352941176471,1.9518072289156627,52,0.43137254901960786,0.43373493975903615,0.0,0.13253012048192772,0.05622489959839357,0.09236947791164658,0.0,0.012048192771084338,0.024096385542168676,0.0,0.0,0.0,0.357429718875502,0.38492855193309805,0.22795761225605915,0.3910694587156951,0.2803143363163981,0.3847573514343773,0.19894709645733175,0.8714859437751004,0.5903614457831325,0.28112449799196787,0.004016064257028112,0.024096385542168676,0.21686746987951808,0.6944444444444444,0.1568627450980392,0.6862745098039216,0.43137254901960786,2,bikol,high_resource
669,159,33,4.49685534591195,4.818181818181818,1.9119496855345912,40,0.24242424242424243,0.3584905660377358,0.0,0.18238993710691823,0.13836477987421383,0.018867924528301886,0.0,0.050314465408805034,0.025157232704402517,0.0,0.0,0.0,0.3018867924528302,0.3641189650038605,0.25170178279038513,0.3632992455964948,0.23059147466237365,0.3600219913669913,0.22687554325782872,0.949685534591195,0.7044025157232704,0.24528301886792453,0.0,0.025157232704402517,0.44025157232704404,0.5614035087719298,0.36363636363636365,0.0,0.24242424242424243,2,bikol,high_resource
670,195,24,5.076923076923077,8.125,2.0256410256410255,54,0.041666666666666664,0.40512820512820513,0.005128205128205128,0.15384615384615385,0.041025641025641026,0.15384615384615385,0.0,0.0,0.05641025641025641,0.0,0.0,0.0,0.38461538461538464,0.3753131392341636,0.241586077336925,0.43706301424957306,0.3365278280257761,0.3579238352221507,0.2495720678921013,1.041025641025641,0.8102564102564103,0.23076923076923078,0.010256410256410256,0.05128205128205128,0.3230769230769231,0.45569620253164556,0.6666666666666666,0.125,0.041666666666666664,2,bikol,high_resource
671,238,39,5.092436974789916,6.102564102564102,2.0294117647058822,58,0.5128205128205128,0.5462184873949579,0.0,0.18907563025210083,0.025210084033613446,0.08403361344537816,0.004201680672268907,0.008403361344537815,0.029411764705882353,0.008403361344537815,0.0,0.0,0.42436974789915966,0.4502560037171383,0.4147651382654928,0.44299914370902377,0.36741874710921385,0.4533864479562288,0.3933512802722807,1.0840336134453783,0.8025210084033614,0.2815126050420168,0.0,0.025210084033613446,0.21428571428571427,0.7538461538461538,0.07692307692307693,0.02564102564102564,0.5128205128205128,2,bikol,high_resource
672,151,35,4.880794701986755,4.314285714285714,1.9735099337748345,39,0.14285714285714285,0.5562913907284768,0.0,0.11920529801324503,0.09271523178807947,0.06622516556291391,0.0,0.013245033112582781,0.019867549668874173,0.0,0.006622516556291391,0.0,0.3841059602649007,0.419336083765011,0.34397037084967447,0.43862023753233687,0.33861024075848906,0.40628601404589076,0.2993733872080132,0.9735099337748344,0.5827814569536424,0.39072847682119205,0.026490066225165563,0.0,0.2052980132450331,0.6904761904761905,0.02857142857142857,0.0,0.14285714285714285,2,bikol,high_resource
673,155,18,4.516129032258065,8.61111111111111,1.735483870967742,26,0.16666666666666666,0.5741935483870968,0.0,0.17419354838709677,0.07096774193548387,0.08387096774193549,0.0,0.03225806451612903,0.06451612903225806,0.0,0.0064516129032258064,0.0,0.41935483870967744,0.38462647562300145,0.34820286290335556,0.42829798072546377,0.3172945627277289,0.3893355170576571,0.3011554051439355,0.8064516129032258,0.6,0.2064516129032258,0.0,0.04516129032258064,0.2645161290322581,0.7528089887640449,0.5555555555555556,0.1111111111111111,0.16666666666666666,2,bikol,high_resource
674,116,14,4.758620689655173,8.285714285714286,2.0,32,0.5714285714285714,0.5948275862068966,0.0,0.13793103448275862,0.06896551724137931,0.0603448275862069,0.0,0.02586206896551724,0.017241379310344827,0.0,0.0,0.0,0.3103448275862069,0.39295796085500945,0.3369238496154332,0.43179407799876257,0.4134008679771686,0.3767317367847366,0.26863723181558047,0.8879310344827587,0.603448275862069,0.28448275862068967,0.0,0.017241379310344827,0.2413793103448276,0.6666666666666666,0.0,0.21428571428571427,0.5714285714285714,2,bikol,high_resource
675,122,17,4.073770491803279,7.176470588235294,1.7540983606557377,15,0.5882352941176471,0.4180327868852459,0.0,0.30327868852459017,0.040983606557377046,0.03278688524590164,0.0,0.0,0.040983606557377046,0.0,0.0,0.0,0.28688524590163933,0.36547467989607596,0.2747780136723297,0.3847674087948751,0.28220726205296237,0.3593030528580362,0.23150927121872827,0.7459016393442623,0.5409836065573771,0.20491803278688525,0.0,0.04918032786885246,0.3114754098360656,0.6078431372549019,0.23529411764705882,0.0,0.5882352941176471,2,bikol,high_resource
676,167,29,4.6706586826347305,5.758620689655173,1.9580838323353293,38,0.1724137931034483,0.6047904191616766,0.005988023952095809,0.2275449101796407,0.0718562874251497,0.04790419161676647,0.0,0.005988023952095809,0.017964071856287425,0.0,0.0,0.0,0.33532934131736525,0.41758885004311014,0.32502867805602065,0.4247016882861153,0.28552987032960436,0.40549020855723195,0.2705281635766781,0.8922155688622755,0.6167664670658682,0.2754491017964072,0.0,0.017964071856287425,0.32335329341317365,0.7722772277227723,0.06896551724137931,0.034482758620689655,0.1724137931034483,2,bikol,high_resource
677,272,35,5.209558823529412,7.771428571428571,2.0845588235294117,82,0.5142857142857142,0.5110294117647058,0.007352941176470588,0.13602941176470587,0.04779411764705882,0.11397058823529412,0.0,0.01838235294117647,0.05514705882352941,0.0,0.0,0.0,0.375,0.4502660164690866,0.4084602196967702,0.4786831894114442,0.46694981783897227,0.4217255542477352,0.40315301307043977,1.1875,0.8566176470588235,0.33088235294117646,0.003676470588235294,0.04411764705882353,0.23529411764705882,0.7266187050359713,0.17142857142857143,0.2857142857142857,0.5142857142857142,2,bikol,high_resource
678,258,33,4.538759689922481,7.818181818181818,1.87984496124031,42,0.45454545454545453,0.49612403100775193,0.0,0.18604651162790697,0.04263565891472868,0.07751937984496124,0.0,0.023255813953488372,0.03488372093023256,0.0,0.003875968992248062,0.0,0.29844961240310075,0.3941233408275715,0.2739330858245178,0.38950723168432067,0.28620366791704516,0.3757524556137119,0.25128485530512046,0.7906976744186047,0.49612403100775193,0.29457364341085274,0.0,0.01937984496124031,0.25193798449612403,0.6953125,0.18181818181818182,0.030303030303030304,0.45454545454545453,2,bikol,high_resource
679,231,15,4.909090909090909,15.4,1.9826839826839826,55,0.6666666666666666,0.47186147186147187,0.012987012987012988,0.11688311688311688,0.09090909090909091,0.09523809523809523,0.0,0.008658008658008658,0.017316017316017316,0.0,0.0,0.0,0.341991341991342,0.37856468425981826,0.2787810791321883,0.43245506149622404,0.38942208188798993,0.38940979526084224,0.285569587191731,0.8917748917748918,0.6147186147186147,0.27705627705627706,0.0,0.008658008658008658,0.2510822510822511,0.6788990825688074,0.0,0.0,0.6666666666666666,3,bikol,high_resource
680,517,41,4.4854932301740815,12.609756097560975,1.8762088974854931,119,0.7317073170731707,0.38878143133462284,0.0,0.2379110251450677,0.009671179883945842,0.0425531914893617,0.04448742746615087,0.017408123791102514,0.030947775628626693,0.0019342359767891683,0.0,0.0,0.32108317214700194,0.41676873692466,0.40587034963779417,0.4724579669297428,0.4354354818891707,0.41731676360675357,0.34126165145071513,0.8085106382978724,0.5473887814313346,0.2611218568665377,0.0,0.013539651837524178,0.28433268858800775,0.6268656716417911,0.04878048780487805,0.024390243902439025,0.7317073170731707,3,bikol,high_resource
681,425,49,4.828235294117647,8.673469387755102,1.988235294117647,108,0.2857142857142857,0.45176470588235296,0.0,0.12705882352941175,0.07529411764705882,0.08705882352941176,0.002352941176470588,0.0,0.047058823529411764,0.0,0.004705882352941176,0.0,0.35058823529411764,0.4390188207815759,0.4399541423688993,0.4847052481222732,0.5115165467086527,0.4359224583045202,0.3640751996883731,1.04,0.7105882352941176,0.32941176470588235,0.002352941176470588,0.04,0.2776470588235294,0.6875,0.10204081632653061,0.24489795918367346,0.2857142857142857,3,bikol,high_resource
682,636,43,4.572327044025157,14.790697674418604,1.8946540880503144,139,0.6976744186046512,0.41509433962264153,0.0,0.19968553459119498,0.04874213836477988,0.07075471698113207,0.018867924528301886,0.0047169811320754715,0.03773584905660377,0.014150943396226415,0.0,0.0,0.27044025157232704,0.4402708963514474,0.40122347440941963,0.491793598311217,0.49033701764647314,0.426548548252062,0.36461270186556805,0.8742138364779874,0.6116352201257862,0.26257861635220126,0.0,0.01729559748427673,0.2940251572327044,0.678030303030303,0.09302325581395349,0.23255813953488372,0.6976744186046512,3,bikol,high_resource
683,441,24,5.09750566893424,18.375,2.0272108843537415,123,0.9166666666666666,0.46938775510204084,0.0,0.16099773242630386,0.05215419501133787,0.09750566893424037,0.011337868480725623,0.006802721088435374,0.061224489795918366,0.0,0.0045351473922902496,0.0,0.4217687074829932,0.41457963894899197,0.3863408096395464,0.48975248622518786,0.5240495756804386,0.40866243614608216,0.3722822541702678,1.0476190476190477,0.7142857142857143,0.3333333333333333,0.0022675736961451248,0.031746031746031744,0.26077097505668934,0.7101449275362319,0.041666666666666664,0.0,0.9166666666666666,3,bikol,high_resource
684,174,22,4.649425287356322,7.909090909090909,1.9425287356321839,39,0.5,0.5919540229885057,0.0,0.16666666666666666,0.09195402298850575,0.06896551724137931,0.017241379310344827,0.005747126436781609,0.022988505747126436,0.0,0.0,0.0,0.28160919540229884,0.41255528531295654,0.33365168323454514,0.45074383748921154,0.4002887894948757,0.42676570563593946,0.31210634094392503,0.9195402298850575,0.6781609195402298,0.2413793103448276,0.005747126436781609,0.011494252873563218,0.28160919540229884,0.7281553398058253,0.22727272727272727,0.18181818181818182,0.5,3,bikol,high_resource
685,899,60,4.575083426028921,14.983333333333333,1.89321468298109,216,1.6833333333333333,0.20022246941045607,0.0,0.13681868743047831,0.08453837597330367,0.08453837597330367,0.0,0.008898776418242492,0.042269187986651836,0.0,0.0,0.0,0.3025583982202447,0.41473042097236096,0.3695760754292105,0.4557697577514633,0.4453231774573355,0.43565780865899595,0.406952004890144,0.9087875417130145,0.6084538375973304,0.3003337041156841,0.002224694104560623,0.004449388209121246,0.2324805339265851,0.55,0.0,0.5333333333333333,1.6833333333333333,3,bikol,high_resource
686,7,1,5.428571428571429,7.0,2.142857142857143,2,0.0,0.8571428571428571,0.0,0.14285714285714285,0.2857142857142857,0.0,0.0,0.0,0.14285714285714285,0.0,0.0,0.0,0.42857142857142855,0.16846226293667993,0.042574628507872615,0.18531500455274974,0.027050624433356877,0.17040855235327731,0.05518556890230868,0.7142857142857142,0.42857142857142855,0.2857142857142857,0.0,0.14285714285714285,0.5714285714285714,0.8333333333333334,0.0,0.0,0.0,3,bikol,high_resource
687,496,50,4.794354838709677,9.92,2.0161290322580645,167,1.2,0.36693548387096775,0.0020161290322580645,0.20967741935483872,0.046370967741935484,0.06854838709677419,0.006048387096774193,0.0,0.024193548387096774,0.0020161290322580645,0.0,0.0,0.2903225806451613,0.4432777481980049,0.36203178318582163,0.46645810952383177,0.4032319687364028,0.4195632140696136,0.3529079852854534,0.7963709677419355,0.594758064516129,0.20161290322580644,0.0,0.004032258064516129,0.2721774193548387,0.5714285714285714,0.16,0.4,1.2,3,bikol,high_resource
688,490,49,4.791836734693877,10.0,1.957142857142857,122,0.3673469387755102,0.39591836734693875,0.0020408163265306124,0.18571428571428572,0.03469387755102041,0.0673469387755102,0.0,0.00816326530612245,0.05510204081632653,0.0,0.01020408163265306,0.0,0.3163265306122449,0.408819347953374,0.38682722077531967,0.4429485313732893,0.39999472687100224,0.4034788302697656,0.33830170697236944,0.9040816326530612,0.636734693877551,0.2673469387755102,0.0,0.00816326530612245,0.24693877551020407,0.6237113402061856,0.04081632653061224,0.2857142857142857,0.3673469387755102,3,bikol,high_resource
689,495,47,5.070707070707071,10.53191489361702,2.0525252525252524,136,0.48936170212765956,0.4080808080808081,0.00202020202020202,0.1414141414141414,0.06060606060606061,0.06464646464646465,0.0,0.00808080808080808,0.044444444444444446,0.0,0.00404040404040404,0.0,0.3838383838383838,0.4445577598133686,0.4046386478741759,0.45086029750049716,0.4216634406342438,0.44326636850609297,0.4056252662954982,1.0828282828282827,0.7535353535353535,0.3292929292929293,0.014141414141414142,0.03636363636363636,0.29292929292929293,0.6782178217821783,0.02127659574468085,0.0,0.48936170212765956,3,bikol,high_resource
690,406,39,4.766009852216749,10.41025641025641,1.8719211822660098,81,0.9487179487179487,0.41133004926108374,0.0,0.15270935960591134,0.0665024630541872,0.1206896551724138,0.0,0.007389162561576354,0.024630541871921183,0.0,0.007389162561576354,0.0,0.3522167487684729,0.3977682306045727,0.29580507591151783,0.43710044688015814,0.4059398865519485,0.4170914598498343,0.2566258073255233,0.8399014778325123,0.5886699507389163,0.2512315270935961,0.0,0.014778325123152709,0.2438423645320197,0.6287425149700598,0.10256410256410256,0.4358974358974359,0.9487179487179487,3,bikol,high_resource
691,539,72,4.818181818181818,7.486111111111111,1.981447124304267,144,0.4583333333333333,0.3803339517625232,0.0018552875695732839,0.1836734693877551,0.05194805194805195,0.03153988868274583,0.03896103896103896,0.0037105751391465678,0.016697588126159554,0.0,0.0,0.0,0.32838589981447125,0.4487254131433372,0.41669141698937145,0.4636465218286436,0.43944541559122213,0.42229647439106005,0.3552430164587783,0.914656771799629,0.6567717996289425,0.25788497217068646,0.0,0.0055658627087198514,0.26716141001855287,0.6878048780487804,0.05555555555555555,0.3472222222222222,0.4583333333333333,3,bikol,high_resource
692,615,70,4.520325203252033,8.785714285714286,1.978861788617886,134,0.6571428571428571,0.2894308943089431,0.0,0.1886178861788618,0.04227642276422764,0.06016260162601626,0.0,0.0032520325203252032,0.026016260162601626,0.0,0.0,0.0,0.25365853658536586,0.3694479793895957,0.30166188241833247,0.4119723157459481,0.3709978773304475,0.3731951771441374,0.2802331556635233,0.9934959349593495,0.6617886178861788,0.33170731707317075,0.0,0.0065040650406504065,0.25040650406504067,0.33146067415730335,0.08571428571428572,0.3,0.6571428571428571,3,bikol,high_resource
693,478,31,4.7426778242677825,15.419354838709678,1.9497907949790796,114,0.6451612903225806,0.4121338912133891,0.0,0.16108786610878661,0.0794979079497908,0.08158995815899582,0.0,0.0020920502092050207,0.014644351464435146,0.0,0.0,0.0,0.27615062761506276,0.4231335872948937,0.35964624196911166,0.47708979931949025,0.4549903918010548,0.409215518756093,0.3078631914681301,0.997907949790795,0.6673640167364017,0.3305439330543933,0.0020920502092050207,0.012552301255230125,0.27405857740585776,0.6395939086294417,0.03225806451612903,0.12903225806451613,0.6451612903225806,3,bikol,high_resource
694,445,52,4.977528089887641,8.557692307692308,2.0269662921348313,151,0.23076923076923078,0.3865168539325843,0.0,0.1550561797752809,0.0898876404494382,0.08764044943820225,0.0044943820224719105,0.006741573033707865,0.04719101123595506,0.0,0.0022471910112359553,0.0,0.3258426966292135,0.36286492721629876,0.309336857948889,0.4135523593938572,0.39272504282912274,0.35546212804298155,0.27916277086233376,0.9752808988764046,0.6539325842696629,0.32134831460674157,0.0044943820224719105,0.02696629213483146,0.2808988764044944,0.75,0.019230769230769232,0.21153846153846154,0.23076923076923078,3,bikol,high_resource
695,680,83,4.83235294117647,8.19277108433735,1.9941176470588236,160,0.2891566265060241,0.38088235294117645,0.0014705882352941176,0.16176470588235295,0.06470588235294118,0.06911764705882353,0.007352941176470588,0.01911764705882353,0.010294117647058823,0.0014705882352941176,0.0014705882352941176,0.0,0.3720588235294118,0.41224146505908793,0.4089741627732479,0.46361835127238155,0.4519132115160909,0.4209178827231162,0.3770032056613439,0.8558823529411765,0.6205882352941177,0.23529411764705882,0.0,0.008823529411764706,0.27205882352941174,0.6293436293436293,0.12048192771084337,0.1927710843373494,0.2891566265060241,3,bikol,high_resource
696,397,39,4.806045340050378,10.179487179487179,1.9823677581863979,105,0.38461538461538464,0.41309823677581864,0.0,0.15869017632241814,0.08312342569269521,0.07556675062972293,0.0025188916876574307,0.0,0.04534005037783375,0.0,0.005037783375314861,0.0,0.30730478589420657,0.41516445419126224,0.3921262055095432,0.4696134791337704,0.49420767982957087,0.39671611314413324,0.3319944447390031,0.9093198992443325,0.6448362720403022,0.26448362720403024,0.0,0.020151133501259445,0.2619647355163728,0.6341463414634146,0.05128205128205128,0.38461538461538464,0.38461538461538464,3,bikol,high_resource
697,718,74,4.493036211699164,9.702702702702704,1.8217270194986073,137,0.4189189189189189,0.2966573816155989,0.001392757660167131,0.19637883008356546,0.07381615598885793,0.07520891364902507,0.0,0.011142061281337047,0.06685236768802229,0.0,0.002785515320334262,0.0,0.3607242339832869,0.4146407786654437,0.3562175327275744,0.4578625630731892,0.4718388041274869,0.41847144165870737,0.3716611943592473,0.9136490250696379,0.6740947075208914,0.2395543175487465,0.002785515320334262,0.04178272980501393,0.33008356545961004,0.539906103286385,0.04054054054054054,0.21621621621621623,0.4189189189189189,3,bikol,high_resource
698,616,78,4.646103896103896,7.897435897435898,1.9107142857142858,113,0.5,0.35064935064935066,0.0,0.18668831168831168,0.05032467532467533,0.05519480519480519,0.0,0.008116883116883116,0.025974025974025976,0.0,0.0,0.0,0.3457792207792208,0.40912387421144064,0.35996821799230305,0.41507437598328756,0.4119248162290365,0.37537991152238814,0.32521451115685934,0.9123376623376624,0.6542207792207793,0.25811688311688313,0.00487012987012987,0.025974025974025976,0.29545454545454547,0.6157407407407407,0.15384615384615385,0.5256410256410257,0.5,3,bikol,high_resource
699,258,23,4.864341085271318,11.217391304347826,2.0232558139534884,62,0.6086956521739131,0.562015503875969,0.0,0.2054263565891473,0.06201550387596899,0.027131782945736434,0.0,0.011627906976744186,0.01937984496124031,0.0,0.0,0.0,0.32558139534883723,0.433615953366136,0.3883088497628591,0.48914513307972457,0.4337385578223835,0.41414234197865774,0.33011741742104056,0.9612403100775194,0.7015503875968992,0.2596899224806202,0.0,0.007751937984496124,0.26744186046511625,0.7172413793103448,0.0,0.21739130434782608,0.6086956521739131,3,bikol,high_resource
700,625,61,4.7328,10.245901639344263,1.8448,120,0.6229508196721312,0.3488,0.0032,0.1888,0.0304,0.0816,0.0,0.0112,0.0416,0.008,0.0368,0.0,0.4,0.45500873900840666,0.40384624746305553,0.4729948100207356,0.45485683054199555,0.42497531660214516,0.36841389695715937,0.8656,0.6288,0.2368,0.0032,0.0048,0.2256,0.5688073394495413,0.16393442622950818,0.36065573770491804,0.6229508196721312,3,bikol,high_resource
701,467,28,5.154175588865097,16.678571428571427,2.074946466809422,129,0.6071428571428571,0.4282655246252677,0.004282655246252677,0.1349036402569593,0.06423982869379015,0.08565310492505353,0.006423982869379015,0.004282655246252677,0.023554603854389723,0.0,0.0,0.0,0.35974304068522484,0.4424120955794844,0.4767087526391066,0.4746286567920442,0.5381836071007522,0.4239625122450988,0.4092229670933222,1.1541755888650964,0.8115631691648822,0.3426124197002141,0.0,0.021413276231263382,0.27194860813704497,0.73,0.0,0.07142857142857142,0.6071428571428571,3,bikol,high_resource
702,326,33,4.763803680981595,9.878787878787879,2.01840490797546,86,0.45454545454545453,0.4233128834355828,0.0,0.15030674846625766,0.10122699386503067,0.07668711656441718,0.012269938650306749,0.0,0.03067484662576687,0.0,0.0,0.0,0.3312883435582822,0.41434850710213805,0.32173191919144417,0.4447128018845645,0.3159543549952145,0.41023704752599083,0.31363742969037395,0.8957055214723926,0.656441717791411,0.2392638036809816,0.0,0.015337423312883436,0.29141104294478526,0.6159420289855072,0.15151515151515152,0.36363636363636365,0.45454545454545453,3,bikol,high_resource
703,297,32,4.841750841750842,9.28125,2.037037037037037,81,0.40625,0.4511784511784512,0.0,0.23905723905723905,0.04040404040404041,0.05723905723905724,0.0,0.0,0.006734006734006734,0.006734006734006734,0.0,0.0,0.28619528619528617,0.41507802212627803,0.37251054289384317,0.49358012724364614,0.4111922267036578,0.40835095850268605,0.32293373973365014,0.8484848484848485,0.6026936026936027,0.24579124579124578,0.003367003367003367,0.006734006734006734,0.28619528619528617,0.7089552238805971,0.0,0.0625,0.40625,3,bikol,high_resource
704,1176,67,4.46343537414966,17.55223880597015,1.8673469387755102,231,1.3880597014925373,0.31037414965986393,0.00510204081632653,0.19472789115646258,0.0782312925170068,0.06717687074829932,0.0017006802721088435,0.002551020408163265,0.03316326530612245,0.0008503401360544217,0.0008503401360544217,0.0,0.24319727891156462,0.427945850078332,0.42627302681038015,0.4743258405683454,0.44922962821523355,0.41710961922153483,0.37007496145583635,0.8078231292517007,0.5731292517006803,0.23469387755102042,0.0,0.02891156462585034,0.3239795918367347,0.6356164383561644,0.3880597014925373,0.014925373134328358,1.3880597014925373,3,bikol,high_resource
705,337,36,4.881305637982196,9.36111111111111,1.9762611275964392,92,0.6111111111111112,0.5192878338278932,0.0,0.17507418397626112,0.06528189910979229,0.06231454005934718,0.0,0.008902077151335312,0.050445103857566766,0.0,0.0,0.0,0.4391691394658754,0.42760654099980006,0.4248437111371079,0.455303991887637,0.438763364773299,0.4073845701248975,0.33073154265911625,0.9080118694362018,0.6617210682492581,0.24629080118694363,0.0,0.03560830860534125,0.2818991097922849,0.6971428571428572,0.19444444444444445,0.25,0.6111111111111112,3,bikol,high_resource
706,921,90,4.362649294245386,10.233333333333333,1.8110749185667752,189,0.8888888888888888,0.2725298588490771,0.010857763300760043,0.14332247557003258,0.09011943539630836,0.12160694896851248,0.0,0.009771986970684038,0.029315960912052116,0.003257328990228013,0.0,0.0,0.2714440825190011,0.42859823930500945,0.3855287728827907,0.45880105372265995,0.4245483160021964,0.42092709112031146,0.3231531323023698,0.8512486427795874,0.5624321389793703,0.2888165038002172,0.0,0.02714440825190011,0.2714440825190011,0.5577689243027888,0.2222222222222222,0.044444444444444446,0.8888888888888888,3,bikol,high_resource
707,699,90,4.703862660944206,7.766666666666667,1.9184549356223175,171,0.34444444444444444,0.3104434907010014,0.001430615164520744,0.17739628040057226,0.06580829756795423,0.09585121602288985,0.0,0.002861230329041488,0.03719599427753934,0.0,0.0,0.0,0.3090128755364807,0.40265478150953526,0.3323496979001659,0.45966768627805094,0.36726267437260673,0.389758553917344,0.30565305891959266,0.899856938483548,0.580829756795422,0.3190271816881259,0.001430615164520744,0.01430615164520744,0.24892703862660945,0.6036866359447005,0.13333333333333333,0.5,0.34444444444444444,3,bikol,high_resource
708,556,68,4.748201438848921,8.176470588235293,1.9568345323741008,129,0.6029411764705882,0.44064748201438847,0.0035971223021582736,0.20863309352517986,0.06294964028776978,0.06474820143884892,0.0,0.00539568345323741,0.0539568345323741,0.0,0.0,0.0,0.3363309352517986,0.4119690212795868,0.3661113544784164,0.465980249818936,0.38490985423029184,0.3902887917258556,0.3045427796065967,0.8525179856115107,0.6672661870503597,0.18525179856115107,0.0035971223021582736,0.012589928057553957,0.302158273381295,0.7020408163265306,0.0,0.27941176470588236,0.6029411764705882,3,bikol,high_resource
709,689,85,5.0,8.105882352941176,1.9666182873730043,159,0.32941176470588235,0.38461538461538464,0.0043541364296081275,0.14949201741654572,0.06531204644412192,0.06676342525399129,0.0,0.013062409288824383,0.047895500725689405,0.0,0.0043541364296081275,0.0,0.4020319303338171,0.43880367351677657,0.380159936426756,0.4355715617355504,0.43450687250062353,0.41914999853888496,0.34791764187887547,1.0624092888243832,0.760522496371553,0.3018867924528302,0.005805515239477504,0.010159651669085631,0.2365747460087083,0.5811320754716981,0.07058823529411765,0.2823529411764706,0.32941176470588235,3,bikol,high_resource
710,581,85,4.869191049913941,6.8352941176470585,1.9586919104991394,142,0.3176470588235294,0.4010327022375215,0.0034423407917383822,0.14802065404475043,0.07056798623063683,0.06884681583476764,0.0,0.010327022375215147,0.06196213425129088,0.0017211703958691911,0.0017211703958691911,0.0,0.35972461273666095,0.4154976042707403,0.40398419695544563,0.4411728941938024,0.4420784359836145,0.42430237218930156,0.37540744743050153,0.9208261617900172,0.6075731497418244,0.3132530120481928,0.0,0.05163511187607573,0.2685025817555938,0.6652360515021459,0.011764705882352941,0.16470588235294117,0.3176470588235294,3,bikol,high_resource
711,416,37,4.918269230769231,11.243243243243244,2.014423076923077,103,0.7027027027027027,0.40384615384615385,0.0,0.16105769230769232,0.08413461538461539,0.057692307692307696,0.002403846153846154,0.004807692307692308,0.04567307692307692,0.0,0.0,0.0,0.36778846153846156,0.4261327125987777,0.40429839910204335,0.48209866789425726,0.49885038541991567,0.4138411344378448,0.3769693296038069,1.0697115384615385,0.7716346153846154,0.2980769230769231,0.002403846153846154,0.040865384615384616,0.2932692307692308,0.6726190476190477,0.13513513513513514,0.05405405405405406,0.7027027027027027,3,bikol,high_resource
712,396,32,4.838383838383838,12.375,1.9191919191919191,109,0.53125,0.3838383838383838,0.0,0.15404040404040403,0.06060606060606061,0.07575757575757576,0.0,0.005050505050505051,0.09343434343434344,0.017676767676767676,0.010101010101010102,0.0,0.4015151515151515,0.4245491524585206,0.4039317516456766,0.47697157855947125,0.47961335730750376,0.4266076942201684,0.4214911106347547,0.9848484848484849,0.6717171717171717,0.31313131313131315,0.0,0.047979797979797977,0.2828282828282828,0.6644736842105263,0.0,0.0,0.53125,3,bikol,high_resource
713,559,85,5.10912343470483,6.576470588235294,2.1198568872987478,162,0.16470588235294117,0.3470483005366726,0.0,0.12164579606440072,0.06976744186046512,0.09123434704830054,0.0,0.008944543828264758,0.02146690518783542,0.0,0.0,0.0,0.2844364937388193,0.43720985688895675,0.3733934738147762,0.48803979565116307,0.4256242519379689,0.4395288257372729,0.339258928271416,1.0304114490161003,0.7495527728085868,0.2808586762075134,0.0017889087656529517,0.01967799642218247,0.2039355992844365,0.5721649484536082,0.058823529411764705,0.29411764705882354,0.16470588235294117,3,bikol,high_resource
714,385,39,4.742857142857143,9.871794871794872,1.8623376623376624,96,0.5384615384615384,0.43376623376623374,0.0,0.17662337662337663,0.06233766233766234,0.05714285714285714,0.0,0.03636363636363636,0.0987012987012987,0.0,0.015584415584415584,0.0,0.4077922077922078,0.4192122876183468,0.41284500470682406,0.46565790389382344,0.4413631808715962,0.3918065430278068,0.3974286354431306,0.8467532467532467,0.6155844155844156,0.23116883116883116,0.0025974025974025974,0.03116883116883117,0.2649350649350649,0.7305389221556886,0.07692307692307693,0.02564102564102564,0.5384615384615384,3,bikol,high_resource
715,458,42,4.419213973799127,10.904761904761905,1.8558951965065502,92,0.19047619047619047,0.34497816593886466,0.0,0.2074235807860262,0.03275109170305677,0.03711790393013101,0.010917030567685589,0.039301310043668124,0.08951965065502183,0.0,0.004366812227074236,0.0,0.32751091703056767,0.39535896370197604,0.38821764459618485,0.4164653927995027,0.3833960856903242,0.39165222811015743,0.3242613061753974,0.9235807860262009,0.6943231441048034,0.2292576419213974,0.0,0.017467248908296942,0.33406113537117904,0.5506329113924051,0.09523809523809523,0.0,0.19047619047619047,3,bikol,high_resource
716,629,59,4.516693163751987,10.661016949152541,1.769475357710652,123,0.4406779661016949,0.35294117647058826,0.003179650238473768,0.1971383147853736,0.04133545310015898,0.13354531001589826,0.0,0.012718600953895072,0.06359300476947535,0.0,0.009538950715421303,0.0,0.39268680445151033,0.42933771792219855,0.3752538375156398,0.47931880019816053,0.40623820786263554,0.41621170347563347,0.3291988163513013,0.8394276629570747,0.6200317965023847,0.21939586645468998,0.0,0.03815580286168521,0.27344992050874406,0.6081081081081081,0.1016949152542373,0.15254237288135594,0.4406779661016949,3,bikol,high_resource
717,477,52,4.855345911949685,9.173076923076923,2.0020964360587,109,0.34615384615384615,0.4109014675052411,0.0,0.16352201257861634,0.06079664570230608,0.07127882599580712,0.0,0.016771488469601678,0.03563941299790356,0.0,0.0020964360587002098,0.0,0.3018867924528302,0.42015909817977726,0.41853565037357715,0.47008530668649157,0.4952391902109968,0.3763659455479581,0.32237890134511454,1.0607966457023061,0.8218029350104822,0.2389937106918239,0.0020964360587002098,0.020964360587002098,0.2893081761006289,0.6377551020408163,0.07692307692307693,0.25,0.34615384615384615,3,bikol,high_resource
718,705,100,4.418439716312057,7.05,1.853900709219858,128,1.17,0.28085106382978725,0.0028368794326241137,0.2226950354609929,0.05815602836879433,0.04822695035460993,0.0,0.005673758865248227,0.04397163120567376,0.0014184397163120568,0.0,0.0,0.2680851063829787,0.4433550322450722,0.38929113501647306,0.4526972282130844,0.3505832749370369,0.422848930570431,0.3556691295153945,0.6879432624113475,0.5276595744680851,0.16028368794326242,0.0014184397163120568,0.028368794326241134,0.2851063829787234,0.41414141414141414,0.1,0.58,1.17,3,bikol,high_resource
719,963,75,4.960539979231568,12.84,2.0176531671858773,258,0.68,0.34683281412253375,0.009345794392523364,0.13499480789200416,0.06334371754932502,0.10903426791277258,0.0020768431983385254,0.012461059190031152,0.0612668743509865,0.003115264797507788,0.0,0.0,0.39979231568016615,0.40186469718924483,0.3815416349736879,0.451642267880336,0.43040497622427126,0.38647410857190356,0.3293510042464437,1.0103842159916927,0.7206645898234684,0.2897196261682243,0.0020768431983385254,0.059190031152647975,0.2731048805815161,0.6526946107784432,0.10666666666666667,0.13333333333333333,0.68,3,bikol,high_resource
720,195,23,4.543589743589743,8.478260869565217,1.8461538461538463,43,0.6956521739130435,0.5435897435897435,0.005128205128205128,0.18974358974358974,0.08717948717948718,0.07179487179487179,0.005128205128205128,0.020512820512820513,0.041025641025641026,0.0,0.0,0.0,0.3487179487179487,0.38106973985533493,0.35540951189902875,0.39559156534436224,0.34156177709754687,0.37749490557060017,0.3519572401802382,0.7384615384615384,0.5128205128205128,0.22564102564102564,0.010256410256410256,0.041025641025641026,0.30256410256410254,0.7641509433962265,0.34782608695652173,0.08695652173913043,0.6956521739130435,3,bikol,high_resource
721,500,56,4.744,8.928571428571429,1.978,115,0.6428571428571429,0.436,0.002,0.192,0.038,0.1,0.0,0.006,0.048,0.002,0.002,0.0,0.29,0.4502605335896561,0.42596679429845397,0.4698036413208003,0.48763977521060253,0.41066648156072383,0.33594092505359757,1.018,0.752,0.266,0.0,0.026,0.254,0.7018348623853211,0.14285714285714285,0.17857142857142858,0.6428571428571429,3,bikol,high_resource
722,108,17,4.62037037037037,6.352941176470588,1.9259259259259258,22,0.11764705882352941,0.5925925925925926,0.0,0.16666666666666666,0.018518518518518517,0.027777777777777776,0.06481481481481481,0.009259259259259259,0.018518518518518517,0.0,0.0,0.0,0.3888888888888889,0.3470423815131822,0.2732684813504897,0.3190165062391852,0.28439413471502045,0.33813034995733987,0.30236045130074746,0.9166666666666667,0.5092592592592593,0.4074074074074074,0.0,0.018518518518518517,0.3333333333333333,0.6875,0.11764705882352941,0.0,0.11764705882352941,3,bikol,high_resource
723,224,34,4.433035714285714,6.588235294117647,1.8169642857142858,41,0.3235294117647059,0.44642857142857145,0.0,0.17857142857142858,0.10714285714285714,0.05803571428571429,0.004464285714285714,0.0,0.04017857142857143,0.0,0.0,0.0,0.32589285714285715,0.41915455735802026,0.320496238958292,0.4172235279088105,0.36379203275250876,0.3895848108080786,0.25562452308446687,0.9285714285714286,0.6785714285714286,0.25,0.004464285714285714,0.004464285714285714,0.29017857142857145,0.71,0.08823529411764706,0.29411764705882354,0.3235294117647059,3,bikol,high_resource
724,341,39,5.038123167155425,8.743589743589743,1.9853372434017595,94,0.6410256410256411,0.39882697947214074,0.0,0.17888563049853373,0.01466275659824047,0.04985337243401759,0.05571847507331378,0.005865102639296188,0.05571847507331378,0.0,0.002932551319648094,0.0,0.44574780058651026,0.370006180670853,0.3507222314074635,0.39955328843154597,0.382232716693762,0.37084859094500977,0.3219244874676335,1.0263929618768328,0.7741935483870968,0.25219941348973607,0.0,0.020527859237536656,0.26099706744868034,0.5955882352941176,0.0,0.41025641025641024,0.6410256410256411,3,bikol,high_resource
725,431,60,4.770301624129931,7.183333333333334,1.9071925754060324,105,0.31666666666666665,0.3851508120649652,0.0,0.21809744779582366,0.058004640371229696,0.06728538283062645,0.0,0.002320185614849188,0.048723897911832945,0.0,0.0,0.0,0.41531322505800466,0.39395232652478396,0.30292733499304964,0.4463072042950304,0.36614365004822086,0.4103841037751539,0.30794742042048867,0.7935034802784223,0.5475638051044084,0.2459396751740139,0.002320185614849188,0.018561484918793503,0.2877030162412993,0.7048192771084337,0.05,0.3333333333333333,0.31666666666666665,3,bikol,high_resource
726,641,71,4.416536661466458,9.028169014084508,1.8517940717628705,111,0.676056338028169,0.3541341653666147,0.014040561622464899,0.16536661466458658,0.06396255850234009,0.0842433697347894,0.0046801872074883,0.0031201248049922,0.0202808112324493,0.0031201248049922,0.0031201248049922,0.0,0.2917316692667707,0.4138268949061887,0.33997930274831006,0.4381381127668171,0.4236041737239197,0.3865819858084707,0.287972339456559,0.8705148205928237,0.62402496099844,0.24648985959438377,0.0,0.0093603744149766,0.24960998439937598,0.6255506607929515,0.22535211267605634,0.323943661971831,0.676056338028169,3,bikol,high_resource
727,527,61,4.650853889943074,8.639344262295081,1.9734345351043643,126,0.3770491803278688,0.3567362428842505,0.0,0.18026565464895636,0.09108159392789374,0.05313092979127135,0.0018975332068311196,0.013282732447817837,0.020872865275142316,0.0,0.003795066413662239,0.0,0.2618595825426945,0.4389166055263022,0.3627656084523292,0.4594184961281978,0.37697203228786724,0.41790665099278457,0.2976398325846597,0.8349146110056926,0.6413662239089184,0.1935483870967742,0.0,0.007590132827324478,0.2998102466793169,0.6276595744680851,0.04918032786885246,0.21311475409836064,0.3770491803278688,3,bikol,high_resource
728,857,103,4.719953325554259,8.320388349514563,1.939323220536756,199,0.4368932038834951,0.36406067677946324,0.0011668611435239206,0.21586931155192532,0.061843640606767794,0.049008168028004666,0.0011668611435239206,0.015169194865810968,0.0338389731621937,0.0,0.008168028004667444,0.0,0.2998833138856476,0.4361117192130271,0.4187156662529736,0.4838500775455306,0.48987434149045583,0.4344666997069495,0.38350865124544764,0.8611435239206534,0.5915985997666278,0.26954492415402564,0.004667444574095682,0.007001166861143524,0.26954492415402564,0.6282051282051282,0.07766990291262135,0.4563106796116505,0.4368932038834951,3,bikol,high_resource
729,515,89,4.572815533980583,5.786516853932584,1.862135922330097,96,0.2696629213483146,0.3864077669902913,0.0,0.1883495145631068,0.05631067961165048,0.062135922330097085,0.005825242718446602,0.003883495145631068,0.03300970873786408,0.0,0.0,0.0,0.31650485436893205,0.4532558943358345,0.37920003552352277,0.44700670786005053,0.42461400379736053,0.43249492037213455,0.33162738305944944,0.9572815533980583,0.6990291262135923,0.258252427184466,0.0,0.003883495145631068,0.26990291262135924,0.6633165829145728,0.0449438202247191,0.3595505617977528,0.2696629213483146,3,bikol,high_resource
730,504,48,4.579365079365079,10.5,1.9206349206349207,101,0.3958333333333333,0.39880952380952384,0.0,0.21031746031746032,0.051587301587301584,0.05952380952380952,0.007936507936507936,0.00992063492063492,0.02976190476190476,0.0,0.0,0.0,0.28174603174603174,0.45269985043876715,0.4498355607116037,0.47065077469875133,0.47342062089000436,0.43388809475579565,0.3984773009028631,0.9583333333333333,0.6984126984126984,0.25992063492063494,0.003968253968253968,0.02976190476190476,0.3333333333333333,0.6865671641791045,0.0,0.20833333333333334,0.3958333333333333,3,bikol,high_resource
731,428,34,4.960280373831775,12.588235294117647,1.9929906542056075,121,0.7058823529411765,0.4182242990654206,0.007009345794392523,0.1425233644859813,0.07009345794392523,0.11682242990654206,0.0,0.014018691588785047,0.0630841121495327,0.0,0.004672897196261682,0.0,0.4252336448598131,0.41052866056215964,0.32422867733403893,0.4744273461464713,0.39656608454853215,0.3932458383099228,0.29705588533061744,1.0257009345794392,0.7102803738317757,0.31542056074766356,0.0,0.04672897196261682,0.2897196261682243,0.7039106145251397,0.08823529411764706,0.029411764705882353,0.7058823529411765,3,bikol,high_resource
732,444,52,4.79054054054054,8.538461538461538,1.9932432432432432,100,0.21153846153846154,0.3918918918918919,0.0,0.15315315315315314,0.060810810810810814,0.08558558558558559,0.0,0.0045045045045045045,0.013513513513513514,0.0,0.0,0.0,0.3130630630630631,0.4242860492816755,0.4836766781583835,0.4482732221431617,0.4834642394251409,0.4054511317844128,0.40322913949858685,1.1238738738738738,0.7972972972972973,0.32657657657657657,0.0,0.013513513513513514,0.30180180180180183,0.632183908045977,0.0,0.038461538461538464,0.21153846153846154,3,bikol,high_resource
733,286,56,4.405594405594406,5.107142857142857,1.7447552447552448,41,0.39285714285714285,0.23776223776223776,0.0,0.14335664335664336,0.09090909090909091,0.038461538461538464,0.01048951048951049,0.03146853146853147,0.0,0.0,0.0,0.0,0.3741258741258741,0.3217256070883671,0.22695252570471555,0.3562363948239164,0.2696671553838524,0.31947643389912,0.2518986119772104,0.5594405594405595,0.3356643356643357,0.22377622377622378,0.0,0.0,0.24825174825174826,0.5735294117647058,0.21428571428571427,0.17857142857142858,0.39285714285714285,3,bikol,high_resource
734,88,9,4.363636363636363,9.777777777777779,1.7840909090909092,15,0.3333333333333333,0.6363636363636364,0.0,0.07954545454545454,0.011363636363636364,0.14772727272727273,0.022727272727272728,0.09090909090909091,0.06818181818181818,0.0,0.0,0.0,0.3522727272727273,0.3797394712527196,0.3636054054337038,0.3851175095070672,0.3241062216134859,0.3883515845413069,0.3068316265985256,0.7840909090909091,0.5227272727272727,0.26136363636363635,0.0,0.06818181818181818,0.125,0.7678571428571429,0.1111111111111111,0.0,0.3333333333333333,1,hiligaynon,low_resource
735,176,22,4.738636363636363,8.0,1.8977272727272727,41,0.7272727272727273,0.4943181818181818,0.0,0.14772727272727273,0.011363636363636364,0.07386363636363637,0.05113636363636364,0.05113636363636364,0.08522727272727272,0.0,0.0,0.0,0.3977272727272727,0.39491238582887683,0.3381783731699008,0.36411489704100136,0.2979871765075333,0.398340164479074,0.362741513489811,0.8977272727272727,0.6761363636363636,0.2215909090909091,0.0,0.07954545454545454,0.2159090909090909,0.7126436781609196,0.045454545454545456,0.5454545454545454,0.7272727272727273,1,hiligaynon,low_resource
736,159,29,4.628930817610063,5.482758620689655,1.8050314465408805,23,0.2413793103448276,0.4025157232704403,0.0,0.18867924528301888,0.0,0.050314465408805034,0.025157232704402517,0.07547169811320754,0.03773584905660377,0.0,0.0,0.0,0.44025157232704404,0.30645882327762897,0.19452285648061693,0.27363414540740333,0.22844915162475882,0.28305917789161444,0.1739644095838339,0.761006289308176,0.6352201257861635,0.12578616352201258,0.0,0.031446540880503145,0.27672955974842767,0.5,0.034482758620689655,0.06896551724137931,0.2413793103448276,1,hiligaynon,low_resource
737,68,10,4.338235294117647,6.8,1.7058823529411764,17,0.1,0.5735294117647058,0.0,0.17647058823529413,0.0,0.07352941176470588,0.058823529411764705,0.058823529411764705,0.1323529411764706,0.0,0.0,0.0,0.4852941176470588,0.3596098932977865,0.30879859810863813,0.3653959337210304,0.2995606024735981,0.36125643959809955,0.31067282038146093,0.8676470588235294,0.5882352941176471,0.27941176470588236,0.014705882352941176,0.1323529411764706,0.3088235294117647,0.6923076923076923,0.1,0.0,0.1,1,hiligaynon,low_resource
738,147,18,3.993197278911565,8.166666666666666,1.7551020408163265,10,0.1111111111111111,0.2857142857142857,0.0,0.05442176870748299,0.0,0.07482993197278912,0.12244897959183673,0.02040816326530612,0.047619047619047616,0.0,0.0,0.0,0.272108843537415,0.3267778660044906,0.3159344753018325,0.33642232845477,0.3030232565852304,0.3128015927863562,0.3003688737562003,0.9387755102040816,0.5918367346938775,0.3469387755102041,0.006802721088435374,0.047619047619047616,0.21768707482993196,0.5,0.0,0.0,0.1111111111111111,1,hiligaynon,low_resource
739,100,13,4.06,7.6923076923076925,1.69,18,0.23076923076923078,0.49,0.0,0.21,0.01,0.05,0.06,0.08,0.09,0.0,0.0,0.0,0.46,0.3555605733567377,0.2064553764753927,0.31634432953800945,0.20363510762721873,0.33353211317837583,0.24814340424750012,0.53,0.31,0.22,0.01,0.09,0.29,0.6326530612244898,0.07692307692307693,1.0,0.23076923076923078,1,hiligaynon,low_resource
740,123,16,4.715447154471545,7.6875,1.951219512195122,25,0.0,0.5934959349593496,0.0,0.07317073170731707,0.0,0.07317073170731707,0.10569105691056911,0.016260162601626018,0.10569105691056911,0.0,0.0,0.0,0.3983739837398374,0.36847038169411467,0.3470317505880102,0.3886384575840321,0.2950740093460291,0.3677490333677429,0.31935242827401994,1.1300813008130082,0.7804878048780488,0.34959349593495936,0.0,0.10569105691056911,0.3008130081300813,0.7945205479452054,0.0,0.0625,0.0,1,hiligaynon,low_resource
741,37,7,4.45945945945946,5.285714285714286,1.7837837837837838,5,0.0,0.40540540540540543,0.0,0.10810810810810811,0.0,0.21621621621621623,0.21621621621621623,0.0,0.0,0.0,0.0,0.0,0.2702702702702703,0.3289822418247637,0.18112040484115124,0.29467113822962854,0.14674253131323284,0.3362996641926351,0.15870087531543317,1.0810810810810811,0.7837837837837838,0.2972972972972973,0.05405405405405406,0.0,0.35135135135135137,0.4666666666666667,0.0,0.0,0.0,1,hiligaynon,low_resource
742,55,10,5.2727272727272725,5.5,2.090909090909091,15,0.0,0.7090909090909091,0.0,0.14545454545454545,0.0,0.01818181818181818,0.01818181818181818,0.12727272727272726,0.09090909090909091,0.0,0.0,0.0,0.5272727272727272,0.36057009637791676,0.2968952988168703,0.3864137962233062,0.2767243384596947,0.39494868246910086,0.29757526082989777,0.8909090909090909,0.5454545454545454,0.34545454545454546,0.0,0.09090909090909091,0.23636363636363636,0.8461538461538461,0.0,0.0,0.0,1,hiligaynon,low_resource
743,64,10,5.25,6.4,2.109375,21,0.1,0.515625,0.0,0.09375,0.0,0.015625,0.171875,0.078125,0.03125,0.0,0.0,0.0,0.625,0.33529500133243684,0.24337603984705722,0.31321011946135485,0.2333639577807614,0.3366818536307762,0.2506543796563913,1.125,0.8125,0.3125,0.0,0.03125,0.28125,0.7575757575757576,0.0,0.0,0.1,1,hiligaynon,low_resource
744,116,16,4.5,7.25,1.9482758620689655,24,0.0625,0.5,0.0,0.04310344827586207,0.017241379310344827,0.11206896551724138,0.1206896551724138,0.034482758620689655,0.07758620689655173,0.0,0.0,0.0,0.3448275862068966,0.36257362254646236,0.34162021279342947,0.3506575974625106,0.32474640053259246,0.40692011255716337,0.35895749940726424,0.9224137931034484,0.6379310344827587,0.28448275862068967,0.008620689655172414,0.07758620689655173,0.22413793103448276,0.6551724137931034,0.0,0.0,0.0625,1,hiligaynon,low_resource
745,125,10,4.304,12.5,1.784,16,0.2,0.48,0.0,0.088,0.0,0.032,0.056,0.056,0.136,0.0,0.0,0.008,0.456,0.37880318713781214,0.2849969587588821,0.3357717196877145,0.24765147306722032,0.3533603165731829,0.2761563160441521,0.704,0.488,0.216,0.0,0.136,0.152,0.7166666666666667,0.0,0.0,0.2,1,hiligaynon,low_resource
746,152,15,4.0394736842105265,10.133333333333333,1.6907894736842106,16,0.4666666666666667,0.48026315789473684,0.0,0.23026315789473684,0.0,0.08552631578947369,0.019736842105263157,0.05263157894736842,0.03289473684210526,0.006578947368421052,0.0,0.0,0.27631578947368424,0.3823026076966313,0.27888306627495746,0.3686253844402991,0.2610266315670085,0.3649330843849766,0.26965738085891694,0.743421052631579,0.5197368421052632,0.2236842105263158,0.0,0.03289473684210526,0.28289473684210525,0.6301369863013698,0.0,0.6666666666666666,0.4666666666666667,1,hiligaynon,low_resource
747,15,1,4.466666666666667,15.0,1.6666666666666667,2,0.0,0.8,0.0,0.06666666666666667,0.0,0.06666666666666667,0.06666666666666667,0.2,0.13333333333333333,0.0,0.0,0.0,0.6666666666666666,0.24919536161135747,0.13401922992002843,0.27791459495991266,0.13339024286125364,0.2767311877716687,0.16496899492693537,0.8,0.4666666666666667,0.3333333333333333,0.0,0.13333333333333333,0.13333333333333333,0.8333333333333334,0.0,0.0,0.0,1,hiligaynon,low_resource
748,90,9,4.477777777777778,10.0,1.7333333333333334,17,1.0,0.3888888888888889,0.0,0.2,0.0,0.06666666666666667,0.14444444444444443,0.03333333333333333,0.05555555555555555,0.0,0.0,0.0,0.4777777777777778,0.31864468467080526,0.2044133942799246,0.26745738300331623,0.18778289156630854,0.2956281518801783,0.2202551831910634,0.7999999999999999,0.5111111111111111,0.28888888888888886,0.07777777777777778,0.05555555555555555,0.26666666666666666,0.45714285714285713,0.0,0.0,1.0,1,hiligaynon,low_resource
749,37,3,4.513513513513513,12.333333333333334,1.7567567567567568,2,0.0,0.5675675675675675,0.0,0.10810810810810811,0.0,0.08108108108108109,0.02702702702702703,0.02702702702702703,0.05405405405405406,0.0,0.0,0.0,0.2972972972972973,0.24552534626460212,0.153582289516397,0.2641486113590482,0.13881458716021386,0.25185887391087497,0.1679226688817712,0.972972972972973,0.5945945945945946,0.3783783783783784,0.0,0.05405405405405406,0.24324324324324326,0.6190476190476191,0.0,0.0,0.0,1,hiligaynon,low_resource
750,97,12,4.711340206185567,8.083333333333334,1.907216494845361,27,0.0,0.44329896907216493,0.0,0.08247422680412371,0.0,0.08247422680412371,0.14432989690721648,0.05154639175257732,0.05154639175257732,0.0,0.0,0.0,0.44329896907216493,0.3434682165483171,0.2698357437543353,0.36350218436889464,0.2456113935416176,0.3678304874713578,0.2664617146984453,0.9381443298969072,0.6391752577319587,0.29896907216494845,0.0,0.05154639175257732,0.23711340206185566,0.7209302325581395,0.0,0.0,0.0,1,hiligaynon,low_resource
751,164,12,4.524390243902439,13.666666666666666,1.829268292682927,29,1.25,0.3902439024390244,0.0,0.06707317073170732,0.0,0.042682926829268296,0.06707317073170732,0.08536585365853659,0.06707317073170732,0.0,0.0,0.0,0.45121951219512196,0.4149287646759388,0.3087048546635894,0.39948257035160717,0.20549637942556945,0.4416447529428748,0.3157635547920644,0.7865853658536586,0.5182926829268293,0.2682926829268293,0.0,0.06707317073170732,0.15853658536585366,0.484375,0.4166666666666667,0.9166666666666666,1.25,1,hiligaynon,low_resource
752,57,13,3.8947368421052633,4.384615384615385,1.736842105263158,2,0.0,0.3157894736842105,0.0,0.03508771929824561,0.0,0.0,0.19298245614035087,0.0,0.08771929824561403,0.0,0.0,0.0,0.40350877192982454,0.22722547319748024,0.14376066094717982,0.2220143883921493,0.17278641970123101,0.22789885045039454,0.18578720429827894,0.9298245614035088,0.43859649122807015,0.49122807017543857,0.0,0.08771929824561403,0.2982456140350877,0.5,0.0,0.0,0.0,1,hiligaynon,low_resource
753,68,10,4.1911764705882355,6.8,1.7647058823529411,6,0.2,0.4852941176470588,0.0,0.19117647058823528,0.0,0.029411764705882353,0.014705882352941176,0.07352941176470588,0.014705882352941176,0.0,0.0,0.0,0.3382352941176471,0.29660019702211216,0.1915412777883112,0.2743610679327768,0.18197379142135556,0.2613037507983234,0.154224956436388,0.5588235294117647,0.4264705882352941,0.1323529411764706,0.029411764705882353,0.014705882352941176,0.20588235294117646,0.6060606060606061,0.0,0.1,0.2,1,hiligaynon,low_resource
754,96,19,4.260416666666667,5.052631578947368,1.7604166666666667,11,0.42105263157894735,0.3958333333333333,0.0,0.041666666666666664,0.041666666666666664,0.0,0.08333333333333333,0.08333333333333333,0.11458333333333333,0.0,0.0,0.0,0.4895833333333333,0.3498859756605973,0.24874187120070745,0.28085106220871947,0.17782761763265809,0.33250771644509663,0.27667726329391695,0.6041666666666667,0.34375,0.2604166666666667,0.0,0.11458333333333333,0.14583333333333334,0.5263157894736842,0.21052631578947367,0.8421052631578947,0.42105263157894735,1,hiligaynon,low_resource
755,81,8,3.6296296296296298,10.125,1.6296296296296295,6,0.0,0.5555555555555556,0.0,0.25925925925925924,0.0,0.09876543209876543,0.037037037037037035,0.012345679012345678,0.037037037037037035,0.0,0.0,0.0,0.24691358024691357,0.3398179097972533,0.20033292202244973,0.368597576710366,0.18768752821147525,0.3308617844882158,0.1917690453661808,0.7407407407407407,0.5061728395061729,0.2345679012345679,0.0,0.012345679012345678,0.19753086419753085,0.7555555555555555,0.0,0.125,0.0,1,hiligaynon,low_resource
756,229,65,4.4803493449781655,3.523076923076923,1.6331877729257642,29,0.07692307692307693,0.314410480349345,0.0,0.06550218340611354,0.0,0.026200873362445413,0.05240174672489083,0.07423580786026202,0.1091703056768559,0.07860262008733625,0.0,0.0,0.6419213973799127,0.30491498798576466,0.2647776639218881,0.31009881010328294,0.25242802154064614,0.3325047781682176,0.2635237090902203,0.9170305676855895,0.6768558951965066,0.24017467248908297,0.03056768558951965,0.08296943231441048,0.1703056768558952,0.4583333333333333,0.0,0.49230769230769234,0.07692307692307693,1,hiligaynon,low_resource
757,110,3,4.209090909090909,36.666666666666664,1.5909090909090908,16,0.0,0.4636363636363636,0.0,0.10909090909090909,0.0,0.09090909090909091,0.07272727272727272,0.11818181818181818,0.17272727272727273,0.0,0.0,0.0,0.5363636363636364,0.41123589495698293,0.2629230744823074,0.383401512716372,0.24937819022610627,0.3882824555101424,0.29384440300906434,0.7818181818181817,0.4818181818181818,0.3,0.00909090909090909,0.17272727272727273,0.18181818181818182,0.6078431372549019,0.0,0.3333333333333333,0.0,1,hiligaynon,low_resource
758,102,15,4.480392156862745,6.8,1.8431372549019607,27,0.3333333333333333,0.5294117647058824,0.0,0.16666666666666666,0.0392156862745098,0.0784313725490196,0.06862745098039216,0.0392156862745098,0.0392156862745098,0.0,0.0,0.0,0.3627450980392157,0.3412583415559645,0.20448960783740908,0.3473057986435877,0.22480078530331488,0.3332247797561489,0.24075544248144087,0.7450980392156863,0.5098039215686274,0.23529411764705882,0.0,0.029411764705882353,0.24509803921568626,0.6111111111111112,0.4,0.0,0.3333333333333333,1,hiligaynon,low_resource
759,73,7,4.684931506849315,10.428571428571429,1.9589041095890412,16,0.0,0.3424657534246575,0.0,0.0273972602739726,0.0,0.0,0.1095890410958904,0.0410958904109589,0.1095890410958904,0.0,0.0,0.0,0.5342465753424658,0.3553496056706252,0.21370372865179688,0.3133959434855474,0.21458952026536865,0.329631971577803,0.2428706458328167,0.904109589041096,0.726027397260274,0.1780821917808219,0.0,0.1095890410958904,0.1780821917808219,0.48,0.0,0.0,0.0,1,hiligaynon,low_resource
760,138,9,4.666666666666667,15.333333333333334,1.7536231884057971,30,0.8888888888888888,0.45652173913043476,0.0,0.15942028985507245,0.0,0.07246376811594203,0.050724637681159424,0.18115942028985507,0.043478260869565216,0.0,0.0,0.0,0.463768115942029,0.36348195405257033,0.245541669191338,0.3425462611392125,0.22176624934902803,0.36254893825941603,0.24185767634019276,0.8623188405797101,0.5144927536231884,0.34782608695652173,0.0,0.043478260869565216,0.2028985507246377,0.6666666666666666,0.0,0.2222222222222222,0.8888888888888888,1,hiligaynon,low_resource
761,230,35,4.2043478260869565,6.571428571428571,1.7173913043478262,27,0.22857142857142856,0.41304347826086957,0.0,0.1391304347826087,0.0,0.0391304347826087,0.06521739130434782,0.017391304347826087,0.09130434782608696,0.0,0.0,0.0,0.4217391304347826,0.3659929138875954,0.21157131933189025,0.3491478342911756,0.18609508830068172,0.38480319625747583,0.2700964435298552,0.6304347826086957,0.44782608695652176,0.1826086956521739,0.0,0.09130434782608696,0.22608695652173913,0.6,0.14285714285714285,0.02857142857142857,0.22857142857142856,1,hiligaynon,low_resource
762,31,8,3.7419354838709675,3.875,1.6451612903225807,3,0.0,0.5806451612903226,0.0,0.25806451612903225,0.0,0.0,0.0,0.0,0.22580645161290322,0.0,0.0,0.0,0.3548387096774194,0.18258838095138386,0.12928136825617811,0.16100889646766162,0.1433284382074075,0.17712863386601543,0.12065017164313226,0.3870967741935484,0.3225806451612903,0.06451612903225806,0.0,0.22580645161290322,0.22580645161290322,0.8888888888888888,0.0,0.0,0.0,1,hiligaynon,low_resource
763,208,13,4.25,16.0,1.7259615384615385,35,0.0,0.38461538461538464,0.0,0.11538461538461539,0.004807692307692308,0.04326923076923077,0.07692307692307693,0.052884615384615384,0.16826923076923078,0.0,0.0,0.0,0.42788461538461536,0.3711485777039973,0.26434480659226306,0.3220845854320843,0.23216524562857507,0.34429309532607905,0.3199340117393749,0.6730769230769231,0.47115384615384615,0.20192307692307693,0.0,0.16826923076923078,0.18269230769230768,0.7375,0.0,0.0,0.0,1,hiligaynon,low_resource
764,411,49,4.0632603406326036,8.387755102040817,1.6982968369829683,53,0.46938775510204084,0.41849148418491483,0.0072992700729927005,0.15328467153284672,0.0170316301703163,0.10218978102189781,0.043795620437956206,0.06326034063260341,0.06082725060827251,0.0,0.0,0.0,0.35766423357664234,0.42821879181464434,0.3713865373764694,0.39760708178921755,0.3101309152772438,0.406540750272864,0.37459964657585243,0.6982968369829684,0.5012165450121655,0.19708029197080293,0.0,0.0535279805352798,0.22384428223844283,0.6627906976744186,0.04081632653061224,0.6326530612244898,0.46938775510204084,1,hiligaynon,low_resource
765,170,22,4.223529411764706,7.7272727272727275,1.7058823529411764,21,0.6363636363636364,0.5,0.0,0.2411764705882353,0.0,0.07647058823529412,0.0,0.047058823529411764,0.03529411764705882,0.0,0.0,0.0,0.3941176470588235,0.45776670170670347,0.291458186202167,0.39551583872634744,0.2920273789758891,0.41586696275069457,0.2724012463955166,0.8470588235294118,0.6176470588235294,0.22941176470588234,0.029411764705882353,0.03529411764705882,0.23529411764705882,0.6705882352941176,0.045454545454545456,0.8636363636363636,0.6363636363636364,1,hiligaynon,low_resource
766,82,3,3.6951219512195124,27.333333333333332,1.6341463414634145,2,1.3333333333333333,0.3780487804878049,0.0,0.13414634146341464,0.012195121951219513,0.17073170731707318,0.024390243902439025,0.024390243902439025,0.024390243902439025,0.0,0.0,0.0,0.14634146341463414,0.20083852327413454,0.13391208431625912,0.19575690497023324,0.15709869365833204,0.17987048881134204,0.07684519956121062,0.6585365853658536,0.573170731707317,0.08536585365853659,0.0,0.024390243902439025,0.06097560975609756,0.4838709677419355,0.0,0.0,1.3333333333333333,1,hiligaynon,low_resource
767,66,11,4.257575757575758,6.0,1.8181818181818181,12,0.0,0.5151515151515151,0.07575757575757576,0.10606060606060606,0.0,0.07575757575757576,0.0,0.10606060606060606,0.030303030303030304,0.015151515151515152,0.0,0.0,0.3787878787878788,0.3681892111146705,0.28665284377906725,0.3650002934396371,0.30754104936010096,0.38912505264993286,0.27625859323538354,0.9242424242424243,0.5909090909090909,0.3333333333333333,0.0,0.030303030303030304,0.24242424242424243,0.5,0.45454545454545453,0.0,0.0,1,hiligaynon,low_resource
768,62,10,4.32258064516129,6.2,1.6774193548387097,6,0.8,0.4838709677419355,0.0,0.06451612903225806,0.0,0.0,0.11290322580645161,0.08064516129032258,0.06451612903225806,0.0,0.0,0.0,0.46774193548387094,0.2940481984333489,0.21510197041527543,0.25865945171498766,0.19724926675753413,0.26897418731737827,0.22847868025343326,0.7096774193548387,0.3387096774193548,0.3709677419354839,0.0,0.06451612903225806,0.24193548387096775,0.7333333333333333,0.1,0.0,0.8,1,hiligaynon,low_resource
769,65,11,4.6461538461538465,5.909090909090909,1.876923076923077,13,0.0,0.5538461538461539,0.0,0.13846153846153847,0.0,0.1076923076923077,0.046153846153846156,0.03076923076923077,0.06153846153846154,0.0,0.0,0.0,0.4153846153846154,0.3594631403146597,0.2855838561637352,0.34149330616799467,0.2441075826712681,0.3380695633550462,0.24500499424309896,1.0461538461538462,0.8769230769230769,0.16923076923076924,0.0,0.06153846153846154,0.16923076923076924,0.6944444444444444,0.0,0.0,0.0,1,hiligaynon,low_resource
770,121,21,4.297520661157025,5.761904761904762,1.7603305785123966,23,0.09523809523809523,0.4380165289256198,0.0,0.19834710743801653,0.0,0.024793388429752067,0.049586776859504134,0.0743801652892562,0.09090909090909091,0.0,0.0,0.0,0.4132231404958678,0.35618694307718274,0.3394684169774715,0.33309211987148224,0.24170260094850593,0.39349377759989396,0.3607296239466818,0.8760330578512396,0.5785123966942148,0.2975206611570248,0.0,0.0743801652892562,0.2809917355371901,0.6226415094339622,0.047619047619047616,0.09523809523809523,0.09523809523809523,1,hiligaynon,low_resource
771,60,8,3.816666666666667,7.5,1.5,4,0.0,0.31666666666666665,0.0,0.13333333333333333,0.0,0.2,0.13333333333333333,0.0,0.13333333333333333,0.0,0.0,0.0,0.3333333333333333,0.2934130045191417,0.1860563531016132,0.2749604426051859,0.18161890182079463,0.2919385892274231,0.17562843896744332,0.8500000000000001,0.6166666666666667,0.23333333333333334,0.0,0.13333333333333333,0.26666666666666666,0.42105263157894735,0.0,0.0,0.0,1,hiligaynon,low_resource
772,104,1,4.4326923076923075,104.0,1.7692307692307692,21,0.0,0.5192307692307693,0.0,0.09615384615384616,0.0,0.125,0.11538461538461539,0.0673076923076923,0.019230769230769232,0.0,0.0,0.0,0.33653846153846156,0.41156814811275283,0.35446760367293945,0.4099216363886278,0.3092580294556669,0.4143559896413351,0.31167939781768383,1.125,0.6153846153846154,0.5096153846153846,0.0,0.019230769230769232,0.20192307692307693,0.5925925925925926,0.0,0.0,0.0,1,hiligaynon,low_resource
773,44,6,4.454545454545454,7.333333333333333,1.8181818181818181,5,0.8333333333333334,0.4772727272727273,0.0,0.0,0.0,0.022727272727272728,0.22727272727272727,0.022727272727272728,0.022727272727272728,0.0,0.0,0.0,0.5227272727272727,0.32882146636147436,0.25211472823238207,0.3513866632852738,0.2895900198613635,0.3540182444485575,0.24855385683558776,1.0227272727272727,0.6363636363636364,0.38636363636363635,0.0,0.022727272727272728,0.25,0.6190476190476191,0.0,0.0,0.8333333333333334,1,hiligaynon,low_resource
774,54,13,5.574074074074074,4.153846153846154,2.462962962962963,22,0.07692307692307693,0.5370370370370371,0.0,0.05555555555555555,0.0,0.037037037037037035,0.018518518518518517,0.037037037037037035,0.018518518518518517,0.0,0.0,0.018518518518518517,0.4444444444444444,0.27694263299128624,0.178697713588379,0.272096639115273,0.1888325229943125,0.24942190400646647,0.16305594855865907,1.0925925925925926,0.6666666666666666,0.42592592592592593,0.0,0.018518518518518517,0.07407407407407407,0.7241379310344828,0.0,0.0,0.07692307692307693,1,hiligaynon,low_resource
775,205,17,4.595121951219512,12.058823529411764,1.8926829268292682,43,1.1176470588235294,0.4195121951219512,0.0,0.11707317073170732,0.004878048780487805,0.024390243902439025,0.06829268292682927,0.05365853658536585,0.06341463414634146,0.0,0.0,0.0,0.4975609756097561,0.392080848461439,0.2697776619775476,0.36700132319207324,0.2660669145079512,0.36715078501803566,0.3131560717011036,0.824390243902439,0.5951219512195122,0.22926829268292684,0.0,0.06341463414634146,0.2,0.5813953488372093,0.058823529411764705,0.5294117647058824,1.1176470588235294,1,hiligaynon,low_resource
776,229,8,4.4104803493449785,28.625,1.7161572052401746,28,1.5,0.3406113537117904,0.004366812227074236,0.1572052401746725,0.013100436681222707,0.13973799126637554,0.039301310043668124,0.034934497816593885,0.056768558951965066,0.0,0.0,0.0,0.48034934497816595,0.2879593221228692,0.22382014266675568,0.3021149991159251,0.20205053329414693,0.2866558463869168,0.1773289770421512,0.6331877729257642,0.4759825327510917,0.1572052401746725,0.0,0.056768558951965066,0.1703056768558952,0.6666666666666666,0.0,0.0,1.5,1,hiligaynon,low_resource
777,132,24,4.583333333333333,5.5,1.8181818181818181,21,0.5416666666666666,0.44696969696969696,0.0,0.09090909090909091,0.0,0.030303030303030304,0.045454545454545456,0.10606060606060606,0.06818181818181818,0.0,0.0,0.0,0.48484848484848486,0.3551186170180104,0.24261345532427286,0.3361233644944914,0.23392884664805244,0.338448537566102,0.284055245913211,0.946969696969697,0.5,0.44696969696969696,0.0,0.06818181818181818,0.13636363636363635,0.576271186440678,0.0,0.9166666666666666,0.5416666666666666,1,hiligaynon,low_resource
778,134,12,4.7835820895522385,11.166666666666666,1.8582089552238805,28,0.08333333333333333,0.44029850746268656,0.0,0.16417910447761194,0.0,0.05970149253731343,0.03731343283582089,0.13432835820895522,0.08208955223880597,0.0,0.0,0.0,0.5671641791044776,0.3517760015098597,0.23101236988773305,0.34111138457415674,0.1968864242121454,0.39337459723665175,0.2661333566710264,0.8059701492537313,0.47761194029850745,0.3283582089552239,0.0,0.08208955223880597,0.2462686567164179,0.6949152542372882,0.0,0.0,0.08333333333333333,1,hiligaynon,low_resource
779,140,10,4.685714285714286,14.0,1.7285714285714286,25,0.8,0.37857142857142856,0.0,0.08571428571428572,0.0,0.08571428571428572,0.02857142857142857,0.17142857142857143,0.08571428571428572,0.0,0.0,0.0,0.6142857142857143,0.33870426496535294,0.2428270271632553,0.30540381526307714,0.20481127069786642,0.3375202507211998,0.22810560763467252,0.8785714285714286,0.5571428571428572,0.32142857142857145,0.007142857142857143,0.08571428571428572,0.17142857142857143,0.7735849056603774,0.0,0.0,0.8,1,hiligaynon,low_resource
780,133,22,4.368421052631579,6.045454545454546,1.8270676691729324,20,0.2727272727272727,0.21804511278195488,0.0,0.14285714285714285,0.0,0.0,0.12781954887218044,0.045112781954887216,0.07518796992481203,0.0,0.0,0.0,0.3684210526315789,0.30409588000846666,0.25264996257830036,0.2858647538727023,0.21072989610877,0.3267156600711338,0.2670005632790534,0.9774436090225563,0.6466165413533834,0.3308270676691729,0.022556390977443608,0.07518796992481203,0.3458646616541353,0.2413793103448276,0.22727272727272727,0.36363636363636365,0.2727272727272727,1,hiligaynon,low_resource
781,109,21,4.321100917431193,5.190476190476191,1.8256880733944953,17,0.09523809523809523,0.3577981651376147,0.0,0.06422018348623854,0.0,0.07339449541284404,0.1651376146788991,0.009174311926605505,0.05504587155963303,0.0,0.0,0.0,0.3944954128440367,0.32557298017162195,0.2530792268192125,0.30286505947038633,0.18919844598656932,0.32291368222198125,0.25346419484197413,1.1009174311926606,0.6605504587155964,0.44036697247706424,0.01834862385321101,0.05504587155963303,0.27522935779816515,0.5384615384615384,0.0,0.0,0.09523809523809523,1,hiligaynon,low_resource
782,97,15,4.185567010309279,6.466666666666667,1.7835051546391754,14,0.26666666666666666,0.5773195876288659,0.0,0.15463917525773196,0.030927835051546393,0.08247422680412371,0.030927835051546393,0.05154639175257732,0.05154639175257732,0.0,0.0,0.0,0.3917525773195876,0.36229353160551153,0.30404846698134574,0.36991475353634967,0.25041620339121706,0.368791519043659,0.2741276806011323,0.6391752577319587,0.4639175257731959,0.17525773195876287,0.0,0.041237113402061855,0.2268041237113402,0.6964285714285714,0.26666666666666666,0.0,0.26666666666666666,1,hiligaynon,low_resource
783,257,36,4.307392996108949,7.138888888888889,1.7743190661478598,46,0.25,0.2490272373540856,0.0,0.23735408560311283,0.0,0.038910505836575876,0.03501945525291829,0.07782101167315175,0.023346303501945526,0.0,0.0,0.0,0.3735408560311284,0.3951932259680771,0.29217878530288266,0.34318872002360035,0.24749245302766512,0.365556739607558,0.30181991529202945,0.8093385214007782,0.5214007782101168,0.28793774319066145,0.007782101167315175,0.023346303501945526,0.2840466926070039,0.234375,0.027777777777777776,0.0,0.25,1,hiligaynon,low_resource
784,38,9,5.026315789473684,4.222222222222222,2.0526315789473686,10,0.0,0.42105263157894735,0.0,0.21052631578947367,0.0,0.13157894736842105,0.0,0.05263157894736842,0.02631578947368421,0.0,0.0,0.05263157894736842,0.2631578947368421,0.2858648700427662,0.16745689812274173,0.26985478216933356,0.1621918994307206,0.24547135067105275,0.12332725961543556,0.9736842105263158,0.6578947368421053,0.3157894736842105,0.0,0.02631578947368421,0.23684210526315788,0.375,0.0,0.0,0.0,1,hiligaynon,low_resource
785,88,20,4.659090909090909,4.4,1.9659090909090908,23,0.15,0.48863636363636365,0.0,0.22727272727272727,0.011363636363636364,0.06818181818181818,0.0,0.011363636363636364,0.011363636363636364,0.0,0.0,0.0,0.22727272727272727,0.23436799909073852,0.17448364621053566,0.239294618569466,0.2040442169459961,0.22298715648985698,0.1767219218409334,0.7045454545454546,0.6022727272727273,0.10227272727272728,0.0,0.0,0.2727272727272727,0.6046511627906976,0.0,0.0,0.15,1,hiligaynon,low_resource
786,93,12,4.688172043010753,7.75,1.913978494623656,22,0.4166666666666667,0.5161290322580645,0.0,0.07526881720430108,0.0,0.06451612903225806,0.0967741935483871,0.053763440860215055,0.08602150537634409,0.0,0.0,0.0,0.4946236559139785,0.41115126430074916,0.38390330337323963,0.37640016511567587,0.2768964068565382,0.4446968053671863,0.39682805203693905,0.978494623655914,0.6774193548387096,0.3010752688172043,0.0,0.08602150537634409,0.2903225806451613,0.5625,0.0,0.0,0.4166666666666667,1,hiligaynon,low_resource
787,119,25,4.369747899159663,4.76,1.8235294117647058,22,0.08,0.5042016806722689,0.0,0.15966386554621848,0.01680672268907563,0.06722689075630252,0.058823529411764705,0.058823529411764705,0.025210084033613446,0.0,0.0,0.0,0.2857142857142857,0.4148529568186728,0.318299691464569,0.3801250396199304,0.2774370156918329,0.4113686176773747,0.3113765676609499,0.8823529411764706,0.6890756302521008,0.19327731092436976,0.0,0.025210084033613446,0.2857142857142857,0.6833333333333333,0.08,0.08,0.08,1,hiligaynon,low_resource
788,93,12,3.89247311827957,7.75,1.6344086021505377,15,0.0,0.23655913978494625,0.0,0.17204301075268819,0.0,0.1935483870967742,0.0,0.0,0.10752688172043011,0.0,0.0,0.0,0.10752688172043011,0.239613950246671,0.09799266019270093,0.22820907683441793,0.12782494327369096,0.23088870462708086,0.11491182894977205,0.6129032258064516,0.4838709677419355,0.12903225806451613,0.0,0.10752688172043011,0.27956989247311825,0.2727272727272727,0.0,0.0,0.0,1,hiligaynon,low_resource
789,77,9,4.7272727272727275,8.555555555555555,1.87012987012987,21,0.4444444444444444,0.4935064935064935,0.0,0.14285714285714285,0.0,0.07792207792207792,0.06493506493506493,0.09090909090909091,0.03896103896103896,0.0,0.0,0.0,0.4805194805194805,0.3726483792662862,0.24474501056776907,0.36753149703335497,0.23248313330049747,0.36719140179975573,0.2400430975060623,1.0,0.5844155844155844,0.4155844155844156,0.0,0.03896103896103896,0.24675324675324675,0.631578947368421,0.0,0.0,0.4444444444444444,1,hiligaynon,low_resource
790,82,24,3.658536585365854,3.4166666666666665,1.6341463414634145,9,0.0,0.3902439024390244,0.0,0.14634146341463414,0.036585365853658534,0.024390243902439025,0.12195121951219512,0.0,0.13414634146341464,0.0,0.0,0.0,0.34146341463414637,0.39136283839523917,0.3118687176866581,0.32641890189838785,0.27935507595526554,0.37569562512978627,0.30875697776811634,0.6829268292682926,0.4268292682926829,0.25609756097560976,0.0,0.13414634146341464,0.25609756097560976,0.4375,0.20833333333333334,0.0,0.0,1,hiligaynon,low_resource
791,217,29,4.377880184331797,7.482758620689655,1.8755760368663594,42,0.3103448275862069,0.4147465437788018,0.0,0.17511520737327188,0.0,0.06451612903225806,0.03686635944700461,0.02304147465437788,0.03686635944700461,0.0,0.0,0.0,0.3640552995391705,0.3653505904274002,0.3045829235152977,0.38304926839475156,0.3117276931747682,0.3545553945946629,0.27509178783558896,0.7788018433179724,0.6082949308755761,0.17050691244239632,0.0,0.03686635944700461,0.18433179723502305,0.5555555555555556,0.1724137931034483,0.4827586206896552,0.3103448275862069,1,hiligaynon,low_resource
792,128,16,4.359375,8.0,1.8046875,22,0.625,0.5,0.0078125,0.1875,0.0234375,0.1015625,0.03125,0.0390625,0.0234375,0.0,0.0,0.0,0.421875,0.44737714561767145,0.3569941720827658,0.3971647924834578,0.2905497794889467,0.39075442896269696,0.3087330620085619,0.8828125,0.625,0.2578125,0.0,0.0234375,0.2109375,0.5625,0.0,0.5625,0.625,1,hiligaynon,low_resource
793,248,25,4.536290322580645,9.92,1.9112903225806452,49,0.52,0.2862903225806452,0.0,0.05241935483870968,0.0,0.11290322580645161,0.0846774193548387,0.03225806451612903,0.10887096774193548,0.0,0.0,0.0,0.4596774193548387,0.418039874426044,0.368900697338606,0.39835793207684084,0.3290032018137769,0.4292929422873652,0.40951079957491976,0.967741935483871,0.717741935483871,0.25,0.0,0.08870967741935484,0.16129032258064516,0.4788732394366197,0.16,0.44,0.52,1,hiligaynon,low_resource
794,181,22,4.45303867403315,8.227272727272727,1.828729281767956,48,0.0,0.2541436464088398,0.0,0.11049723756906077,0.0055248618784530384,0.049723756906077346,0.12154696132596685,0.0,0.1270718232044199,0.0,0.0,0.0,0.5027624309392266,0.35010021955264436,0.32580424987423207,0.3114375814161585,0.22681507240031826,0.3782598607591298,0.31590513029330286,0.6464088397790055,0.425414364640884,0.22099447513812154,0.0,0.11049723756906077,0.23204419889502761,0.32608695652173914,0.0,0.0,0.0,2,hiligaynon,low_resource
795,260,29,4.780769230769231,8.96551724137931,1.9307692307692308,71,0.41379310344827586,0.4653846153846154,0.0,0.12307692307692308,0.0038461538461538464,0.06923076923076923,0.057692307692307696,0.057692307692307696,0.1076923076923077,0.0,0.0,0.0,0.5038461538461538,0.4166490710572721,0.38599969758762476,0.4215008390786686,0.38403451426386187,0.4369351780184348,0.41086746287295045,0.8769230769230769,0.6576923076923077,0.21923076923076923,0.0,0.1076923076923077,0.2230769230769231,0.7272727272727273,0.10344827586206896,0.27586206896551724,0.41379310344827586,2,hiligaynon,low_resource
796,425,30,4.581176470588235,14.166666666666666,1.8494117647058823,87,0.43333333333333335,0.33647058823529413,0.0,0.06823529411764706,0.0,0.04470588235294118,0.09176470588235294,0.08,0.14352941176470588,0.0,0.0,0.0,0.52,0.45341535251231313,0.415393366945183,0.3980675722627621,0.3731077898199753,0.41181846274541223,0.4492638740608266,0.9411764705882353,0.6352941176470588,0.3058823529411765,0.0,0.14352941176470588,0.2188235294117647,0.6433566433566433,0.0,0.0,0.43333333333333335,2,hiligaynon,low_resource
797,415,63,4.734939759036145,6.587301587301587,1.8602409638554216,83,0.4126984126984127,0.3469879518072289,0.0,0.10120481927710843,0.0,0.05542168674698795,0.09156626506024096,0.04096385542168675,0.0963855421686747,0.012048192771084338,0.0,0.0,0.5325301204819277,0.44003670946657114,0.4072511793880834,0.3779240474834515,0.31057478060702637,0.3958326757283777,0.424758946491778,0.8506024096385543,0.6120481927710844,0.2385542168674699,0.0,0.0963855421686747,0.236144578313253,0.5902777777777778,0.14285714285714285,0.031746031746031744,0.4126984126984127,2,hiligaynon,low_resource
798,219,28,4.360730593607306,7.821428571428571,1.7899543378995433,34,0.2857142857142857,0.5159817351598174,0.0045662100456621,0.1552511415525114,0.0182648401826484,0.091324200913242,0.0410958904109589,0.0365296803652968,0.0684931506849315,0.0,0.0,0.0,0.3424657534246575,0.42576596036723224,0.38823362190824695,0.37860871942468943,0.31834062660700513,0.39192385843390376,0.38181775421655434,0.8949771689497716,0.593607305936073,0.3013698630136986,0.0091324200913242,0.0730593607305936,0.2922374429223744,0.6991150442477876,0.07142857142857142,0.03571428571428571,0.2857142857142857,2,hiligaynon,low_resource
799,220,38,4.527272727272727,5.7894736842105265,1.790909090909091,37,0.21052631578947367,0.5409090909090909,0.0,0.11818181818181818,0.004545454545454545,0.08636363636363636,0.06363636363636363,0.04090909090909091,0.045454545454545456,0.004545454545454545,0.0,0.0,0.4090909090909091,0.43844274215734974,0.33293560680378237,0.41499200357895116,0.24747054755483652,0.42503326418854187,0.33097444439378004,0.7909090909090909,0.5454545454545454,0.24545454545454545,0.0,0.045454545454545456,0.16818181818181818,0.7563025210084033,0.15789473684210525,0.5526315789473685,0.21052631578947367,2,hiligaynon,low_resource
800,205,29,4.263414634146342,7.068965517241379,1.751219512195122,35,0.20689655172413793,0.35609756097560974,0.0,0.11707317073170732,0.0,0.06341463414634146,0.06829268292682927,0.01951219512195122,0.13170731707317074,0.004878048780487805,0.0,0.0,0.37073170731707317,0.42940429993059276,0.3920977208558373,0.42271686076727505,0.36412933054613217,0.4316352640259433,0.40401609919163284,1.024390243902439,0.7658536585365854,0.25853658536585367,0.004878048780487805,0.13170731707317074,0.2780487804878049,0.6027397260273972,0.0,0.06896551724137931,0.20689655172413793,2,hiligaynon,low_resource
801,277,41,4.3140794223826715,6.7560975609756095,1.6787003610108304,49,0.17073170731707318,0.44404332129963897,0.0,0.10108303249097472,0.021660649819494584,0.10108303249097472,0.05776173285198556,0.05415162454873646,0.061371841155234655,0.01444043321299639,0.007220216606498195,0.0,0.4259927797833935,0.40154423396016264,0.3112535628483697,0.3693142444418097,0.2487482416008189,0.4166338789291856,0.30606838744405546,0.7436823104693141,0.5090252707581228,0.23465703971119134,0.0,0.05776173285198556,0.18050541516245489,0.6178861788617886,0.0975609756097561,0.07317073170731707,0.17073170731707318,2,hiligaynon,low_resource
802,195,42,5.348717948717948,4.642857142857143,2.2,65,0.38095238095238093,0.4717948717948718,0.005128205128205128,0.10256410256410256,0.0,0.06153846153846154,0.046153846153846156,0.041025641025641026,0.05128205128205128,0.0,0.0,0.0,0.37948717948717947,0.39648361913509605,0.27671070491051436,0.4237040288018323,0.2893196526257656,0.4018482546138141,0.2957553493945022,1.0615384615384615,0.882051282051282,0.1794871794871795,0.005128205128205128,0.05128205128205128,0.15897435897435896,0.7608695652173914,0.0,0.0,0.38095238095238093,2,hiligaynon,low_resource
803,164,19,4.695121951219512,8.631578947368421,1.896341463414634,35,0.2631578947368421,0.5426829268292683,0.0,0.12804878048780488,0.0,0.09146341463414634,0.06097560975609756,0.054878048780487805,0.07926829268292683,0.0,0.006097560975609756,0.0,0.4146341463414634,0.42418199882251195,0.4274679105625077,0.4060799672574069,0.3064929776906087,0.4363044226178,0.3811566111343993,0.9268292682926829,0.6158536585365854,0.31097560975609756,0.0,0.07926829268292683,0.22560975609756098,0.7191011235955056,0.5263157894736842,0.10526315789473684,0.2631578947368421,2,hiligaynon,low_resource
804,171,20,4.684210526315789,8.55,1.9883040935672514,36,0.05,0.4502923976608187,0.0,0.1111111111111111,0.0,0.13450292397660818,0.03508771929824561,0.04093567251461988,0.06432748538011696,0.0,0.0,0.0,0.28654970760233917,0.3882891126958591,0.31587679921742196,0.39077226757524186,0.3119290651651444,0.4040475712724642,0.3553799802290038,1.0292397660818713,0.7777777777777778,0.25146198830409355,0.0,0.06432748538011696,0.2631578947368421,0.5844155844155844,0.6,0.15,0.05,2,hiligaynon,low_resource
805,62,5,4.419354838709677,12.4,1.8548387096774193,11,1.2,0.4032258064516129,0.0,0.0,0.0,0.016129032258064516,0.20967741935483872,0.0,0.20967741935483872,0.0,0.0,0.0,0.6612903225806451,0.2598419494646494,0.23723831496040212,0.26665610846589327,0.2520117434913255,0.26061719052252,0.24066674348977912,0.9193548387096775,0.6129032258064516,0.3064516129032258,0.0,0.20967741935483872,0.41935483870967744,0.64,0.0,0.0,1.2,2,hiligaynon,low_resource
806,148,26,4.716216216216216,5.6923076923076925,1.804054054054054,22,0.0,0.42567567567567566,0.0,0.10810810810810811,0.0,0.08108108108108109,0.006756756756756757,0.05405405405405406,0.14189189189189189,0.0,0.0,0.0,0.5135135135135135,0.3821563806882788,0.25268615083681906,0.3502475636573236,0.2359141954242256,0.3451821985134909,0.28602267393755054,0.7162162162162162,0.5202702702702703,0.19594594594594594,0.0,0.14189189189189189,0.10135135135135136,0.6984126984126984,0.038461538461538464,0.0,0.0,2,hiligaynon,low_resource
807,160,33,4.2,4.848484848484849,1.85,27,0.18181818181818182,0.49375,0.0,0.2125,0.00625,0.0625,0.03125,0.0125,0.025,0.00625,0.0,0.00625,0.25,0.34167664809427023,0.25390781345840346,0.29516630623836615,0.2614584087622303,0.317459415662152,0.22987979910314507,0.775,0.59375,0.18125,0.0,0.025,0.24375,0.7341772151898734,0.18181818181818182,0.030303030303030304,0.18181818181818182,2,hiligaynon,low_resource
808,280,52,4.728571428571429,5.384615384615385,1.8928571428571428,62,0.4423076923076923,0.3535714285714286,0.0,0.1357142857142857,0.0035714285714285713,0.12857142857142856,0.025,0.08928571428571429,0.04285714285714286,0.0,0.0,0.0,0.44285714285714284,0.3916968300568881,0.32526503661780837,0.3730438873611711,0.2894172034824437,0.41007320221257504,0.3411968744549105,0.9785714285714285,0.6928571428571428,0.2857142857142857,0.0,0.04285714285714286,0.16785714285714284,0.6666666666666666,0.15384615384615385,0.6923076923076923,0.4423076923076923,2,hiligaynon,low_resource
809,144,26,4.458333333333333,5.538461538461538,1.7916666666666667,32,0.34615384615384615,0.4583333333333333,0.0,0.2152777777777778,0.006944444444444444,0.027777777777777776,0.020833333333333332,0.0763888888888889,0.05555555555555555,0.0,0.0,0.0,0.3472222222222222,0.40567461138269806,0.2642165494418355,0.3854186074462788,0.2820574188737471,0.43240705987822275,0.3086192268662127,0.9097222222222222,0.6597222222222222,0.25,0.034722222222222224,0.05555555555555555,0.2152777777777778,0.6666666666666666,0.15384615384615385,0.19230769230769232,0.34615384615384615,2,hiligaynon,low_resource
810,286,23,4.185314685314685,12.434782608695652,1.8041958041958042,43,0.4782608695652174,0.4230769230769231,0.0034965034965034965,0.1258741258741259,0.006993006993006993,0.08041958041958042,0.04195804195804196,0.05944055944055944,0.05944055944055944,0.0,0.0,0.0,0.36713286713286714,0.38237749145689093,0.3456757536361023,0.39251833057438806,0.3166017806584955,0.39897326427751245,0.3560009874629227,0.8146853146853147,0.4755244755244755,0.33916083916083917,0.0,0.05944055944055944,0.17482517482517482,0.6033057851239669,0.21739130434782608,0.0,0.4782608695652174,2,hiligaynon,low_resource
811,9,1,4.888888888888889,9.0,2.0,2,0.0,0.8888888888888888,0.0,0.1111111111111111,0.0,0.0,0.0,0.2222222222222222,0.1111111111111111,0.0,0.0,0.0,0.6666666666666666,0.2011340674518867,0.10736162648656562,0.19766539997274077,0.13122221758477717,0.20682108679596461,0.14036424096156316,1.0,0.7777777777777778,0.2222222222222222,0.0,0.1111111111111111,0.1111111111111111,0.875,0.0,0.0,0.0,2,hiligaynon,low_resource
812,114,14,4.307017543859649,8.142857142857142,1.7894736842105263,17,0.21428571428571427,0.5350877192982456,0.0,0.13157894736842105,0.0,0.07017543859649122,0.043859649122807015,0.07017543859649122,0.11403508771929824,0.0,0.0,0.0,0.38596491228070173,0.41867275830505524,0.3714261041573724,0.399488420856649,0.32161575091615474,0.4197524721802492,0.3842262736336592,0.868421052631579,0.5614035087719298,0.30701754385964913,0.0,0.11403508771929824,0.24561403508771928,0.6721311475409836,0.0,0.14285714285714285,0.21428571428571427,2,hiligaynon,low_resource
813,172,33,4.377906976744186,5.212121212121212,1.819767441860465,27,0.18181818181818182,0.4883720930232558,0.0,0.10465116279069768,0.0,0.09302325581395349,0.0755813953488372,0.046511627906976744,0.03488372093023256,0.0,0.0,0.0,0.37209302325581395,0.39149879568331464,0.3459902728596273,0.3894604866519163,0.2973847672419609,0.41852717134348094,0.38294847793183256,0.9825581395348837,0.6104651162790697,0.37209302325581395,0.03488372093023256,0.03488372093023256,0.22093023255813954,0.5952380952380952,0.030303030303030304,0.0,0.18181818181818182,2,hiligaynon,low_resource
814,213,22,4.774647887323944,9.681818181818182,2.0,62,1.0909090909090908,0.5023474178403756,0.0,0.09859154929577464,0.0,0.07042253521126761,0.06103286384976526,0.03286384976525822,0.14553990610328638,0.0,0.0,0.0,0.4272300469483568,0.411247857901522,0.3942255413593371,0.39436620429628044,0.38841186562245905,0.3947600510973564,0.43247387226367207,0.9061032863849765,0.6666666666666666,0.23943661971830985,0.0,0.14553990610328638,0.2347417840375587,0.7663551401869159,0.3181818181818182,0.0,1.0909090909090908,2,hiligaynon,low_resource
815,547,39,4.1297989031078615,14.025641025641026,1.5959780621572213,59,0.20512820512820512,0.42230347349177333,0.009140767824497258,0.12797074954296161,0.025594149908592323,0.12979890310786105,0.0603290676416819,0.04021937842778794,0.043875685557586835,0.014625228519195612,0.009140767824497258,0.0,0.42047531992687387,0.4561049492207494,0.42449472285183926,0.44008113997828213,0.39252031310116514,0.432217295186657,0.42637433868819496,0.6910420475319926,0.5228519195612431,0.16819012797074953,0.0,0.02376599634369287,0.12979890310786105,0.6233766233766234,0.10256410256410256,0.10256410256410256,0.20512820512820512,3,hiligaynon,low_resource
816,138,11,4.3478260869565215,12.545454545454545,1.6956521739130435,20,0.6363636363636364,0.427536231884058,0.007246376811594203,0.07246376811594203,0.0,0.12318840579710146,0.14492753623188406,0.06521739130434782,0.050724637681159424,0.0,0.0,0.0,0.5144927536231884,0.3707541530483196,0.30779132503201856,0.3598819219086804,0.24066131321753656,0.39082513087159776,0.3144981115552243,0.855072463768116,0.5072463768115942,0.34782608695652173,0.0,0.043478260869565216,0.26811594202898553,0.6610169491525424,0.0,0.0,0.6363636363636364,3,hiligaynon,low_resource
817,1000,48,4.199,20.833333333333332,1.695,109,1.375,0.181,0.0,0.091,0.003,0.121,0.091,0.064,0.05,0.0,0.0,0.0,0.417,0.4190640492342663,0.3643157876632706,0.38429554498321256,0.35262929767191703,0.40089726447839186,0.34983861176395775,0.834,0.576,0.258,0.0,0.046,0.199,0.425414364640884,0.0,0.5208333333333334,1.375,3,hiligaynon,low_resource
818,560,59,4.698214285714286,9.491525423728813,1.9321428571428572,124,0.6101694915254238,0.375,0.0,0.08392857142857142,0.0,0.044642857142857144,0.060714285714285714,0.06964285714285715,0.125,0.0,0.0,0.0,0.5071428571428571,0.44076950537256004,0.4376102794446812,0.42684406341595993,0.40642767481879083,0.4401655202583547,0.47882112661912707,0.9446428571428571,0.65,0.29464285714285715,0.0017857142857142857,0.125,0.18214285714285713,0.6666666666666666,0.05084745762711865,0.576271186440678,0.6101694915254238,3,hiligaynon,low_resource
819,656,85,4.536585365853658,7.7176470588235295,1.8567073170731707,121,0.5529411764705883,0.32926829268292684,0.0,0.15091463414634146,0.0,0.06097560975609756,0.04725609756097561,0.04878048780487805,0.0625,0.0,0.0,0.0,0.4115853658536585,0.44998427436951427,0.4048066636305269,0.4440461370256354,0.3457067099574873,0.443320089476099,0.4180454418660769,0.8551829268292683,0.614329268292683,0.24085365853658536,0.004573170731707317,0.056402439024390245,0.21036585365853658,0.6157407407407407,0.047058823529411764,0.4588235294117647,0.5529411764705883,3,hiligaynon,low_resource
820,380,33,4.268421052631579,11.515151515151516,1.7078947368421054,55,0.7878787878787878,0.38421052631578945,0.0,0.12368421052631579,0.010526315789473684,0.07894736842105263,0.05263157894736842,0.042105263157894736,0.10526315789473684,0.010526315789473684,0.0,0.002631578947368421,0.41842105263157897,0.350152823154506,0.33572131979395897,0.3677128090708238,0.303753991789063,0.36630017708399687,0.29391709309077935,0.9631578947368421,0.7789473684210526,0.18421052631578946,0.05263157894736842,0.09210526315789473,0.23157894736842105,0.5684931506849316,0.0,0.3939393939393939,0.7878787878787878,3,hiligaynon,low_resource
821,495,40,4.513131313131313,12.375,1.8767676767676769,118,0.7,0.3898989898989899,0.0,0.17777777777777778,0.006060606060606061,0.09292929292929293,0.020202020202020204,0.046464646464646465,0.06464646464646465,0.0,0.0,0.0,0.30303030303030304,0.427851054818316,0.44122074416012314,0.39521516837968823,0.3755519611035841,0.4315169932214464,0.44286899188298945,0.7373737373737375,0.5212121212121212,0.21616161616161617,0.0,0.06464646464646465,0.18787878787878787,0.5803108808290155,0.175,0.275,0.7,3,hiligaynon,low_resource
822,309,36,4.508090614886731,8.583333333333334,1.8414239482200647,59,0.3611111111111111,0.4563106796116505,0.0,0.11650485436893204,0.0,0.07119741100323625,0.07119741100323625,0.042071197411003236,0.12297734627831715,0.0,0.003236245954692557,0.0,0.48220064724919093,0.4412708812943148,0.3671801656819769,0.4246624151991014,0.30976085913675966,0.43991725764951606,0.3889361359823574,0.8122977346278317,0.5469255663430421,0.26537216828478966,0.003236245954692557,0.11003236245954692,0.20711974110032363,0.7021276595744681,0.1388888888888889,0.25,0.3611111111111111,3,hiligaynon,low_resource
823,425,39,4.5858823529411765,10.897435897435898,1.8141176470588236,81,0.9230769230769231,0.3952941176470588,0.0,0.12470588235294118,0.0,0.11058823529411765,0.05647058823529412,0.047058823529411764,0.07058823529411765,0.004705882352941176,0.0,0.0,0.43058823529411766,0.4442432499592587,0.32853279574283195,0.43906494818371233,0.31442861313837306,0.4526941987879416,0.35721078153679325,0.8188235294117647,0.5647058823529412,0.2541176470588235,0.0,0.06823529411764706,0.20470588235294118,0.6309523809523809,0.1282051282051282,0.38461538461538464,0.9230769230769231,3,hiligaynon,low_resource
824,356,34,4.27808988764045,10.470588235294118,1.7162921348314606,69,0.38235294117647056,0.3707865168539326,0.0028089887640449437,0.1404494382022472,0.0056179775280898875,0.14606741573033707,0.06460674157303371,0.0702247191011236,0.056179775280898875,0.0,0.0056179775280898875,0.0,0.3455056179775281,0.40969354981964806,0.35664220304106536,0.4210557736514809,0.3519415994606583,0.4283891158797317,0.372537846609142,0.7134831460674157,0.4887640449438202,0.2247191011235955,0.0,0.056179775280898875,0.21067415730337077,0.6060606060606061,0.0,0.058823529411764705,0.38235294117647056,3,hiligaynon,low_resource
825,423,30,4.401891252955083,14.1,1.7706855791962175,69,0.36666666666666664,0.37115839243498816,0.0,0.09929078014184398,0.01182033096926714,0.1016548463356974,0.08747044917257683,0.08274231678486997,0.054373522458628844,0.002364066193853428,0.0,0.0,0.4066193853427896,0.4173879793752789,0.387791642605251,0.3974607292397006,0.2970559784603028,0.4446351062298833,0.4159094786479214,0.801418439716312,0.5177304964539007,0.28368794326241137,0.002364066193853428,0.054373522458628844,0.18912529550827423,0.6050955414012739,0.03333333333333333,0.1,0.36666666666666664,3,hiligaynon,low_resource
826,589,58,4.512733446519524,10.155172413793103,1.8709677419354838,101,0.4482758620689655,0.31069609507640067,0.001697792869269949,0.1035653650254669,0.006791171477079796,0.06960950764006792,0.07130730050933787,0.0831918505942275,0.0730050933786078,0.0,0.0,0.0,0.4312393887945671,0.43367350367784596,0.36801685064708506,0.38957442079650334,0.3365671729589479,0.402645896808233,0.3796377937379927,0.9422750424448217,0.6383701188455009,0.30390492359932086,0.0050933786078098476,0.059422750424448216,0.21392190152801357,0.5628415300546448,0.017241379310344827,0.3793103448275862,0.4482758620689655,3,hiligaynon,low_resource
827,448,53,4.796875,8.452830188679245,1.921875,113,0.22641509433962265,0.34375,0.0,0.08705357142857142,0.0,0.05357142857142857,0.07589285714285714,0.0625,0.14732142857142858,0.004464285714285714,0.0,0.0,0.4955357142857143,0.4156761289185616,0.38750902892284045,0.3733481258363721,0.3379990041340462,0.3824230655189332,0.38630997283228713,0.8683035714285714,0.5915178571428571,0.2767857142857143,0.0,0.109375,0.19196428571428573,0.6168831168831169,0.018867924528301886,0.1509433962264151,0.22641509433962265,3,hiligaynon,low_resource
828,416,34,4.915865384615385,12.235294117647058,1.9495192307692308,106,0.38235294117647056,0.3894230769230769,0.0,0.13701923076923078,0.0,0.040865384615384616,0.055288461538461536,0.0625,0.0985576923076923,0.0,0.002403846153846154,0.0,0.4855769230769231,0.4377047504359178,0.43763498081383245,0.4295590560790861,0.37169153293563456,0.44716183470595094,0.4837539679795029,0.9735576923076923,0.7163461538461539,0.25721153846153844,0.0,0.0985576923076923,0.23317307692307693,0.7037037037037037,0.0,0.029411764705882353,0.38235294117647056,3,hiligaynon,low_resource
829,261,22,4.708812260536399,11.863636363636363,1.896551724137931,60,0.4090909090909091,0.5019157088122606,0.0,0.13793103448275862,0.0,0.06896551724137931,0.05363984674329502,0.05363984674329502,0.09195402298850575,0.0,0.0,0.0,0.42528735632183906,0.4291012348071751,0.42900401238535973,0.43059600867111364,0.35465207347969924,0.44379792796750467,0.43156365605722247,0.9157088122605364,0.6475095785440613,0.2681992337164751,0.0038314176245210726,0.08812260536398467,0.23754789272030652,0.7175572519083969,0.0,0.22727272727272727,0.4090909090909091,3,hiligaynon,low_resource
830,657,36,4.228310502283105,18.25,1.7458143074581431,112,0.3333333333333333,0.3409436834094368,0.0,0.1308980213089802,0.0,0.0898021308980213,0.0502283105022831,0.030441400304414,0.1095890410958904,0.015220700152207,0.0,0.0,0.3926940639269406,0.43511312801982394,0.46049848465852056,0.420072137372958,0.390190012396985,0.4518581789044252,0.47016654940707703,0.7656012176560122,0.558599695585997,0.2070015220700152,0.0,0.0989345509893455,0.2252663622526636,0.5758928571428571,0.08333333333333333,0.19444444444444445,0.3333333333333333,3,hiligaynon,low_resource
831,629,85,3.998410174880763,7.4,1.6327503974562798,64,0.27058823529411763,0.30842607313195547,0.001589825119236884,0.20031796502384738,0.011128775834658187,0.09220985691573927,0.05246422893481717,0.04292527821939587,0.07631160572337042,0.0,0.0,0.0,0.3386327503974563,0.3848350514951735,0.3406611900855866,0.37996931632774,0.33095905819131716,0.3984364673384486,0.35757073258522265,0.6041335453100158,0.40858505564387915,0.19554848966613672,0.001589825119236884,0.05087440381558029,0.24483306836248012,0.5773195876288659,0.047058823529411764,0.36470588235294116,0.27058823529411763,3,hiligaynon,low_resource
832,781,86,4.458386683738796,9.081395348837209,1.8066581306017926,128,0.2558139534883721,0.4033290653008963,0.006402048655569782,0.11523687580025609,0.023047375160051217,0.06274007682458387,0.046094750320102434,0.04353393085787452,0.09090909090909091,0.006402048655569782,0.0038412291933418692,0.0012804097311139564,0.4660691421254802,0.43919112360687057,0.40912893884870166,0.4403877968493518,0.35262897905905544,0.46106504769422746,0.4211785540522563,0.7183098591549295,0.5249679897567221,0.19334186939820744,0.002560819462227913,0.0793854033290653,0.17285531370038412,0.6666666666666666,0.11627906976744186,0.18604651162790697,0.2558139534883721,3,hiligaynon,low_resource
833,416,34,4.8798076923076925,12.235294117647058,1.9831730769230769,110,0.5882352941176471,0.3918269230769231,0.0,0.12259615384615384,0.0,0.07932692307692307,0.07211538461538461,0.06971153846153846,0.08413461538461539,0.0,0.0,0.0,0.5048076923076923,0.4261201965167416,0.40591203765003164,0.43381767854216524,0.32946176309136216,0.45249502509259815,0.39379007949698946,0.9423076923076923,0.6418269230769231,0.3004807692307692,0.0,0.08413461538461539,0.2403846153846154,0.6441717791411042,0.08823529411764706,0.029411764705882353,0.5882352941176471,3,hiligaynon,low_resource
834,511,44,4.772994129158513,11.613636363636363,1.9060665362035225,123,0.3181818181818182,0.37573385518590996,0.0,0.1232876712328767,0.0019569471624266144,0.0410958904109589,0.05870841487279843,0.06262230919765166,0.14677103718199608,0.0019569471624266144,0.0019569471624266144,0.0,0.5440313111545988,0.44077898747715194,0.44285364871404687,0.42690766079771814,0.37003265952057096,0.436099240636286,0.4291219947478468,1.0,0.6712328767123288,0.3287671232876712,0.0,0.1095890410958904,0.22113502935420742,0.6822916666666666,0.022727272727272728,0.022727272727272728,0.3181818181818182,3,hiligaynon,low_resource
835,441,49,4.292517006802721,9.0,1.7596371882086168,71,0.10204081632653061,0.35147392290249435,0.0,0.11791383219954649,0.0045351473922902496,0.08163265306122448,0.045351473922902494,0.05895691609977324,0.1292517006802721,0.0,0.0022675736961451248,0.0,0.4036281179138322,0.45651842082907745,0.4230282484760377,0.4315136354446954,0.3827485981762866,0.4410034429263585,0.4219154834433184,0.8253968253968255,0.5691609977324263,0.2562358276643991,0.0045351473922902496,0.07256235827664399,0.1927437641723356,0.6193548387096774,0.0,0.0,0.10204081632653061,3,hiligaynon,low_resource
836,766,74,4.326370757180157,10.35135135135135,1.7911227154046998,128,0.43243243243243246,0.30156657963446476,0.0,0.1514360313315927,0.0,0.044386422976501305,0.0587467362924282,0.0639686684073107,0.10182767624020887,0.0,0.0,0.0,0.39556135770234985,0.463665532314703,0.48396569203716416,0.4397284683269444,0.41871128326706675,0.4833560625536286,0.5280717777060076,0.902088772845953,0.6475195822454308,0.2545691906005222,0.013054830287206266,0.10052219321148825,0.27023498694516973,0.6233766233766234,0.10810810810810811,0.4189189189189189,0.43243243243243246,3,hiligaynon,low_resource
837,215,23,4.595348837209302,9.347826086956522,1.9069767441860466,47,0.43478260869565216,0.4883720930232558,0.0,0.11627906976744186,0.0,0.10232558139534884,0.06976744186046512,0.03255813953488372,0.07441860465116279,0.004651162790697674,0.0,0.0,0.39069767441860465,0.40643049120294583,0.37461544441479183,0.3942244112179182,0.31291332043802195,0.39671162185792025,0.3970522436756558,0.9860465116279069,0.5581395348837209,0.42790697674418604,0.004651162790697674,0.07441860465116279,0.19069767441860466,0.7238095238095238,0.34782608695652173,0.08695652173913043,0.43478260869565216,3,hiligaynon,low_resource
838,1014,90,4.328402366863905,11.266666666666667,1.8136094674556213,189,0.7444444444444445,0.22978303747534518,0.0,0.14398422090729784,0.0,0.07199211045364892,0.07889546351084813,0.06804733727810651,0.07988165680473373,0.0019723865877712033,0.0,0.0,0.41025641025641024,0.41852049178334255,0.36001512367575844,0.41086873099057836,0.3363121617660098,0.44785893344731253,0.3746851267085153,0.9447731755424063,0.6439842209072978,0.30078895463510846,0.0019723865877712033,0.08086785009861933,0.1804733727810651,0.5021459227467812,0.24444444444444444,0.05555555555555555,0.7444444444444445,3,hiligaynon,low_resource
839,190,19,4.484210526315789,10.0,1.8631578947368421,37,0.5263157894736842,0.5421052631578948,0.0,0.11578947368421053,0.0,0.06842105263157895,0.08947368421052632,0.05263157894736842,0.06315789473684211,0.0,0.0,0.0,0.3736842105263158,0.41824272734159323,0.39043941856291164,0.41685099477119514,0.3479389782959835,0.4392118670939274,0.42231880247052733,0.9631578947368421,0.6789473684210526,0.28421052631578947,0.02631578947368421,0.06315789473684211,0.23157894736842105,0.6796116504854369,0.21052631578947367,0.21052631578947367,0.5263157894736842,3,hiligaynon,low_resource
840,559,43,4.415026833631485,13.0,1.851520572450805,112,0.6976744186046512,0.34525939177101966,0.0,0.16100178890876565,0.0017889087656529517,0.03398926654740608,0.03577817531305903,0.08050089445438283,0.13059033989266547,0.0,0.0,0.0,0.4275491949910555,0.42471704009913236,0.43728710411467014,0.43883178003096235,0.3905174415999781,0.4547348131431123,0.4666531956932481,0.8282647584973166,0.6010733452593918,0.22719141323792486,0.0,0.12701252236135957,0.24150268336314848,0.6321243523316062,0.06976744186046512,0.0,0.6976744186046512,3,hiligaynon,low_resource
841,441,51,4.346938775510204,8.647058823529411,1.7687074829931972,60,0.49019607843137253,0.31065759637188206,0.0,0.10884353741496598,0.0,0.07936507936507936,0.08390022675736962,0.07029478458049887,0.049886621315192746,0.0,0.0,0.0,0.43537414965986393,0.44085612126523194,0.39541432183781977,0.422284121030058,0.31669832040670537,0.4189648059753227,0.42685675366063885,0.963718820861678,0.655328798185941,0.30839002267573695,0.0,0.047619047619047616,0.2199546485260771,0.5693430656934306,0.09803921568627451,0.43137254901960786,0.49019607843137253,3,hiligaynon,low_resource
842,353,36,4.711048158640226,9.805555555555555,1.9320113314447591,84,0.6944444444444444,0.45042492917847027,0.0,0.13031161473087818,0.0,0.06515580736543909,0.042492917847025496,0.039660056657223795,0.11898016997167139,0.0,0.0,0.0,0.4447592067988669,0.4424440553465569,0.4166334578359173,0.4153421390080504,0.375046630137406,0.4430242064571686,0.4370169794317033,0.8611898016997167,0.6430594900849859,0.21813031161473087,0.0,0.11898016997167139,0.2096317280453258,0.6855345911949685,0.08333333333333333,0.3055555555555556,0.6944444444444444,3,hiligaynon,low_resource
843,479,45,4.1210855949895615,10.644444444444444,1.7139874739039667,58,0.2222222222222222,0.40501043841336115,0.0020876826722338203,0.1336116910229645,0.0,0.10647181628392484,0.05636743215031315,0.04175365344467641,0.10020876826722339,0.0,0.0,0.0041753653444676405,0.3674321503131524,0.4492953621180021,0.4442105378606529,0.4336818691195653,0.4022393032526456,0.447412292779637,0.45121350726267506,0.7369519832985387,0.5219206680584552,0.2150313152400835,0.0041753653444676405,0.09812108559498957,0.23799582463465555,0.634020618556701,0.06666666666666667,0.28888888888888886,0.2222222222222222,3,hiligaynon,low_resource
844,91,10,4.769230769230769,9.1,1.978021978021978,25,0.4,0.6153846153846154,0.0,0.17582417582417584,0.0,0.04395604395604396,0.054945054945054944,0.03296703296703297,0.08791208791208792,0.0,0.0,0.0,0.46153846153846156,0.38393093359876374,0.30052480041030916,0.39777042682291186,0.240041427757104,0.39338408532911423,0.32003625797257607,0.9230769230769231,0.6483516483516484,0.27472527472527475,0.0,0.08791208791208792,0.25274725274725274,0.7678571428571429,0.0,0.0,0.4,3,hiligaynon,low_resource
845,248,33,4.568548387096774,7.515151515151516,1.9153225806451613,60,0.30303030303030304,0.3548387096774194,0.0,0.21370967741935484,0.0,0.08064516129032258,0.024193548387096774,0.056451612903225805,0.020161290322580645,0.0,0.0,0.0,0.3709677419354839,0.406950292700424,0.32400903955941984,0.404153923093451,0.32773434234171045,0.4074182804693821,0.30227953722574047,0.8266129032258065,0.6491935483870968,0.1774193548387097,0.012096774193548387,0.020161290322580645,0.21370967741935484,0.5340909090909091,0.06060606060606061,0.48484848484848486,0.30303030303030304,3,hiligaynon,low_resource
846,503,63,4.385685884691849,7.984126984126984,1.7634194831013916,90,0.38095238095238093,0.37375745526838966,0.0,0.12127236580516898,0.019880715705765408,0.07952286282306163,0.0775347912524851,0.027833001988071572,0.055666003976143144,0.005964214711729622,0.007952286282306162,0.0,0.4274353876739563,0.40617478730519835,0.34309968857306694,0.42374238226348115,0.3162720350217208,0.4110423407869434,0.3692815628477925,0.7912524850894633,0.5864811133200796,0.2047713717693837,0.0,0.0437375745526839,0.19681908548707752,0.5851063829787234,0.047619047619047616,0.20634920634920634,0.38095238095238093,3,hiligaynon,low_resource
847,670,71,4.574626865671642,9.43661971830986,1.882089552238806,125,0.6619718309859155,0.3328358208955224,0.0014925373134328358,0.16417910447761194,0.0014925373134328358,0.050746268656716415,0.04328358208955224,0.05522388059701493,0.07761194029850746,0.0,0.0,0.0,0.3835820895522388,0.4456570123299586,0.38072187396386453,0.40772389544224086,0.3116834081323021,0.46914785374829326,0.43452560916490757,0.8343283582089552,0.6313432835820896,0.20298507462686566,0.0,0.07761194029850746,0.24029850746268658,0.6412556053811659,0.14084507042253522,0.4647887323943662,0.6619718309859155,3,hiligaynon,low_resource
848,471,46,4.602972399150743,10.23913043478261,1.8577494692144374,97,0.45652173913043476,0.3651804670912951,0.0,0.13800424628450106,0.0021231422505307855,0.08917197452229299,0.04670912951167728,0.05307855626326964,0.09554140127388536,0.006369426751592357,0.0,0.0,0.416135881104034,0.4168109288656332,0.38454201891666057,0.4120652939653857,0.3528434764773238,0.4375891789533991,0.42023192401938114,0.9426751592356688,0.6709129511677282,0.27176220806794055,0.0021231422505307855,0.09554140127388536,0.21443736730360935,0.6511627906976745,0.043478260869565216,0.1956521739130435,0.45652173913043476,3,hiligaynon,low_resource
849,383,40,4.788511749347259,9.575,1.95822454308094,97,0.475,0.4281984334203655,0.0,0.12010443864229765,0.0,0.06005221932114883,0.06527415143603134,0.028720626631853787,0.10443864229765012,0.0,0.0,0.0,0.4255874673629243,0.4667032439294072,0.49872461656498834,0.4479671595645214,0.4206710222674472,0.46007715861415943,0.4714108023982856,1.010443864229765,0.7911227154046997,0.2193211488250653,0.005221932114882507,0.10443864229765012,0.23759791122715404,0.7621951219512195,0.075,0.025,0.475,3,hiligaynon,low_resource
850,510,36,3.9274509803921567,14.166666666666666,1.5960784313725491,60,0.1111111111111111,0.3176470588235294,0.00392156862745098,0.19215686274509805,0.00196078431372549,0.14313725490196078,0.041176470588235294,0.045098039215686274,0.12941176470588237,0.0,0.00196078431372549,0.0,0.39215686274509803,0.3943383610752355,0.3810875414654345,0.3860072531607316,0.3462221955489473,0.4182999668249242,0.37203221720507823,0.7196078431372548,0.5450980392156862,0.17450980392156862,0.0,0.041176470588235294,0.2196078431372549,0.5740740740740741,0.0,0.0,0.1111111111111111,3,hiligaynon,low_resource
851,1015,62,4.528078817733991,16.370967741935484,1.8985221674876847,223,0.5645161290322581,0.2817733990147783,0.006896551724137931,0.1724137931034483,0.011822660098522168,0.06403940886699508,0.059113300492610835,0.07389162561576355,0.03940886699507389,0.0009852216748768472,0.0,0.0,0.4088669950738916,0.39892268146053916,0.39657955229485453,0.4051501835056516,0.3356581508618897,0.3977933949572266,0.3337854900931726,0.8,0.5911330049261084,0.20886699507389161,0.0,0.03940886699507389,0.2916256157635468,0.5874125874125874,0.11290322580645161,0.16129032258064516,0.5645161290322581,3,hiligaynon,low_resource
852,459,51,4.494553376906318,9.0,1.7995642701525054,82,0.47058823529411764,0.4466230936819172,0.0,0.13507625272331156,0.008714596949891068,0.10675381263616558,0.0392156862745098,0.04793028322440087,0.09368191721132897,0.0,0.0,0.0,0.42919389978213507,0.4090823719658716,0.37194579194058885,0.40579300979706995,0.34274349514082414,0.42043428681587336,0.35429350496802675,0.8649237472766885,0.664488017429194,0.20043572984749455,0.0,0.08496732026143791,0.18518518518518517,0.6634146341463415,0.13725490196078433,0.13725490196078433,0.47058823529411764,3,hiligaynon,low_resource
853,606,68,4.803630363036303,8.911764705882353,1.9653465346534653,149,0.5147058823529411,0.33828382838283827,0.0,0.16006600660066006,0.0,0.05115511551155116,0.03135313531353135,0.06105610561056106,0.07425742574257425,0.0,0.0,0.0,0.3778877887788779,0.46067825703845405,0.4803718257891935,0.4448117161629534,0.38060981906047137,0.4818075383898228,0.5234237467150611,0.9702970297029703,0.6815181518151815,0.2887788778877888,0.0033003300330033004,0.07260726072607261,0.21287128712871287,0.5951219512195122,0.014705882352941176,0.4117647058823529,0.5147058823529411,3,hiligaynon,low_resource
854,280,28,4.107142857142857,10.0,1.6642857142857144,34,0.25,0.4035714285714286,0.0,0.14285714285714285,0.017857142857142856,0.09285714285714286,0.06785714285714285,0.060714285714285714,0.039285714285714285,0.0,0.0,0.0,0.40714285714285714,0.4090607689507837,0.3307611308610674,0.35733554169342224,0.30070087886468855,0.368802474964819,0.3379428742475694,0.7357142857142858,0.4607142857142857,0.275,0.0,0.039285714285714285,0.225,0.6194690265486725,0.03571428571428571,0.17857142857142858,0.25,3,hiligaynon,low_resource
855,607,45,4.13838550247117,13.488888888888889,1.7232289950576607,79,0.17777777777777778,0.3212520593080725,0.0,0.13838550247116968,0.004942339373970346,0.1301482701812191,0.04942339373970346,0.047775947281713346,0.07084019769357495,0.0,0.0,0.0,0.35914332784184516,0.4176511095223059,0.4033644844471548,0.4133793025521012,0.3533880500288075,0.4306295413072,0.42214308647854887,0.7611202635914334,0.5304777594728172,0.23064250411861614,0.0,0.06589785831960461,0.20593080724876442,0.6256410256410256,0.022222222222222223,0.3333333333333333,0.17777777777777778,3,hiligaynon,low_resource
856,570,47,4.608771929824561,12.127659574468085,1.8859649122807018,110,0.44680851063829785,0.3350877192982456,0.0,0.15789473684210525,0.0017543859649122807,0.08596491228070176,0.03508771929824561,0.04912280701754386,0.06842105263157895,0.0,0.0,0.0,0.38421052631578945,0.44327758631484987,0.47250413492822096,0.43609693092936547,0.3980012060955228,0.4505537026576527,0.4710454885401242,1.0157894736842104,0.6666666666666666,0.34912280701754383,0.0017543859649122807,0.06842105263157895,0.2,0.5916230366492147,0.1276595744680851,0.1702127659574468,0.44680851063829785,3,hiligaynon,low_resource
857,988,119,4.7631578947368425,8.302521008403362,1.9564777327935223,222,0.33613445378151263,0.3228744939271255,0.0,0.145748987854251,0.0,0.06781376518218624,0.05668016194331984,0.04959514170040486,0.08805668016194332,0.0,0.0,0.0,0.4240890688259109,0.4524050322164255,0.45193993147870387,0.4473867855853194,0.41734420059256194,0.4607170607722466,0.4598202431773162,1.041497975708502,0.7651821862348178,0.27631578947368424,0.0010121457489878543,0.08805668016194332,0.20242914979757085,0.6426332288401254,0.03361344537815126,0.35294117647058826,0.33613445378151263,3,hiligaynon,low_resource
858,129,17,4.27906976744186,7.588235294117647,1.7829457364341086,15,0.11764705882352941,0.5116279069767442,0.0,0.13178294573643412,0.0,0.06201550387596899,0.046511627906976744,0.03875968992248062,0.10077519379844961,0.0,0.0,0.0,0.46511627906976744,0.3738959246175463,0.3133054647994467,0.37524508752294833,0.28879770807655614,0.39141331535430074,0.3359466616719169,0.9224806201550388,0.5271317829457365,0.3953488372093023,0.0,0.06976744186046512,0.20155038759689922,0.6515151515151515,0.11764705882352941,0.0,0.11764705882352941,3,hiligaynon,low_resource
859,668,58,4.696107784431137,11.517241379310345,1.8712574850299402,144,0.5862068965517241,0.3458083832335329,0.0,0.13323353293413173,0.0,0.06287425149700598,0.041916167664670656,0.05688622754491018,0.12874251497005987,0.0,0.0,0.0,0.4356287425149701,0.4377913692866662,0.4355065735589026,0.4264822393334853,0.40400999579758023,0.44629987672593185,0.4343886062207019,0.9550898203592815,0.688622754491018,0.26646706586826346,0.0014970059880239522,0.12874251497005987,0.21107784431137724,0.6536796536796536,0.05172413793103448,0.3620689655172414,0.5862068965517241,3,hiligaynon,low_resource
860,192,18,4.552083333333333,10.666666666666666,1.9947916666666667,47,0.3888888888888889,0.6145833333333334,0.036458333333333336,0.23958333333333334,0.005208333333333333,0.036458333333333336,0.0,0.015625,0.020833333333333332,0.0,0.0,0.0,0.3072916666666667,0.3778795155476251,0.3405971104483353,0.41203960506293746,0.3210617542663578,0.3788720329584647,0.32283622026134795,0.8125,0.5885416666666666,0.22395833333333334,0.005208333333333333,0.020833333333333332,0.234375,0.788135593220339,0.1111111111111111,0.1111111111111111,0.3888888888888889,1,minasbate,low_resource
861,235,21,4.110638297872341,11.19047619047619,1.8,34,0.7142857142857143,0.33617021276595743,0.0,0.1574468085106383,0.05106382978723404,0.1276595744680851,0.0,0.0,0.06382978723404255,0.0,0.0,0.0,0.26382978723404255,0.37562638593721615,0.3056249884456838,0.3795187167874294,0.2870721839691966,0.3493466444942282,0.25531494546696987,0.8127659574468086,0.6340425531914894,0.17872340425531916,0.0,0.01702127659574468,0.2170212765957447,0.4810126582278481,0.19047619047619047,0.42857142857142855,0.7142857142857143,1,minasbate,low_resource
862,238,28,4.453781512605042,8.5,1.8823529411764706,59,0.32142857142857145,0.46218487394957986,0.0,0.20588235294117646,0.06302521008403361,0.12184873949579832,0.0,0.0,0.0546218487394958,0.0,0.0,0.0,0.3487394957983193,0.39308812429116274,0.277869253937104,0.4284570417769814,0.284470088185105,0.3904773020243019,0.2335097168371934,0.7436974789915967,0.592436974789916,0.15126050420168066,0.0,0.025210084033613446,0.29411764705882354,0.7181818181818181,0.07142857142857142,0.2857142857142857,0.32142857142857145,1,minasbate,low_resource
863,249,41,4.0843373493975905,6.073170731707317,1.7710843373493976,41,0.3170731707317073,0.40160642570281124,0.0,0.13654618473895583,0.10040160642570281,0.13654618473895583,0.0,0.004016064257028112,0.04819277108433735,0.0,0.0,0.0,0.24899598393574296,0.4220744798982901,0.3583669566658372,0.42349295078453986,0.308247992385647,0.37677563942311626,0.29566073974832924,0.7831325301204819,0.606425702811245,0.17670682730923695,0.0,0.0,0.26104417670682734,0.62,0.04878048780487805,0.04878048780487805,0.3170731707317073,1,minasbate,low_resource
864,128,19,4.2265625,6.7368421052631575,1.90625,22,0.21052631578947367,0.2890625,0.0,0.1015625,0.1484375,0.0546875,0.0,0.0,0.0625,0.0,0.0,0.0,0.1953125,0.33488484828596277,0.2509886720820995,0.34686622299305886,0.2434449352132063,0.30162484567038356,0.22901723749285885,0.9375,0.703125,0.234375,0.0078125,0.0625,0.3125,0.4594594594594595,0.0,0.0,0.21052631578947367,1,minasbate,low_resource
865,69,9,4.2898550724637685,7.666666666666667,1.826086956521739,12,0.5555555555555556,0.5362318840579711,0.0,0.14492753623188406,0.10144927536231885,0.10144927536231885,0.0,0.0,0.028985507246376812,0.0,0.0,0.0,0.21739130434782608,0.28678500822466974,0.16002767358875725,0.2797050153907936,0.11627466376445353,0.2723884668421885,0.18437166072532912,0.7246376811594203,0.4927536231884058,0.2318840579710145,0.0,0.014492753623188406,0.2463768115942029,0.6486486486486487,0.1111111111111111,0.0,0.5555555555555556,1,minasbate,low_resource
866,162,20,4.080246913580247,8.1,1.7530864197530864,40,0.0,0.2777777777777778,0.0,0.2345679012345679,0.12962962962962962,0.08024691358024691,0.0,0.006172839506172839,0.024691358024691357,0.0,0.0,0.0,0.2716049382716049,0.3616884596187152,0.3624836173983365,0.35725690204331273,0.25159597042526566,0.3621134157547193,0.30727601611242356,0.5308641975308641,0.41975308641975306,0.1111111111111111,0.0,0.0,0.35185185185185186,0.37777777777777777,0.0,0.0,0.0,1,minasbate,low_resource
867,29,7,3.1379310344827585,4.142857142857143,1.793103448275862,1,0.0,0.27586206896551724,0.0,0.20689655172413793,0.034482758620689655,0.0,0.0,0.0,0.0,0.0,0.0,0.0,0.034482758620689655,0.09293329667027313,0.015155618411845375,0.1000087177152129,0.009217474454472126,0.07984145171541576,0.011915733610710728,0.5517241379310345,0.5172413793103449,0.034482758620689655,0.0,0.0,0.2413793103448276,0.375,0.0,0.0,0.0,1,minasbate,low_resource
868,78,9,4.32051282051282,8.666666666666666,1.8846153846153846,15,0.1111111111111111,0.5384615384615384,0.0,0.11538461538461539,0.05128205128205128,0.0641025641025641,0.0,0.0,0.07692307692307693,0.01282051282051282,0.0,0.0,0.24358974358974358,0.3291039776241149,0.18739957650045555,0.352582924361269,0.22408468785409183,0.33650849487182743,0.20818607970624112,0.8076923076923077,0.5384615384615384,0.2692307692307692,0.0,0.07692307692307693,0.24358974358974358,0.7142857142857143,0.1111111111111111,0.0,0.1111111111111111,1,minasbate,low_resource
869,185,25,4.778378378378378,7.4,1.9891891891891893,48,0.32,0.41621621621621624,0.0,0.16756756756756758,0.06486486486486487,0.11351351351351352,0.005405405405405406,0.016216216216216217,0.005405405405405406,0.0,0.0,0.0,0.31351351351351353,0.34852238184111145,0.21925677393797594,0.36827683015977314,0.21083202886553548,0.31794821147358476,0.1707921754835255,0.8054054054054054,0.6432432432432432,0.16216216216216217,0.005405405405405406,0.005405405405405406,0.31891891891891894,0.5714285714285714,0.04,0.08,0.32,1,minasbate,low_resource
870,298,54,4.5,5.518518518518518,1.8590604026845639,58,0.2037037037037037,0.35906040268456374,0.0,0.1644295302013423,0.06375838926174497,0.1174496644295302,0.0,0.0,0.006711409395973154,0.0,0.0,0.0,0.2751677852348993,0.395159634520924,0.2900801368665999,0.42322522995528006,0.3145804346250101,0.39236366044544607,0.2845374464377645,0.8389261744966443,0.6409395973154363,0.19798657718120805,0.003355704697986577,0.0,0.2550335570469799,0.5887850467289719,0.037037037037037035,0.14814814814814814,0.2037037037037037,1,minasbate,low_resource
871,418,38,4.45933014354067,11.0,1.8468899521531101,84,0.6052631578947368,0.39952153110047844,0.0023923444976076554,0.17464114832535885,0.07416267942583732,0.15550239234449761,0.0023923444976076554,0.0023923444976076554,0.03110047846889952,0.004784688995215311,0.0,0.0,0.24641148325358853,0.377964083133226,0.28435312484444475,0.419337694163704,0.24278467306167012,0.3765823304254519,0.21735685523653628,0.8014354066985646,0.5956937799043063,0.20574162679425836,0.004784688995215311,0.02631578947368421,0.2727272727272727,0.6766467065868264,0.10526315789473684,0.6578947368421053,0.6052631578947368,1,minasbate,low_resource
872,364,34,4.126373626373627,10.705882352941176,1.7445054945054945,53,0.23529411764705882,0.33791208791208793,0.0,0.18406593406593408,0.09340659340659341,0.11263736263736264,0.0,0.005494505494505495,0.054945054945054944,0.0,0.0,0.0,0.26373626373626374,0.39165170839047747,0.31280006795606685,0.4313000852013408,0.28740376559863373,0.3733653977284915,0.2745889452412434,0.717032967032967,0.5412087912087912,0.17582417582417584,0.0,0.038461538461538464,0.34615384615384615,0.6341463414634146,0.0,0.14705882352941177,0.23529411764705882,1,minasbate,low_resource
873,86,17,3.9302325581395348,5.0588235294117645,1.7906976744186047,10,0.29411764705882354,0.4069767441860465,0.0,0.29069767441860467,0.023255813953488372,0.08139534883720931,0.0,0.0,0.0,0.0,0.0,0.0,0.1511627906976744,0.33094172555713264,0.20862587751492212,0.3113835295350444,0.13965892074670042,0.3380838538038032,0.1979169502374448,0.4883720930232558,0.3488372093023256,0.13953488372093023,0.0,0.0,0.20930232558139536,0.42857142857142855,0.23529411764705882,0.7647058823529411,0.29411764705882354,1,minasbate,low_resource
874,461,64,4.542299349240781,7.203125,1.9219088937093276,112,0.296875,0.3579175704989154,0.0,0.16919739696312364,0.0737527114967462,0.09327548806941431,0.004338394793926247,0.010845986984815618,0.04121475054229935,0.0,0.008676789587852495,0.0,0.31019522776572667,0.3889941776150235,0.3072754894667975,0.4498866625083927,0.2878596728769426,0.3800506319422563,0.27304459041436474,0.8091106290672452,0.6117136659436009,0.19739696312364424,0.0021691973969631237,0.026030368763557483,0.2754880694143167,0.593939393939394,0.015625,0.25,0.296875,1,minasbate,low_resource
875,156,18,4.0,8.666666666666666,1.7371794871794872,22,0.2777777777777778,0.48717948717948717,0.0,0.24358974358974358,0.02564102564102564,0.16025641025641027,0.0,0.0,0.019230769230769232,0.00641025641025641,0.0,0.0,0.21153846153846154,0.38187702592802786,0.1993919509946088,0.36349440813267825,0.24290091402182,0.33876384445883106,0.20255800714769595,0.7564102564102564,0.5576923076923077,0.1987179487179487,0.00641025641025641,0.019230769230769232,0.28846153846153844,0.6710526315789473,0.05555555555555555,0.5555555555555556,0.2777777777777778,1,minasbate,low_resource
876,115,13,4.182608695652174,8.846153846153847,1.7739130434782608,16,0.23076923076923078,0.4956521739130435,0.0,0.21739130434782608,0.06956521739130435,0.10434782608695652,0.0,0.0,0.008695652173913044,0.0,0.0,0.0,0.23478260869565218,0.324366042545359,0.19908492604796124,0.3213052798880145,0.182664938605559,0.32183866504092273,0.17974616708813498,0.6608695652173913,0.5391304347826087,0.12173913043478261,0.0,0.008695652173913044,0.3391304347826087,0.7368421052631579,0.0,0.0,0.23076923076923078,1,minasbate,low_resource
877,212,52,4.363207547169812,4.076923076923077,1.778301886792453,35,0.057692307692307696,0.5235849056603774,0.0,0.1792452830188679,0.05660377358490566,0.12264150943396226,0.0,0.018867924528301886,0.03773584905660377,0.03773584905660377,0.009433962264150943,0.0,0.3018867924528302,0.3914894384380625,0.2997162370274744,0.4131289275430168,0.29132387079065447,0.36529003845054586,0.2579678923921228,0.8537735849056604,0.6509433962264151,0.2028301886792453,0.0047169811320754715,0.0047169811320754715,0.2641509433962264,0.7207207207207207,0.038461538461538464,0.15384615384615385,0.057692307692307696,1,minasbate,low_resource
878,317,33,4.3974763406940065,9.606060606060606,1.8170347003154574,59,0.6363636363636364,0.4037854889589905,0.0,0.14511041009463724,0.08201892744479496,0.1608832807570978,0.0031545741324921135,0.0,0.015772870662460567,0.006309148264984227,0.0,0.0,0.23974763406940064,0.4022582891741978,0.2140104180269813,0.4085590026668195,0.19632476518471206,0.410478475166495,0.227248380439713,0.7097791798107256,0.5331230283911672,0.17665615141955837,0.0,0.00946372239747634,0.24921135646687698,0.640625,0.15151515151515152,0.45454545454545453,0.6363636363636364,1,minasbate,low_resource
879,83,12,3.4939759036144578,6.916666666666667,1.5301204819277108,5,1.0,0.24096385542168675,0.0,0.2289156626506024,0.012048192771084338,0.3373493975903614,0.0,0.0,0.0,0.0,0.0,0.0,0.060240963855421686,0.29237263485306886,0.18562163315297636,0.27721330450444154,0.20216443762988084,0.2905480154120625,0.18570321637490686,1.2048192771084338,0.8433734939759037,0.3614457831325301,0.0,0.0,0.24096385542168675,0.45,0.0,0.0,1.0,1,minasbate,low_resource
880,181,32,4.331491712707182,5.65625,1.861878453038674,34,0.0625,0.43646408839779005,0.0,0.14917127071823205,0.03867403314917127,0.15469613259668508,0.0,0.016574585635359115,0.022099447513812154,0.0,0.0,0.0,0.18232044198895028,0.38313129395226614,0.2958297437046875,0.39417294219602184,0.2470733977118978,0.3374008372552752,0.22262921636129313,0.8895027624309393,0.7348066298342542,0.15469613259668508,0.0055248618784530384,0.016574585635359115,0.2430939226519337,0.5949367088607594,0.21875,0.125,0.0625,1,minasbate,low_resource
881,35,7,5.085714285714285,5.0,2.0285714285714285,6,0.0,0.42857142857142855,0.0,0.08571428571428572,0.2,0.08571428571428572,0.0,0.0,0.0,0.0,0.0,0.0,0.37142857142857144,0.30943830732741795,0.1575983138467363,0.31794438757646554,0.1503676310716179,0.3351156588307659,0.16047364572890718,0.8857142857142857,0.7428571428571429,0.14285714285714285,0.0,0.0,0.34285714285714286,0.26666666666666666,0.0,0.0,0.0,1,minasbate,low_resource
882,100,12,3.79,8.333333333333334,1.7,7,0.3333333333333333,0.44,0.0,0.18,0.07,0.12,0.0,0.0,0.01,0.0,0.0,0.0,0.16,0.3397468768196857,0.20867842317829646,0.3702098089110643,0.19092941230524887,0.341745819947003,0.23880045876325418,0.71,0.42,0.29,0.0,0.01,0.27,0.6590909090909091,0.0,0.4166666666666667,0.3333333333333333,1,minasbate,low_resource
883,150,22,4.133333333333334,6.818181818181818,1.78,20,0.09090909090909091,0.43333333333333335,0.0,0.21333333333333335,0.04666666666666667,0.09333333333333334,0.0,0.013333333333333334,0.02,0.0,0.0,0.0,0.28,0.360546434337112,0.17923071530030193,0.37037872377602277,0.15434715914683966,0.347727936929249,0.18240040021779108,0.7066666666666667,0.5333333333333333,0.17333333333333334,0.006666666666666667,0.02,0.2733333333333333,0.6,0.13636363636363635,0.0,0.09090909090909091,1,minasbate,low_resource
884,146,19,4.842465753424658,7.684210526315789,1.9726027397260273,38,0.42105263157894735,0.5,0.0,0.13013698630136986,0.0410958904109589,0.2054794520547945,0.0,0.0,0.0410958904109589,0.0136986301369863,0.0,0.0,0.3287671232876712,0.37488551331438486,0.24489089448623266,0.40094918702004273,0.24173025108256804,0.3796638538650245,0.2062950805797588,0.9452054794520548,0.7054794520547946,0.23972602739726026,0.0,0.0136986301369863,0.18493150684931506,0.6986301369863014,0.05263157894736842,0.3684210526315789,0.42105263157894735,1,minasbate,low_resource
885,420,51,4.257142857142857,8.235294117647058,1.8142857142857143,70,0.3137254901960784,0.3595238095238095,0.0,0.19523809523809524,0.07380952380952381,0.11666666666666667,0.0,0.004761904761904762,0.03571428571428571,0.0,0.0,0.0,0.24523809523809523,0.38885436477900887,0.2551837283988555,0.4290507624609457,0.24930863041622844,0.3925594373152233,0.23062844483611253,0.7142857142857143,0.5666666666666667,0.14761904761904762,0.0,0.016666666666666666,0.2761904761904762,0.6225165562913907,0.0,0.27450980392156865,0.3137254901960784,1,minasbate,low_resource
886,61,10,4.180327868852459,6.1,1.7868852459016393,15,0.1,0.5245901639344263,0.0,0.13114754098360656,0.19672131147540983,0.13114754098360656,0.0,0.0,0.0,0.0,0.0,0.0,0.19672131147540983,0.33444446840184267,0.20844267199434974,0.35249773100367066,0.20390962706615245,0.34305110246869863,0.2113003635437596,1.2295081967213115,0.9180327868852459,0.3114754098360656,0.0,0.0,0.3442622950819672,0.75,0.0,0.0,0.1,1,minasbate,low_resource
887,161,23,4.086956521739131,7.0,1.8074534161490683,18,0.7391304347826086,0.38509316770186336,0.0,0.16770186335403728,0.062111801242236024,0.09937888198757763,0.0,0.0,0.012422360248447204,0.006211180124223602,0.006211180124223602,0.0,0.16770186335403728,0.35187494213654824,0.24435415473800556,0.39205276335610034,0.20249261285166031,0.36972575355260195,0.19389252746223085,0.6894409937888198,0.515527950310559,0.17391304347826086,0.0,0.012422360248447204,0.20496894409937888,0.5161290322580645,0.21739130434782608,0.6521739130434783,0.7391304347826086,1,minasbate,low_resource
888,91,15,4.285714285714286,6.066666666666666,1.6043956043956045,11,0.0,0.24175824175824176,0.0,0.23076923076923078,0.0,0.23076923076923078,0.0,0.16483516483516483,0.02197802197802198,0.0,0.0,0.0,0.5384615384615384,0.20565794480808047,0.052896286177855655,0.23783581026071715,0.048075100480467,0.2416962942925906,0.034084294799626075,0.45054945054945056,0.26373626373626374,0.18681318681318682,0.0,0.0,0.23076923076923078,0.4090909090909091,0.0,0.0,0.0,1,minasbate,low_resource
889,114,11,4.0701754385964914,10.363636363636363,1.7456140350877194,17,0.09090909090909091,0.5,0.0,0.2631578947368421,0.008771929824561403,0.17543859649122806,0.0,0.0,0.03508771929824561,0.0,0.008771929824561403,0.0,0.2631578947368421,0.3694873373763388,0.2594225938212096,0.36779778905676463,0.24602450395700814,0.3299273673705202,0.2357542808429109,0.8771929824561403,0.6666666666666666,0.21052631578947367,0.0,0.03508771929824561,0.2719298245614035,0.7368421052631579,0.0,0.0,0.09090909090909091,1,minasbate,low_resource
890,243,20,4.559670781893004,12.15,1.897119341563786,50,0.75,0.42386831275720166,0.0,0.205761316872428,0.037037037037037035,0.09876543209876543,0.0,0.0,0.06172839506172839,0.0,0.0,0.0,0.32510288065843623,0.37498307491366784,0.27652783221473815,0.42020631696902144,0.2888691694003768,0.3746554781482045,0.20636376202734982,0.8600823045267489,0.7242798353909465,0.13580246913580246,0.0,0.06172839506172839,0.345679012345679,0.6893203883495146,0.1,0.25,0.75,1,minasbate,low_resource
891,76,11,4.2105263157894735,6.909090909090909,1.75,12,0.09090909090909091,0.4605263157894737,0.0,0.19736842105263158,0.02631578947368421,0.14473684210526316,0.0,0.0,0.05263157894736842,0.0,0.0,0.0,0.3157894736842105,0.3453129021533766,0.15637321372395555,0.3694873459983089,0.13911124039510725,0.34564221234431775,0.13086337923064176,0.8026315789473685,0.618421052631579,0.18421052631578946,0.0,0.039473684210526314,0.3026315789473684,0.5142857142857142,0.0,0.0,0.09090909090909091,1,minasbate,low_resource
892,205,31,4.121951219512195,6.612903225806452,1.8097560975609757,37,0.1935483870967742,0.4195121951219512,0.0,0.2780487804878049,0.03902439024390244,0.09268292682926829,0.0,0.0,0.014634146341463415,0.0,0.0,0.0,0.25365853658536586,0.3639645341974227,0.2784380790270017,0.39361101060315695,0.2382701599361339,0.36949294793913906,0.2300094175323111,0.6731707317073171,0.5463414634146342,0.12682926829268293,0.014634146341463415,0.0,0.3073170731707317,0.5930232558139535,0.12903225806451613,0.16129032258064516,0.1935483870967742,1,minasbate,low_resource
893,68,16,4.588235294117647,4.25,1.9411764705882353,16,0.0,0.6176470588235294,0.014705882352941176,0.23529411764705882,0.029411764705882353,0.04411764705882353,0.0,0.0,0.014705882352941176,0.0,0.0,0.0,0.36764705882352944,0.2854891095538932,0.12851645328859318,0.28280731139015247,0.11530830547125775,0.23670610860704688,0.09344924438591443,0.7941176470588236,0.6764705882352942,0.11764705882352941,0.0,0.014705882352941176,0.29411764705882354,0.6666666666666666,0.0,0.0,0.0,1,minasbate,low_resource
894,135,10,3.962962962962963,13.5,1.7185185185185186,19,0.1,0.4074074074074074,0.0,0.21481481481481482,0.08148148148148149,0.13333333333333333,0.0,0.0,0.022222222222222223,0.0,0.0,0.0,0.17037037037037037,0.35968760224204455,0.23567030695894536,0.38451025555236107,0.2056086847834002,0.3579643967310883,0.197170228858957,0.6518518518518519,0.5333333333333333,0.11851851851851852,0.0,0.0,0.2962962962962963,0.5636363636363636,0.0,0.0,0.1,1,minasbate,low_resource
895,183,20,4.377049180327869,9.15,1.8469945355191257,31,0.8,0.2786885245901639,0.0,0.17486338797814208,0.1092896174863388,0.09836065573770492,0.0,0.0,0.04371584699453552,0.0,0.0,0.0,0.26229508196721313,0.29114803795987554,0.19816058212666252,0.298775813671664,0.14855542573130393,0.3056277877521919,0.19495593321978738,0.7103825136612021,0.5683060109289617,0.14207650273224043,0.0,0.04371584699453552,0.3114754098360656,0.43137254901960786,0.25,0.0,0.8,1,minasbate,low_resource
896,222,34,4.252252252252252,6.529411764705882,1.8783783783783783,46,0.3235294117647059,0.33783783783783783,0.0,0.16666666666666666,0.05855855855855856,0.13063063063063063,0.0,0.0,0.02252252252252252,0.0045045045045045045,0.0,0.0,0.2072072072072072,0.3275039026812442,0.1852988780968101,0.3262341111678695,0.14932876856063354,0.314000702676943,0.17220069886858427,0.6216216216216216,0.4009009009009009,0.22072072072072071,0.0,0.0,0.21171171171171171,0.44,0.11764705882352941,0.5882352941176471,0.3235294117647059,1,minasbate,low_resource
897,107,19,4.261682242990654,5.631578947368421,1.841121495327103,20,0.10526315789473684,0.48598130841121495,0.0,0.1588785046728972,0.09345794392523364,0.09345794392523364,0.0,0.0,0.07476635514018691,0.0,0.0,0.0,0.308411214953271,0.3461253499347949,0.28212955453587,0.37084223263569216,0.22431588202651392,0.3328585643150774,0.24419256301080938,0.9439252336448598,0.6448598130841121,0.29906542056074764,0.009345794392523364,0.07476635514018691,0.3644859813084112,0.6923076923076923,0.0,0.2631578947368421,0.10526315789473684,1,minasbate,low_resource
898,35,7,4.542857142857143,5.0,1.8285714285714285,6,0.14285714285714285,0.6857142857142857,0.0,0.08571428571428572,0.0,0.11428571428571428,0.0,0.05714285714285714,0.0,0.0,0.0,0.0,0.11428571428571428,0.29774193179840547,0.17640125847597607,0.301316416891404,0.14125912345790193,0.2730574560047451,0.14745351694786507,1.3714285714285714,0.8857142857142857,0.4857142857142857,0.0,0.0,0.17142857142857143,0.6666666666666666,0.0,0.0,0.14285714285714285,1,minasbate,low_resource
899,57,9,4.245614035087719,6.333333333333333,1.8070175438596492,10,0.0,0.5964912280701754,0.0,0.15789473684210525,0.10526315789473684,0.14035087719298245,0.0,0.0,0.017543859649122806,0.0,0.0,0.0,0.19298245614035087,0.29835519618465584,0.10271902684465628,0.2846997271366291,0.06379941326720368,0.32455583068207255,0.11172616558685738,0.6842105263157894,0.49122807017543857,0.19298245614035087,0.017543859649122806,0.017543859649122806,0.3333333333333333,0.7058823529411765,0.0,0.0,0.0,1,minasbate,low_resource
900,86,12,3.883720930232558,7.166666666666667,1.7093023255813953,8,0.25,0.47674418604651164,0.0,0.12790697674418605,0.09302325581395349,0.10465116279069768,0.011627906976744186,0.05813953488372093,0.023255813953488372,0.0,0.0,0.0,0.26744186046511625,0.2899031595042523,0.165232012603993,0.3241105663085709,0.15792953892181977,0.2766212220284527,0.16918906571486322,0.6976744186046512,0.4418604651162791,0.2558139534883721,0.011627906976744186,0.023255813953488372,0.2441860465116279,0.6829268292682927,0.08333333333333333,0.9166666666666666,0.25,1,minasbate,low_resource
901,85,10,4.341176470588235,8.5,1.7529411764705882,15,0.0,0.4823529411764706,0.0,0.2235294117647059,0.011764705882352941,0.2235294117647059,0.0,0.0,0.011764705882352941,0.0,0.0,0.0,0.32941176470588235,0.327925938537651,0.23583933212818808,0.35536923035537177,0.23254760790854645,0.3322534228850581,0.20967148968546404,0.9058823529411765,0.7176470588235294,0.18823529411764706,0.0,0.011764705882352941,0.24705882352941178,0.7317073170731707,0.0,0.0,0.0,1,minasbate,low_resource
902,71,15,4.732394366197183,4.733333333333333,1.971830985915493,22,0.0,0.5070422535211268,0.0,0.11267605633802817,0.1267605633802817,0.08450704225352113,0.0,0.0,0.08450704225352113,0.014084507042253521,0.0,0.0,0.36619718309859156,0.32639865402792545,0.13722194056194892,0.3515287842178245,0.13697636823672085,0.33245117693413856,0.13646097359083137,1.0985915492957747,0.7183098591549296,0.38028169014084506,0.0,0.08450704225352113,0.38028169014084506,0.6111111111111112,0.4,0.0,0.0,1,minasbate,low_resource
903,118,12,4.1525423728813555,9.833333333333334,1.728813559322034,22,0.08333333333333333,0.3813559322033898,0.0,0.22033898305084745,0.0423728813559322,0.16101694915254236,0.00847457627118644,0.01694915254237288,0.0423728813559322,0.00847457627118644,0.0,0.0,0.2711864406779661,0.35540713339069274,0.30590186889000076,0.3509108387482321,0.21875157907033135,0.32407245104985605,0.2474187474971034,0.635593220338983,0.4406779661016949,0.19491525423728814,0.0,0.0423728813559322,0.3305084745762712,0.6444444444444445,0.0,0.0,0.08333333333333333,1,minasbate,low_resource
904,50,8,4.2,6.25,1.76,8,0.0,0.64,0.0,0.04,0.04,0.18,0.16,0.0,0.04,0.0,0.0,0.0,0.36,0.3928094278711742,0.3626694752096709,0.3936969416914408,0.3229207407008702,0.39496184251330424,0.33350810478931403,0.96,0.62,0.34,0.02,0.04,0.3,0.75,0.0,0.0,0.0,1,minasbate,low_resource
905,90,14,4.855555555555555,6.428571428571429,1.9555555555555555,24,0.42857142857142855,0.4111111111111111,0.0,0.12222222222222222,0.07777777777777778,0.12222222222222222,0.011111111111111112,0.0,0.03333333333333333,0.0,0.0,0.0,0.3111111111111111,0.3002847624234348,0.16957616592314753,0.3158780186386185,0.14100228475474708,0.32022856838303243,0.16849421493225014,0.9555555555555556,0.7444444444444445,0.2111111111111111,0.0,0.03333333333333333,0.25555555555555554,0.4594594594594595,0.0,0.0,0.42857142857142855,1,minasbate,low_resource
906,271,51,4.571955719557195,5.313725490196078,1.96309963099631,70,0.13725490196078433,0.4059040590405904,0.0,0.2140221402214022,0.04797047970479705,0.09225092250922509,0.01107011070110701,0.0,0.04059040590405904,0.0,0.0,0.0,0.28413284132841327,0.3652302431098443,0.2692883271262112,0.39686304979173714,0.2572782399508424,0.35717262029227004,0.23663786957317312,0.7416974169741697,0.6420664206642066,0.0996309963099631,0.0036900369003690036,0.03690036900369004,0.3173431734317343,0.7272727272727273,0.0,0.0,0.13725490196078433,1,minasbate,low_resource
907,62,12,5.0,5.166666666666667,2.129032258064516,20,0.16666666666666666,0.5967741935483871,0.0,0.06451612903225806,0.0,0.1935483870967742,0.0,0.016129032258064516,0.0,0.0,0.0,0.0,0.24193548387096775,0.28570802947577506,0.19174281451752256,0.2934301376953094,0.1920403626552169,0.254091553466727,0.15820548822584718,1.129032258064516,0.7741935483870968,0.3548387096774194,0.0,0.0,0.0967741935483871,0.7567567567567568,0.0,0.0,0.16666666666666666,1,minasbate,low_resource
908,145,13,5.110344827586207,11.153846153846153,2.0,48,1.6923076923076923,0.2896551724137931,0.0,0.12413793103448276,0.013793103448275862,0.18620689655172415,0.0,0.0,0.06896551724137931,0.0,0.0,0.0,0.3724137931034483,0.2640779907162909,0.12795933315338429,0.26879256738654156,0.11809464387132414,0.24285651467283764,0.07914949361730347,0.7931034482758621,0.6275862068965518,0.16551724137931034,0.0,0.06896551724137931,0.2206896551724138,0.5238095238095238,0.0,0.0,1.6923076923076923,1,minasbate,low_resource
909,291,41,4.501718213058419,7.097560975609756,1.8762886597938144,59,0.2682926829268293,0.44673539518900346,0.0,0.1718213058419244,0.061855670103092786,0.09278350515463918,0.0,0.003436426116838488,0.03436426116838488,0.0,0.0,0.0,0.29896907216494845,0.38004049340248564,0.2606146777261115,0.3846774729149915,0.22578808507750767,0.32846784271625434,0.21091042759761144,0.8831615120274914,0.7319587628865979,0.15120274914089346,0.003436426116838488,0.0,0.24742268041237114,0.676923076923077,0.14634146341463414,0.34146341463414637,0.2682926829268293,1,minasbate,low_resource
910,315,47,4.419047619047619,6.702127659574468,1.8444444444444446,60,0.19148936170212766,0.3968253968253968,0.0,0.1873015873015873,0.08253968253968254,0.11428571428571428,0.0,0.009523809523809525,0.025396825396825397,0.0,0.0,0.0,0.3047619047619048,0.40687062040723265,0.3184923677412347,0.41510982515937617,0.277241519629648,0.37732550368327905,0.2787218467911698,0.7968253968253969,0.6444444444444445,0.1523809523809524,0.006349206349206349,0.0031746031746031746,0.2857142857142857,0.648,0.06382978723404255,0.06382978723404255,0.19148936170212766,1,minasbate,low_resource
911,54,10,3.7037037037037037,5.4,1.5925925925925926,5,0.4,0.5925925925925926,0.0,0.16666666666666666,0.09259259259259259,0.12962962962962962,0.0,0.037037037037037035,0.07407407407407407,0.0,0.0,0.0,0.16666666666666666,0.35641954750361554,0.2686788457526349,0.37290477694923957,0.24414960264901306,0.3610641732263758,0.22169632263531808,0.7037037037037037,0.5370370370370371,0.16666666666666666,0.0,0.0,0.25925925925925924,0.6875,0.1,0.0,0.4,1,minasbate,low_resource
912,107,21,4.196261682242991,5.095238095238095,1.8130841121495327,20,0.19047619047619047,0.40186915887850466,0.0,0.2336448598130841,0.037383177570093455,0.12149532710280374,0.0,0.0,0.0,0.0,0.0,0.0,0.19626168224299065,0.2981677716932665,0.17396547865985185,0.3060998006212073,0.18624179812585,0.2937876439672037,0.16917279242217623,0.822429906542056,0.6822429906542056,0.14018691588785046,0.0,0.0,0.2803738317757009,0.4418604651162791,0.0,0.0,0.19047619047619047,1,minasbate,low_resource
913,122,9,4.401639344262295,13.555555555555555,1.7950819672131149,31,0.3333333333333333,0.4262295081967213,0.0,0.1885245901639344,0.04918032786885246,0.1721311475409836,0.0,0.05737704918032787,0.040983606557377046,0.0,0.0,0.0,0.3360655737704918,0.32335740434917176,0.219454526723475,0.37302076465348105,0.2593187276144431,0.3284753363076184,0.20020738013901582,0.8442622950819672,0.6065573770491803,0.23770491803278687,0.00819672131147541,0.040983606557377046,0.29508196721311475,0.5961538461538461,0.0,0.2222222222222222,0.3333333333333333,1,minasbate,low_resource
914,207,35,4.120772946859903,5.914285714285715,1.7971014492753623,25,0.14285714285714285,0.40096618357487923,0.0,0.17391304347826086,0.0966183574879227,0.05314009661835749,0.0,0.004830917874396135,0.01932367149758454,0.0,0.0,0.0,0.26570048309178745,0.3769956333686052,0.24734164231135722,0.37642369557231053,0.21373349816495474,0.34240082945337075,0.24152615841537894,0.6521739130434783,0.5120772946859904,0.14009661835748793,0.0,0.01932367149758454,0.30917874396135264,0.5542168674698795,0.14285714285714285,0.5714285714285714,0.14285714285714285,1,minasbate,low_resource
915,16,3,5.9375,5.333333333333333,2.5625,6,0.0,0.6875,0.0,0.125,0.125,0.0,0.0,0.0,0.0,0.0,0.0,0.0,0.25,0.3229605185025437,0.15947885348075613,0.3227936996627615,0.17093631827910305,0.3028709459067458,0.09905414439920568,1.3125,1.0,0.3125,0.0,0.0,0.3125,0.5454545454545454,0.0,0.0,0.0,1,minasbate,low_resource
916,108,17,4.185185185185185,6.352941176470588,1.8055555555555556,15,0.058823529411764705,0.5277777777777778,0.0,0.1574074074074074,0.037037037037037035,0.1388888888888889,0.027777777777777776,0.0,0.027777777777777776,0.0,0.0,0.0,0.21296296296296297,0.37506663058058703,0.28545476801624103,0.37269127325384216,0.22038471616889796,0.3831743272676325,0.25732778042887106,0.8425925925925926,0.6018518518518519,0.24074074074074073,0.0,0.0,0.17592592592592593,0.5964912280701754,0.0,0.5882352941176471,0.058823529411764705,1,minasbate,low_resource
917,314,39,4.423566878980892,8.051282051282051,1.9171974522292994,78,0.20512820512820512,0.3375796178343949,0.0,0.1910828025477707,0.07006369426751592,0.08598726114649681,0.0,0.0031847133757961785,0.04777070063694268,0.0031847133757961785,0.0,0.0,0.20063694267515925,0.34719582455511516,0.21548943870628698,0.37547771961488113,0.20063932747507676,0.361749705818516,0.1680461869225996,0.732484076433121,0.6369426751592356,0.09554140127388536,0.0,0.0,0.267515923566879,0.6415094339622641,0.10256410256410256,0.15384615384615385,0.20512820512820512,1,minasbate,low_resource
918,94,13,4.351063829787234,7.230769230769231,1.8191489361702127,25,0.3076923076923077,0.23404255319148937,0.0,0.13829787234042554,0.02127659574468085,0.19148936170212766,0.0,0.0,0.10638297872340426,0.0,0.0,0.0,0.2127659574468085,0.2856407459115782,0.16322049079976406,0.27236879837390543,0.14571952531068905,0.27483691637147595,0.16219759031841985,0.6595744680851063,0.46808510638297873,0.19148936170212766,0.0,0.10638297872340426,0.26595744680851063,0.13636363636363635,0.0,0.0,0.3076923076923077,1,minasbate,low_resource
919,39,6,3.7948717948717947,6.5,1.641025641025641,2,0.0,0.6153846153846154,0.0,0.23076923076923078,0.0,0.10256410256410256,0.0,0.0,0.02564102564102564,0.0,0.0,0.0,0.3076923076923077,0.20875138652518713,0.05134811174748585,0.21427962820305124,0.07530815547670419,0.21767602654179527,0.042923085765840724,0.41025641025641024,0.28205128205128205,0.1282051282051282,0.0,0.02564102564102564,0.3333333333333333,0.7083333333333334,0.16666666666666666,0.0,0.0,1,minasbate,low_resource
920,136,22,3.9411764705882355,6.181818181818182,1.7647058823529411,26,0.36363636363636365,0.4411764705882353,0.0,0.25,0.0661764705882353,0.09558823529411764,0.0,0.0,0.029411764705882353,0.0,0.0,0.0,0.16176470588235295,0.3013150453532139,0.1280851024356906,0.3293977547115321,0.14533337983369832,0.32332333484038495,0.15384288900517057,0.5955882352941176,0.5147058823529411,0.08088235294117647,0.007352941176470588,0.0,0.3088235294117647,0.6,0.22727272727272727,0.45454545454545453,0.36363636363636365,1,minasbate,low_resource
921,425,49,4.101176470588236,8.673469387755102,1.7529411764705882,68,0.5510204081632653,0.4023529411764706,0.0,0.19058823529411764,0.047058823529411764,0.10588235294117647,0.007058823529411765,0.01647058823529412,0.04,0.007058823529411765,0.0,0.0,0.2235294117647059,0.383382228481,0.2781506163812561,0.4000256536796191,0.27290369581745466,0.3679998687045865,0.24274691105243368,0.6847058823529413,0.5270588235294118,0.15764705882352942,0.0,0.02823529411764706,0.2564705882352941,0.6608187134502924,0.04081632653061224,0.6326530612244898,0.5510204081632653,1,minasbate,low_resource
922,67,17,5.059701492537314,3.9411764705882355,2.208955223880597,22,0.0,0.40298507462686567,0.0,0.04477611940298507,0.23880597014925373,0.08955223880597014,0.0,0.0,0.0,0.0,0.0,0.0,0.11940298507462686,0.29018344276418256,0.1668285654653799,0.30866671737362117,0.1744681262801533,0.2926298953913802,0.1499833213720705,1.0149253731343284,0.8955223880597015,0.11940298507462686,0.0,0.0,0.2835820895522388,0.7777777777777778,0.0,0.0,0.0,1,minasbate,low_resource
923,78,12,4.089743589743589,6.5,1.705128205128205,7,0.0,0.2948717948717949,0.0,0.0,0.07692307692307693,0.15384615384615385,0.0,0.0,0.01282051282051282,0.038461538461538464,0.0,0.0,0.20512820512820512,0.22792156642846823,0.06371749339727713,0.2467116008609149,0.12951848056396031,0.22445999730052724,0.0553234719180552,0.7051282051282052,0.46153846153846156,0.24358974358974358,0.0,0.01282051282051282,0.15384615384615385,0.4782608695652174,0.5833333333333334,0.0,0.0,1,minasbate,low_resource
924,184,34,3.9347826086956523,5.411764705882353,1.798913043478261,28,0.20588235294117646,0.3967391304347826,0.0,0.2391304347826087,0.03804347826086957,0.10326086956521739,0.0,0.005434782608695652,0.05434782608695652,0.005434782608695652,0.0,0.0,0.11413043478260869,0.389993970345671,0.2849653763327805,0.3685137397996771,0.24264487831944795,0.35516561251390744,0.21930474830220617,0.6956521739130435,0.5543478260869565,0.14130434782608695,0.0,0.016304347826086956,0.30434782608695654,0.6027397260273972,0.11764705882352941,0.5588235294117647,0.20588235294117646,1,minasbate,low_resource
925,163,34,4.619631901840491,4.794117647058823,1.950920245398773,35,0.14705882352941177,0.5214723926380368,0.0,0.17177914110429449,0.06748466257668712,0.08588957055214724,0.0,0.0,0.024539877300613498,0.0,0.0,0.0,0.27607361963190186,0.37491611579353346,0.2568661069826027,0.4030925177665129,0.27426236384873404,0.3571875577574674,0.215488441951153,0.9202453987730062,0.6319018404907976,0.2883435582822086,0.024539877300613498,0.0,0.2331288343558282,0.6705882352941176,0.029411764705882353,0.029411764705882353,0.14705882352941177,1,minasbate,low_resource
926,67,13,4.149253731343284,5.153846153846154,1.835820895522388,13,0.0,0.47761194029850745,0.0,0.11940298507462686,0.11940298507462686,0.13432835820895522,0.0,0.0,0.029850746268656716,0.0,0.0,0.0,0.16417910447761194,0.32789836697534647,0.16535544665558857,0.3103472342836114,0.18708018554695757,0.33563912285297604,0.1682682889744604,0.8656716417910448,0.5522388059701493,0.31343283582089554,0.0,0.029850746268656716,0.29850746268656714,0.4375,0.38461538461538464,0.0,0.0,1,minasbate,low_resource
927,94,9,3.9680851063829787,10.444444444444445,1.648936170212766,11,0.1111111111111111,0.39361702127659576,0.02127659574468085,0.22340425531914893,0.02127659574468085,0.19148936170212766,0.0,0.0,0.010638297872340425,0.0,0.0,0.0,0.24468085106382978,0.2813407081109588,0.09395579236842527,0.2986763017297972,0.086231616024562,0.2913247395538292,0.11271484193756424,0.7340425531914894,0.4787234042553192,0.2553191489361702,0.010638297872340425,0.010638297872340425,0.26595744680851063,0.4864864864864865,0.2222222222222222,0.0,0.1111111111111111,1,minasbate,low_resource
928,205,39,5.0634146341463415,5.256410256410256,2.0878048780487806,69,0.1282051282051282,0.43902439024390244,0.0,0.15609756097560976,0.04390243902439024,0.08780487804878048,0.0,0.00975609756097561,0.05365853658536585,0.0,0.0,0.0,0.3463414634146341,0.37392722868727785,0.24650344426307175,0.3686090867602403,0.24117899118471997,0.3613033972533311,0.21166615085392332,1.1121951219512196,0.9121951219512195,0.2,0.0,0.01951219512195122,0.22439024390243903,0.6111111111111112,0.02564102564102564,0.15384615384615385,0.1282051282051282,1,minasbate,low_resource
929,34,8,4.617647058823529,4.25,2.088235294117647,8,0.0,0.38235294117647056,0.0,0.0,0.0,0.35294117647058826,0.0,0.0,0.0,0.0,0.0,0.0,0.029411764705882353,0.15223854551361196,0.05537567887228236,0.1441791172778883,0.05365468903405193,0.13912919774963792,0.027396674225006117,1.5,1.2647058823529411,0.23529411764705882,0.0,0.0,0.23529411764705882,0.7692307692307693,0.0,0.0,0.0,1,minasbate,low_resource
930,24,1,3.9583333333333335,24.0,1.8333333333333333,3,0.0,0.7083333333333334,0.0,0.3333333333333333,0.0,0.0,0.0,0.0,0.0,0.0,0.0,0.0,0.125,0.27631846571969354,0.16814736859585896,0.2689558359432008,0.176739634948407,0.25339411085025537,0.158176406472704,0.41666666666666663,0.3333333333333333,0.08333333333333333,0.0,0.0,0.3333333333333333,0.9411764705882353,0.0,0.0,0.0,1,minasbate,low_resource
931,52,9,3.9038461538461537,5.777777777777778,1.6153846153846154,5,0.0,0.36538461538461536,0.0,0.15384615384615385,0.15384615384615385,0.21153846153846154,0.0,0.0,0.0,0.0,0.0,0.0,0.11538461538461539,0.26523034804666307,0.08063569312165804,0.24041575909562304,0.06795278895228599,0.25090228533226816,0.07032089399303461,0.8461538461538461,0.7307692307692307,0.11538461538461539,0.0,0.0,0.3076923076923077,0.5263157894736842,0.0,0.0,0.0,1,minasbate,low_resource
932,73,11,3.6164383561643834,6.636363636363637,1.7534246575342465,8,0.8181818181818182,0.4794520547945205,0.0,0.273972602739726,0.0273972602739726,0.0821917808219178,0.0,0.0,0.0,0.0,0.0,0.0,0.0547945205479452,0.2999643460058472,0.1697716783948555,0.27676412940598366,0.16139448242052545,0.2734311870967133,0.14218752850797559,0.7808219178082192,0.6438356164383562,0.136986301369863,0.0,0.0,0.3287671232876712,0.4857142857142857,0.18181818181818182,0.8181818181818182,0.8181818181818182,1,minasbate,low_resource
933,37,9,4.0,4.111111111111111,1.7837837837837838,12,0.0,0.43243243243243246,0.0,0.4864864864864865,0.02702702702702703,0.02702702702702703,0.0,0.0,0.0,0.02702702702702703,0.0,0.0,0.24324324324324326,0.27580639057485923,0.12434103906540812,0.2855179671412768,0.10754593751688919,0.2448352757585461,0.12359770429458707,1.3243243243243243,1.0810810810810811,0.24324324324324326,0.32432432432432434,0.0,0.5135135135135135,0.625,0.0,0.0,0.0,1,minasbate,low_resource
934,139,27,3.906474820143885,5.148148148148148,1.7410071942446044,16,0.5555555555555556,0.4676258992805755,0.0,0.23741007194244604,0.02877697841726619,0.07194244604316546,0.0,0.0,0.02877697841726619,0.0,0.0,0.0,0.18705035971223022,0.3416405573451631,0.1615005751026229,0.3259678212757352,0.1515261333435368,0.3254464414436702,0.16127288197287848,0.5827338129496403,0.45323741007194246,0.12949640287769784,0.0,0.02877697841726619,0.30935251798561153,0.6615384615384615,0.037037037037037035,0.8518518518518519,0.5555555555555556,1,minasbate,low_resource
935,111,18,3.990990990990991,6.166666666666667,1.8108108108108107,23,0.5,0.4144144144144144,0.0,0.22522522522522523,0.07207207207207207,0.0990990990990991,0.0,0.0,0.018018018018018018,0.0,0.0,0.0,0.1981981981981982,0.3463981137720244,0.20294859503214582,0.37058716734859115,0.1972606832310007,0.3574048299884479,0.2045538034526418,0.918918918918919,0.6936936936936937,0.22522522522522523,0.0,0.018018018018018018,0.34234234234234234,0.41304347826086957,0.1111111111111111,0.0,0.5,1,minasbate,low_resource
936,114,22,4.0701754385964914,5.181818181818182,1.8333333333333333,12,0.0,0.37719298245614036,0.0,0.18421052631578946,0.12280701754385964,0.02631578947368421,0.008771929824561403,0.008771929824561403,0.017543859649122806,0.0,0.0,0.0,0.10526315789473684,0.3021356868091487,0.1971131629353313,0.25437174354603886,0.14838588838954608,0.2935173472687004,0.1791371514756611,0.5614035087719298,0.4473684210526316,0.11403508771929824,0.0,0.017543859649122806,0.30701754385964913,0.6046511627906976,0.18181818181818182,0.0,0.0,1,minasbate,low_resource
937,192,12,4.114583333333333,16.0,1.84375,26,0.0,0.3958333333333333,0.0,0.17708333333333334,0.005208333333333333,0.171875,0.0,0.005208333333333333,0.005208333333333333,0.0,0.0,0.0,0.09375,0.3267355106206302,0.1988291290093799,0.3294191915230018,0.1693162544086152,0.31320979149831246,0.18460460086324332,0.7604166666666666,0.53125,0.22916666666666666,0.0,0.005208333333333333,0.1875,0.7368421052631579,0.0,0.0,0.0,1,minasbate,low_resource
938,71,10,3.943661971830986,7.1,1.7183098591549295,9,0.7,0.43661971830985913,0.0,0.08450704225352113,0.09859154929577464,0.15492957746478872,0.0,0.0,0.07042253521126761,0.0,0.0,0.0,0.16901408450704225,0.3044942255582518,0.1894722616344846,0.2968734606172894,0.14854340769328742,0.32039780289377084,0.20464771003898022,0.5352112676056338,0.4507042253521127,0.08450704225352113,0.0,0.07042253521126761,0.2535211267605634,0.6451612903225806,0.1,0.0,0.7,1,minasbate,low_resource
939,29,10,3.6206896551724137,2.9,1.6206896551724137,0,0.0,0.2413793103448276,0.0,0.3448275862068966,0.0,0.0,0.0,0.0,0.034482758620689655,0.0,0.0,0.0,0.06896551724137931,0.08779156893944243,0.03778916432445122,0.09033210547866637,0.017796489130806444,0.08815356954813305,0.02444119962471466,0.4482758620689655,0.3103448275862069,0.13793103448275862,0.0,0.034482758620689655,0.3793103448275862,0.42857142857142855,0.0,0.0,0.0,1,minasbate,low_resource
940,143,10,4.4475524475524475,14.3,1.7692307692307692,21,0.2,0.4825174825174825,0.0,0.13286713286713286,0.04895104895104895,0.16783216783216784,0.03496503496503497,0.006993006993006993,0.006993006993006993,0.006993006993006993,0.0,0.0,0.2727272727272727,0.34818046893919574,0.3059113640117545,0.36223261425503334,0.27574588792625443,0.34790560984079816,0.22727845447355646,1.055944055944056,0.7762237762237763,0.27972027972027974,0.0,0.0,0.23076923076923078,0.6666666666666666,0.0,0.0,0.2,1,minasbate,low_resource
941,83,14,4.265060240963855,5.928571428571429,1.8674698795180722,17,0.21428571428571427,0.40963855421686746,0.012048192771084338,0.14457831325301204,0.0963855421686747,0.07228915662650602,0.0,0.0,0.0,0.0,0.0,0.0,0.12048192771084337,0.3085183720450831,0.18782313079409269,0.3389496325352008,0.21276123790076806,0.3238508541559112,0.1787736878560993,0.927710843373494,0.6265060240963856,0.30120481927710846,0.0,0.0,0.2891566265060241,0.5294117647058824,0.0,0.0,0.21428571428571427,1,minasbate,low_resource
942,139,31,4.100719424460432,4.483870967741935,1.7410071942446044,22,0.2903225806451613,0.302158273381295,0.0,0.28776978417266186,0.007194244604316547,0.10071942446043165,0.0,0.02158273381294964,0.0,0.0,0.0,0.0,0.12949640287769784,0.3542690156678952,0.19644101157699265,0.36145525567328973,0.18200035543092974,0.3828474346826695,0.1587942332354235,0.683453237410072,0.5467625899280576,0.1366906474820144,0.0,0.0,0.2805755395683453,0.40476190476190477,0.0967741935483871,0.5161290322580645,0.2903225806451613,1,minasbate,low_resource
943,94,19,4.617021276595745,4.947368421052632,1.9148936170212767,23,0.3684210526315789,0.3617021276595745,0.0,0.031914893617021274,0.1595744680851064,0.1276595744680851,0.0,0.0,0.010638297872340425,0.0,0.0,0.0,0.30851063829787234,0.26125280208319185,0.12453532203667766,0.2587175336835227,0.09697078560292306,0.26466449956381094,0.08907420620486246,1.1595744680851063,1.0,0.1595744680851064,0.0,0.010638297872340425,0.3617021276595745,0.7352941176470589,0.0,0.0,0.3684210526315789,1,minasbate,low_resource
944,71,20,4.661971830985915,3.55,2.056338028169014,17,0.0,0.36619718309859156,0.0,0.07042253521126761,0.15492957746478872,0.056338028169014086,0.0,0.0,0.0,0.0,0.0,0.0,0.11267605633802817,0.33796453568095713,0.167276451995608,0.3600791189239992,0.15605009014850219,0.3177669691917288,0.11884525911821862,1.3380281690140845,1.0845070422535212,0.2535211267605634,0.0,0.0,0.36619718309859156,0.4230769230769231,0.4,0.0,0.0,1,minasbate,low_resource
945,52,8,5.653846153846154,6.5,2.480769230769231,19,1.125,0.5192307692307693,0.0,0.057692307692307696,0.1346153846153846,0.0,0.0,0.0,0.0,0.0,0.0,0.0,0.25,0.32204501642792477,0.24025986852877612,0.31695363936660864,0.23367224697287167,0.30789482919637823,0.23431535086012031,1.2115384615384615,1.0769230769230769,0.1346153846153846,0.0,0.0,0.34615384615384615,0.6296296296296297,0.0,0.0,1.125,1,minasbate,low_resource
946,206,13,4.179611650485437,15.846153846153847,1.7912621359223302,35,1.6923076923076923,0.4223300970873786,0.0,0.1553398058252427,0.06310679611650485,0.15048543689320387,0.0,0.0,0.019417475728155338,0.0,0.0,0.0,0.19902912621359223,0.3818761386329214,0.24312801031742903,0.4096762072019477,0.19455270421531876,0.37259661495424223,0.20429411407879516,0.6893203883495146,0.529126213592233,0.16019417475728157,0.0,0.019417475728155338,0.23786407766990292,0.4827586206896552,0.07692307692307693,0.6153846153846154,1.6923076923076923,1,minasbate,low_resource
947,274,45,4.5510948905109485,6.088888888888889,1.927007299270073,53,0.17777777777777778,0.3905109489051095,0.0,0.13138686131386862,0.072992700729927,0.09124087591240876,0.0,0.0036496350364963502,0.08029197080291971,0.0,0.0,0.0,0.2846715328467153,0.3938766178512702,0.2865950986912554,0.40349706406706964,0.24739232973194383,0.3874232368124452,0.2558890843139078,0.8467153284671532,0.6970802919708029,0.14963503649635038,0.0036496350364963502,0.01824817518248175,0.24087591240875914,0.5887850467289719,0.2,0.0,0.17777777777777778,1,minasbate,low_resource
948,113,23,4.1946902654867255,4.913043478260869,1.8141592920353982,25,0.08695652173913043,0.5486725663716814,0.0,0.1592920353982301,0.07964601769911504,0.1504424778761062,0.017699115044247787,0.0,0.008849557522123894,0.0,0.0,0.0,0.1415929203539823,0.3653427699159105,0.24335682337214365,0.38319749587175966,0.22073862821549395,0.3686526694777427,0.19427650930748172,0.7433628318584071,0.5132743362831859,0.23008849557522124,0.0,0.008849557522123894,0.23008849557522124,0.6935483870967742,0.2608695652173913,0.7391304347826086,0.08695652173913043,1,minasbate,low_resource
949,65,7,4.153846153846154,9.285714285714286,1.6307692307692307,12,0.0,0.4153846153846154,0.0,0.27692307692307694,0.015384615384615385,0.16923076923076924,0.0,0.0,0.015384615384615385,0.015384615384615385,0.0,0.0,0.35384615384615387,0.287776630052944,0.13245840339826837,0.29500682332496186,0.11133811570966923,0.26935248917349797,0.11261210459847733,0.5538461538461539,0.36923076923076925,0.18461538461538463,0.0,0.015384615384615385,0.3076923076923077,0.6666666666666666,0.0,0.0,0.0,1,minasbate,low_resource
950,195,6,4.138461538461539,32.5,1.6256410256410256,18,2.3333333333333335,0.24102564102564103,0.0,0.15897435897435896,0.046153846153846156,0.2512820512820513,0.0,0.0,0.020512820512820513,0.0,0.0,0.0,0.2358974358974359,0.2476507914134294,0.12354015007547327,0.24142226487911397,0.12401574724289936,0.21569601184448298,0.09879107532633329,0.8564102564102565,0.717948717948718,0.13846153846153847,0.0,0.005128205128205128,0.2,0.48936170212765956,0.0,0.0,2.3333333333333335,1,minasbate,low_resource
951,74,10,4.216216216216216,7.4,1.7702702702702702,11,0.0,0.4864864864864865,0.0,0.1891891891891892,0.06756756756756757,0.10810810810810811,0.0,0.0,0.013513513513513514,0.0,0.0,0.0,0.21621621621621623,0.31442876307486267,0.1184126171543385,0.32940736718429237,0.14981543992563157,0.29151973392693054,0.1193589136928332,0.7432432432432432,0.6756756756756757,0.06756756756756757,0.0,0.0,0.25675675675675674,0.7222222222222222,0.1,0.0,0.0,1,minasbate,low_resource
952,39,7,4.871794871794871,5.571428571428571,2.1538461538461537,10,0.7142857142857143,0.48717948717948717,0.0,0.23076923076923078,0.0,0.1794871794871795,0.0,0.0,0.02564102564102564,0.0,0.0,0.0,0.1282051282051282,0.246786765512127,0.1037881221105989,0.24884755941128728,0.06261842720489813,0.2346712787268844,0.08006381875470309,1.1282051282051282,0.8461538461538461,0.28205128205128205,0.0,0.02564102564102564,0.2564102564102564,0.5263157894736842,0.0,0.0,0.7142857142857143,1,minasbate,low_resource
953,99,9,4.363636363636363,11.0,1.6868686868686869,19,0.7777777777777778,0.36363636363636365,0.0,0.23232323232323232,0.0,0.16161616161616163,0.0,0.09090909090909091,0.020202020202020204,0.0,0.0,0.0,0.47474747474747475,0.30272761532102865,0.16058934390250115,0.31022509638708373,0.1686239390450703,0.28343904467202774,0.15247457854027335,0.9797979797979798,0.7777777777777778,0.20202020202020202,0.0,0.020202020202020204,0.25252525252525254,0.6388888888888888,0.0,0.0,0.7777777777777778,1,minasbate,low_resource
954,147,19,4.1020408163265305,7.7368421052631575,1.816326530612245,26,0.10526315789473684,0.29931972789115646,0.0,0.19047619047619047,0.10884353741496598,0.14285714285714285,0.013605442176870748,0.0,0.0,0.0,0.0,0.0,0.23129251700680273,0.32817448117028536,0.24371773679454056,0.3384307657714416,0.20161528918710273,0.33792134598779144,0.2427220444002079,0.673469387755102,0.5034013605442177,0.17006802721088435,0.0,0.0,0.30612244897959184,0.5,0.0,0.21052631578947367,0.10526315789473684,1,minasbate,low_resource
955,122,24,4.098360655737705,5.083333333333333,1.8032786885245902,20,0.4166666666666667,0.4262295081967213,0.0,0.09836065573770492,0.03278688524590164,0.1885245901639344,0.0,0.0,0.040983606557377046,0.0,0.0,0.0,0.1557377049180328,0.3631237725470647,0.2110503351724137,0.3536541261600754,0.19864795004544303,0.3782423651923407,0.2375598189225144,0.7622950819672131,0.47540983606557374,0.28688524590163933,0.00819672131147541,0.040983606557377046,0.19672131147540983,0.5192307692307693,0.0,0.9166666666666666,0.4166666666666667,1,minasbate,low_resource
956,166,24,4.054216867469879,6.916666666666667,1.7108433734939759,29,0.2916666666666667,0.42771084337349397,0.0,0.21084337349397592,0.060240963855421686,0.1144578313253012,0.0,0.006024096385542169,0.08433734939759036,0.0,0.0,0.0,0.25903614457831325,0.3571333513793108,0.250408348227022,0.3495408926488925,0.1610428349176762,0.3522643448731724,0.23744174372056576,0.6265060240963856,0.4939759036144578,0.13253012048192772,0.006024096385542169,0.03614457831325301,0.27710843373493976,0.6197183098591549,0.0,0.4583333333333333,0.2916666666666667,1,minasbate,low_resource
957,39,8,4.461538461538462,4.875,1.9230769230769231,8,0.0,0.7692307692307693,0.0,0.23076923076923078,0.0,0.07692307692307693,0.02564102564102564,0.0,0.0,0.0,0.0,0.0,0.20512820512820512,0.2631858792527435,0.13870959455215925,0.2695977661976022,0.1181586926725009,0.23704251461452322,0.12866507460829693,0.7692307692307693,0.5897435897435898,0.1794871794871795,0.0,0.0,0.2564102564102564,0.8666666666666667,0.0,0.0,0.0,1,minasbate,low_resource
958,182,32,4.153846153846154,5.6875,1.7967032967032968,22,0.03125,0.3241758241758242,0.0,0.13736263736263737,0.1043956043956044,0.1043956043956044,0.0,0.0,0.06043956043956044,0.0,0.0,0.0,0.1978021978021978,0.32735017500585223,0.24883683485915306,0.3430639970906513,0.1828349613923901,0.34463987728363743,0.2309110038109905,0.7307692307692308,0.521978021978022,0.2087912087912088,0.005494505494505495,0.06043956043956044,0.2857142857142857,0.5254237288135594,0.28125,0.0,0.03125,1,minasbate,low_resource
959,376,85,4.2686170212765955,4.423529411764706,1.851063829787234,53,0.25882352941176473,0.38563829787234044,0.0,0.14095744680851063,0.047872340425531915,0.11702127659574468,0.0,0.005319148936170213,0.02925531914893617,0.0,0.0,0.0,0.22606382978723405,0.39170499514885326,0.3166768457671749,0.3872519855629762,0.2526262746500283,0.37450192013326133,0.2577032061530327,0.8164893617021277,0.6622340425531915,0.15425531914893617,0.0,0.02127659574468085,0.2154255319148936,0.6,0.058823529411764705,0.3176470588235294,0.25882352941176473,1,minasbate,low_resource
960,67,10,4.552238805970149,6.7,1.8507462686567164,14,0.0,0.5373134328358209,0.0,0.2537313432835821,0.08955223880597014,0.11940298507462686,0.0,0.0,0.014925373134328358,0.0,0.0,0.0,0.2537313432835821,0.3754645547215968,0.30519608547624494,0.39655490022412954,0.30193651668592114,0.3934765337884658,0.25745144548156007,0.8805970149253731,0.6567164179104478,0.22388059701492538,0.029850746268656716,0.014925373134328358,0.3582089552238806,0.7222222222222222,0.0,0.2,0.0,1,minasbate,low_resource
961,92,11,3.8369565217391304,8.363636363636363,1.641304347826087,13,0.36363636363636365,0.41304347826086957,0.0,0.2717391304347826,0.06521739130434782,0.08695652173913043,0.0,0.0,0.043478260869565216,0.0,0.0,0.0,0.22826086956521738,0.3441139067757864,0.30091581823400726,0.38533589988106925,0.23103375735240306,0.37775078086628533,0.24405206318544964,0.8369565217391304,0.6413043478260869,0.1956521739130435,0.010869565217391304,0.043478260869565216,0.391304347826087,0.5263157894736842,0.09090909090909091,0.0,0.36363636363636365,1,minasbate,low_resource
962,88,19,4.2727272727272725,4.631578947368421,1.7045454545454546,15,0.3157894736842105,0.4772727272727273,0.0,0.22727272727272727,0.0,0.11363636363636363,0.0,0.0,0.07954545454545454,0.0,0.0,0.0,0.3522727272727273,0.2868813624538777,0.1946122246766071,0.3021490854808484,0.1458578941277267,0.3141731010556182,0.18128628090095625,0.5568181818181818,0.38636363636363635,0.17045454545454544,0.0,0.056818181818181816,0.19318181818181818,0.6428571428571429,0.05263157894736842,0.631578947368421,0.3157894736842105,1,minasbate,low_resource
963,223,59,4.260089686098655,3.7796610169491527,1.641255605381166,34,0.0,0.30493273542600896,0.0,0.14798206278026907,0.06726457399103139,0.08520179372197309,0.0,0.0,0.04932735426008968,0.08071748878923767,0.0,0.0,0.3901345291479821,0.2670809515665365,0.1686649159064159,0.28497466707856595,0.18868509236169803,0.27613045537860625,0.14396328014470217,0.757847533632287,0.6502242152466368,0.10762331838565023,0.02242152466367713,0.008968609865470852,0.2600896860986547,0.45588235294117646,0.0,0.5423728813559322,0.0,1,minasbate,low_resource
964,72,10,4.527777777777778,7.2,2.0,21,0.1,0.4444444444444444,0.0,0.2222222222222222,0.027777777777777776,0.1388888888888889,0.0,0.0,0.027777777777777776,0.0,0.0,0.0,0.2361111111111111,0.25962246434739783,0.1860684701266789,0.2910615724030457,0.21971689295284116,0.23782891844429907,0.1371064183129427,0.7222222222222222,0.625,0.09722222222222222,0.013888888888888888,0.027777777777777776,0.3055555555555556,0.5625,0.0,0.0,0.1,1,minasbate,low_resource
965,276,37,5.119565217391305,7.45945945945946,2.1557971014492754,83,0.35135135135135137,0.20652173913043478,0.0,0.11956521739130435,0.08333333333333333,0.11594202898550725,0.0,0.0,0.0036231884057971015,0.0,0.0,0.0,0.31521739130434784,0.37285003660751453,0.29597024403765,0.3905518490707005,0.27727143294219336,0.34055207887766936,0.2773548496944085,1.184782608695652,0.9130434782608695,0.2717391304347826,0.010869565217391304,0.0036231884057971015,0.33695652173913043,0.42105263157894735,0.0,0.0,0.35135135135135137,1,minasbate,low_resource
966,41,9,4.560975609756097,4.555555555555555,1.829268292682927,9,0.0,0.5121951219512195,0.0,0.1951219512195122,0.024390243902439025,0.17073170731707318,0.0,0.0975609756097561,0.0,0.0,0.0,0.0,0.2926829268292683,0.2956067994109313,0.1650804160682262,0.31905171838283614,0.17703415129614625,0.25949909680345556,0.11076295313627463,0.8780487804878049,0.6585365853658537,0.21951219512195122,0.0,0.0,0.2682926829268293,0.5714285714285714,0.0,0.0,0.0,1,minasbate,low_resource
967,115,22,4.078260869565217,5.2272727272727275,1.8608695652173912,18,0.0,0.34782608695652173,0.0,0.1391304347826087,0.10434782608695652,0.02608695652173913,0.0,0.0,0.02608695652173913,0.0,0.0,0.0,0.20869565217391303,0.32528854290871406,0.24745635240187724,0.31299766721101624,0.2289423525583583,0.31356055657556337,0.17859287533982113,0.7565217391304347,0.6956521739130435,0.06086956521739131,0.0,0.02608695652173913,0.4,0.475,0.0,0.0,0.0,1,minasbate,low_resource
968,85,11,4.070588235294117,7.7272727272727275,1.7294117647058824,10,0.09090909090909091,0.4470588235294118,0.0,0.17647058823529413,0.011764705882352941,0.2,0.0,0.0,0.023529411764705882,0.0,0.0,0.0,0.2823529411764706,0.3388434126698461,0.23595168078437143,0.3443257256899571,0.1644212720982618,0.3645230605387663,0.16289964213932795,0.8823529411764706,0.611764705882353,0.27058823529411763,0.0,0.023529411764705882,0.24705882352941178,0.631578947368421,0.0,0.09090909090909091,0.09090909090909091,1,minasbate,low_resource
969,127,25,4.196850393700787,5.08,1.8346456692913387,22,0.04,0.5748031496062992,0.0,0.1889763779527559,0.07086614173228346,0.09448818897637795,0.007874015748031496,0.007874015748031496,0.0,0.0,0.0,0.0,0.14960629921259844,0.3590997997107397,0.2409799103312253,0.37222637967890854,0.20559241871558243,0.3530113181685257,0.22653874318369924,0.8188976377952756,0.6456692913385826,0.1732283464566929,0.0,0.007874015748031496,0.3228346456692913,0.7534246575342466,0.08,0.0,0.04,1,minasbate,low_resource
970,29,6,4.551724137931035,4.833333333333333,2.0689655172413794,10,0.0,0.6206896551724138,0.0,0.2413793103448276,0.034482758620689655,0.06896551724137931,0.0,0.0,0.0,0.0,0.0,0.0,0.13793103448275862,0.28965475394355433,0.1161988009912873,0.304253762403069,0.12203306684543011,0.28448934010358456,0.08567019581038163,0.5862068965517242,0.41379310344827586,0.1724137931034483,0.0,0.0,0.27586206896551724,0.6111111111111112,0.0,0.0,0.0,1,minasbate,low_resource
971,84,11,4.357142857142857,7.636363636363637,1.9047619047619047,22,0.45454545454545453,0.40476190476190477,0.0,0.047619047619047616,0.10714285714285714,0.21428571428571427,0.0,0.0,0.047619047619047616,0.0,0.0,0.0,0.2619047619047619,0.3010301081720545,0.13441527556011024,0.3246166897414085,0.10840560467241266,0.2942885370241258,0.12281309706846026,0.9166666666666666,0.4880952380952381,0.42857142857142855,0.0,0.047619047619047616,0.20238095238095238,0.6470588235294118,0.0,0.0,0.45454545454545453,1,minasbate,low_resource
972,90,24,3.6222222222222222,3.75,1.7,10,0.0,0.34444444444444444,0.0,0.25555555555555554,0.12222222222222222,0.03333333333333333,0.0,0.0,0.022222222222222223,0.022222222222222223,0.0,0.0,0.12222222222222222,0.33962875222614664,0.27214916457602034,0.3230557887889984,0.21783561161073828,0.30646143961147193,0.22708648714168175,0.6666666666666666,0.5,0.16666666666666666,0.0,0.022222222222222223,0.4111111111111111,0.3870967741935484,0.20833333333333334,0.0,0.0,1,minasbate,low_resource
973,211,27,4.274881516587678,7.814814814814815,1.8625592417061612,36,0.2962962962962963,0.3744075829383886,0.0,0.15165876777251186,0.037914691943127965,0.09004739336492891,0.009478672985781991,0.018957345971563982,0.009478672985781991,0.0,0.0,0.0,0.3033175355450237,0.3548766401316929,0.25781241773847335,0.37225629916021385,0.21462853582864444,0.3550982776335822,0.21291534751616878,0.7393364928909952,0.5260663507109005,0.2132701421800948,0.0,0.009478672985781991,0.17061611374407584,0.5443037974683544,0.14814814814814814,0.5185185185185185,0.2962962962962963,1,minasbate,low_resource
974,245,28,4.8612244897959185,8.75,2.016326530612245,62,0.21428571428571427,0.5673469387755102,0.004081632653061225,0.17142857142857143,0.0326530612244898,0.10612244897959183,0.0,0.0,0.02857142857142857,0.0,0.0,0.0,0.3183673469387755,0.3910090944300312,0.3662105788027419,0.42793856336121266,0.3447104539234881,0.39494801417263464,0.28237458178028146,0.9673469387755103,0.7673469387755102,0.2,0.00816326530612245,0.02857142857142857,0.2530612244897959,0.7410071942446043,0.0,0.10714285714285714,0.21428571428571427,1,minasbate,low_resource
975,192,22,4.098958333333333,8.727272727272727,1.8489583333333333,33,0.45454545454545453,0.3541666666666667,0.005208333333333333,0.16666666666666666,0.07291666666666667,0.09895833333333333,0.0,0.0,0.109375,0.0,0.0,0.0,0.234375,0.36265577181210246,0.2251121151769316,0.3752823617075468,0.24029653215259925,0.37180496649923245,0.23674140898676513,0.75,0.5572916666666666,0.19270833333333334,0.005208333333333333,0.109375,0.3697916666666667,0.6176470588235294,0.045454545454545456,0.0,0.45454545454545453,1,minasbate,low_resource
976,337,44,4.240356083086054,7.659090909090909,1.8338278931750742,63,0.6136363636363636,0.31750741839762614,0.0,0.228486646884273,0.03560830860534125,0.09198813056379822,0.0,0.0,0.05934718100890208,0.0,0.002967359050445104,0.0,0.26409495548961426,0.3249992956142302,0.21838085378524444,0.3326612407445216,0.18433491953297668,0.3224827208560574,0.21685905250635326,0.6053412462908012,0.42433234421364985,0.18100890207715134,0.0,0.01483679525222552,0.228486646884273,0.616822429906542,0.20454545454545456,0.6590909090909091,0.6136363636363636,1,minasbate,low_resource
977,73,12,3.5205479452054793,6.083333333333333,1.5753424657534247,1,0.4166666666666667,0.3424657534246575,0.0,0.1232876712328767,0.0410958904109589,0.273972602739726,0.0,0.0,0.0,0.0,0.0,0.0,0.0547945205479452,0.23575760816350455,0.12233794623905794,0.2492787593499631,0.1476513527849506,0.23234707039855687,0.08474609082748791,0.6301369863013698,0.4657534246575342,0.1643835616438356,0.0,0.0,0.1643835616438356,0.32,0.0,0.0,0.4166666666666667,1,minasbate,low_resource
978,209,28,4.320574162679426,7.464285714285714,1.8468899521531101,40,0.42857142857142855,0.47368421052631576,0.0,0.215311004784689,0.05741626794258373,0.09569377990430622,0.0,0.0,0.014354066985645933,0.0,0.0,0.0,0.2535885167464115,0.38612251859599767,0.30467926963330183,0.42403047961052787,0.2987923227344425,0.342370222799926,0.21103632798332875,0.9138755980861244,0.784688995215311,0.1291866028708134,0.009569377990430622,0.009569377990430622,0.3492822966507177,0.696969696969697,0.07142857142857142,0.2857142857142857,0.42857142857142855,1,minasbate,low_resource
979,122,15,4.467213114754099,8.133333333333333,1.9426229508196722,26,0.6666666666666666,0.5245901639344263,0.0,0.14754098360655737,0.03278688524590164,0.09836065573770492,0.0,0.00819672131147541,0.04918032786885246,0.0,0.0,0.0,0.2786885245901639,0.35668631702870124,0.28115849285245237,0.3632361330026453,0.2781362354720823,0.3226302483387808,0.2636716065278608,0.9016393442622951,0.6885245901639344,0.21311475409836064,0.0,0.0,0.2786885245901639,0.59375,0.0,0.13333333333333333,0.6666666666666666,2,minasbate,low_resource
980,424,39,4.528301886792453,10.871794871794872,1.9127358490566038,99,0.48717948717948717,0.39622641509433965,0.0,0.2169811320754717,0.04481132075471698,0.11556603773584906,0.0,0.01179245283018868,0.0589622641509434,0.0,0.0,0.0,0.2971698113207547,0.42029357662028954,0.31552030942518394,0.43416338515607533,0.33405445859446525,0.41552129462486875,0.2716419068919136,0.8089622641509434,0.6179245283018868,0.19103773584905662,0.0047169811320754715,0.030660377358490566,0.29009433962264153,0.6726190476190477,0.0,0.3076923076923077,0.48717948717948717,2,minasbate,low_resource
981,573,77,4.228621291448516,7.441558441558442,1.801047120418848,101,0.33766233766233766,0.3106457242582897,0.0,0.2094240837696335,0.0506108202443281,0.10645724258289703,0.0,0.027923211169284468,0.020942408376963352,0.0,0.0,0.0,0.2879581151832461,0.40524451000124956,0.2525629010447639,0.42123443886281503,0.24086973719074625,0.3901501521151297,0.2393608188001391,0.7469458987783596,0.6230366492146597,0.12390924956369982,0.005235602094240838,0.008726003490401396,0.31413612565445026,0.550561797752809,0.09090909090909091,0.4675324675324675,0.33766233766233766,2,minasbate,low_resource
982,322,40,4.083850931677019,8.05,1.6304347826086956,40,0.325,0.38198757763975155,0.0,0.18944099378881987,0.055900621118012424,0.10248447204968944,0.0,0.003105590062111801,0.021739130434782608,0.024844720496894408,0.046583850931677016,0.0,0.2608695652173913,0.3812500768482876,0.2263238860503615,0.39515651872278496,0.18674758257014093,0.367040929956764,0.23243066469663431,0.7018633540372671,0.546583850931677,0.15527950310559005,0.003105590062111801,0.021739130434782608,0.2857142857142857,0.6178861788617886,0.075,0.075,0.325,2,minasbate,low_resource
983,321,36,4.1433021806853585,8.916666666666666,1.809968847352025,54,0.3888888888888889,0.3956386292834891,0.0,0.24299065420560748,0.059190031152647975,0.09345794392523364,0.0,0.006230529595015576,0.009345794392523364,0.0,0.0,0.0,0.18691588785046728,0.3606963919749542,0.2620769772722456,0.4017049945906954,0.23780489751301537,0.36339981579916003,0.2328379152063265,0.6822429906542056,0.5264797507788161,0.1557632398753894,0.003115264797507788,0.0,0.29595015576323985,0.6141732283464567,0.1111111111111111,0.4166666666666667,0.3888888888888889,2,minasbate,low_resource
984,478,50,4.698744769874477,9.56,1.9497907949790796,115,0.28,0.4309623430962343,0.0,0.21548117154811716,0.0502092050209205,0.10251046025104603,0.0020920502092050207,0.0041841004184100415,0.014644351464435146,0.0,0.0020920502092050207,0.0,0.28870292887029286,0.44017746261111707,0.4196187221168411,0.4695518912573325,0.3913152607133181,0.42823270796375734,0.3378902941028249,0.9351464435146444,0.7071129707112971,0.2280334728033473,0.0,0.010460251046025104,0.29916317991631797,0.7184466019417476,0.04,0.26,0.28,2,minasbate,low_resource
985,487,47,4.365503080082136,10.361702127659575,1.88911704312115,95,0.48936170212765956,0.3593429158110883,0.0,0.16837782340862423,0.049281314168377825,0.10882956878850103,0.0,0.0,0.061601642710472276,0.0,0.002053388090349076,0.0,0.2813141683778234,0.3892512857578175,0.28461327431843503,0.4235168061523936,0.2765371524226576,0.36515172827122294,0.27294499421901297,0.731006160164271,0.5646817248459959,0.16632443531827515,0.004106776180698152,0.045174537987679675,0.2751540041067762,0.6342857142857142,0.0425531914893617,0.3829787234042553,0.48936170212765956,2,minasbate,low_resource
986,449,62,4.216035634743875,7.241935483870968,1.8797327394209353,93,0.1935483870967742,0.36302895322939865,0.0,0.22048997772828507,0.053452115812917596,0.0935412026726058,0.0022271714922048997,0.0,0.022271714922048998,0.0022271714922048997,0.0,0.0,0.18040089086859687,0.4204326052838108,0.375902481188894,0.45348952032389334,0.33208461532670763,0.4030566487597396,0.3286267881454851,0.8507795100222717,0.6859688195991092,0.16481069042316257,0.004454342984409799,0.0200445434298441,0.311804008908686,0.656441717791411,0.016129032258064516,0.3709677419354839,0.1935483870967742,2,minasbate,low_resource
987,501,72,4.2235528942115765,6.958333333333333,1.8043912175648702,89,0.25,0.3652694610778443,0.005988023952095809,0.2435129740518962,0.023952095808383235,0.1157684630738523,0.0,0.007984031936127744,0.031936127744510975,0.0,0.0,0.0,0.24750499001996007,0.43028042378898057,0.307504771302181,0.4421610177266289,0.25384500439462276,0.4051143623007327,0.25789036162542844,0.7564870259481038,0.5828343313373253,0.17365269461077845,0.011976047904191617,0.005988023952095809,0.25748502994011974,0.6612021857923497,0.19444444444444445,0.4305555555555556,0.25,2,minasbate,low_resource
988,419,37,4.41527446300716,11.324324324324325,1.8138424821002386,84,0.5405405405405406,0.360381861575179,0.0,0.16467780429594273,0.06443914081145585,0.12410501193317422,0.0,0.00477326968973747,0.050119331742243436,0.0,0.002386634844868735,0.0,0.22673031026252982,0.38302743416021057,0.31193099897929316,0.425935849220053,0.26624798472536504,0.38995056653055554,0.2770658553907282,0.9307875894988067,0.6467780429594272,0.2840095465393795,0.00477326968973747,0.00954653937947494,0.2315035799522673,0.6821192052980133,0.0,0.2702702702702703,0.5405405405405406,2,minasbate,low_resource
989,731,88,4.415868673050616,8.306818181818182,1.8946648426812585,159,0.32954545454545453,0.35841313269493846,0.0013679890560875513,0.1997264021887825,0.058823529411764705,0.09986320109439124,0.0,0.0013679890560875513,0.05198358413132695,0.0,0.0,0.0,0.2612859097127223,0.3845046629705828,0.36528361554984,0.41915047077276657,0.3218815065925015,0.38096496145429,0.2843354985874158,0.8303693570451437,0.640218878248974,0.19015047879616964,0.0027359781121751026,0.02188782489740082,0.2859097127222982,0.683206106870229,0.07954545454545454,0.42045454545454547,0.32954545454545453,2,minasbate,low_resource
990,401,31,4.486284289276808,12.935483870967742,1.8628428927680798,92,0.3548387096774194,0.3640897755610973,0.0,0.19950124688279303,0.057356608478802994,0.11471321695760599,0.0,0.0,0.06234413965087282,0.0,0.0024937655860349127,0.0,0.28428927680798005,0.4085040041794454,0.3427777319758959,0.43372160912643776,0.30965266396284313,0.40818155289299657,0.32880078382659195,0.8079800498753117,0.6259351620947631,0.18204488778054864,0.0,0.02493765586034913,0.3092269326683292,0.684931506849315,0.0,0.03225806451612903,0.3548387096774194,2,minasbate,low_resource
991,524,76,4.425572519083969,6.894736842105263,1.8702290076335877,115,0.2236842105263158,0.3683206106870229,0.0,0.20038167938931298,0.061068702290076333,0.0916030534351145,0.0,0.0019083969465648854,0.06679389312977099,0.003816793893129771,0.0,0.0019083969465648854,0.2595419847328244,0.4026480083384214,0.4003597424159252,0.4151829962199628,0.32328447769122526,0.40692009260648,0.31592654584662483,0.8034351145038168,0.6431297709923665,0.16030534351145037,0.0057251908396946565,0.019083969465648856,0.2786259541984733,0.6787564766839378,0.039473684210526314,0.39473684210526316,0.2236842105263158,2,minasbate,low_resource
992,311,44,4.163987138263666,7.068181818181818,1.8360128617363345,65,0.4318181818181818,0.3987138263665595,0.0,0.22508038585209003,0.04823151125401929,0.12540192926045016,0.0,0.00964630225080386,0.01607717041800643,0.0,0.0,0.0,0.21543408360128619,0.3891119939428701,0.3014651463040483,0.4203482649217732,0.25667864800191653,0.4039705311170711,0.24407452063456847,0.7266881028938906,0.5337620578778135,0.19292604501607716,0.006430868167202572,0.01607717041800643,0.3247588424437299,0.6129032258064516,0.022727272727272728,0.38636363636363635,0.4318181818181818,2,minasbate,low_resource
993,797,79,4.461731493099122,10.08860759493671,1.9058971141781682,180,0.3037974683544304,0.33626097867001253,0.0,0.1794228356336261,0.07277289836888332,0.12421580928481807,0.0,0.0012547051442910915,0.05771643663739021,0.0,0.0,0.0,0.24592220828105396,0.4040645628884092,0.34268910543882564,0.4456380909264007,0.308476661262206,0.4006431961116867,0.2521847159187074,0.8255959849435383,0.6499372647427855,0.17565872020075282,0.0,0.03136762860727729,0.2998745294855709,0.6753731343283582,0.06329113924050633,0.26582278481012656,0.3037974683544304,2,minasbate,low_resource
994,554,59,4.3483754512635375,9.389830508474576,1.8537906137184115,123,0.423728813559322,0.36101083032490977,0.0,0.1931407942238267,0.0812274368231047,0.08483754512635379,0.0,0.0036101083032490976,0.061371841155234655,0.0,0.0,0.0,0.259927797833935,0.41367956885691826,0.3730016228629091,0.4356334960786719,0.3553809400864185,0.4070961122510226,0.3071427251956619,0.8176895306859205,0.6389891696750902,0.17870036101083034,0.007220216606498195,0.021660649819494584,0.2924187725631769,0.665,0.05084745762711865,0.288135593220339,0.423728813559322,2,minasbate,low_resource
995,240,18,4.341666666666667,13.333333333333334,1.8666666666666667,52,0.7222222222222222,0.4708333333333333,0.0,0.22083333333333333,0.0375,0.125,0.0,0.004166666666666667,0.020833333333333332,0.0,0.0,0.0,0.19583333333333333,0.4080606590748242,0.26916869615394745,0.4139913538679693,0.21513702961453027,0.4005929572960614,0.28228268965910736,0.7916666666666666,0.5666666666666667,0.225,0.004166666666666667,0.020833333333333332,0.26666666666666666,0.7168141592920354,0.0,0.1111111111111111,0.7222222222222222,2,minasbate,low_resource
996,267,26,4.51685393258427,10.26923076923077,1.8913857677902621,47,0.15384615384615385,0.35580524344569286,0.0,0.18726591760299627,0.04119850187265917,0.12734082397003746,0.0,0.003745318352059925,0.003745318352059925,0.0,0.0,0.0,0.32209737827715357,0.36749540925376734,0.27955706133915315,0.4005745221788494,0.2626285839751232,0.36655602510281066,0.25492563312064764,0.9288389513108614,0.7602996254681648,0.16853932584269662,0.0,0.003745318352059925,0.32209737827715357,0.5894736842105263,0.038461538461538464,0.038461538461538464,0.15384615384615385,2,minasbate,low_resource
997,447,63,4.527964205816555,7.095238095238095,1.9038031319910516,97,0.20634920634920634,0.39149888143176736,0.0,0.12751677852348994,0.09395973154362416,0.10738255033557047,0.0,0.008948545861297539,0.040268456375838924,0.0,0.0,0.0,0.2930648769574944,0.3823783970792714,0.291484972056186,0.4101150928399236,0.22190298989784646,0.39086263384467157,0.2772454536919128,0.8702460850111857,0.6308724832214765,0.23937360178970918,0.006711409395973154,0.035794183445190156,0.319910514541387,0.6742857142857143,0.07936507936507936,0.23809523809523808,0.20634920634920634,2,minasbate,low_resource
998,192,29,4.354166666666667,6.620689655172414,1.9322916666666667,45,0.1724137931034483,0.4322916666666667,0.0,0.17708333333333334,0.08333333333333333,0.0625,0.0,0.0,0.0,0.0,0.0,0.0,0.20833333333333334,0.3415093251840241,0.2600233807943795,0.3667146692555074,0.2003278145855767,0.3509456837604165,0.24792733162039432,0.7395833333333333,0.6197916666666666,0.11979166666666667,0.005208333333333333,0.0,0.3385416666666667,0.6144578313253012,0.034482758620689655,0.1724137931034483,0.1724137931034483,2,minasbate,low_resource
999,38,8,5.605263157894737,4.75,2.526315789473684,16,0.0,0.4473684210526316,0.0,0.07894736842105263,0.21052631578947367,0.02631578947368421,0.0,0.0,0.0,0.0,0.0,0.0,0.3684210526315789,0.29491737763144404,0.1742865223471652,0.27408203150239224,0.132671196267257,0.29903653850499434,0.12257091788068096,0.7105263157894737,0.631578947368421,0.07894736842105263,0.0,0.0,0.3684210526315789,0.6470588235294118,0.0,0.0,0.0,2,minasbate,low_resource
1000,418,29,4.452153110047847,14.413793103448276,1.8636363636363635,94,0.6896551724137931,0.42822966507177035,0.0,0.1937799043062201,0.05980861244019139,0.10526315789473684,0.0,0.0023923444976076554,0.10047846889952153,0.0023923444976076554,0.0023923444976076554,0.0,0.2966507177033493,0.37224964565343766,0.31882429613050867,0.3976387330464944,0.26611819630812283,0.38251645207159185,0.28379248073937674,0.7392344497607656,0.5669856459330144,0.1722488038277512,0.0,0.08133971291866028,0.33253588516746413,0.7318435754189944,0.06896551724137931,0.3103448275862069,0.6896551724137931,2,minasbate,low_resource
1001,227,31,4.616740088105727,7.32258064516129,1.9162995594713657,47,0.41935483870967744,0.4977973568281938,0.0,0.17180616740088106,0.039647577092511016,0.11894273127753303,0.004405286343612335,0.0,0.004405286343612335,0.004405286343612335,0.0,0.0,0.2643171806167401,0.38799972627315643,0.2772871006378606,0.4025760565981363,0.2527723345468099,0.3861668398817706,0.2978393570160988,1.066079295154185,0.801762114537445,0.2643171806167401,0.004405286343612335,0.004405286343612335,0.2422907488986784,0.6902654867256637,0.03225806451612903,0.4838709677419355,0.41935483870967744,2,minasbate,low_resource
1002,470,46,4.663829787234042,10.217391304347826,1.9319148936170212,114,0.45652173913043476,0.39787234042553193,0.0,0.18085106382978725,0.0851063829787234,0.07872340425531915,0.0,0.0,0.00851063829787234,0.03404255319148936,0.014893617021276596,0.0,0.2872340425531915,0.381557640867679,0.2808742567571347,0.42804397162011365,0.22848395592943752,0.36803613724778816,0.25126315576673136,0.8702127659574468,0.6361702127659574,0.23404255319148937,0.002127659574468085,0.00425531914893617,0.30638297872340425,0.6524064171122995,0.021739130434782608,0.2391304347826087,0.45652173913043476,2,minasbate,low_resource
1003,998,101,4.221442885771543,9.881188118811881,1.7935871743486973,180,0.46534653465346537,0.281563126252505,0.0,0.20240480961923848,0.06412825651302605,0.15030060120240482,0.0,0.004008016032064128,0.036072144288577156,0.001002004008016032,0.001002004008016032,0.0,0.24749498997995992,0.40283519034214954,0.35376668180525256,0.4336917283184129,0.25545584232243884,0.38519098227717824,0.26945182707398996,0.7945891783567134,0.5851703406813628,0.2094188376753507,0.001002004008016032,0.01002004008016032,0.2695390781563126,0.6548042704626335,0.09900990099009901,0.4752475247524752,0.46534653465346537,2,minasbate,low_resource
1004,746,92,4.431635388739946,8.108695652173912,1.8632707774798927,134,0.358695652173913,0.33378016085790885,0.0,0.15281501340482573,0.06032171581769437,0.13404825737265416,0.0,0.0,0.022788203753351208,0.0,0.0,0.0,0.19436997319034852,0.4099532523331075,0.3395391860773488,0.4313962806760115,0.2684422801150186,0.4240544885361528,0.28059056950263517,0.8525469168900804,0.6420911528150134,0.21045576407506703,0.0013404825737265416,0.014745308310991957,0.21983914209115282,0.6104417670682731,0.10869565217391304,0.6086956521739131,0.358695652173913,2,minasbate,low_resource
1005,285,22,4.028070175438597,12.954545454545455,1.8,46,0.6363636363636364,0.41754385964912283,0.0,0.18596491228070175,0.08421052631578947,0.1368421052631579,0.0,0.007017543859649123,0.010526315789473684,0.0,0.0,0.0,0.10526315789473684,0.3838920893103694,0.3544163198638192,0.41360005650945025,0.30749670690591935,0.38654092852721594,0.29469896444258015,0.8350877192982457,0.6491228070175439,0.18596491228070175,0.014035087719298246,0.007017543859649123,0.28771929824561404,0.6554621848739496,0.045454545454545456,0.22727272727272727,0.6363636363636364,2,minasbate,low_resource
1006,38,8,4.342105263157895,4.75,1.7105263157894737,4,0.0,0.42105263157894735,0.0,0.10526315789473684,0.10526315789473684,0.07894736842105263,0.13157894736842105,0.0,0.0,0.02631578947368421,0.0,0.0,0.5789473684210527,0.18963295761555357,0.08711654136622761,0.21816437251896217,0.10038862490157749,0.1912670830413329,0.06331223190889389,0.42105263157894735,0.15789473684210525,0.2631578947368421,0.0,0.0,0.34210526315789475,0.5625,0.0,0.0,0.0,2,minasbate,low_resource
1007,322,56,4.4937888198757765,5.75,1.8850931677018634,64,0.30357142857142855,0.2453416149068323,0.0,0.16149068322981366,0.012422360248447204,0.15838509316770186,0.0,0.0,0.009316770186335404,0.0,0.0,0.0,0.2515527950310559,0.3950380471282021,0.27172552600297306,0.40088816005067957,0.2522606357847064,0.3756959241703376,0.2358754751176596,0.8043478260869565,0.6024844720496895,0.20186335403726707,0.0,0.009316770186335404,0.17080745341614906,0.4430379746835443,0.2857142857142857,0.5178571428571429,0.30357142857142855,2,minasbate,low_resource
1008,117,13,3.871794871794872,9.0,1.7179487179487178,13,0.15384615384615385,0.3162393162393162,0.008547008547008548,0.2222222222222222,0.17094017094017094,0.02564102564102564,0.0,0.0,0.017094017094017096,0.0,0.0,0.0,0.19658119658119658,0.29095058589665157,0.18044952834858696,0.3336790399807588,0.16451740823304511,0.30616468789448753,0.20778726409943699,0.4700854700854701,0.3162393162393162,0.15384615384615385,0.0,0.017094017094017096,0.4017094017094017,0.4594594594594595,0.38461538461538464,0.0,0.15384615384615385,2,minasbate,low_resource
1009,383,40,4.342036553524804,9.575,1.9007832898172323,86,0.425,0.38903394255874674,0.0,0.18798955613577023,0.05483028720626632,0.12010443864229765,0.0,0.0,0.013054830287206266,0.0,0.0026109660574412533,0.0,0.21671018276762402,0.38997080709907345,0.35716054102419736,0.42562811813175583,0.2589500958535902,0.3973422483220254,0.2991239984085537,0.7780678851174936,0.6318537859007833,0.1462140992167102,0.0,0.013054830287206266,0.2898172323759791,0.6308724832214765,0.125,0.375,0.425,2,minasbate,low_resource
1010,463,62,4.239740820734341,7.467741935483871,1.7904967602591793,82,0.2903225806451613,0.367170626349892,0.0,0.21814254859611232,0.058315334773218146,0.0755939524838013,0.0021598272138228943,0.012958963282937365,0.0367170626349892,0.023758099352051837,0.0,0.0,0.26997840172786175,0.42183299781378353,0.33357323983752035,0.429904257509378,0.34558600209174234,0.40180380852819503,0.3110541814451577,0.6436285097192225,0.5161987041036717,0.12742980561555076,0.0021598272138228943,0.0021598272138228943,0.27645788336933047,0.611764705882353,0.0967741935483871,0.3709677419354839,0.2903225806451613,2,minasbate,low_resource
1011,18,2,4.277777777777778,9.0,1.5555555555555556,0,0.0,0.7222222222222222,0.0,0.16666666666666666,0.0,0.2222222222222222,0.05555555555555555,0.0,0.0,0.0,0.0,0.0,0.3888888888888889,0.3217964160705487,0.1410461695197429,0.28782860327920534,0.12685709783297378,0.2747450252987816,0.11335543495100507,0.888888888888889,0.6111111111111112,0.2777777777777778,0.0,0.0,0.2222222222222222,0.6153846153846154,0.0,0.0,0.0,2,minasbate,low_resource
1012,58,8,3.7241379310344827,7.25,1.6724137931034482,7,0.25,0.3448275862068966,0.0,0.2413793103448276,0.15517241379310345,0.034482758620689655,0.0,0.0,0.034482758620689655,0.0,0.0,0.0,0.20689655172413793,0.26254686692281315,0.12842949166423073,0.26806923021468176,0.13001779335513403,0.25119482654520786,0.12746781391994777,0.48275862068965514,0.3793103448275862,0.10344827586206896,0.0,0.034482758620689655,0.43103448275862066,0.3,0.0,0.125,0.25,2,minasbate,low_resource
1013,152,24,4.447368421052632,6.333333333333333,1.9407894736842106,30,0.16666666666666666,0.5131578947368421,0.0,0.21052631578947367,0.03289473684210526,0.07236842105263158,0.006578947368421052,0.019736842105263157,0.019736842105263157,0.006578947368421052,0.0,0.0,0.27631578947368424,0.307608339985354,0.23544721879579392,0.323159501219414,0.19897793809197548,0.3064407930193718,0.21214151617113242,0.5723684210526315,0.48026315789473684,0.09210526315789473,0.006578947368421052,0.019736842105263157,0.34210526315789475,0.7948717948717948,0.0,0.0,0.16666666666666666,2,minasbate,low_resource
1014,44,10,3.8636363636363638,4.4,1.75,5,0.0,0.4772727272727273,0.0,0.2727272727272727,0.0,0.11363636363636363,0.0,0.0,0.0,0.0,0.0,0.0,0.25,0.22689353220092867,0.08030534721911228,0.2213604121626612,0.08249451729745454,0.22436864576467835,0.09503644782562462,0.5227272727272727,0.4090909090909091,0.11363636363636363,0.0,0.0,0.2727272727272727,0.5238095238095238,0.3,0.0,0.0,2,minasbate,low_resource
1015,122,15,4.713114754098361,8.133333333333333,2.0245901639344264,33,0.0,0.5819672131147541,0.0,0.27049180327868855,0.03278688524590164,0.09016393442622951,0.0,0.01639344262295082,0.02459016393442623,0.0,0.0,0.0,0.22950819672131148,0.36941924647462987,0.28482363926141313,0.3889462710025053,0.33628156809646437,0.3362960717934888,0.23735101012163007,0.8114754098360656,0.6885245901639344,0.12295081967213115,0.0,0.02459016393442623,0.29508196721311475,0.7183098591549296,0.6666666666666666,0.26666666666666666,0.0,2,minasbate,low_resource
1016,66,8,4.2727272727272725,8.25,1.8484848484848484,13,0.375,0.3787878787878788,0.0,0.24242424242424243,0.10606060606060606,0.045454545454545456,0.0,0.0,0.0,0.0,0.0,0.0,0.25757575757575757,0.25300878325513176,0.11446817534945945,0.26112220966605637,0.07125411834847124,0.2787496163015179,0.10404238705853085,0.6515151515151515,0.5454545454545454,0.10606060606060606,0.0,0.0,0.3787878787878788,0.44,0.0,0.125,0.375,2,minasbate,low_resource
1017,63,10,3.984126984126984,6.3,1.6349206349206349,7,0.2,0.4126984126984127,0.0,0.2857142857142857,0.07936507936507936,0.1111111111111111,0.0,0.0,0.0,0.0,0.0,0.0,0.23809523809523808,0.2848930001210227,0.10256706941996022,0.2763148361575875,0.08861576348661798,0.28047005868162894,0.08908370521421044,0.6984126984126984,0.47619047619047616,0.2222222222222222,0.0,0.0,0.38095238095238093,0.46153846153846156,0.0,0.2,0.2,2,minasbate,low_resource
1018,203,25,4.359605911330049,8.12,1.9310344827586208,43,0.16,0.3891625615763547,0.0,0.18226600985221675,0.08374384236453201,0.06896551724137931,0.0,0.0,0.024630541871921183,0.0,0.0,0.0,0.21674876847290642,0.3601563228869162,0.29122250228160707,0.3843303922580431,0.22683410733762135,0.36519766748395854,0.26442834766506323,0.7980295566502463,0.6945812807881774,0.10344827586206896,0.0049261083743842365,0.024630541871921183,0.3399014778325123,0.6075949367088608,0.0,0.0,0.16,2,minasbate,low_resource
1019,478,61,4.177824267782427,7.836065573770492,1.8096234309623431,79,0.9508196721311475,0.37656903765690375,0.0020920502092050207,0.2405857740585774,0.06276150627615062,0.0794979079497908,0.0,0.0041841004184100415,0.03556485355648536,0.0041841004184100415,0.0,0.0,0.2175732217573222,0.4039707966433969,0.38815565705197963,0.43726730441452494,0.3267835275343641,0.40566405954415274,0.33056420666188885,0.6799163179916318,0.5125523012552301,0.16736401673640167,0.0020920502092050207,0.02510460251046025,0.3158995815899582,0.65,0.11475409836065574,0.5573770491803278,0.9508196721311475,2,minasbate,low_resource
1020,364,29,4.445054945054945,12.551724137931034,1.9065934065934067,88,0.4827586206896552,0.3598901098901099,0.0,0.16758241758241757,0.08241758241758242,0.11538461538461539,0.0,0.008241758241758242,0.04395604395604396,0.0,0.0,0.0,0.26373626373626374,0.41356312756136226,0.36395805951662585,0.4533261638990421,0.3118636572400543,0.41562144948500945,0.27348961142065137,0.8736263736263736,0.6510989010989011,0.22252747252747251,0.005494505494505495,0.04395604395604396,0.32142857142857145,0.5801526717557252,0.034482758620689655,0.13793103448275862,0.4827586206896552,2,minasbate,low_resource
1021,424,54,4.375,7.851851851851852,1.8537735849056605,79,0.12962962962962962,0.375,0.0,0.18396226415094338,0.07075471698113207,0.11320754716981132,0.0047169811320754715,0.0,0.014150943396226415,0.0023584905660377358,0.0,0.0,0.29952830188679247,0.38547529669346137,0.2898980875636725,0.4059238582321273,0.2732950702330461,0.37166769840950403,0.24300086617928807,0.8066037735849056,0.6533018867924528,0.15330188679245282,0.0,0.014150943396226415,0.31839622641509435,0.5786163522012578,0.037037037037037035,0.14814814814814814,0.12962962962962962,2,minasbate,low_resource
1022,130,24,4.1461538461538465,5.416666666666667,1.8846153846153846,27,0.3333333333333333,0.3076923076923077,0.0,0.27692307692307694,0.06153846153846154,0.08461538461538462,0.0,0.0,0.03076923076923077,0.0,0.0,0.0,0.11538461538461539,0.2838704055169242,0.1454216929966451,0.2868307462382177,0.16856961840647341,0.25569225708549326,0.17201632904739325,0.8076923076923077,0.6846153846153846,0.12307692307692308,0.0,0.03076923076923077,0.3076923076923077,0.45,0.3333333333333333,0.0,0.3333333333333333,2,minasbate,low_resource
1023,629,78,4.650238473767885,8.064102564102564,1.8839427662957076,144,0.358974358974359,0.32432432432432434,0.0,0.1971383147853736,0.08426073131955485,0.09220985691573927,0.001589825119236884,0.009538950715421303,0.04133545310015898,0.0,0.0,0.0,0.32273449920508746,0.3895133857896186,0.3280915882252895,0.4314972186693223,0.28946972338977217,0.406225781756921,0.3117958821860119,0.8219395866454691,0.6025437201907791,0.21939586645468998,0.00794912559618442,0.03656597774244833,0.32909379968203495,0.6323529411764706,0.02564102564102564,0.2564102564102564,0.358974358974359,2,minasbate,low_resource
1024,294,33,4.1768707482993195,8.909090909090908,1.751700680272109,57,0.6666666666666666,0.43197278911564624,0.0,0.19387755102040816,0.08843537414965986,0.0782312925170068,0.01020408163265306,0.01020408163265306,0.030612244897959183,0.003401360544217687,0.0,0.0,0.30952380952380953,0.40351867555786486,0.30446873206256125,0.43122866261997556,0.3019457255104006,0.3779667368066387,0.25474709495780284,0.608843537414966,0.46598639455782315,0.14285714285714285,0.0,0.027210884353741496,0.2925170068027211,0.6535433070866141,0.06060606060606061,0.48484848484848486,0.6666666666666666,2,minasbate,low_resource
1025,333,38,4.345345345345345,8.763157894736842,1.8918918918918919,72,0.23684210526315788,0.37537537537537535,0.006006006006006006,0.21621621621621623,0.04504504504504504,0.09309309309309309,0.0,0.015015015015015015,0.03303303303303303,0.0,0.0,0.0,0.27927927927927926,0.35084736757356705,0.2556394725837435,0.3905043530497659,0.24768241581928235,0.3552266618907218,0.24572374705998187,0.7897897897897898,0.5525525525525525,0.23723723723723725,0.003003003003003003,0.018018018018018018,0.2852852852852853,0.624,0.23684210526315788,0.10526315789473684,0.23684210526315788,2,minasbate,low_resource
1026,290,43,4.658620689655172,6.744186046511628,2.027586206896552,67,0.3488372093023256,0.43448275862068964,0.0,0.22413793103448276,0.02413793103448276,0.05862068965517241,0.0,0.010344827586206896,0.010344827586206896,0.0034482758620689655,0.0,0.0,0.22758620689655173,0.4196309544372166,0.36397279831430424,0.395743870543451,0.2524484750294838,0.38328674966994747,0.3096859217713126,0.8068965517241379,0.6448275862068965,0.16206896551724137,0.0,0.0034482758620689655,0.3275862068965517,0.6190476190476191,0.09302325581395349,0.23255813953488372,0.3488372093023256,2,minasbate,low_resource
1027,75,5,4.426666666666667,15.0,1.9866666666666666,16,1.4,0.4,0.0,0.02666666666666667,0.18666666666666668,0.04,0.0,0.0,0.0,0.0,0.0,0.0,0.22666666666666666,0.24956158067412024,0.1571259639082869,0.2236205888329199,0.14479546232109855,0.2305062857529733,0.13921988984780576,0.8266666666666667,0.7733333333333333,0.05333333333333334,0.0,0.0,0.44,0.5666666666666667,0.0,0.0,1.4,2,minasbate,low_resource
1028,579,55,4.466321243523316,10.527272727272727,1.9015544041450778,127,0.5272727272727272,0.37305699481865284,0.0,0.22279792746113988,0.055267702936096716,0.08981001727115717,0.0017271157167530224,0.0,0.05008635578583765,0.0017271157167530224,0.0017271157167530224,0.0,0.2469775474956822,0.4047984406212992,0.3863474610907637,0.4531956602133915,0.3662424145581423,0.4136922563319175,0.3004922832555228,0.8514680483592401,0.6649395509499136,0.18652849740932642,0.0017271157167530224,0.02936096718480138,0.30915371329879104,0.6527777777777778,0.01818181818181818,0.45454545454545453,0.5272727272727272,2,minasbate,low_resource
1029,78,8,4.256410256410256,9.75,1.8076923076923077,14,0.75,0.34615384615384615,0.0,0.11538461538461539,0.15384615384615385,0.16666666666666666,0.0,0.01282051282051282,0.0,0.0,0.0,0.0,0.24358974358974358,0.2523657959405869,0.1207426518630057,0.2721173186240189,0.1618307546615362,0.270616375806291,0.13618945238546976,0.7948717948717948,0.7564102564102564,0.038461538461538464,0.0,0.0,0.23076923076923078,0.5555555555555556,0.0,0.5,0.75,2,minasbate,low_resource
1030,301,36,4.083056478405315,8.36111111111111,1.8172757475083057,39,0.2777777777777778,0.40863787375415284,0.013289036544850499,0.17275747508305647,0.04318936877076412,0.132890365448505,0.0033222591362126247,0.0033222591362126247,0.026578073089700997,0.006644518272425249,0.0033222591362126247,0.0,0.16611295681063123,0.38214986984715194,0.238865052013038,0.38720355114318306,0.22239561511005662,0.3673459716466416,0.21630183444427056,0.6744186046511628,0.43853820598006643,0.23588039867109634,0.0,0.009966777408637873,0.23255813953488372,0.6260162601626016,0.1388888888888889,0.05555555555555555,0.2777777777777778,2,minasbate,low_resource
1031,78,10,3.782051282051282,7.8,1.705128205128205,20,0.2,0.358974358974359,0.0,0.5384615384615384,0.038461538461538464,0.0641025641025641,0.0,0.0,0.0,0.0,0.0,0.0,0.08974358974358974,0.3239704529863927,0.18805255603074172,0.36102987481681575,0.15951154395316533,0.3440741162245656,0.2162785899908207,0.7051282051282051,0.5769230769230769,0.1282051282051282,0.0,0.0,0.46153846153846156,0.6428571428571429,0.1,0.0,0.2,2,minasbate,low_resource
1032,199,21,4.36180904522613,9.476190476190476,1.8693467336683418,42,0.42857142857142855,0.5025125628140703,0.0,0.20100502512562815,0.09045226130653267,0.10552763819095477,0.0,0.0,0.02512562814070352,0.0,0.0,0.0,0.24623115577889448,0.41173247901218474,0.2924574566975039,0.42778715049326643,0.29744590794585185,0.3948790832136073,0.27312294584080915,0.8492462311557789,0.6582914572864321,0.19095477386934673,0.005025125628140704,0.02512562814070352,0.32160804020100503,0.73,0.19047619047619047,0.2857142857142857,0.42857142857142855,2,minasbate,low_resource
1033,128,18,4.1796875,7.111111111111111,1.7890625,19,0.6666666666666666,0.46875,0.0,0.1796875,0.0078125,0.1484375,0.0,0.0,0.0546875,0.0,0.0,0.0,0.265625,0.3410519333838889,0.19510690187980867,0.35544319759630244,0.18537429266046784,0.34459756352476884,0.18983936869109458,0.65625,0.5703125,0.0859375,0.0,0.0,0.2109375,0.6666666666666666,0.2777777777777778,0.3333333333333333,0.6666666666666666,2,minasbate,low_resource
1034,97,12,4.082474226804123,8.083333333333334,1.7731958762886597,13,0.5,0.38144329896907214,0.0,0.20618556701030927,0.030927835051546393,0.15463917525773196,0.0,0.010309278350515464,0.0,0.0,0.0,0.0,0.17525773195876287,0.31619736930067566,0.1859913631452506,0.3315017414302399,0.15345565410566858,0.33766125666683194,0.14078364815557629,0.7010309278350515,0.5257731958762887,0.17525773195876287,0.0,0.0,0.26804123711340205,0.5405405405405406,0.0,0.5,0.5,2,minasbate,low_resource
1035,165,22,4.254545454545455,7.5,1.7878787878787878,27,0.09090909090909091,0.503030303030303,0.0,0.18181818181818182,0.06666666666666667,0.1696969696969697,0.0,0.012121212121212121,0.01818181818181818,0.0,0.006060606060606061,0.0,0.22424242424242424,0.38616196137591247,0.301935024384389,0.4342861952849327,0.25563552952130436,0.3906712667017371,0.23378725734388864,0.7878787878787878,0.6545454545454545,0.13333333333333333,0.0,0.01818181818181818,0.30303030303030304,0.7469879518072289,0.45454545454545453,0.045454545454545456,0.09090909090909091,2,minasbate,low_resource
1036,136,27,4.051470588235294,5.037037037037037,1.786764705882353,25,0.4444444444444444,0.4632352941176471,0.007352941176470588,0.27941176470588236,0.022058823529411766,0.08088235294117647,0.0,0.0,0.0,0.0,0.0,0.0,0.15441176470588236,0.3382644723374826,0.2480334372687392,0.3766070385160627,0.21903475129725083,0.3484937650519631,0.21665664643389504,0.8602941176470589,0.6176470588235294,0.2426470588235294,0.04411764705882353,0.0,0.3161764705882353,0.6349206349206349,0.14814814814814814,0.18518518518518517,0.4444444444444444,2,minasbate,low_resource
1037,143,15,4.706293706293707,9.533333333333333,1.979020979020979,40,1.2666666666666666,0.36363636363636365,0.0,0.1048951048951049,0.013986013986013986,0.2517482517482518,0.0,0.0,0.006993006993006993,0.0,0.0,0.0,0.26573426573426573,0.3262946129830923,0.18521725237473347,0.32578103026250377,0.20266115756912567,0.30434814207123595,0.16458596877192577,0.8601398601398602,0.4125874125874126,0.44755244755244755,0.0,0.006993006993006993,0.15384615384615385,0.6346153846153846,0.0,0.0,1.2666666666666666,2,minasbate,low_resource
1038,273,43,4.531135531135531,6.348837209302325,1.9597069597069596,60,0.13953488372093023,0.45054945054945056,0.0,0.21611721611721613,0.03296703296703297,0.09157509157509157,0.01098901098901099,0.0,0.02197802197802198,0.0,0.0,0.0,0.21978021978021978,0.36295809483609026,0.3302384583155534,0.3821927040103346,0.23176990778759743,0.380689676476434,0.305900029080063,0.7509157509157509,0.5787545787545788,0.17216117216117216,0.0,0.02197802197802198,0.32234432234432236,0.6829268292682927,0.06976744186046512,0.11627906976744186,0.13953488372093023,2,minasbate,low_resource
1039,131,15,4.091603053435114,8.733333333333333,1.8015267175572518,21,0.2,0.4732824427480916,0.0,0.16793893129770993,0.06870229007633588,0.12213740458015267,0.0,0.0,0.05343511450381679,0.0,0.0,0.0,0.19083969465648856,0.37359494514105296,0.2649399170737847,0.3889083354453297,0.20574694695812668,0.37449425271362297,0.22137386906893164,0.8015267175572519,0.5954198473282443,0.20610687022900764,0.0,0.04580152671755725,0.3053435114503817,0.6451612903225806,0.0,0.2,0.2,2,minasbate,low_resource
1040,204,26,4.03921568627451,7.846153846153846,1.7549019607843137,27,0.15384615384615385,0.5049019607843137,0.00980392156862745,0.15196078431372548,0.06862745098039216,0.1715686274509804,0.004901960784313725,0.0,0.00980392156862745,0.0,0.0,0.0,0.16666666666666666,0.37743201555893924,0.29861783615045645,0.4015057614582575,0.202023121760775,0.3811587710062339,0.260541987486568,0.7745098039215685,0.5098039215686274,0.2647058823529412,0.0,0.004901960784313725,0.22549019607843138,0.7184466019417476,0.2692307692307692,0.07692307692307693,0.15384615384615385,2,minasbate,low_resource
1041,79,7,3.7721518987341773,11.285714285714286,1.5949367088607596,4,1.1428571428571428,0.45569620253164556,0.0,0.17721518987341772,0.012658227848101266,0.21518987341772153,0.0,0.02531645569620253,0.02531645569620253,0.0,0.0,0.0,0.11392405063291139,0.2565795693882506,0.15541138515518685,0.2547559497428608,0.13368485935669863,0.2483629982183626,0.09950888745533688,0.6329113924050633,0.43037974683544306,0.20253164556962025,0.0,0.02531645569620253,0.189873417721519,0.6111111111111112,0.0,0.0,1.1428571428571428,2,minasbate,low_resource
1042,186,21,4.10752688172043,8.857142857142858,1.7688172043010753,23,0.047619047619047616,0.34946236559139787,0.0,0.16129032258064516,0.10215053763440861,0.10752688172043011,0.0,0.005376344086021506,0.021505376344086023,0.0,0.0,0.0,0.14516129032258066,0.3372296772222152,0.2475352431565754,0.34002170030822654,0.18943898072431478,0.3449528254160354,0.24861622203428976,0.6397849462365591,0.41397849462365593,0.22580645161290322,0.005376344086021506,0.021505376344086023,0.2956989247311828,0.6461538461538462,0.2857142857142857,0.0,0.047619047619047616,2,minasbate,low_resource
1043,414,40,4.391304347826087,10.35,1.8478260869565217,80,0.45,0.3695652173913043,0.0,0.1932367149758454,0.05555555555555555,0.10628019323671498,0.0,0.0024154589371980675,0.07246376811594203,0.0,0.0,0.0,0.3188405797101449,0.36359352412120055,0.3174719475974974,0.4069774866385333,0.28394734309807146,0.38758072295525725,0.27641278073611164,0.7077294685990339,0.5507246376811594,0.1570048309178744,0.0024154589371980675,0.04589371980676329,0.30434782608695654,0.6797385620915033,0.075,0.175,0.45,2,minasbate,low_resource
1044,250,43,4.332,5.813953488372093,1.864,52,0.046511627906976744,0.388,0.0,0.22,0.036,0.152,0.0,0.004,0.008,0.0,0.0,0.0,0.26,0.36102400462503387,0.3190022657769233,0.4010571772960314,0.25320065816983256,0.35975146454236756,0.2920921353305142,0.98,0.748,0.232,0.0,0.008,0.328,0.6288659793814433,0.046511627906976744,0.046511627906976744,0.046511627906976744,2,minasbate,low_resource
1045,156,29,4.012820512820513,5.379310344827586,1.7564102564102564,20,0.06896551724137931,0.5705128205128205,0.00641025641025641,0.21794871794871795,0.057692307692307696,0.10897435897435898,0.0,0.0,0.00641025641025641,0.00641025641025641,0.00641025641025641,0.0,0.1794871794871795,0.3616814304941408,0.21191811382723927,0.3627763352163474,0.1718806540648908,0.3357485088301244,0.1913103448407977,0.8397435897435898,0.5576923076923077,0.28205128205128205,0.00641025641025641,0.00641025641025641,0.21794871794871795,0.6853932584269663,0.27586206896551724,0.8275862068965517,0.06896551724137931,2,minasbate,low_resource
1046,177,26,4.531073446327683,6.8076923076923075,1.9152542372881356,37,0.15384615384615385,0.5988700564971752,0.005649717514124294,0.192090395480226,0.05649717514124294,0.1016949152542373,0.0,0.0,0.02824858757062147,0.0,0.0,0.0,0.2768361581920904,0.4002227155237648,0.26833210655426937,0.4087145453419242,0.20167360233713957,0.3726385619654984,0.20160363472106468,0.8983050847457628,0.6949152542372882,0.2033898305084746,0.0,0.02824858757062147,0.2937853107344633,0.7830188679245284,0.07692307692307693,0.038461538461538464,0.15384615384615385,2,minasbate,low_resource
1047,408,57,4.629901960784314,7.157894736842105,1.963235294117647,91,0.08771929824561403,0.4485294117647059,0.00980392156862745,0.12254901960784313,0.061274509803921566,0.12009803921568628,0.0,0.00980392156862745,0.03431372549019608,0.0,0.0024509803921568627,0.0,0.23774509803921567,0.4174726613198599,0.3213887559980774,0.4253317537551049,0.2771689350908828,0.41869765879744036,0.2789556035531476,0.9313725490196079,0.6838235294117647,0.24754901960784315,0.0024509803921568627,0.03431372549019608,0.25245098039215685,0.7486338797814208,0.03508771929824561,0.05263157894736842,0.08771929824561403,2,minasbate,low_resource
1048,126,19,4.595238095238095,6.631578947368421,2.0317460317460316,32,0.21052631578947367,0.4365079365079365,0.0,0.20634920634920634,0.015873015873015872,0.07142857142857142,0.0,0.015873015873015872,0.007936507936507936,0.0,0.0,0.0,0.23809523809523808,0.3708674571696003,0.24254441500988275,0.3540727070919522,0.1764001465292152,0.3583600891558719,0.26236113971857766,0.9126984126984127,0.6984126984126984,0.21428571428571427,0.007936507936507936,0.007936507936507936,0.3492063492063492,0.509090909090909,0.0,0.21052631578947367,0.21052631578947367,2,minasbate,low_resource
1049,275,63,4.338181818181818,4.365079365079365,1.778181818181818,44,0.19047619047619047,0.44363636363636366,0.0,0.16727272727272727,0.07636363636363637,0.09090909090909091,0.0,0.007272727272727273,0.03636363636363636,0.0,0.0,0.0,0.26181818181818184,0.3720198722452009,0.29056568096331425,0.38813433749352194,0.2246398275592132,0.38384118661613953,0.2930201081138497,0.7345454545454546,0.5709090909090909,0.16363636363636364,0.007272727272727273,0.03636363636363636,0.3090909090909091,0.680327868852459,0.07936507936507936,0.06349206349206349,0.19047619047619047,2,minasbate,low_resource
1050,306,58,4.5359477124183005,5.275862068965517,1.934640522875817,77,0.3103448275862069,0.39215686274509803,0.0032679738562091504,0.17973856209150327,0.07516339869281045,0.08496732026143791,0.0,0.0032679738562091504,0.029411764705882353,0.00980392156862745,0.0032679738562091504,0.0,0.2647058823529412,0.39369199208171607,0.3637928823365407,0.41408414486653566,0.32709089008826214,0.3551747667249852,0.32025912410709556,0.7320261437908497,0.6143790849673203,0.11764705882352941,0.006535947712418301,0.029411764705882353,0.3235294117647059,0.6583333333333333,0.034482758620689655,0.3620689655172414,0.3103448275862069,2,minasbate,low_resource
1051,450,43,4.0088888888888885,10.465116279069768,1.7155555555555555,69,0.5581395348837209,0.3711111111111111,0.0,0.23777777777777778,0.028888888888888888,0.11777777777777777,0.0,0.0044444444444444444,0.08444444444444445,0.0,0.0,0.0,0.28444444444444444,0.37800532497392353,0.3209116891115075,0.41177065064723173,0.3270439750009698,0.3845705904892629,0.2997167357748681,0.5977777777777777,0.5,0.09777777777777778,0.0022222222222222222,0.05333333333333334,0.31333333333333335,0.6586826347305389,0.09302325581395349,0.2558139534883721,0.5581395348837209,3,minasbate,low_resource
1052,151,13,4.622516556291391,11.615384615384615,1.9271523178807948,30,0.46153846153846156,0.47019867549668876,0.006622516556291391,0.1390728476821192,0.07947019867549669,0.11920529801324503,0.0,0.013245033112582781,0.006622516556291391,0.0,0.0,0.0,0.31125827814569534,0.3695266663273169,0.2643184595559667,0.3972559300704125,0.21746592627394565,0.3719691432323669,0.22527749678956766,0.847682119205298,0.6490066225165563,0.1986754966887417,0.0,0.0,0.304635761589404,0.676056338028169,0.0,0.07692307692307693,0.46153846153846156,3,minasbate,low_resource
1053,871,48,4.367393800229621,18.145833333333332,1.9242250287026406,189,1.9166666666666667,0.17221584385763491,0.0,0.09644087256027555,0.12055109070034443,0.15040183696900114,0.0,0.001148105625717566,0.001148105625717566,0.0,0.0,0.0,0.16991963260619977,0.3788033455634965,0.2921216825680928,0.3957145338527232,0.24200167866522748,0.3802644927432334,0.2221238191093375,0.7933409873708381,0.6486796785304249,0.1446613088404133,0.0057405281285878304,0.001148105625717566,0.27784156142365096,0.5,0.0,0.6041666666666666,1.9166666666666667,3,minasbate,low_resource
1054,258,42,4.713178294573644,6.142857142857143,2.0426356589147288,71,0.3333333333333333,0.41472868217054265,0.0,0.20155038759689922,0.06589147286821706,0.06976744186046512,0.0,0.0,0.003875968992248062,0.0,0.0,0.0,0.29069767441860467,0.41231329698186187,0.3407424127490953,0.44791387998636506,0.3163391763671445,0.4048449854421319,0.3125651560238699,0.7906976744186047,0.6550387596899225,0.13565891472868216,0.007751937984496124,0.003875968992248062,0.31007751937984496,0.6355140186915887,0.07142857142857142,0.16666666666666666,0.3333333333333333,3,minasbate,low_resource
1055,1073,102,4.491146318732525,10.519607843137255,1.9114631873252563,240,0.27450980392156865,0.3047530288909599,0.0009319664492078285,0.17614165890027958,0.05405405405405406,0.13140726933830382,0.0009319664492078285,0.004659832246039142,0.02982292637465051,0.0,0.001863932898415657,0.0,0.2767940354147251,0.4320035383370171,0.35637456486290575,0.4597540405734441,0.31220112513229414,0.4230086886539862,0.31813467022924924,0.8210624417520969,0.6421248835041938,0.17893755824790308,0.0009319664492078285,0.017707362534948742,0.2618825722273998,0.6299694189602446,0.09803921568627451,0.38235294117647056,0.27450980392156865,3,minasbate,low_resource
1056,833,89,4.3817527010804325,9.359550561797754,1.8883553421368546,195,0.19101123595505617,0.3217286914765906,0.0012004801920768306,0.20048019207683074,0.05402160864345738,0.13085234093637454,0.0,0.0024009603841536613,0.04201680672268908,0.0,0.0,0.0,0.234093637454982,0.37905653093851766,0.30729522753014005,0.41693430896579964,0.27277903515875207,0.3824916214008678,0.24075494350835,0.7887154861944778,0.5882352941176471,0.20048019207683074,0.0012004801920768306,0.015606242496998799,0.2725090036014406,0.6343283582089553,0.06741573033707865,0.12359550561797752,0.19101123595505617,3,minasbate,low_resource
1057,875,91,4.499428571428571,9.615384615384615,1.8845714285714286,188,0.3076923076923077,0.3485714285714286,0.0,0.19085714285714286,0.052571428571428575,0.104,0.0,0.0034285714285714284,0.06285714285714286,0.0034285714285714284,0.001142857142857143,0.0,0.30057142857142854,0.4026597267242897,0.39632915366415644,0.46824293650291443,0.38308860652253945,0.38774511163767017,0.3125991520679776,0.7805714285714286,0.6285714285714286,0.152,0.004571428571428572,0.03314285714285714,0.29714285714285715,0.6491803278688525,0.04395604395604396,0.31868131868131866,0.3076923076923077,3,minasbate,low_resource
1058,459,44,4.237472766884531,10.431818181818182,1.8540305010893245,105,1.1136363636363635,0.32461873638344224,0.002178649237472767,0.2440087145969499,0.032679738562091505,0.08714596949891068,0.0,0.004357298474945534,0.037037037037037035,0.0,0.0,0.0,0.21350762527233116,0.4188746880301852,0.36849157619062456,0.4380895126642258,0.3437456468738519,0.3809752029349455,0.3085544517985294,0.7320261437908496,0.5599128540305011,0.1721132897603486,0.004357298474945534,0.006535947712418301,0.28540305010893247,0.5234899328859061,0.1590909090909091,0.36363636363636365,1.1136363636363635,3,minasbate,low_resource
1059,625,61,4.3472,10.245901639344263,1.936,159,0.4918032786885246,0.288,0.0032,0.168,0.0608,0.1248,0.0,0.0048,0.0528,0.0,0.0,0.0,0.2192,0.39576463291867336,0.32809403079122695,0.4023485489038855,0.28031718434026337,0.3948266918964952,0.29623569272034056,0.7392,0.5424,0.1968,0.0016,0.0176,0.2592,0.5611111111111111,0.06557377049180328,0.4262295081967213,0.4918032786885246,3,minasbate,low_resource
1060,670,51,4.1850746268656716,13.137254901960784,1.7641791044776118,125,0.3333333333333333,0.32238805970149254,0.0,0.2507462686567164,0.06567164179104477,0.10746268656716418,0.0,0.0,0.025373134328358207,0.03582089552238806,0.0,0.0,0.24328358208955222,0.39879093024449114,0.32649555682224796,0.382501548539307,0.28302123012518604,0.37484126585455324,0.2923090377758312,0.7104477611940299,0.5940298507462687,0.11641791044776119,0.0014925373134328358,0.025373134328358207,0.3805970149253731,0.625,0.0784313725490196,0.21568627450980393,0.3333333333333333,3,minasbate,low_resource
1061,305,41,4.39344262295082,7.439024390243903,1.901639344262295,64,0.24390243902439024,0.380327868852459,0.0,0.2098360655737705,0.07540983606557378,0.09836065573770492,0.0,0.0,0.022950819672131147,0.0,0.0,0.0,0.15737704918032788,0.37306350624108886,0.3353703151505465,0.4076912921391919,0.25172002297954044,0.3912126140047769,0.28047865122586246,0.7737704918032787,0.5967213114754099,0.17704918032786884,0.01639344262295082,0.022950819672131147,0.36721311475409835,0.6637931034482759,0.14634146341463414,0.1951219512195122,0.24390243902439024,3,minasbate,low_resource
1062,842,100,4.362232779097387,8.42,1.847980997624703,175,0.36,0.33729216152019004,0.0,0.21021377672209027,0.0498812351543943,0.1377672209026128,0.0011876484560570072,0.0,0.022565320665083134,0.0035629453681710215,0.0,0.0011876484560570072,0.2660332541567696,0.422810390542326,0.35888598376054875,0.45105060664758845,0.3177258816433504,0.4111065615353644,0.261544516325107,0.7256532066508313,0.5688836104513064,0.15676959619952494,0.0011876484560570072,0.013064133016627079,0.27672209026128264,0.6338028169014085,0.12,0.26,0.36,3,minasbate,low_resource
1063,982,102,4.312627291242363,9.627450980392156,1.8930753564154785,214,0.4117647058823529,0.3034623217922607,0.0,0.21079429735234215,0.06109979633401222,0.10285132382892057,0.0,0.003054989816700611,0.034623217922606926,0.0,0.0010183299389002036,0.0,0.23828920570264767,0.40047109915987966,0.3442860341581031,0.43931905508268404,0.2806590659694215,0.39734307086309967,0.2503314368196503,0.7535641547861507,0.6059063136456212,0.14765784114052954,0.0,0.014256619144602852,0.2820773930753564,0.6308724832214765,0.06862745098039216,0.5686274509803921,0.4117647058823529,3,minasbate,low_resource
1064,533,31,4.26266416510319,17.193548387096776,1.825515947467167,114,0.4838709677419355,0.3714821763602251,0.0,0.1726078799249531,0.075046904315197,0.16135084427767354,0.0,0.009380863039399626,0.009380863039399626,0.0,0.0,0.0,0.22138836772983114,0.40410867484225416,0.33033818964564327,0.43775263445251683,0.3051631100069355,0.3857583147585369,0.2580889963934634,0.8030018761726079,0.6228893058161351,0.1801125703564728,0.005628517823639775,0.009380863039399626,0.28142589118198874,0.6313131313131313,0.03225806451612903,0.0967741935483871,0.4838709677419355,3,minasbate,low_resource
1065,249,25,4.385542168674699,9.96,1.9156626506024097,49,0.56,0.4497991967871486,0.004016064257028112,0.14457831325301204,0.04819277108433735,0.17670682730923695,0.0,0.004016064257028112,0.008032128514056224,0.0,0.0,0.0,0.14056224899598393,0.35262198648253784,0.2437063019195118,0.3927938109604557,0.21296391082661772,0.3703505092313979,0.17116658556421432,0.963855421686747,0.7389558232931727,0.2248995983935743,0.0,0.008032128514056224,0.24497991967871485,0.6607142857142857,0.0,0.16,0.56,3,minasbate,low_resource
1066,404,46,4.319306930693069,8.782608695652174,1.9183168316831682,83,0.17391304347826086,0.33910891089108913,0.0,0.17326732673267325,0.05198019801980198,0.0891089108910891,0.0,0.022277227722772276,0.007425742574257425,0.0,0.0024752475247524753,0.0,0.1485148514851485,0.3913499143771162,0.3698730344239857,0.42108374041859137,0.29606213535940384,0.3837042276054468,0.3155531104636108,0.9529702970297029,0.7326732673267327,0.2202970297029703,0.012376237623762377,0.007425742574257425,0.34405940594059403,0.6861313868613139,0.043478260869565216,0.0,0.17391304347826086,3,minasbate,low_resource
1067,471,51,4.246284501061571,9.235294117647058,1.8365180467091295,100,0.45098039215686275,0.40764331210191085,0.0,0.14437367303609341,0.07855626326963906,0.1337579617834395,0.0,0.004246284501061571,0.044585987261146494,0.0,0.0,0.004246284501061571,0.2208067940552017,0.4067443924517935,0.3645087725583122,0.43021721519990547,0.33396482698749225,0.40532849757709194,0.28562338817248906,0.8598726114649681,0.673036093418259,0.18683651804670912,0.004246284501061571,0.044585987261146494,0.3036093418259023,0.6770833333333334,0.0784313725490196,0.27450980392156865,0.45098039215686275,3,minasbate,low_resource
1068,355,37,4.52112676056338,9.594594594594595,1.847887323943662,68,0.7837837837837838,0.37464788732394366,0.0,0.15492957746478872,0.05070422535211268,0.11267605633802817,0.005633802816901409,0.016901408450704224,0.02535211267605634,0.0028169014084507044,0.0,0.0028169014084507044,0.28450704225352114,0.3738755050458432,0.3296410106644935,0.3936192149600676,0.2446916893141899,0.3579356897162114,0.27431542824402333,0.9042253521126761,0.7577464788732394,0.14647887323943662,0.0,0.011267605633802818,0.2563380281690141,0.556390977443609,0.0,0.43243243243243246,0.7837837837837838,3,minasbate,low_resource
1069,189,30,4.105820105820106,6.3,1.8148148148148149,27,0.4,0.4656084656084656,0.0,0.1693121693121693,0.06878306878306878,0.06349206349206349,0.0,0.021164021164021163,0.021164021164021163,0.0,0.0,0.0,0.24338624338624337,0.3676385421614454,0.2848495625738028,0.3676940986355849,0.20660417500604156,0.35150761824704163,0.2581158918777951,0.6455026455026456,0.5026455026455027,0.14285714285714285,0.005291005291005291,0.010582010582010581,0.2962962962962963,0.6704545454545454,0.16666666666666666,0.2,0.4,3,minasbate,low_resource
1070,1092,109,4.354395604395604,10.01834862385321,1.7866300366300367,218,0.4954128440366973,0.28205128205128205,0.0009157509157509158,0.19047619047619047,0.0695970695970696,0.13095238095238096,0.0018315018315018315,0.007326007326007326,0.037545787545787544,0.046703296703296704,0.0027472527472527475,0.0,0.32967032967032966,0.39570069530650676,0.3308048530244207,0.4397698886200924,0.272241780157066,0.3919260562368339,0.27953854586874133,0.7115384615384615,0.4908424908424908,0.2206959706959707,0.0009157509157509158,0.022893772893772892,0.28296703296703296,0.6136363636363636,0.14678899082568808,0.6788990825688074,0.4954128440366973,3,minasbate,low_resource
1071,292,21,4.417808219178082,13.904761904761905,1.8732876712328768,61,0.38095238095238093,0.4691780821917808,0.0,0.18493150684931506,0.06506849315068493,0.13013698630136986,0.0,0.0,0.0136986301369863,0.0,0.0,0.0,0.2191780821917808,0.3843849384423564,0.2849062506635484,0.39011086109041715,0.25043616406365354,0.3658853169381387,0.26073324149234023,0.845890410958904,0.6541095890410958,0.1917808219178082,0.003424657534246575,0.00684931506849315,0.2842465753424658,0.7153284671532847,0.0,0.2857142857142857,0.38095238095238093,3,minasbate,low_resource
1072,633,62,4.097946287519747,10.209677419354838,1.7883096366508688,100,0.5483870967741935,0.330173775671406,0.0,0.1721958925750395,0.05845181674565561,0.14533965244865718,0.001579778830963665,0.011058451816745656,0.02527646129541864,0.0,0.0,0.0,0.1990521327014218,0.4106740591350546,0.3841111287589908,0.41403956630990824,0.28012523023876207,0.4221093176623298,0.35033921838131826,0.6903633491311216,0.4976303317535545,0.19273301737756715,0.009478672985781991,0.020537124802527645,0.29067930489731436,0.6555023923444976,0.0967741935483871,0.3870967741935484,0.5483870967741935,3,minasbate,low_resource
1073,429,50,4.503496503496503,8.58,1.916083916083916,100,0.34,0.38694638694638694,0.0,0.1958041958041958,0.055944055944055944,0.13053613053613053,0.0,0.009324009324009324,0.009324009324009324,0.0,0.002331002331002331,0.0,0.2680652680652681,0.39448060961572645,0.33260813264404593,0.41507642230579667,0.31087014086347636,0.40407930839046474,0.2706523311945718,0.8065268065268065,0.662004662004662,0.1445221445221445,0.009324009324009324,0.006993006993006993,0.31002331002331,0.7168674698795181,0.04,0.08,0.34,3,minasbate,low_resource
1074,449,53,4.291759465478842,8.471698113207546,1.9153674832962138,89,0.4528301886792453,0.3897550111358575,0.0,0.21380846325167038,0.0400890868596882,0.11358574610244988,0.0,0.0022271714922048997,0.0200445434298441,0.0,0.0,0.0,0.19599109131403117,0.3940971995098944,0.3402684075463421,0.42524020829487325,0.3108602569919845,0.38137652385438675,0.2805169986186883,0.9510022271714922,0.6525612472160356,0.2984409799554566,0.0,0.0200445434298441,0.30066815144766146,0.6571428571428571,0.09433962264150944,0.2830188679245283,0.4528301886792453,3,minasbate,low_resource
1075,579,38,4.198618307426598,15.236842105263158,1.8048359240069085,89,0.8157894736842105,0.3799654576856649,0.0051813471502590676,0.23834196891191708,0.024179620034542316,0.10535405872193437,0.0,0.012089810017271158,0.025906735751295335,0.0,0.0,0.0,0.22279792746113988,0.3931839159474966,0.3490956757701871,0.4265279339409584,0.2929533867004221,0.3958036905582305,0.30891578422617405,0.7098445595854922,0.5613126079447323,0.14853195164075994,0.0,0.025906735751295335,0.2815198618307427,0.6318181818181818,0.07894736842105263,0.0,0.8157894736842105,3,minasbate,low_resource
1076,463,56,4.3585313174946005,8.267857142857142,1.8336933045356372,79,0.44642857142857145,0.38228941684665224,0.0,0.19870410367170627,0.04535637149028078,0.11231101511879049,0.0,0.0064794816414686825,0.038876889848812095,0.0,0.0,0.0,0.23542116630669546,0.401183186617992,0.31815029810139106,0.418716248377925,0.3016049934857874,0.38263316471118897,0.2521320574688198,0.7732181425485961,0.6004319654427646,0.17278617710583152,0.0021598272138228943,0.01511879049676026,0.27429805615550756,0.672316384180791,0.07142857142857142,0.35714285714285715,0.44642857142857145,3,minasbate,low_resource
1077,442,51,4.0656108597285066,8.666666666666666,1.8190045248868778,82,0.3137254901960784,0.3190045248868778,0.0022624434389140274,0.19909502262443438,0.06787330316742081,0.13122171945701358,0.0,0.0022624434389140274,0.0022624434389140274,0.0022624434389140274,0.0,0.0,0.14027149321266968,0.35345115922832165,0.2651051760421035,0.3918968828234037,0.24509135683670905,0.3560239277492127,0.2012278751549229,0.8054298642533937,0.6561085972850679,0.1493212669683258,0.0,0.0022624434389140274,0.2918552036199095,0.5390070921985816,0.058823529411764705,0.23529411764705882,0.3137254901960784,3,minasbate,low_resource
1078,523,45,4.466539196940727,11.622222222222222,1.8374760994263861,113,0.13333333333333333,0.372848948374761,0.0,0.17208413001912046,0.05927342256214149,0.12810707456978968,0.0,0.0076481835564053535,0.07074569789674952,0.0,0.0019120458891013384,0.0,0.3441682600382409,0.4288441259252077,0.3782914021236687,0.442860045117482,0.32325620849454345,0.384843788393188,0.2991426772216087,0.8565965583173996,0.6500956022944551,0.20650095602294455,0.0038240917782026767,0.021032504780114723,0.2638623326959847,0.6666666666666666,0.022222222222222223,0.0,0.13333333333333333,3,minasbate,low_resource
1079,431,35,4.403712296983759,12.314285714285715,1.8747099767981439,76,0.2,0.3503480278422274,0.0,0.15081206496519722,0.03944315545243619,0.14153132250580047,0.0069605568445475635,0.002320185614849188,0.06496519721577726,0.0,0.0,0.0,0.2273781902552204,0.37651419475379444,0.3460004613585424,0.4155991290822445,0.29464155607649967,0.37018976588199737,0.27822164545881994,0.9791183294663572,0.7494199535962877,0.2296983758700696,0.0,0.02320185614849188,0.2296983758700696,0.5761589403973509,0.0,0.0,0.2,3,minasbate,low_resource
1080,1201,92,4.049125728559534,13.054347826086957,1.7751873438801,183,0.9239130434782609,0.23480432972522897,0.002497918401332223,0.20233139050791007,0.07993338884263114,0.11323896752706078,0.0,0.002497918401332223,0.03746877601998335,0.0,0.0,0.0,0.18484596169858453,0.41223685272379235,0.3377467784050235,0.44056043708149906,0.30952902972848617,0.41567172535482344,0.31654364500726934,0.7352206494587843,0.5678601165695254,0.16736053288925895,0.00749375520399667,0.03413821815154038,0.33721898417985013,0.5567375886524822,0.2608695652173913,0.010869565217391304,0.9239130434782609,3,minasbate,low_resource
1081,432,45,4.298611111111111,9.6,1.8958333333333333,90,0.35555555555555557,0.36342592592592593,0.0,0.2175925925925926,0.046296296296296294,0.12268518518518519,0.0,0.004629629629629629,0.009259259259259259,0.0,0.0023148148148148147,0.0,0.16898148148148148,0.3769184494860198,0.33102475483711585,0.40663231610605133,0.23438238009930443,0.3824037432148648,0.27517438185671084,0.8356481481481481,0.6898148148148148,0.14583333333333334,0.011574074074074073,0.006944444444444444,0.3148148148148148,0.6878980891719745,0.06666666666666667,0.24444444444444444,0.35555555555555557,3,minasbate,low_resource
1082,307,36,4.270358306188925,8.527777777777779,1.8664495114006514,51,0.2777777777777778,0.46254071661237783,0.0,0.20521172638436483,0.05211726384364821,0.11074918566775244,0.0,0.006514657980456026,0.016286644951140065,0.0,0.0,0.0,0.20846905537459284,0.3988472674143523,0.34254892758610656,0.4348948722025885,0.31193786226131653,0.3786027709310616,0.2515953725432243,0.8175895765472312,0.6449511400651465,0.17263843648208468,0.0,0.016286644951140065,0.28013029315960913,0.704225352112676,0.1111111111111111,0.5,0.2777777777777778,3,minasbate,low_resource
1083,346,70,3.8554913294797686,4.942857142857143,1.7890173410404624,48,0.2,0.1936416184971098,0.0,0.16184971098265896,0.05491329479768786,0.08670520231213873,0.0,0.008670520231213872,0.0,0.0,0.0,0.0,0.12427745664739884,0.27648226090960143,0.17731997465248364,0.2781542959837607,0.16045554557819444,0.22841571906178568,0.15616800914064582,0.4942196531791907,0.430635838150289,0.06358381502890173,0.0,0.0,0.2514450867052023,0.5373134328358209,0.18571428571428572,0.3,0.2,3,minasbate,low_resource
1084,338,39,4.5,8.666666666666666,1.955621301775148,78,0.38461538461538464,0.41420118343195267,0.0,0.17751479289940827,0.07100591715976332,0.10355029585798817,0.0,0.008875739644970414,0.020710059171597635,0.0,0.0029585798816568047,0.0,0.28106508875739644,0.4284875407383249,0.31504335259355615,0.4307300967275456,0.2502487256368853,0.4090170688319646,0.28411910730319057,0.8372781065088758,0.6390532544378699,0.19822485207100593,0.0029585798816568047,0.01775147928994083,0.3047337278106509,0.6428571428571429,0.1282051282051282,0.3076923076923077,0.38461538461538464,3,minasbate,low_resource
1085,346,34,4.364161849710983,10.176470588235293,1.8786127167630058,81,0.7941176470588235,0.4393063583815029,0.011560693641618497,0.2138728323699422,0.07514450867052024,0.10115606936416185,0.0,0.005780346820809248,0.02601156069364162,0.005780346820809248,0.0,0.0,0.2514450867052023,0.3747062828048897,0.2135526941548446,0.3747729693119086,0.19974633005200595,0.3878977976410532,0.19993855225588827,0.7601156069364161,0.569364161849711,0.1907514450867052,0.03468208092485549,0.014450867052023121,0.32947976878612717,0.6776315789473685,0.0,0.29411764705882354,0.7941176470588235,3,minasbate,low_resource
1086,1014,107,4.517751479289941,9.476635514018692,1.9201183431952662,232,0.4485981308411215,0.3116370808678501,0.0019723865877712033,0.20019723865877712,0.045364891518737675,0.11735700197238659,0.0009861932938856016,0.005917159763313609,0.015779092702169626,0.0,0.0,0.0,0.2564102564102564,0.41475218704902594,0.3492025600837925,0.4385262458696437,0.29433664439968193,0.41000368184134944,0.3048464555171113,0.8007889546351086,0.6351084812623274,0.16568047337278108,0.006903353057199211,0.015779092702169626,0.2988165680473373,0.6455696202531646,0.08411214953271028,0.42990654205607476,0.4485981308411215,3,minasbate,low_resource
1087,640,52,3.909375,12.307692307692308,1.653125,58,0.7884615384615384,0.2921875,0.0,0.1453125,0.0765625,0.16875,0.0,0.0109375,0.05,0.0,0.0,0.0,0.2375,0.41346123748336844,0.37535999819158156,0.42945891703881167,0.32979432517874635,0.40889797133218453,0.3233851650491282,0.796875,0.6515625,0.1453125,0.009375,0.05,0.3234375,0.5561497326203209,0.057692307692307696,0.21153846153846154,0.7884615384615384,3,minasbate,low_resource
1088,422,51,4.355450236966824,8.27450980392157,1.8436018957345972,97,0.058823529411764705,0.3080568720379147,0.0,0.1966824644549763,0.08530805687203792,0.10900473933649289,0.0,0.0,0.054502369668246446,0.002369668246445498,0.0,0.0,0.24170616113744076,0.37080537578468725,0.2889910660522137,0.41428372899432353,0.2892890305116423,0.3654375874317439,0.23570543276359807,0.8957345971563981,0.6706161137440758,0.22511848341232227,0.002369668246445498,0.026066350710900472,0.3222748815165877,0.6307692307692307,0.0196078431372549,0.19607843137254902,0.058823529411764705,3,minasbate,low_resource
1089,451,75,4.512195121951219,6.013333333333334,1.8403547671840355,83,0.3466666666666667,0.37472283813747226,0.0022172949002217295,0.23503325942350334,0.03547671840354767,0.07317073170731707,0.0,0.0,0.07317073170731707,0.0,0.0,0.0,0.3237250554323725,0.4228933572954208,0.3482630444227525,0.447497463221049,0.2731868908859774,0.4032326775897632,0.29072062549378697,0.7272727272727273,0.565410199556541,0.16186252771618626,0.0022172949002217295,0.031042128603104215,0.2926829268292683,0.6745562130177515,0.05333333333333334,0.28,0.3466666666666667,3,minasbate,low_resource
1090,97,8,4.494845360824742,12.125,1.9690721649484537,20,0.625,0.5360824742268041,0.0,0.2268041237113402,0.09278350515463918,0.030927835051546393,0.0,0.0,0.010309278350515464,0.0,0.0,0.0,0.29896907216494845,0.350418180266738,0.28414058362295985,0.37197763230742215,0.28065403033707265,0.30471853742824595,0.2494114388684716,0.7525773195876289,0.7010309278350515,0.05154639175257732,0.0,0.010309278350515464,0.41237113402061853,0.7307692307692307,0.0,0.0,0.625,3,minasbate,low_resource
1091,719,67,4.242002781641168,10.73134328358209,1.82336578581363,130,0.7164179104477612,0.3157162726008345,0.0013908205841446453,0.23087621696801114,0.04172461752433936,0.12656467315716272,0.0,0.0027816411682892906,0.027816411682892908,0.0,0.0,0.0,0.21696801112656466,0.41006915363907503,0.3134843031212222,0.43747181385390016,0.30883792802450916,0.41726511643323344,0.2746842580811935,0.7566063977746871,0.5841446453407511,0.17246175243393602,0.005563282336578581,0.022253129346314324,0.3101529902642559,0.6167400881057269,0.13432835820895522,0.4925373134328358,0.7164179104477612,3,minasbate,low_resource
1092,382,39,4.319371727748691,9.794871794871796,1.850785340314136,78,0.4358974358974359,0.3795811518324607,0.0,0.15968586387434555,0.07068062827225131,0.1544502617801047,0.0,0.002617801047120419,0.034031413612565446,0.0,0.0,0.0,0.22251308900523561,0.40815742487128037,0.3370251222167117,0.4179595454008525,0.25455721164181777,0.40514764558249766,0.2673065829757022,0.8560209424083769,0.6675392670157068,0.18848167539267016,0.0,0.034031413612565446,0.2774869109947644,0.6068965517241379,0.05128205128205128,0.41025641025641024,0.4358974358974359,3,minasbate,low_resource
1093,740,88,4.364864864864865,8.409090909090908,1.8108108108108107,134,0.23863636363636365,0.3689189189189189,0.005405405405405406,0.17297297297297298,0.052702702702702706,0.10540540540540541,0.032432432432432434,0.012162162162162163,0.03783783783783784,0.008108108108108109,0.004054054054054054,0.0013513513513513514,0.3567567567567568,0.4042815301554472,0.3601350594699424,0.4292021218946508,0.31336683453129066,0.3820078272806276,0.3232949022655938,0.7027027027027026,0.5689189189189189,0.13378378378378378,0.005405405405405406,0.024324324324324326,0.2554054054054054,0.6117216117216118,0.11363636363636363,0.19318181818181818,0.23863636363636365,3,minasbate,low_resource
1094,529,47,4.223062381852552,11.25531914893617,1.7372400756143667,99,0.3617021276595745,0.3516068052930057,0.001890359168241966,0.23629489603024575,0.03213610586011342,0.15689981096408318,0.001890359168241966,0.005671077504725898,0.022684310018903593,0.0,0.005671077504725898,0.0,0.2608695652173913,0.41091965335101394,0.3201695781563004,0.4467093909241731,0.2617644546922021,0.42028122428451475,0.25612424216825763,0.77882797731569,0.6294896030245747,0.14933837429111532,0.0,0.022684310018903593,0.31379962192816635,0.6559139784946236,0.02127659574468085,0.23404255319148937,0.3617021276595745,3,minasbate,low_resource
1095,670,81,3.973134328358209,8.271604938271604,1.7134328358208955,78,0.43209876543209874,0.26865671641791045,0.014925373134328358,0.20746268656716418,0.07462686567164178,0.11791044776119403,0.0014925373134328358,0.004477611940298508,0.028358208955223882,0.0,0.0,0.0,0.22686567164179106,0.4067963834194984,0.3100248247176486,0.43167939703551067,0.27100379947270953,0.4026040090399458,0.27811547672271286,0.7253731343283583,0.5686567164179105,0.15671641791044777,0.0014925373134328358,0.011940298507462687,0.3044776119402985,0.5222222222222223,0.18518518518518517,0.2962962962962963,0.43209876543209874,3,minasbate,low_resource
1096,314,40,4.270700636942675,7.85,1.805732484076433,57,0.5,0.43630573248407645,0.0,0.18152866242038215,0.054140127388535034,0.10828025477707007,0.0,0.012738853503184714,0.028662420382165606,0.0,0.0031847133757961785,0.0,0.2484076433121019,0.3591868101087985,0.31263682233072626,0.4001010862453567,0.2680290126638811,0.3988069455950987,0.32655959593655115,0.7292993630573248,0.5477707006369427,0.18152866242038215,0.0,0.025477707006369428,0.23885350318471338,0.708029197080292,0.15,0.475,0.5,3,minasbate,low_resource
1097,208,35,4.591346153846154,5.942857142857143,1.9134615384615385,48,0.0,0.5432692307692307,0.0,0.16826923076923078,0.052884615384615384,0.10096153846153846,0.0,0.0,0.04326923076923077,0.028846153846153848,0.0,0.0,0.3125,0.3827527976810677,0.28671437835783714,0.42406563755060556,0.24601040820888054,0.37176478709490196,0.23572400578723388,0.7644230769230769,0.5432692307692307,0.22115384615384615,0.0,0.03365384615384615,0.25961538461538464,0.7699115044247787,0.08571428571428572,0.11428571428571428,0.0,3,minasbate,low_resource
1098,506,55,4.596837944664031,9.2,1.8853754940711462,101,0.3090909090909091,0.4209486166007905,0.003952569169960474,0.17193675889328064,0.05928853754940711,0.116600790513834,0.007905138339920948,0.023715415019762844,0.011857707509881422,0.007905138339920948,0.001976284584980237,0.0,0.308300395256917,0.3986215439715766,0.36268610217021846,0.44089082947580993,0.32409351140883147,0.39363327348130583,0.27645063213634824,0.9980237154150198,0.7984189723320159,0.19960474308300397,0.007905138339920948,0.009881422924901186,0.25889328063241107,0.6713615023474179,0.07272727272727272,0.2,0.3090909090909091,3,minasbate,low_resource
1099,196,23,4.561224489795919,8.521739130434783,1.8673469387755102,44,0.6956521739130435,0.5459183673469388,0.00510204081632653,0.17857142857142858,0.09183673469387756,0.07142857142857142,0.00510204081632653,0.015306122448979591,0.05102040816326531,0.0,0.0,0.0,0.3469387755102041,0.3761576341133645,0.35279169523718035,0.3950207493411483,0.33521228030230504,0.37944835697211726,0.34517884309054064,0.7346938775510203,0.5153061224489796,0.2193877551020408,0.01020408163265306,0.05102040816326531,0.3112244897959184,0.7663551401869159,0.34782608695652173,0.08695652173913043,0.6956521739130435,3,minasbate,low_resource
1100,906,94,4.080573951434879,9.638297872340425,1.7560706401766004,156,0.35106382978723405,0.3333333333333333,0.0033112582781456954,0.1986754966887417,0.0684326710816777,0.10706401766004416,0.005518763796909493,0.01434878587196468,0.06512141280353201,0.005518763796909493,0.002207505518763797,0.0011037527593818985,0.2229580573951435,0.4357161247393321,0.35218744195434326,0.4288570896311385,0.3094912751553922,0.406499142599649,0.324575838540394,0.7240618101545253,0.5596026490066225,0.16445916114790288,0.0033112582781456954,0.012141280353200883,0.25165562913907286,0.6754966887417219,0.11702127659574468,0.4574468085106383,0.35106382978723405,3,minasbate,low_resource
1101,259,35,4.45945945945946,7.4,1.8803088803088803,51,0.5142857142857142,0.3474903474903475,0.0,0.138996138996139,0.0694980694980695,0.14671814671814673,0.0,0.003861003861003861,0.011583011583011582,0.0,0.015444015444015444,0.0,0.2625482625482625,0.35280296919547854,0.29247725978219924,0.35804428716019127,0.2337938175487813,0.3548913878089094,0.24450756708476146,0.8416988416988417,0.6293436293436293,0.21235521235521235,0.0,0.007722007722007722,0.2277992277992278,0.5333333333333333,0.05714285714285714,0.4,0.5142857142857142,3,minasbate,low_resource
1102,290,29,5.117241379310345,10.0,2.0482758620689654,86,1.5517241379310345,0.5689655172413793,0.0,0.11379310344827587,0.06896551724137931,0.13448275862068965,0.0,0.0,0.034482758620689655,0.0,0.0,0.0,0.32413793103448274,0.42330772478249895,0.3670711408215329,0.44975645832478534,0.37519259244380876,0.41478378356423207,0.27461411304111544,1.0551724137931033,0.8103448275862069,0.24482758620689654,0.0,0.034482758620689655,0.23793103448275862,0.8303030303030303,0.13793103448275862,0.2413793103448276,1.5517241379310345,3,minasbate,low_resource
1103,500,52,4.558,9.615384615384615,1.924,109,0.40384615384615385,0.428,0.0,0.132,0.042,0.168,0.0,0.006,0.044,0.0,0.0,0.0,0.226,0.40961919241492956,0.32934749723250095,0.42872836986059876,0.31624092455772074,0.4001908522541449,0.24208178132794836,0.9259999999999999,0.724,0.202,0.006,0.022,0.204,0.6915887850467289,0.17307692307692307,0.28846153846153844,0.40384615384615385,3,minasbate,low_resource
1104,278,33,3.9928057553956835,8.424242424242424,1.6942446043165467,40,0.2727272727272727,0.3776978417266187,0.0,0.19784172661870503,0.0683453237410072,0.1079136690647482,0.0,0.0,0.11870503597122302,0.0,0.0,0.0,0.2733812949640288,0.3478136093636002,0.28377419350004085,0.35997168961138515,0.21771048739654786,0.3394482839199607,0.28623409772911984,0.7122302158273381,0.5863309352517986,0.12589928057553956,0.0035971223021582736,0.0035971223021582736,0.2805755395683453,0.6571428571428571,0.09090909090909091,0.3333333333333333,0.2727272727272727,3,minasbate,low_resource
1105,421,50,4.351543942992874,8.42,1.9216152019002375,96,0.24,0.3491686460807601,0.0,0.22802850356294538,0.0498812351543943,0.12114014251781473,0.0023752969121140144,0.0023752969121140144,0.021377672209026127,0.0,0.0,0.0,0.2161520190023753,0.3644088484838583,0.28595404452493406,0.39384938043297724,0.2617236152707945,0.3759059701415863,0.23756697867868148,0.817102137767221,0.6793349168646081,0.1377672209026128,0.0,0.019002375296912115,0.32779097387173395,0.6598639455782312,0.04,0.26,0.24,3,minasbate,low_resource
1106,394,52,4.413705583756345,7.576923076923077,1.8426395939086295,83,0.2692307692307692,0.4137055837563452,0.0,0.20304568527918782,0.0532994923857868,0.10152284263959391,0.0,0.027918781725888325,0.03553299492385787,0.0,0.0,0.0,0.3096446700507614,0.40392421409761275,0.33310043427767133,0.4307812651244231,0.3010668021518616,0.40573493229092555,0.2665041018077224,0.6852791878172589,0.5685279187817259,0.116751269035533,0.005076142131979695,0.017766497461928935,0.27411167512690354,0.6748466257668712,0.09615384615384616,0.3269230769230769,0.2692307692307692,3,minasbate,low_resource
1107,254,37,4.346456692913386,6.864864864864865,1.9173228346456692,52,0.16216216216216217,0.4881889763779528,0.0,0.18110236220472442,0.05905511811023622,0.1141732283464567,0.007874015748031496,0.007874015748031496,0.003937007874015748,0.003937007874015748,0.0,0.0,0.18503937007874016,0.42188312197370104,0.3674595223395788,0.4215605418083792,0.30631953705920256,0.40334240678424704,0.31065104484869144,0.9488188976377953,0.7480314960629921,0.20078740157480315,0.011811023622047244,0.003937007874015748,0.3110236220472441,0.7419354838709677,0.02702702702702703,0.10810810810810811,0.16216216216216217,3,minasbate,low_resource
1108,516,56,4.271317829457364,9.214285714285714,1.8275193798449612,98,0.2857142857142857,0.3643410852713178,0.001937984496124031,0.2189922480620155,0.050387596899224806,0.1298449612403101,0.0,0.005813953488372093,0.023255813953488372,0.0,0.0,0.0,0.22286821705426357,0.4384422405905502,0.37064386517479375,0.4505725975288094,0.3179655569678594,0.41003702170646245,0.30310558131016724,0.874031007751938,0.6841085271317829,0.18992248062015504,0.009689922480620155,0.023255813953488372,0.313953488372093,0.6648936170212766,0.0,0.25,0.2857142857142857,3,minasbate,low_resource
1109,429,52,4.372960372960373,8.25,1.8694638694638694,93,0.34615384615384615,0.3986013986013986,0.0,0.2097902097902098,0.039627039627039624,0.10955710955710955,0.002331002331002331,0.046620046620046623,0.016317016317016316,0.0,0.0,0.0,0.2331002331002331,0.37715313489327495,0.30635681323138747,0.39891745103590764,0.27240734753790535,0.3561585974982033,0.27737535294960686,0.7715617715617716,0.5920745920745921,0.1794871794871795,0.018648018648018648,0.016317016317016316,0.2937062937062937,0.631578947368421,0.019230769230769232,0.34615384615384615,0.34615384615384615,3,minasbate,low_resource
1110,361,36,4.409972299168975,10.027777777777779,1.89196675900277,80,0.75,0.4293628808864266,0.0,0.21052631578947367,0.05263157894736842,0.09695290858725762,0.0,0.00554016620498615,0.030470914127423823,0.0,0.0,0.0,0.3047091412742382,0.4046234311898484,0.31280156905667217,0.43522853835459746,0.3047498686064646,0.3891534420709064,0.2540884248172601,0.7867036011080333,0.6371191135734072,0.14958448753462603,0.002770083102493075,0.030470914127423823,0.3296398891966759,0.6645161290322581,0.08333333333333333,0.3333333333333333,0.75,3,minasbate,low_resource
1111,864,86,4.284722222222222,10.046511627906977,1.8310185185185186,170,0.32558139534883723,0.2789351851851852,0.0011574074074074073,0.24074074074074073,0.04513888888888889,0.10185185185185185,0.0,0.004629629629629629,0.05324074074074074,0.0,0.0,0.0,0.24305555555555555,0.43344668666545116,0.41248182775079684,0.43976367034758174,0.3242748715397692,0.4288820515409366,0.3444344178568836,0.7534722222222222,0.6006944444444444,0.1527777777777778,0.005787037037037037,0.004629629629629629,0.2789351851851852,0.5975103734439834,0.18604651162790697,0.46511627906976744,0.32558139534883723,3,minasbate,low_resource
1112,93,13,4.10752688172043,7.153846153846154,1.8602150537634408,15,0.15384615384615385,0.5698924731182796,0.0,0.13978494623655913,0.0967741935483871,0.07526881720430108,0.0,0.0,0.010752688172043012,0.0,0.0,0.0,0.17204301075268819,0.3269942276918376,0.20740950876548067,0.33570715097504955,0.1596364800486406,0.3389450527657521,0.19001261930980404,0.8387096774193549,0.5698924731182796,0.26881720430107525,0.010752688172043012,0.010752688172043012,0.3225806451612903,0.6981132075471698,0.15384615384615385,0.0,0.15384615384615385,3,minasbate,low_resource
1113,734,86,4.008174386920981,8.534883720930232,1.7561307901907357,97,0.3953488372093023,0.276566757493188,0.006811989100817439,0.16621253405994552,0.05313351498637602,0.14032697547683923,0.0013623978201634877,0.008174386920980926,0.02997275204359673,0.0,0.0013623978201634877,0.0,0.19209809264305178,0.41854611097184374,0.3837020132991322,0.4346034456176369,0.310361155419781,0.4023805007200902,0.3180998575518587,0.7425068119891008,0.5803814713896458,0.16212534059945505,0.005449591280653951,0.02997275204359673,0.27520435967302453,0.5615763546798029,0.05813953488372093,0.3023255813953488,0.3953488372093023,3,minasbate,low_resource
1114,560,50,4.3410714285714285,11.2,1.8178571428571428,109,0.4,0.3535714285714286,0.0,0.21071428571428572,0.04642857142857143,0.10357142857142858,0.0,0.007142857142857143,0.0875,0.0,0.0,0.0,0.2910714285714286,0.3738229363395522,0.31274796821940276,0.39791125521999604,0.292345067231329,0.3798262220461038,0.2710127350569278,0.675,0.5357142857142857,0.1392857142857143,0.0,0.04642857142857143,0.3107142857142857,0.6414141414141414,0.06,0.4,0.4,3,minasbate,low_resource
1115,381,85,4.742782152230971,4.482352941176471,1.958005249343832,90,0.36470588235294116,0.4146981627296588,0.0,0.12860892388451445,0.06824146981627296,0.13123359580052493,0.0,0.0026246719160104987,0.015748031496062992,0.0,0.0,0.0,0.33070866141732286,0.3976059664122107,0.2890064947193888,0.4481739570426658,0.32832511133651343,0.37407458138387245,0.22373680441956628,0.9973753280839894,0.7296587926509186,0.2677165354330709,0.005249343832020997,0.015748031496062992,0.25196850393700787,0.6962025316455697,0.0,0.1411764705882353,0.36470588235294116,3,minasbate,low_resource
1116,440,40,4.388636363636364,11.0,1.8977272727272727,74,0.6,0.375,0.0,0.19545454545454546,0.031818181818181815,0.11363636363636363,0.0,0.004545454545454545,0.006818181818181818,0.0,0.0022727272727272726,0.0,0.225,0.396031913979681,0.3791191377414032,0.40232670575321317,0.2883354865455867,0.37765312885770935,0.33084175368348234,0.8545454545454545,0.6772727272727272,0.17727272727272728,0.0022727272727272726,0.006818181818181818,0.2727272727272727,0.6424242424242425,0.05,0.35,0.6,3,minasbate,low_resource
1117,779,60,4.521181001283697,12.983333333333333,1.913992297817715,183,0.4166666666666667,0.33504492939666236,0.0038510911424903724,0.16944801026957637,0.07317073170731707,0.15661103979460847,0.0012836970474967907,0.0012836970474967907,0.04236200256739409,0.0025673940949935813,0.0,0.0,0.2926829268292683,0.3864958132543306,0.35912944385324413,0.42398054406548363,0.28308651539143265,0.37692074749241633,0.24424113789951057,0.8664955070603337,0.675224646983312,0.19127086007702182,0.0,0.029525032092426188,0.27471116816431324,0.6513409961685823,0.1,0.18333333333333332,0.4166666666666667,3,minasbate,low_resource
1118,259,43,4.32046332046332,6.023255813953488,1.864864864864865,39,0.6046511627906976,0.3474903474903475,0.0,0.22007722007722008,0.019305019305019305,0.09266409266409266,0.0,0.019305019305019305,0.0,0.0,0.0,0.0,0.19305019305019305,0.40633689732722245,0.36804944655087446,0.42368297727568,0.3148824383047318,0.3939747080005583,0.35122336613901933,0.8108108108108109,0.6486486486486487,0.16216216216216217,0.0,0.0,0.23552123552123552,0.5222222222222223,0.09302325581395349,0.5581395348837209,0.6046511627906976,3,minasbate,low_resource
1119,153,22,4.633986928104576,6.954545454545454,1.8366013071895424,30,0.5909090909090909,0.43790849673202614,0.0,0.16993464052287582,0.0,0.05228758169934641,0.032679738562091505,0.0457516339869281,0.10457516339869281,0.0,0.0,0.0,0.3464052287581699,0.36245034206972443,0.3332374635525764,0.35962522491759696,0.2811233820682085,0.3811618384334447,0.33527658695266993,0.7516339869281046,0.5882352941176471,0.16339869281045752,0.006535947712418301,0.10457516339869281,0.22875816993464052,0.6119402985074627,0.045454545454545456,0.5454545454545454,0.5909090909090909,1,karay-a,low_resource
1120,84,14,4.25,6.0,1.7857142857142858,15,0.21428571428571427,0.4880952380952381,0.0,0.09523809523809523,0.0,0.05952380952380952,0.09523809523809523,0.07142857142857142,0.10714285714285714,0.0,0.0,0.0,0.47619047619047616,0.2817978697296011,0.2285182585140342,0.2500743251858192,0.23446927088768327,0.2733947106559206,0.2595810056184605,0.6785714285714286,0.44047619047619047,0.23809523809523808,0.011904761904761904,0.10714285714285714,0.20238095238095238,0.7073170731707317,0.07142857142857142,1.0,0.21428571428571427,1,karay-a,low_resource
1121,39,3,4.256410256410256,13.0,1.8461538461538463,10,1.6666666666666667,0.5384615384615384,0.0,0.3333333333333333,0.0,0.07692307692307693,0.02564102564102564,0.0,0.02564102564102564,0.0,0.0,0.0,0.23076923076923078,0.2663881705243284,0.14544642843794195,0.2728930787508752,0.09916727893954906,0.2550503376798185,0.0866615459873217,0.48717948717948717,0.358974358974359,0.1282051282051282,0.0,0.0,0.07692307692307693,0.5714285714285714,0.0,0.0,1.6666666666666667,1,karay-a,low_resource
1122,135,19,4.4148148148148145,7.105263157894737,1.8962962962962964,23,0.21052631578947367,0.28888888888888886,0.0,0.05185185185185185,0.0,0.02962962962962963,0.13333333333333333,0.02962962962962963,0.11851851851851852,0.0,0.0,0.0,0.4222222222222222,0.3044017929939001,0.27898366800097324,0.28133330075554047,0.2545437511804712,0.2997069757534296,0.28767312840387854,0.8666666666666667,0.6518518518518519,0.21481481481481482,0.0,0.11851851851851852,0.2518518518518518,0.5128205128205128,0.0,0.0,0.21052631578947367,1,karay-a,low_resource
1123,174,19,4.103448275862069,9.157894736842104,1.6839080459770115,19,1.0,0.367816091954023,0.011494252873563218,0.07471264367816093,0.005747126436781609,0.07471264367816093,0.07471264367816093,0.040229885057471264,0.14367816091954022,0.040229885057471264,0.0,0.0,0.4482758620689655,0.34009721712758867,0.3114132696414928,0.3645383149237637,0.2868512831267249,0.3584139546866722,0.33057222160629834,0.7988505747126438,0.5574712643678161,0.2413793103448276,0.0,0.13793103448275862,0.1781609195402299,0.546875,0.21052631578947367,0.0,1.0,1,karay-a,low_resource
1124,237,28,4.586497890295359,8.464285714285714,1.9029535864978904,47,0.39285714285714285,0.38396624472573837,0.0,0.11392405063291139,0.008438818565400843,0.10970464135021098,0.05907172995780591,0.02531645569620253,0.06329113924050633,0.0,0.0,0.0,0.4050632911392405,0.4274421062961154,0.3753530365895579,0.4246518496714774,0.3461708283589562,0.42509279848395326,0.3630255611070742,1.0042194092827004,0.7130801687763713,0.2911392405063291,0.0,0.05485232067510549,0.20675105485232068,0.5824175824175825,0.14285714285714285,0.4642857142857143,0.39285714285714285,1,karay-a,low_resource
1125,70,10,5.142857142857143,7.0,2.157142857142857,22,0.1,0.5571428571428572,0.0,0.18571428571428572,0.0,0.014285714285714285,0.04285714285714286,0.02857142857142857,0.11428571428571428,0.0,0.0,0.0,0.4714285714285714,0.25863255617352293,0.2014523955468015,0.2884743851831984,0.21871819189856653,0.26575421528749804,0.23123228465672513,0.8,0.6285714285714286,0.17142857142857143,0.0,0.11428571428571428,0.2,0.6666666666666666,0.0,0.0,0.1,1,karay-a,low_resource
1126,108,13,3.675925925925926,8.307692307692308,1.5277777777777777,12,0.38461538461538464,0.35185185185185186,0.0,0.16666666666666666,0.0,0.2037037037037037,0.1111111111111111,0.046296296296296294,0.05555555555555555,0.0,0.0,0.0,0.3055555555555556,0.3074520016926355,0.2535018973469974,0.3256201520131533,0.2564662932032758,0.3073351456296365,0.2001547105821134,0.6296296296296297,0.4722222222222222,0.1574074074074074,0.0,0.046296296296296294,0.23148148148148148,0.39473684210526316,0.0,0.0,0.38461538461538464,1,karay-a,low_resource
1127,86,19,4.686046511627907,4.526315789473684,1.8837209302325582,17,0.42105263157894735,0.47674418604651164,0.0,0.12790697674418605,0.0,0.03488372093023256,0.05813953488372093,0.046511627906976744,0.11627906976744186,0.0,0.0,0.0,0.47674418604651164,0.3428463858474523,0.25630343432691494,0.30690318305605335,0.20462426057867855,0.35690589979994763,0.248690518657785,0.6976744186046512,0.5,0.19767441860465115,0.0,0.046511627906976744,0.18604651162790697,0.5853658536585366,0.21052631578947367,0.6842105263157895,0.42105263157894735,1,karay-a,low_resource
1128,76,13,4.657894736842105,5.846153846153846,1.9605263157894737,19,0.9230769230769231,0.4605263157894737,0.0,0.2631578947368421,0.0,0.039473684210526314,0.0,0.07894736842105263,0.02631578947368421,0.0,0.0,0.0,0.2894736842105263,0.2529295711268899,0.16081754390653472,0.2359684304760327,0.16318777063770248,0.2556081348662204,0.13893619657755563,0.9473684210526316,0.6842105263157895,0.2631578947368421,0.0,0.02631578947368421,0.27631578947368424,0.6857142857142857,0.0,0.0,0.9230769230769231,1,karay-a,low_resource
1129,231,68,4.441558441558442,3.3970588235294117,1.6926406926406927,35,0.1323529411764706,0.329004329004329,0.0,0.11255411255411256,0.004329004329004329,0.047619047619047616,0.08225108225108226,0.021645021645021644,0.09523809523809523,0.11688311688311688,0.0,0.0,0.5800865800865801,0.3022136602063748,0.2791047573004422,0.3042507351049056,0.28025205482609933,0.3341486466192204,0.3057930313985823,1.0086580086580086,0.7662337662337663,0.24242424242424243,0.06060606060606061,0.09523809523809523,0.2077922077922078,0.5921052631578947,0.0,0.5,0.1323529411764706,1,karay-a,low_resource
1130,62,10,4.596774193548387,6.2,1.8709677419354838,10,0.0,0.5645161290322581,0.0,0.04838709677419355,0.0,0.0967741935483871,0.14516129032258066,0.016129032258064516,0.11290322580645161,0.0,0.0,0.0,0.5,0.3627993843634334,0.31489378013986513,0.3760130650613663,0.29624368466147105,0.3714553911251719,0.25992236588923634,1.032258064516129,0.8225806451612904,0.20967741935483872,0.0,0.11290322580645161,0.22580645161290322,0.7142857142857143,0.0,0.0,0.0,1,karay-a,low_resource
1131,47,9,4.9787234042553195,5.222222222222222,2.106382978723404,10,0.0,0.44680851063829785,0.0,0.0425531914893617,0.0,0.0,0.1702127659574468,0.06382978723404255,0.02127659574468085,0.0,0.0,0.0,0.5106382978723404,0.3175649367203507,0.21377039897573846,0.30334466047117453,0.2063094229026127,0.32180222340238473,0.22256254559819497,0.9574468085106382,0.5957446808510638,0.3617021276595745,0.0,0.02127659574468085,0.2765957446808511,0.6190476190476191,0.0,0.0,0.0,1,karay-a,low_resource
1132,120,13,4.758333333333334,9.23076923076923,1.8833333333333333,25,0.23076923076923078,0.4583333333333333,0.0,0.075,0.0,0.10833333333333334,0.075,0.058333333333333334,0.10833333333333334,0.0,0.0,0.0,0.525,0.39602855631051864,0.3463060885337749,0.3729866034709884,0.27896238131190965,0.4079180784617326,0.3463270136442889,0.9166666666666667,0.65,0.26666666666666666,0.0,0.10833333333333334,0.15833333333333333,0.5818181818181818,0.0,0.07692307692307693,0.23076923076923078,1,karay-a,low_resource
1133,121,11,4.75206611570248,11.0,1.8512396694214877,22,0.2727272727272727,0.47107438016528924,0.0,0.12396694214876033,0.0,0.049586776859504134,0.08264462809917356,0.05785123966942149,0.06611570247933884,0.0,0.0,0.0,0.5702479338842975,0.36856834757451634,0.2792492792982137,0.3790231721115811,0.2652499581707277,0.3749516181339663,0.2567397136636714,0.9834710743801653,0.7603305785123967,0.2231404958677686,0.0,0.06611570247933884,0.2066115702479339,0.5964912280701754,0.0,0.0,0.2727272727272727,1,karay-a,low_resource
1134,65,8,4.230769230769231,8.125,1.5076923076923077,8,0.0,0.4461538461538462,0.0,0.23076923076923078,0.0,0.046153846153846156,0.015384615384615385,0.12307692307692308,0.07692307692307693,0.0,0.015384615384615385,0.0,0.5846153846153846,0.29185095509396486,0.22776390554849363,0.2889273705644542,0.25093005625941617,0.27591455440229856,0.23157996515464735,0.6307692307692307,0.46153846153846156,0.16923076923076924,0.0,0.07692307692307693,0.2,0.6551724137931034,0.0,0.0,0.0,1,karay-a,low_resource
1135,48,7,4.333333333333333,6.857142857142857,1.75,8,0.0,0.6041666666666666,0.0,0.1875,0.0,0.0625,0.10416666666666667,0.020833333333333332,0.041666666666666664,0.0,0.0,0.0,0.3125,0.3254440788844634,0.26895935567065504,0.3544777807836056,0.27861922306193554,0.32045084339530017,0.2370473737166373,0.9375,0.5833333333333334,0.3541666666666667,0.0,0.041666666666666664,0.3333333333333333,0.6551724137931034,0.0,0.0,0.0,1,karay-a,low_resource
1136,104,19,5.125,5.473684210526316,1.9903846153846154,22,0.10526315789473684,0.5384615384615384,0.0,0.04807692307692308,0.0,0.0673076923076923,0.10576923076923077,0.028846153846153848,0.15384615384615385,0.0,0.0,0.0,0.6153846153846154,0.37682340869190195,0.34441139489155453,0.37819843047754176,0.31348512705089426,0.39284694334289527,0.38163948811499016,1.0,0.6346153846153846,0.36538461538461536,0.0,0.15384615384615385,0.23076923076923078,0.7321428571428571,0.0,0.21052631578947367,0.10526315789473684,1,karay-a,low_resource
1137,102,13,4.823529411764706,7.846153846153846,1.9215686274509804,18,0.38461538461538464,0.4117647058823529,0.0,0.10784313725490197,0.0,0.0196078431372549,0.11764705882352941,0.00980392156862745,0.09803921568627451,0.0,0.0,0.0,0.38235294117647056,0.33568134443133146,0.3224714980976121,0.33292433706490865,0.29178301879758123,0.3265239281171246,0.28941763496321776,1.1176470588235294,0.7450980392156863,0.37254901960784315,0.0,0.09803921568627451,0.23529411764705882,0.5714285714285714,0.0,0.0,0.38461538461538464,1,karay-a,low_resource
1138,81,19,4.962962962962963,4.2631578947368425,1.8518518518518519,15,0.47368421052631576,0.5925925925925926,0.0,0.08641975308641975,0.0,0.04938271604938271,0.012345679012345678,0.07407407407407407,0.06172839506172839,0.0,0.0,0.0,0.5185185185185185,0.33182083999185724,0.25169154203622807,0.31693312982352906,0.23583530484694226,0.3354043945665023,0.2861362917983884,1.0,0.7901234567901234,0.20987654320987653,0.0,0.06172839506172839,0.12345679012345678,0.75,0.05263157894736842,0.6842105263157895,0.47368421052631576,1,karay-a,low_resource
1139,177,34,4.519774011299435,5.205882352941177,1.8361581920903955,29,0.3235294117647059,0.4406779661016949,0.0,0.11299435028248588,0.0,0.03389830508474576,0.1016949152542373,0.022598870056497175,0.05084745762711865,0.0,0.0,0.0,0.4689265536723164,0.3520021320754493,0.23253520959217466,0.3600492091436472,0.20997068815973013,0.37222812680722456,0.2409083856747976,0.7796610169491525,0.559322033898305,0.22033898305084745,0.01694915254237288,0.05084745762711865,0.23728813559322035,0.6282051282051282,0.14705882352941177,0.5882352941176471,0.3235294117647059,1,karay-a,low_resource
1140,60,17,5.483333333333333,3.5294117647058822,2.3,23,0.058823529411764705,0.4666666666666667,0.0,0.05,0.0,0.016666666666666666,0.25,0.0,0.0,0.0,0.0,0.0,0.48333333333333334,0.27124907236108775,0.13412969390957993,0.2806733350237611,0.14051165455705864,0.266411285050996,0.1115207693589354,1.1833333333333333,0.8333333333333334,0.35,0.0,0.0,0.2833333333333333,0.8928571428571429,0.0,0.0,0.058823529411764705,1,karay-a,low_resource
1141,45,12,4.511111111111111,3.75,1.711111111111111,6,0.0,0.6444444444444445,0.0,0.0,0.0,0.08888888888888889,0.044444444444444446,0.044444444444444446,0.26666666666666666,0.0,0.0,0.0,0.6666666666666666,0.3369236141811801,0.24129659667090347,0.33489257810802847,0.23834393744734172,0.33341457799221963,0.24409186143672876,0.6222222222222222,0.4444444444444444,0.17777777777777778,0.0,0.26666666666666666,0.28888888888888886,0.7241379310344828,0.0,0.0,0.0,1,karay-a,low_resource
1142,93,15,4.548387096774194,6.2,1.8387096774193548,27,0.0,0.23655913978494625,0.0,0.17204301075268819,0.0,0.0967741935483871,0.0,0.10752688172043011,0.10752688172043011,0.0,0.0,0.0,0.2903225806451613,0.30073900026178824,0.16050476096340577,0.2902184259536558,0.19472159536427228,0.30667528370646613,0.14739371535429277,0.935483870967742,0.6881720430107527,0.24731182795698925,0.0,0.10752688172043011,0.27956989247311825,0.3181818181818182,0.0,0.0,0.0,1,karay-a,low_resource
1143,97,9,5.051546391752577,10.777777777777779,1.8865979381443299,20,0.8888888888888888,0.44329896907216493,0.0,0.1134020618556701,0.0,0.061855670103092786,0.1134020618556701,0.041237113402061855,0.09278350515463918,0.0,0.0,0.0,0.5876288659793815,0.3347553115058569,0.21632615583721157,0.3350991206217945,0.23136645699132305,0.342725186664046,0.2376981315055932,0.7938144329896907,0.5670103092783505,0.2268041237113402,0.010309278350515464,0.09278350515463918,0.21649484536082475,0.5116279069767442,0.0,0.0,0.8888888888888888,1,karay-a,low_resource
1144,94,11,4.98936170212766,8.545454545454545,2.0106382978723403,26,0.0,0.43617021276595747,0.0,0.14893617021276595,0.0,0.0851063829787234,0.031914893617021274,0.0425531914893617,0.09574468085106383,0.0,0.0,0.0,0.39361702127659576,0.2992953241359315,0.23430715986749565,0.32348126182028025,0.25495971633901054,0.3247056041383127,0.20783825031004743,0.7127659574468085,0.5425531914893617,0.1702127659574468,0.0,0.09574468085106383,0.2127659574468085,0.6585365853658537,0.0,0.0,0.0,1,karay-a,low_resource
1145,173,24,4.53757225433526,7.208333333333333,1.9248554913294798,49,0.5,0.26011560693641617,0.0,0.1329479768786127,0.0,0.06358381502890173,0.10404624277456648,0.017341040462427744,0.10982658959537572,0.0,0.0,0.0,0.3930635838150289,0.3402787353149263,0.25188211195221577,0.34077890493736784,0.23661638785436306,0.34963259612692593,0.2727843978911087,0.861271676300578,0.653179190751445,0.20809248554913296,0.0,0.09826589595375723,0.3063583815028902,0.37777777777777777,0.20833333333333334,0.16666666666666666,0.5,1,karay-a,low_resource
1146,70,17,5.357142857142857,4.117647058823529,2.1857142857142855,23,0.0,0.4142857142857143,0.0,0.02857142857142857,0.0,0.1,0.21428571428571427,0.02857142857142857,0.0,0.0,0.0,0.0,0.4857142857142857,0.27516137965038556,0.22766399774146434,0.286509593490146,0.21078723233614707,0.27174268969469756,0.2001723670035381,1.4857142857142858,1.1142857142857143,0.37142857142857144,0.0,0.0,0.22857142857142856,0.7586206896551724,0.0,0.0,0.0,1,karay-a,low_resource
1147,258,40,4.515503875968992,6.45,1.872093023255814,61,0.35,0.38372093023255816,0.0,0.18992248062015504,0.0,0.12790697674418605,0.023255813953488372,0.050387596899224806,0.01937984496124031,0.0,0.0,0.0,0.3062015503875969,0.3857884071968939,0.28024283015521323,0.3814613520730017,0.31713509597381084,0.40214836045244895,0.3058928546840926,0.9341085271317829,0.6201550387596899,0.313953488372093,0.0,0.01937984496124031,0.2054263565891473,0.6060606060606061,0.125,0.425,0.35,1,karay-a,low_resource
1148,78,14,4.397435897435898,5.571428571428571,1.6923076923076923,8,0.0,0.3076923076923077,0.0,0.15384615384615385,0.0,0.0,0.14102564102564102,0.05128205128205128,0.05128205128205128,0.0,0.0,0.0,0.5,0.3289612776160088,0.17710581453997334,0.3433547579450369,0.16731018297891903,0.3518685837056954,0.15407866588797076,1.064102564102564,0.7051282051282052,0.358974358974359,0.0,0.05128205128205128,0.2948717948717949,0.375,0.5714285714285714,0.0,0.0,1,karay-a,low_resource
1149,109,12,4.559633027522936,9.083333333333334,1.7889908256880733,17,1.0,0.5137614678899083,0.0,0.1834862385321101,0.0,0.05504587155963303,0.027522935779816515,0.03669724770642202,0.09174311926605505,0.0,0.0,0.0,0.48623853211009177,0.3515222363130762,0.30227889816855236,0.3757270084800572,0.26320132016498565,0.35274177570653914,0.30532876693598543,0.7798165137614679,0.5688073394495413,0.21100917431192662,0.009174311926605505,0.09174311926605505,0.22018348623853212,0.6428571428571429,0.08333333333333333,0.08333333333333333,1.0,1,karay-a,low_resource
1150,107,9,4.934579439252336,11.88888888888889,1.8878504672897196,29,1.0,0.4953271028037383,0.0,0.14953271028037382,0.0,0.056074766355140186,0.04672897196261682,0.17757009345794392,0.056074766355140186,0.0,0.0,0.0,0.5514018691588785,0.3698426783418947,0.28683572149546016,0.40215553378061847,0.30328785220513865,0.38485300489991736,0.279429221662732,0.9439252336448598,0.5981308411214953,0.34579439252336447,0.0,0.056074766355140186,0.205607476635514,0.6792452830188679,0.0,0.2222222222222222,1.0,1,karay-a,low_resource
1151,65,12,4.923076923076923,5.416666666666667,2.046153846153846,13,0.6666666666666666,0.47692307692307695,0.0,0.2,0.0,0.046153846153846156,0.0,0.0,0.015384615384615385,0.0,0.0,0.0,0.38461538461538464,0.268883719975298,0.1440297134703243,0.24897129768650123,0.13859413842255408,0.2701470779968354,0.10694007148931355,0.8,0.6461538461538462,0.15384615384615385,0.015384615384615385,0.015384615384615385,0.18461538461538463,0.5161290322580645,0.16666666666666666,0.75,0.6666666666666666,1,karay-a,low_resource
1152,31,1,3.870967741935484,31.0,1.6774193548387097,4,0.0,0.5806451612903226,0.0,0.25806451612903225,0.0,0.0,0.0,0.0,0.22580645161290322,0.0,0.0,0.0,0.3870967741935484,0.2076041669961337,0.1360658843043053,0.181011018339197,0.14180173776065302,0.1886638582138693,0.11859288228993532,0.3870967741935484,0.3225806451612903,0.06451612903225806,0.0,0.22580645161290322,0.22580645161290322,0.8888888888888888,0.0,0.0,0.0,1,karay-a,low_resource
1153,51,8,3.7450980392156863,6.375,1.5294117647058822,3,0.0,0.3137254901960784,0.0,0.1568627450980392,0.0,0.23529411764705882,0.1568627450980392,0.0,0.0,0.0,0.0,0.0,0.2549019607843137,0.2606418032356939,0.15815915499949654,0.2495022530777395,0.15259985785841235,0.2436217419757249,0.11815308529359415,1.0196078431372548,0.7450980392156863,0.27450980392156865,0.0196078431372549,0.0,0.1568627450980392,0.4375,0.0,0.0,0.0,1,karay-a,low_resource
1154,59,9,6.016949152542373,6.555555555555555,2.5762711864406778,24,1.4444444444444444,0.4745762711864407,0.0,0.03389830508474576,0.0,0.03389830508474576,0.11864406779661017,0.0,0.03389830508474576,0.0,0.0,0.0,0.5084745762711864,0.3065585187147715,0.22782309762565064,0.2858966889535505,0.21398264781299273,0.2706255312241596,0.2037290452096647,1.2203389830508475,0.9830508474576272,0.23728813559322035,0.0,0.03389830508474576,0.2711864406779661,0.6428571428571429,0.0,0.0,1.4444444444444444,1,karay-a,low_resource
1155,90,9,3.8,10.0,1.511111111111111,15,0.0,0.4222222222222222,0.0,0.28888888888888886,0.0,0.37777777777777777,0.022222222222222223,0.011111111111111112,0.011111111111111112,0.0,0.0,0.0,0.23333333333333334,0.28323385651447563,0.1766298488218082,0.27335353476095514,0.16735783218428182,0.28033518238486654,0.17713207388607854,0.8333333333333334,0.7444444444444445,0.08888888888888889,0.0,0.011111111111111112,0.3,0.7894736842105263,0.0,0.0,0.0,1,karay-a,low_resource
1156,61,13,4.508196721311475,4.6923076923076925,1.8852459016393444,13,0.46153846153846156,0.639344262295082,0.0,0.14754098360655737,0.01639344262295082,0.11475409836065574,0.04918032786885246,0.0,0.03278688524590164,0.0,0.0,0.0,0.3114754098360656,0.2726824965204375,0.11880863068619309,0.27306110735730865,0.1212701691270543,0.23461054416294938,0.11488986627711621,0.8524590163934426,0.5737704918032787,0.2786885245901639,0.0,0.03278688524590164,0.09836065573770492,0.7948717948717948,0.0,0.15384615384615385,0.46153846153846156,1,karay-a,low_resource
1157,44,9,4.409090909090909,4.888888888888889,1.7045454545454546,4,0.0,0.6590909090909091,0.0,0.045454545454545456,0.0,0.09090909090909091,0.13636363636363635,0.0,0.11363636363636363,0.0,0.0,0.0,0.5454545454545454,0.2847448970519555,0.23216155627301766,0.3042462627320236,0.21158952113341742,0.30062264140466205,0.2881566151186136,0.8863636363636362,0.5454545454545454,0.3409090909090909,0.022727272727272728,0.11363636363636363,0.2727272727272727,0.7586206896551724,0.1111111111111111,0.0,0.0,1,karay-a,low_resource
1158,93,9,5.182795698924731,10.333333333333334,2.086021505376344,30,0.0,0.44086021505376344,0.0,0.0967741935483871,0.0,0.021505376344086023,0.07526881720430108,0.15053763440860216,0.010752688172043012,0.0,0.0,0.0,0.3870967741935484,0.3408510452318782,0.2634412043956222,0.3641124535084006,0.28088393206683987,0.3541585034364256,0.22224804941061846,1.2795698924731183,0.8494623655913979,0.43010752688172044,0.0,0.010752688172043012,0.17204301075268819,0.6341463414634146,0.0,0.0,0.0,1,karay-a,low_resource
1159,24,8,5.708333333333333,3.0,2.3333333333333335,9,0.0,0.7083333333333334,0.0,0.0,0.0,0.0,0.3333333333333333,0.041666666666666664,0.0,0.0,0.0,0.0,0.625,0.34468672850997045,0.2549607134248924,0.3544347812539082,0.29964525851792617,0.3688128909664422,0.2573051929130966,1.625,1.0,0.625,0.0,0.0,0.3333333333333333,0.9411764705882353,0.0,0.0,0.0,1,karay-a,low_resource
1160,70,14,4.328571428571428,5.0,1.8,15,0.0,0.4714285714285714,0.0,0.18571428571428572,0.0,0.014285714285714285,0.02857142857142857,0.014285714285714285,0.1,0.0,0.0,0.0,0.2857142857142857,0.2631788555549302,0.1606014917656992,0.27612474703354534,0.2177070365238867,0.2693212478608185,0.14309201229521532,0.8999999999999999,0.5714285714285714,0.32857142857142857,0.0,0.04285714285714286,0.24285714285714285,0.6363636363636364,0.0,0.0,0.0,1,karay-a,low_resource
1161,145,20,4.4,7.25,1.710344827586207,27,0.1,0.3793103448275862,0.0,0.08275862068965517,0.0,0.020689655172413793,0.1103448275862069,0.08275862068965517,0.1793103448275862,0.0,0.0,0.0,0.5793103448275863,0.32137557976726555,0.3057284653382953,0.3372655678985616,0.3341330368383285,0.33833809694269557,0.2628130256131616,0.8482758620689654,0.5310344827586206,0.31724137931034485,0.0,0.1793103448275862,0.30344827586206896,0.7272727272727273,0.0,0.0,0.1,1,karay-a,low_resource
1162,62,11,4.225806451612903,5.636363636363637,1.8064516129032258,8,0.09090909090909091,0.5645161290322581,0.0,0.08064516129032258,0.0,0.1935483870967742,0.016129032258064516,0.0,0.016129032258064516,0.0,0.0,0.0,0.3387096774193548,0.26376285020198054,0.1706362944494381,0.2632796725888082,0.1593276321625818,0.24142225123670913,0.17052901471698112,0.6612903225806451,0.46774193548387094,0.1935483870967742,0.0,0.03225806451612903,0.12903225806451613,0.8,0.0,0.09090909090909091,0.09090909090909091,1,karay-a,low_resource
1163,65,16,4.430769230769231,4.0625,1.6923076923076923,6,0.0,0.6461538461538462,0.0,0.12307692307692308,0.0,0.1076923076923077,0.03076923076923077,0.03076923076923077,0.12307692307692308,0.0,0.0,0.0,0.47692307692307695,0.2774285811335673,0.17699181772630138,0.30539889932811914,0.19495749057318598,0.2923232971224334,0.1541600990114532,0.7384615384615385,0.5384615384615384,0.2,0.0,0.09230769230769231,0.16923076923076924,0.7142857142857143,0.0,0.0,0.0,1,karay-a,low_resource
1164,122,25,4.713114754098361,4.88,1.819672131147541,14,0.44,0.4672131147540984,0.0,0.05737704918032787,0.01639344262295082,0.06557377049180328,0.03278688524590164,0.11475409836065574,0.040983606557377046,0.0,0.0,0.0,0.47540983606557374,0.30523339197575833,0.20859164416237605,0.3112640633811531,0.2335891276594297,0.3204721280507442,0.24536568437463163,0.7459016393442623,0.4918032786885246,0.2540983606557377,0.040983606557377046,0.040983606557377046,0.09836065573770492,0.5263157894736842,0.0,0.84,0.44,1,karay-a,low_resource
1165,49,9,5.571428571428571,5.444444444444445,1.8571428571428572,11,0.2222222222222222,0.4897959183673469,0.0,0.20408163265306123,0.0,0.08163265306122448,0.02040816326530612,0.02040816326530612,0.02040816326530612,0.02040816326530612,0.0,0.0,0.4897959183673469,0.2557893639146536,0.09136491845614611,0.26000687343599493,0.1388125482448926,0.2515278148150465,0.08498696901737242,1.0408163265306123,0.8775510204081632,0.16326530612244897,0.02040816326530612,0.02040816326530612,0.20408163265306123,0.5416666666666666,0.0,0.0,0.2222222222222222,1,karay-a,low_resource
1166,196,30,4.642857142857143,6.533333333333333,1.8877551020408163,44,0.26666666666666666,0.3979591836734694,0.0,0.1836734693877551,0.01020408163265306,0.07142857142857142,0.015306122448979591,0.03571428571428571,0.05102040816326531,0.0,0.0,0.0,0.41836734693877553,0.34251104545827654,0.310932716038861,0.37410064252671116,0.2934138854669075,0.36150152836747357,0.23149909194898413,0.6020408163265306,0.42857142857142855,0.17346938775510204,0.00510204081632653,0.05102040816326531,0.15816326530612246,0.5128205128205128,0.03333333333333333,0.06666666666666667,0.26666666666666666,1,karay-a,low_resource
1167,87,28,5.482758620689655,3.107142857142857,1.793103448275862,12,0.2857142857142857,0.3793103448275862,0.0,0.034482758620689655,0.0,0.011494252873563218,0.12643678160919541,0.0,0.0,0.022988505747126436,0.06896551724137931,0.0,0.6436781609195402,0.2380488254438771,0.1357158937478804,0.21892035775476512,0.14926575991623023,0.2364561924632386,0.1233451091266398,0.5287356321839081,0.3448275862068966,0.1839080459770115,0.0,0.0,0.12643678160919541,0.5454545454545454,0.0,0.0,0.2857142857142857,1,karay-a,low_resource
1168,343,45,4.682215743440233,7.622222222222222,1.8658892128279883,77,0.5555555555555556,0.45481049562682213,0.0,0.13994169096209913,0.0029154518950437317,0.04081632653061224,0.04956268221574344,0.07580174927113703,0.09037900874635568,0.0058309037900874635,0.0,0.0,0.4897959183673469,0.4209665509876305,0.3196013332758964,0.4234188207380345,0.3219399917225786,0.43115212002157993,0.3508384861401877,0.8950437317784257,0.6326530612244898,0.26239067055393583,0.008746355685131196,0.08454810495626822,0.24198250728862974,0.7435897435897436,0.044444444444444446,0.5777777777777777,0.5555555555555556,1,karay-a,low_resource
1169,37,7,5.027027027027027,5.285714285714286,1.8918918918918919,6,0.0,0.43243243243243246,0.0,0.21621621621621623,0.0,0.13513513513513514,0.0,0.0,0.0,0.0,0.0,0.0,0.35135135135135137,0.33576025671974247,0.22196770392804901,0.3313893396886545,0.19982842569417314,0.3680438472635832,0.20601522737558486,0.9189189189189189,0.6216216216216216,0.2972972972972973,0.05405405405405406,0.0,0.21621621621621623,0.375,0.0,0.0,0.0,1,karay-a,low_resource
1170,176,29,4.448863636363637,6.068965517241379,1.7840909090909092,41,0.1724137931034483,0.3806818181818182,0.0,0.20454545454545456,0.0,0.07386363636363637,0.06818181818181818,0.017045454545454544,0.07954545454545454,0.0,0.0,0.0,0.38636363636363635,0.362968679586024,0.31778289381707026,0.3877982253498437,0.30128284679311296,0.38761449886288984,0.2945943624179429,0.8181818181818181,0.6363636363636364,0.18181818181818182,0.0,0.07954545454545454,0.2215909090909091,0.582089552238806,0.034482758620689655,0.1724137931034483,0.1724137931034483,1,karay-a,low_resource
1171,75,8,4.586666666666667,9.375,1.88,14,0.625,0.5733333333333334,0.0,0.14666666666666667,0.0,0.13333333333333333,0.06666666666666667,0.0,0.06666666666666667,0.0,0.0,0.0,0.37333333333333335,0.3435723429053688,0.24234696272207942,0.3564858149704624,0.20061946167531888,0.3374613592915773,0.28178992387231483,0.8266666666666667,0.6,0.22666666666666666,0.0,0.06666666666666667,0.18666666666666668,0.6046511627906976,0.125,0.0,0.625,1,karay-a,low_resource
1172,44,9,4.7272727272727275,4.888888888888889,1.7954545454545454,14,0.0,0.4090909090909091,0.0,0.22727272727272727,0.0,0.13636363636363635,0.0,0.09090909090909091,0.045454545454545456,0.0,0.0,0.045454545454545456,0.3409090909090909,0.27344932178342596,0.12092423161549534,0.2604599169728257,0.1321511949667237,0.23450549470884285,0.0697804479327992,1.2045454545454546,0.8863636363636364,0.3181818181818182,0.0,0.045454545454545456,0.25,0.4444444444444444,0.0,0.0,0.0,1,karay-a,low_resource
1173,82,23,4.439024390243903,3.5652173913043477,1.9146341463414633,22,0.08695652173913043,0.4268292682926829,0.0,0.25609756097560976,0.0,0.06097560975609756,0.0,0.012195121951219513,0.036585365853658534,0.0,0.0,0.0,0.23170731707317074,0.2569525143286244,0.1756283472955508,0.25358608872817445,0.20155470486659524,0.2374542504041255,0.20210114466919094,0.6097560975609756,0.5365853658536586,0.07317073170731707,0.012195121951219513,0.024390243902439025,0.24390243902439024,0.5142857142857142,0.0,0.0,0.08695652173913043,1,karay-a,low_resource
1174,130,24,4.476923076923077,5.416666666666667,1.876923076923077,23,0.20833333333333334,0.5230769230769231,0.0,0.14615384615384616,0.0,0.06153846153846154,0.06923076923076923,0.03076923076923077,0.06923076923076923,0.0,0.007692307692307693,0.0,0.36923076923076925,0.4013434283579374,0.358127742149215,0.38206449571255735,0.3092550931538175,0.40180351638774686,0.3551192911568395,0.7769230769230769,0.6153846153846154,0.16153846153846155,0.0,0.06153846153846154,0.2230769230769231,0.6617647058823529,0.041666666666666664,0.08333333333333333,0.20833333333333334,1,karay-a,low_resource
1175,159,12,4.559748427672956,13.25,1.8364779874213837,31,0.3333333333333333,0.42138364779874216,0.0,0.2138364779874214,0.0,0.13836477987421383,0.006289308176100629,0.018867924528301886,0.06918238993710692,0.0,0.0,0.0,0.3584905660377358,0.304054201127925,0.19727894802433427,0.33385717486511257,0.17622004008379383,0.3237639365577877,0.19694302536063335,0.6540880503144654,0.5471698113207547,0.1069182389937107,0.0,0.06918238993710692,0.22641509433962265,0.6865671641791045,0.0,0.0,0.3333333333333333,1,karay-a,low_resource
1176,46,2,4.391304347826087,23.0,1.8043478260869565,9,3.5,0.6739130434782609,0.0,0.1956521739130435,0.0,0.021739130434782608,0.021739130434782608,0.043478260869565216,0.15217391304347827,0.0,0.0,0.0,0.41304347826086957,0.2888933052273708,0.195309776279593,0.3169027998318216,0.20395483834759812,0.30157181301643093,0.18499654450439626,0.5652173913043478,0.5,0.06521739130434782,0.0,0.15217391304347827,0.15217391304347827,0.8387096774193549,0.0,0.0,3.5,1,karay-a,low_resource
1177,53,9,4.39622641509434,5.888888888888889,1.7169811320754718,6,0.2222222222222222,0.6037735849056604,0.0,0.09433962264150944,0.0,0.09433962264150944,0.11320754716981132,0.09433962264150944,0.018867924528301886,0.0,0.0,0.0,0.5283018867924528,0.2843510931790775,0.21299975428306261,0.2933170314474865,0.2294642208398116,0.2967124901586139,0.1916341704668538,0.8867924528301887,0.49056603773584906,0.39622641509433965,0.0,0.018867924528301886,0.18867924528301888,0.78125,0.1111111111111111,0.0,0.2222222222222222,1,karay-a,low_resource
1178,129,19,4.317829457364341,6.7894736842105265,1.7209302325581395,17,0.10526315789473684,0.27906976744186046,0.0,0.16279069767441862,0.0,0.10077519379844961,0.10077519379844961,0.031007751937984496,0.06976744186046512,0.0,0.0,0.0,0.4883720930232558,0.29345480980151356,0.22329533824779146,0.2732369546251241,0.18476652776849403,0.32189157501160476,0.28396680246733197,1.0,0.6666666666666666,0.3333333333333333,0.0,0.06976744186046512,0.32558139534883723,0.3611111111111111,0.0,0.0,0.10526315789473684,1,karay-a,low_resource
1179,202,28,4.851485148514851,7.214285714285714,1.9306930693069306,58,0.25,0.5148514851485149,0.0,0.17326732673267325,0.0,0.06435643564356436,0.054455445544554455,0.0297029702970297,0.09405940594059406,0.0,0.0,0.0,0.5297029702970297,0.41390700756455273,0.3221260399774625,0.4183380280126665,0.325820025128301,0.4079322071210188,0.3567449363823984,0.8118811881188119,0.6287128712871287,0.18316831683168316,0.0,0.0891089108910891,0.22772277227722773,0.7596153846153846,0.07142857142857142,0.21428571428571427,0.25,2,karay-a,low_resource
1180,190,23,4.1421052631578945,8.26086956521739,1.7105263157894737,25,0.0,0.24210526315789474,0.0,0.10526315789473684,0.0,0.05263157894736842,0.11578947368421053,0.0,0.12105263157894737,0.0,0.0,0.005263157894736842,0.46842105263157896,0.3861642239673769,0.358166975479743,0.356088492994736,0.25127427184393203,0.4019199664869783,0.3703371504568855,0.5473684210526315,0.3368421052631579,0.21052631578947367,0.0,0.12105263157894737,0.23157894736842105,0.34782608695652173,0.0,0.0,0.0,2,karay-a,low_resource
1181,118,16,4.5508474576271185,7.375,1.8898305084745763,25,0.25,0.5254237288135594,0.0,0.11016949152542373,0.0,0.06779661016949153,0.06779661016949153,0.00847457627118644,0.1440677966101695,0.0,0.0,0.0,0.4406779661016949,0.3510126816263024,0.35783642811410216,0.3594259916214324,0.3051049212443599,0.3639997294106574,0.34431644712128767,0.8135593220338982,0.5932203389830508,0.22033898305084745,0.0,0.11864406779661017,0.22033898305084745,0.6451612903225806,0.0,0.125,0.25,2,karay-a,low_resource
1182,91,17,4.21978021978022,5.352941176470588,1.6483516483516483,6,0.0,0.2087912087912088,0.0,0.2087912087912088,0.0,0.04395604395604396,0.01098901098901099,0.15384615384615385,0.0,0.0,0.0,0.0,0.5274725274725275,0.19582532529517524,0.12138757327683894,0.19805584822613082,0.11264005107680841,0.19288413318318004,0.07424784618798592,0.7802197802197802,0.5934065934065934,0.18681318681318682,0.0,0.0,0.21978021978021978,0.21052631578947367,0.0,0.0,0.0,2,karay-a,low_resource
1183,97,12,4.041237113402062,8.083333333333334,1.690721649484536,9,0.5,0.36082474226804123,0.0,0.23711340206185566,0.0,0.0,0.0,0.05154639175257732,0.061855670103092786,0.0,0.0,0.0,0.30927835051546393,0.2976345107129377,0.18629382231466332,0.2968182887926703,0.16685312495187368,0.31693929479639604,0.1815273102692921,0.46391752577319584,0.35051546391752575,0.1134020618556701,0.0,0.061855670103092786,0.17525773195876287,0.5142857142857142,0.0,0.5,0.5,2,karay-a,low_resource
1184,62,5,5.080645161290323,12.4,2.2096774193548385,16,1.2,0.5161290322580645,0.0,0.016129032258064516,0.0,0.016129032258064516,0.22580645161290322,0.0,0.0,0.0,0.0,0.0,0.532258064516129,0.3221679925292745,0.23048665461668338,0.30366963769705146,0.22780558829505274,0.3008250612321964,0.22170289651660782,0.9193548387096775,0.6129032258064516,0.3064516129032258,0.0,0.0,0.24193548387096775,0.65625,0.0,0.2,1.2,2,karay-a,low_resource
1185,381,29,4.601049868766404,13.137931034482758,1.837270341207349,80,0.3793103448275862,0.34120734908136485,0.0,0.09973753280839895,0.0026246719160104987,0.05249343832020997,0.10498687664041995,0.03674540682414698,0.1784776902887139,0.0,0.0,0.0,0.5433070866141733,0.4183461788924517,0.43321230973118313,0.4202994923422961,0.3692145195434811,0.42493969480624194,0.4472220614283348,0.8871391076115486,0.6430446194225722,0.2440944881889764,0.0026246719160104987,0.17585301837270342,0.2204724409448819,0.6846153846153846,0.0,0.0,0.3793103448275862,2,karay-a,low_resource
1186,180,31,4.544444444444444,5.806451612903226,1.8388888888888888,29,0.16129032258064516,0.45555555555555555,0.0,0.14444444444444443,0.005555555555555556,0.08888888888888889,0.03333333333333333,0.044444444444444446,0.06666666666666667,0.0,0.0,0.0,0.43333333333333335,0.41764644963797465,0.3100725071944744,0.4060275518244205,0.30950885810746,0.42638450229520525,0.34187297866761457,0.65,0.48333333333333334,0.16666666666666666,0.0,0.05555555555555555,0.17777777777777778,0.6219512195121951,0.0967741935483871,0.1935483870967742,0.16129032258064516,2,karay-a,low_resource
1187,407,62,4.7690417690417695,6.564516129032258,1.9115479115479115,95,0.3064516129032258,0.3759213759213759,0.0,0.12776412776412777,0.004914004914004914,0.07371007371007371,0.07616707616707617,0.07371007371007371,0.07125307125307126,0.0,0.0,0.0,0.48157248157248156,0.4494725275581934,0.37182697799039577,0.44430245449601247,0.3576704211676681,0.4350748490374912,0.36331410400927916,1.0,0.6977886977886978,0.3022113022113022,0.002457002457002457,0.05896805896805897,0.2285012285012285,0.6013071895424836,0.04838709677419355,0.25806451612903225,0.3064516129032258,2,karay-a,low_resource
1188,555,97,4.571171171171171,5.721649484536083,1.845045045045045,107,0.31958762886597936,0.3855855855855856,0.0,0.15135135135135136,0.0,0.08828828828828829,0.043243243243243246,0.03063063063063063,0.05045045045045045,0.0,0.0,0.0,0.32972972972972975,0.41763479480696364,0.38004010934103,0.3893890358177012,0.30727367451854193,0.4367650908930753,0.39885721362764615,0.8702702702702703,0.6630630630630631,0.2072072072072072,0.0,0.04684684684684685,0.16756756756756758,0.6495327102803738,0.09278350515463918,0.6597938144329897,0.31958762886597936,2,karay-a,low_resource
1189,890,105,4.452808988764045,8.476190476190476,1.7674157303370785,169,0.37142857142857144,0.2842696629213483,0.0,0.1662921348314607,0.0011235955056179776,0.12808988764044943,0.05955056179775281,0.029213483146067417,0.10337078651685393,0.0044943820224719105,0.0011235955056179776,0.0,0.4191011235955056,0.44856663126604507,0.40372126745118764,0.45604934312603934,0.31533826612019467,0.44778409109760786,0.3934442658636631,0.844943820224719,0.6337078651685393,0.21123595505617979,0.0056179775280898875,0.09550561797752809,0.2202247191011236,0.5968379446640316,0.09523809523809523,0.4857142857142857,0.37142857142857144,2,karay-a,low_resource
1190,121,15,5.066115702479339,8.066666666666666,1.9834710743801653,39,0.5333333333333333,0.4628099173553719,0.008264462809917356,0.06611570247933884,0.0,0.09917355371900827,0.0743801652892562,0.08264462809917356,0.06611570247933884,0.0,0.0,0.0,0.4380165289256198,0.3347445408882914,0.325285486879182,0.3164061048806719,0.28712822511350433,0.3138389573024883,0.2802562567969101,0.9338842975206612,0.7107438016528925,0.2231404958677686,0.0,0.05785123966942149,0.12396694214876033,0.6071428571428571,0.0,0.0,0.5333333333333333,2,karay-a,low_resource
1191,159,19,4.80503144654088,8.368421052631579,1.9748427672955975,41,0.42105263157894735,0.5723270440251572,0.0,0.12578616352201258,0.0,0.11320754716981132,0.06918238993710692,0.03773584905660377,0.0880503144654088,0.0,0.0,0.0,0.3710691823899371,0.3867554586467199,0.35493143896023144,0.40977253082692194,0.3569640500271167,0.4018724975247123,0.3543232371595678,1.069182389937107,0.8238993710691824,0.24528301886792453,0.031446540880503145,0.0880503144654088,0.22641509433962265,0.7362637362637363,0.21052631578947367,0.05263157894736842,0.42105263157894735,2,karay-a,low_resource
1192,172,28,4.290697674418604,6.142857142857143,1.7209302325581395,30,0.21428571428571427,0.47674418604651164,0.0,0.16279069767441862,0.011627906976744186,0.12790697674418605,0.040697674418604654,0.01744186046511628,0.0872093023255814,0.011627906976744186,0.0,0.0,0.37209302325581395,0.3444424279499318,0.26194223829148594,0.3658491727868015,0.21632947653940454,0.36657881483334703,0.24730399142954437,0.6860465116279071,0.5290697674418605,0.1569767441860465,0.005813953488372093,0.05232558139534884,0.1744186046511628,0.573170731707317,0.2857142857142857,0.0,0.21428571428571427,2,karay-a,low_resource
1193,611,80,4.716857610474632,7.6375,1.9034369885433715,147,0.2625,0.3469721767594108,0.0,0.15384615384615385,0.0032733224222585926,0.07037643207855974,0.05073649754500818,0.06546644844517185,0.09983633387888707,0.0,0.0,0.0,0.4533551554828151,0.4179600843092427,0.382138929320386,0.4271984576880003,0.37383343539324915,0.4347956860238599,0.37614719298613064,0.9525368248772504,0.7201309328968903,0.23240589198036007,0.004909983633387889,0.0851063829787234,0.21112929623567922,0.6084905660377359,0.075,0.1625,0.2625,2,karay-a,low_resource
1194,10,1,4.9,10.0,1.8,2,0.0,0.9,0.0,0.1,0.0,0.0,0.1,0.2,0.2,0.0,0.0,0.0,0.8,0.22614834591271504,0.1116937170285813,0.24388473504834818,0.14725112298380827,0.24763740990677996,0.12103306147587675,1.0,0.7,0.3,0.0,0.1,0.2,0.8888888888888888,0.0,0.0,0.0,2,karay-a,low_resource
1195,252,44,4.940476190476191,5.7272727272727275,1.9603174603174602,66,0.38636363636363635,0.46825396825396826,0.0,0.12698412698412698,0.007936507936507936,0.051587301587301584,0.06746031746031746,0.01984126984126984,0.06349206349206349,0.0,0.0,0.0,0.5,0.39936116331671634,0.33018653356686545,0.39058363484523195,0.2887550760003093,0.3723044903297198,0.3274300067094718,0.9206349206349207,0.7103174603174603,0.21031746031746032,0.003968253968253968,0.051587301587301584,0.20634920634920634,0.6440677966101694,0.13636363636363635,0.3409090909090909,0.38636363636363635,2,karay-a,low_resource
1196,279,31,4.939068100358423,9.0,1.96415770609319,63,0.7419354838709677,0.4731182795698925,0.0,0.06810035842293907,0.0,0.13261648745519714,0.05017921146953405,0.035842293906810034,0.12544802867383512,0.0,0.0035842293906810036,0.0,0.4910394265232975,0.3538232872863403,0.3567714972703722,0.3702671421089219,0.30800621231033976,0.3613280948735038,0.3847582157716751,0.8673835125448028,0.6845878136200717,0.1827956989247312,0.05017921146953405,0.11469534050179211,0.16487455197132617,0.7424242424242424,0.0,0.0,0.7419354838709677,2,karay-a,low_resource
1197,175,35,4.525714285714286,5.0,1.8628571428571428,35,0.17142857142857143,0.49714285714285716,0.0,0.12,0.0,0.08,0.06285714285714286,0.07428571428571429,0.02857142857142857,0.0,0.0,0.0,0.4057142857142857,0.41730872008765424,0.3521975133336641,0.4249606780383868,0.37587564149193387,0.4158491480677126,0.3412177379088513,0.8971428571428571,0.5828571428571429,0.3142857142857143,0.017142857142857144,0.02857142857142857,0.15428571428571428,0.6206896551724138,0.02857142857142857,0.0,0.17142857142857143,2,karay-a,low_resource
1198,279,32,4.774193548387097,8.71875,1.9534050179211468,61,0.34375,0.4014336917562724,0.0,0.15770609318996415,0.007168458781362007,0.05734767025089606,0.03942652329749104,0.02867383512544803,0.08243727598566308,0.0,0.0,0.0,0.3835125448028674,0.361396195159904,0.32918570308110345,0.3889226870709042,0.29638166260022086,0.38488844491529484,0.34383842055142666,0.8387096774193548,0.6559139784946236,0.1827956989247312,0.0,0.07885304659498207,0.18996415770609318,0.6339285714285714,0.03125,0.125,0.34375,2,karay-a,low_resource
1199,80,16,4.4875,5.0,1.875,15,0.0625,0.475,0.0,0.1125,0.0,0.15,0.0125,0.0125,0.025,0.0,0.0,0.0,0.35,0.3433730039802916,0.2262005150922912,0.3540068809839042,0.22078217516186274,0.31324752133618866,0.21588860060252849,1.0,0.65,0.35,0.0125,0.025,0.125,0.5789473684210527,0.0,0.1875,0.0625,2,karay-a,low_resource
1200,85,15,4.705882352941177,5.666666666666667,1.988235294117647,18,0.26666666666666666,0.5058823529411764,0.0,0.07058823529411765,0.0,0.07058823529411765,0.0,0.09411764705882353,0.09411764705882353,0.011764705882352941,0.0,0.0,0.38823529411764707,0.34990820705406644,0.3085387414660341,0.327069448822958,0.29582673093158934,0.3191474480779478,0.3261793429373993,1.1176470588235294,0.7529411764705882,0.36470588235294116,0.0,0.09411764705882353,0.11764705882352941,0.5813953488372093,0.0,0.0,0.26666666666666666,2,karay-a,low_resource
1201,152,20,4.1644736842105265,7.6,1.6907894736842106,28,0.4,0.45394736842105265,0.019736842105263157,0.1118421052631579,0.0,0.16447368421052633,0.09868421052631579,0.013157894736842105,0.09210526315789473,0.0,0.0,0.0,0.3684210526315789,0.36734030158736025,0.27718007557234825,0.36182530626908965,0.2831712681167481,0.38046911418315016,0.3219219731970644,0.9144736842105263,0.6644736842105263,0.25,0.02631578947368421,0.09210526315789473,0.2236842105263158,0.5797101449275363,0.6,0.0,0.4,2,karay-a,low_resource
1202,261,45,4.4559386973180075,5.8,1.8735632183908046,47,0.4444444444444444,0.32950191570881227,0.0,0.20689655172413793,0.0,0.022988505747126436,0.04597701149425287,0.03065134099616858,0.04980842911877394,0.0038314176245210726,0.0,0.0,0.3486590038314176,0.3769021966251395,0.29093671059076126,0.3540797892778339,0.244862715338776,0.3722584230088531,0.25742245671727737,0.7164750957854406,0.5363984674329502,0.18007662835249041,0.01532567049808429,0.0421455938697318,0.25287356321839083,0.5930232558139535,0.15555555555555556,0.5333333333333333,0.4444444444444444,2,karay-a,low_resource
1203,10,1,4.4,10.0,1.7,1,0.0,0.9,0.0,0.1,0.0,0.0,0.1,0.2,0.2,0.0,0.0,0.0,0.7,0.17636186475894883,0.10447827357598416,0.1921561429395046,0.14117606567300917,0.20121029157946224,0.13316739817237358,1.0,0.7,0.3,0.0,0.1,0.2,0.8888888888888888,0.0,0.0,0.0,2,karay-a,low_resource
1204,107,12,4.485981308411215,8.916666666666666,1.8130841121495327,26,0.0,0.3644859813084112,0.0,0.11214953271028037,0.0,0.12149532710280374,0.037383177570093455,0.028037383177570093,0.14953271028037382,0.009345794392523364,0.0,0.0,0.40186915887850466,0.3350587002913667,0.2846132878685641,0.33189703892352324,0.217465330504439,0.3421499617587128,0.25073897802875067,0.6635514018691588,0.5420560747663551,0.12149532710280374,0.0,0.14953271028037382,0.18691588785046728,0.5384615384615384,0.0,0.0,0.0,2,karay-a,low_resource
1205,71,10,4.338028169014085,7.1,1.9154929577464788,18,0.2,0.36619718309859156,0.0,0.28169014084507044,0.014084507042253521,0.014084507042253521,0.014084507042253521,0.014084507042253521,0.11267605633802817,0.0,0.0,0.0,0.23943661971830985,0.3146106209673297,0.15965121603834723,0.33314475579408726,0.14354349519165258,0.3346977601263247,0.20382220883000846,1.1126760563380282,1.0,0.11267605633802817,0.0,0.11267605633802817,0.29577464788732394,0.6923076923076923,0.1,0.0,0.2,2,karay-a,low_resource
1206,168,23,4.690476190476191,7.304347826086956,1.8630952380952381,34,0.0,0.3392857142857143,0.0,0.09523809523809523,0.0,0.07142857142857142,0.08333333333333333,0.02976190476190476,0.10714285714285714,0.011904761904761904,0.0,0.0,0.43452380952380953,0.3376229384328289,0.27009446748374105,0.34934017481716545,0.23271613095141433,0.3399853692371524,0.29325385815382393,0.875,0.5714285714285714,0.30357142857142855,0.0,0.10714285714285714,0.15476190476190477,0.43859649122807015,0.043478260869565216,0.0,0.0,2,karay-a,low_resource
1207,334,46,4.574850299401198,7.260869565217392,1.904191616766467,62,0.8695652173913043,0.24251497005988024,0.0,0.1347305389221557,0.0,0.038922155688622756,0.041916167664670656,0.05089820359281437,0.04790419161676647,0.0,0.0029940119760479044,0.0,0.45808383233532934,0.3085352233535353,0.21989038284718723,0.29045975333986884,0.19605897211316015,0.31094844059480975,0.22752212001803918,0.5508982035928144,0.3712574850299401,0.17964071856287425,0.0,0.04790419161676647,0.16766467065868262,0.5061728395061729,0.17391304347826086,0.717391304347826,0.8695652173913043,2,karay-a,low_resource
1208,55,9,4.545454545454546,6.111111111111111,1.9090909090909092,10,0.3333333333333333,0.7090909090909091,0.0,0.10909090909090909,0.0,0.09090909090909091,0.05454545454545454,0.10909090909090909,0.03636363636363636,0.0,0.0,0.0,0.34545454545454546,0.297934706004272,0.23664846981689291,0.32626927914123427,0.2791507328730721,0.31303204988997524,0.21411401052483575,0.7818181818181817,0.5454545454545454,0.23636363636363636,0.0,0.03636363636363636,0.21818181818181817,0.8205128205128205,0.0,0.0,0.3333333333333333,2,karay-a,low_resource
1209,751,97,4.729693741677763,7.742268041237113,1.9054593874833554,185,0.20618556701030927,0.340878828229028,0.0013315579227696406,0.18508655126498003,0.0013315579227696406,0.07190412782956059,0.03062583222370173,0.047936085219707054,0.10785619174434088,0.0,0.0013315579227696406,0.0,0.40745672436750996,0.43985908400355817,0.417071248481881,0.4109832979102332,0.3504225159700074,0.45180042644562657,0.44075939895781546,0.8175765645805593,0.6018641810918774,0.21571238348868177,0.002663115845539281,0.08921438082556592,0.20239680426098536,0.66015625,0.15463917525773196,0.3711340206185567,0.20618556701030927,2,karay-a,low_resource
1210,163,32,4.3128834355828225,5.09375,1.7484662576687116,24,0.1875,0.4601226993865031,0.0,0.1656441717791411,0.006134969325153374,0.1411042944785276,0.024539877300613498,0.012269938650306749,0.05521472392638037,0.0,0.012269938650306749,0.0,0.294478527607362,0.37955414676441773,0.22956678186598406,0.3475139123838692,0.205436483464241,0.3605167545815082,0.2680570057541647,0.7607361963190183,0.50920245398773,0.25153374233128833,0.0,0.04294478527607362,0.13496932515337423,0.49333333333333335,0.28125,0.9375,0.1875,2,karay-a,low_resource
1211,513,47,4.658869395711501,10.914893617021276,1.9181286549707601,128,0.44680851063829785,0.41325536062378165,0.0,0.1539961013645224,0.001949317738791423,0.06627680311890838,0.037037037037037035,0.03898635477582846,0.16569200779727095,0.0,0.0,0.0,0.4951267056530214,0.41448061579062556,0.45278263021405746,0.4393734862377829,0.406007086633174,0.43060051074290273,0.4591268980400421,0.7894736842105263,0.5964912280701754,0.19298245614035087,0.0,0.15204678362573099,0.23586744639376217,0.7216981132075472,0.0851063829787234,0.23404255319148937,0.44680851063829785,3,karay-a,low_resource
1212,144,13,4.534722222222222,11.076923076923077,1.7916666666666667,23,0.46153846153846156,0.4236111111111111,0.0,0.0625,0.0,0.125,0.1527777777777778,0.027777777777777776,0.04861111111111111,0.0,0.0,0.0,0.5,0.3443471339046075,0.29167727297128365,0.3418940528153523,0.29721474960725297,0.3633228190089015,0.33402864319876396,0.75,0.4861111111111111,0.2638888888888889,0.006944444444444444,0.04861111111111111,0.2222222222222222,0.5901639344262295,0.0,0.0,0.46153846153846156,3,karay-a,low_resource
1213,287,37,4.620209059233449,7.756756756756757,2.0069686411149825,91,0.43243243243243246,0.3554006968641115,0.0,0.14285714285714285,0.0,0.06620209059233449,0.04529616724738676,0.05226480836236934,0.04878048780487805,0.0,0.0,0.0,0.32752613240418116,0.3316548396884078,0.32841106343401344,0.35752291072385506,0.3347677421047624,0.3453987773761899,0.3327660779186818,0.8780487804878049,0.6236933797909407,0.25435540069686413,0.0,0.05226480836236934,0.16376306620209058,0.5392156862745098,0.05405405405405406,0.4594594594594595,0.43243243243243246,3,karay-a,low_resource
1214,196,29,4.739795918367347,6.758620689655173,1.9438775510204083,45,0.41379310344827586,0.5510204081632653,0.0,0.12244897959183673,0.00510204081632653,0.11224489795918367,0.03571428571428571,0.05102040816326531,0.10204081632653061,0.0,0.0,0.0,0.3826530612244898,0.41460623396149654,0.38287537363657304,0.415396788449714,0.35467215670094526,0.43267351087190986,0.3865167954420698,0.9948979591836735,0.7346938775510204,0.2602040816326531,0.01020408163265306,0.10204081632653061,0.1836734693877551,0.75,0.06896551724137931,0.06896551724137931,0.41379310344827586,3,karay-a,low_resource
1215,654,87,4.637614678899083,7.517241379310345,1.8211009174311927,117,0.367816091954023,0.37920489296636084,0.0,0.1636085626911315,0.0015290519877675841,0.07033639143730887,0.0382262996941896,0.024464831804281346,0.10091743119266056,0.0,0.0,0.0,0.4724770642201835,0.4099745555314761,0.4027235437037422,0.41569532126861364,0.38493822821454293,0.41465509604423084,0.40592075746144135,0.944954128440367,0.7247706422018348,0.22018348623853212,0.0061162079510703364,0.10091743119266056,0.1620795107033639,0.6895161290322581,0.034482758620689655,0.367816091954023,0.367816091954023,3,karay-a,low_resource
1216,381,45,4.7952755905511815,8.466666666666667,1.9816272965879265,106,0.3111111111111111,0.42782152230971127,0.0,0.15748031496062992,0.0,0.07086614173228346,0.05249343832020997,0.028871391076115485,0.10761154855643044,0.0,0.0026246719160104987,0.0,0.4645669291338583,0.4166557171936318,0.3719717828477823,0.42111922449669786,0.33375630033584347,0.4196218805968951,0.37944332808044146,0.7847769028871391,0.6115485564304461,0.1732283464566929,0.0,0.09973753280839895,0.2152230971128609,0.7300613496932515,0.022222222222222223,0.24444444444444444,0.3111111111111111,3,karay-a,low_resource
1217,467,50,4.507494646680942,9.34,1.8650963597430408,92,0.2,0.3404710920770878,0.0,0.14346895074946467,0.0,0.0835117773019272,0.042826552462526764,0.027837259100642397,0.10706638115631692,0.0,0.0021413276231263384,0.0,0.3897216274089936,0.41541691220387217,0.4047743292522056,0.43985253405658226,0.350337272744972,0.42879405952398836,0.3876483269286162,0.7687366167023555,0.5910064239828694,0.1777301927194861,0.0021413276231263384,0.09850107066381156,0.1777301927194861,0.5660377358490566,0.04,0.3,0.2,3,karay-a,low_resource
1218,602,70,4.323920265780731,8.6,1.7740863787375416,99,0.5,0.33554817275747506,0.0,0.1511627906976744,0.0033222591362126247,0.08305647840531562,0.053156146179401995,0.04152823920265781,0.07142857142857142,0.0,0.0,0.0,0.4219269102990033,0.43693429195427586,0.414194430019369,0.426258874466872,0.3609677503447672,0.4273879527945928,0.4205952583630223,0.7956810631229236,0.5448504983388704,0.25083056478405313,0.024916943521594685,0.06312292358803986,0.19601328903654486,0.5495049504950495,0.1,0.45714285714285713,0.5,3,karay-a,low_resource
1219,436,54,4.509174311926605,8.074074074074074,1.8096330275229358,74,0.5370370370370371,0.4059633027522936,0.0,0.1926605504587156,0.0045871559633027525,0.08944954128440367,0.045871559633027525,0.01834862385321101,0.07110091743119266,0.0,0.0,0.0,0.3646788990825688,0.4220888836950262,0.37677713683660524,0.43224136895428733,0.34319657772378775,0.42427407737954037,0.3503795036717648,0.701834862385321,0.5275229357798165,0.1743119266055046,0.0,0.052752293577981654,0.20412844036697247,0.6836158192090396,0.07407407407407407,0.2037037037037037,0.5370370370370371,3,karay-a,low_resource
1220,243,56,4.399176954732511,4.339285714285714,1.7242798353909465,40,0.03571428571428571,0.5102880658436214,0.0,0.1646090534979424,0.00411522633744856,0.1111111111111111,0.0411522633744856,0.05761316872427984,0.07818930041152264,0.037037037037037035,0.00823045267489712,0.0,0.4279835390946502,0.41363182046058994,0.3349539008776211,0.42735510168778235,0.2866701410191315,0.4148837277048081,0.38140319126250843,0.7983539094650206,0.5596707818930041,0.23868312757201646,0.0,0.06995884773662552,0.18106995884773663,0.7258064516129032,0.03571428571428571,0.17857142857142858,0.03571428571428571,3,karay-a,low_resource
1221,461,32,4.6073752711496745,14.40625,1.8633405639913232,112,0.78125,0.3665943600867679,0.0,0.1648590021691974,0.006507592190889371,0.07158351409978309,0.06290672451193059,0.019522776572668113,0.08893709327548807,0.0,0.0,0.0,0.4511930585683297,0.40454229353339144,0.3845618870205235,0.42616605298493276,0.3291079851938532,0.4212599752632784,0.38354177541149814,0.7396963123644252,0.5531453362255966,0.18655097613882862,0.0,0.08676789587852494,0.22342733188720174,0.6272189349112426,0.0,0.15625,0.78125,3,karay-a,low_resource
1222,505,53,4.754455445544554,9.528301886792454,1.9623762376237623,153,0.8301886792452831,0.3326732673267327,0.0,0.16633663366336635,0.0019801980198019802,0.06336633663366337,0.04950495049504951,0.047524752475247525,0.07722772277227723,0.0,0.0,0.0,0.41386138613861384,0.4059247278958737,0.43128333860949963,0.40514519253985476,0.3958978355241176,0.4131952042180614,0.43160194399239377,0.8297029702970298,0.6297029702970297,0.2,0.005940594059405941,0.07326732673267326,0.201980198019802,0.5119047619047619,0.1320754716981132,0.41509433962264153,0.8301886792452831,3,karay-a,low_resource
1223,342,33,4.97953216374269,10.363636363636363,2.008771929824561,100,0.42424242424242425,0.4327485380116959,0.0,0.11695906432748537,0.0,0.08771929824561403,0.06140350877192982,0.049707602339181284,0.10818713450292397,0.005847953216374269,0.0,0.0,0.4678362573099415,0.38684011974716226,0.363662643613678,0.42465639857968956,0.3751954300785309,0.4083870641421541,0.3658475580736698,0.8976608187134503,0.6637426900584795,0.23391812865497075,0.0,0.10818713450292397,0.21052631578947367,0.6756756756756757,0.0,0.24242424242424243,0.42424242424242425,3,karay-a,low_resource
1224,684,97,4.818713450292398,7.051546391752577,1.871345029239766,158,0.4948453608247423,0.36988304093567254,0.0,0.15789473684210525,0.0029239766081871343,0.09502923976608187,0.06140350877192982,0.06140350877192982,0.07894736842105263,0.0043859649122807015,0.0,0.0029239766081871343,0.5,0.42955117799472115,0.4088275754682881,0.43670656394419244,0.39522136983872413,0.44000634316272214,0.38064412739088693,0.8494152046783625,0.631578947368421,0.21783625730994152,0.0014619883040935672,0.07309941520467836,0.21198830409356725,0.6798418972332015,0.09278350515463918,0.2268041237113402,0.4948453608247423,3,karay-a,low_resource
1225,312,34,4.464743589743589,9.176470588235293,1.7435897435897436,43,0.3235294117647059,0.46794871794871795,0.003205128205128205,0.12179487179487179,0.019230769230769232,0.10897435897435898,0.04807692307692308,0.02564102564102564,0.07692307692307693,0.00641025641025641,0.0,0.0,0.4423076923076923,0.4080583684150661,0.36183017921927507,0.4147047272444001,0.336835239843321,0.4336001107365368,0.38899253997208305,0.8846153846153847,0.6410256410256411,0.24358974358974358,0.0,0.07371794871794872,0.15384615384615385,0.678082191780822,0.14705882352941177,0.2647058823529412,0.3235294117647059,3,karay-a,low_resource
1226,575,54,4.196521739130435,10.648148148148149,1.7304347826086957,85,0.7592592592592593,0.3391304347826087,0.0,0.1808695652173913,0.0052173913043478265,0.10434782608695652,0.036521739130434785,0.017391304347826087,0.09913043478260869,0.0,0.0,0.0,0.32869565217391306,0.41929890547109744,0.40586196570276123,0.4104375481501849,0.36250585458499573,0.3882843195232887,0.3879491755345513,0.6765217391304348,0.5373913043478261,0.1391304347826087,0.0017391304347826088,0.09913043478260869,0.2,0.5692307692307692,0.14814814814814814,0.6851851851851852,0.7592592592592593,3,karay-a,low_resource
1227,505,46,4.415841584158416,10.978260869565217,1.8396039603960397,103,0.9565217391304348,0.3425742574257426,0.0039603960396039604,0.15445544554455445,0.0,0.04950495049504951,0.09504950495049505,0.033663366336633666,0.08712871287128712,0.0,0.0,0.0,0.403960396039604,0.42214810447529744,0.3883918279461583,0.42768668444513724,0.3498090027520194,0.4284184168605377,0.39221060991495355,0.7346534653465346,0.4871287128712871,0.24752475247524752,0.0019801980198019802,0.08712871287128712,0.2396039603960396,0.5722543352601156,0.0,0.17391304347826086,0.9565217391304348,3,karay-a,low_resource
1228,381,39,4.532808398950131,9.76923076923077,1.7244094488188977,65,0.7692307692307693,0.4015748031496063,0.0,0.13123359580052493,0.0,0.13123359580052493,0.08136482939632546,0.047244094488188976,0.047244094488188976,0.005249343832020997,0.0,0.0,0.47506561679790027,0.36796969673941404,0.23629751639990626,0.38096155562815914,0.256837015808888,0.38223136677828085,0.24092504255735595,0.7559055118110236,0.49343832020997375,0.26246719160104987,0.005249343832020997,0.03674540682414698,0.1889763779527559,0.6928104575163399,0.1282051282051282,0.5128205128205128,0.7692307692307693,3,karay-a,low_resource
1229,386,32,4.813471502590674,12.0625,1.8626943005181347,88,0.46875,0.3756476683937824,0.0,0.13212435233160622,0.0,0.08290155440414508,0.05958549222797927,0.06476683937823834,0.10362694300518134,0.018134715025906734,0.0025906735751295338,0.0,0.5310880829015544,0.39712520085898945,0.367738854344172,0.421263484332566,0.3632793221049111,0.414235812111472,0.37779883387053365,0.9533678756476685,0.6580310880829016,0.29533678756476683,0.0,0.08290155440414508,0.21243523316062177,0.6551724137931034,0.0,0.03125,0.46875,3,karay-a,low_resource
1230,438,63,4.408675799086758,6.9523809523809526,1.8424657534246576,68,1.0634920634920635,0.363013698630137,0.0,0.182648401826484,0.0,0.0502283105022831,0.04337899543378995,0.0182648401826484,0.0821917808219178,0.00228310502283105,0.0,0.0,0.3515981735159817,0.4120335698871479,0.38472517848548204,0.43619043891320497,0.3740900671651724,0.419840791431945,0.37256982119348225,0.6712328767123288,0.5228310502283106,0.14840182648401826,0.0,0.0821917808219178,0.21689497716894976,0.6037735849056604,0.047619047619047616,0.5873015873015873,1.0634920634920635,3,karay-a,low_resource
1231,490,65,4.651020408163265,7.538461538461538,1.8551020408163266,96,0.18461538461538463,0.3510204081632653,0.0020408163265306124,0.07755102040816327,0.0,0.1,0.10408163265306122,0.05510204081632653,0.07142857142857142,0.0,0.0,0.0,0.4857142857142857,0.42226194732173666,0.36345527574213704,0.4218236614571082,0.3662175298657452,0.418032502262205,0.3922639378443415,0.9061224489795918,0.6040816326530613,0.3020408163265306,0.0020408163265306124,0.0673469387755102,0.20408163265306123,0.627906976744186,0.06153846153846154,0.24615384615384617,0.18461538461538463,3,karay-a,low_resource
1232,436,46,4.626146788990826,9.478260869565217,1.8876146788990826,103,0.5,0.3967889908256881,0.0,0.1559633027522936,0.0,0.12385321100917432,0.06651376146788991,0.034403669724770644,0.07339449541284404,0.0,0.0,0.0,0.3830275229357798,0.4159639458075748,0.3528263384168954,0.41288245725765665,0.35849405853492433,0.4288081524786543,0.3800221388610541,0.9495412844036697,0.6972477064220184,0.25229357798165136,0.0022935779816513763,0.06422018348623854,0.21330275229357798,0.6473988439306358,0.0,0.3695652173913043,0.5,3,karay-a,low_resource
1233,522,83,4.693486590038314,6.289156626506024,1.8869731800766283,106,0.2289156626506024,0.3793103448275862,0.0,0.13026819923371646,0.0038314176245210726,0.05555555555555555,0.05747126436781609,0.04789272030651341,0.10727969348659004,0.0038314176245210726,0.0,0.0,0.41954022988505746,0.42343879695567743,0.4068100274580922,0.4220777972300372,0.3919916539249862,0.4408252092606757,0.3847890575235091,0.842911877394636,0.6532567049808429,0.1896551724137931,0.0019157088122605363,0.09961685823754789,0.2049808429118774,0.6313131313131313,0.04819277108433735,0.37349397590361444,0.2289156626506024,3,karay-a,low_resource
1234,335,37,4.970149253731344,9.054054054054054,1.9522388059701492,84,0.5405405405405406,0.41194029850746267,0.0,0.0955223880597015,0.0,0.04776119402985075,0.08059701492537313,0.056716417910447764,0.14328358208955225,0.0,0.0,0.0,0.573134328358209,0.41014042529032657,0.3736058827162317,0.4104384131532848,0.36837300116376964,0.4156954306617759,0.39131541308599543,0.8656716417910447,0.5671641791044776,0.29850746268656714,0.0029850746268656717,0.1373134328358209,0.18507462686567164,0.6811594202898551,0.0,0.24324324324324326,0.5405405405405406,3,karay-a,low_resource
1235,294,25,4.802721088435374,11.76,1.91156462585034,76,0.84,0.4421768707482993,0.0,0.1564625850340136,0.003401360544217687,0.07482993197278912,0.061224489795918366,0.05442176870748299,0.1360544217687075,0.0,0.0,0.0,0.5136054421768708,0.41973211582825,0.42928917522305515,0.4199633738670636,0.34850224803439606,0.43485790579648803,0.42933647882239373,0.826530612244898,0.6190476190476191,0.20748299319727892,0.0,0.12244897959183673,0.22789115646258504,0.7538461538461538,0.0,0.12,0.84,3,karay-a,low_resource
1236,444,29,4.468468468468468,15.310344827586206,1.8468468468468469,90,0.7931034482758621,0.38288288288288286,0.0,0.15315315315315314,0.0022522522522522522,0.060810810810810814,0.04279279279279279,0.02027027027027027,0.1463963963963964,0.0,0.0,0.0,0.4391891891891892,0.3945601863724946,0.4068655592713709,0.421569093212994,0.38123166274387443,0.4083734008839513,0.409777386666932,0.6418918918918919,0.5045045045045045,0.1373873873873874,0.0022522522522522522,0.1463963963963964,0.20045045045045046,0.6823529411764706,0.0,0.13793103448275862,0.7931034482758621,3,karay-a,low_resource
1237,745,68,4.810738255033557,10.955882352941176,1.9114093959731544,157,0.9705882352941176,0.38791946308724834,0.0,0.11677852348993288,0.0013422818791946308,0.06711409395973154,0.049664429530201344,0.03087248322147651,0.12483221476510067,0.0,0.0,0.0,0.47516778523489933,0.40923336269332866,0.43452544149943145,0.43062907797271166,0.389884660944514,0.4253526965549054,0.4124069995608265,0.8939597315436242,0.6657718120805369,0.22818791946308725,0.0,0.11946308724832215,0.19328859060402684,0.6678200692041523,0.10294117647058823,0.17647058823529413,0.9705882352941176,3,karay-a,low_resource
1238,734,80,4.645776566757493,9.175,1.9155313351498637,152,0.3,0.30381471389645776,0.0,0.1307901907356948,0.0027247956403269754,0.05040871934604905,0.047683923705722074,0.047683923705722074,0.11307901907356949,0.0,0.0,0.0,0.5245231607629428,0.4313509099246631,0.3978550746874992,0.44776807827026244,0.35662445771767903,0.4343874886399691,0.3739714549717982,0.7724795640326975,0.5831062670299727,0.1893732970027248,0.0027247956403269754,0.09809264305177112,0.1771117166212534,0.5964125560538116,0.125,0.2,0.3,3,karay-a,low_resource
1239,486,27,4.9300411522633745,18.0,1.9094650205761317,120,0.8888888888888888,0.4382716049382716,0.0,0.11522633744855967,0.006172839506172839,0.0720164609053498,0.06172839506172839,0.06584362139917696,0.13168724279835392,0.00205761316872428,0.00205761316872428,0.0,0.5349794238683128,0.4584724450058704,0.4144772763773307,0.45424548588579533,0.37754216314440536,0.4576023639664634,0.3939747447371814,0.9547325102880658,0.7057613168724279,0.24897119341563786,0.006172839506172839,0.12551440329218108,0.18930041152263374,0.7417840375586855,0.0,0.07407407407407407,0.8888888888888888,3,karay-a,low_resource
1240,226,24,4.769911504424779,9.416666666666666,1.8849557522123894,46,0.4166666666666667,0.5132743362831859,0.0,0.12831858407079647,0.004424778761061947,0.084070796460177,0.06637168141592921,0.02654867256637168,0.05752212389380531,0.0,0.0,0.0,0.4469026548672566,0.4115880680679363,0.35904161998914136,0.3925041951265752,0.2837894433842604,0.426942519455533,0.37088049650554694,0.7831858407079646,0.5486725663716814,0.2345132743362832,0.0,0.05752212389380531,0.2079646017699115,0.6637931034482759,0.0,0.20833333333333334,0.4166666666666667,3,karay-a,low_resource
1241,421,50,4.855106888361045,8.42,1.8954869358669835,112,0.44,0.38004750593824227,0.0,0.1377672209026128,0.0023752969121140144,0.0855106888361045,0.06413301662707839,0.035629453681710214,0.12114014251781473,0.004750593824228029,0.0,0.0,0.5083135391923991,0.41436290653405156,0.3301255513706753,0.40968840597198447,0.31709415145953507,0.4239572308828411,0.33732173647279395,0.9382422802850356,0.6793349168646081,0.2589073634204275,0.0023752969121140144,0.0997624703087886,0.20902612826603326,0.675,0.04,0.46,0.44,3,karay-a,low_resource
1242,617,75,4.589951377633711,8.226666666666667,1.8314424635332254,120,0.49333333333333335,0.4181523500810373,0.0,0.16369529983792544,0.009724473257698542,0.08103727714748785,0.04862236628849271,0.04538087520259319,0.06320907617504051,0.0,0.0,0.0,0.4035656401944895,0.44156452768952503,0.41220997771140666,0.44680614831697524,0.3732608505710916,0.44759999799204014,0.380708497669269,0.9416531604538088,0.6580226904376013,0.28363047001620745,0.0032414910858995136,0.055105348460291734,0.1912479740680713,0.7054263565891473,0.04,0.49333333333333335,0.49333333333333335,3,karay-a,low_resource
1243,416,56,4.670673076923077,7.428571428571429,1.9375,99,0.39285714285714285,0.3870192307692308,0.0,0.13942307692307693,0.0,0.10336538461538461,0.03365384615384615,0.057692307692307696,0.07692307692307693,0.0,0.0,0.0,0.375,0.4190025631074063,0.3814561405860037,0.40776902037630064,0.38427867838189617,0.4217040380656821,0.3869658144029936,0.9879807692307693,0.6802884615384616,0.3076923076923077,0.0,0.06971153846153846,0.19230769230769232,0.6583850931677019,0.08928571428571429,0.26785714285714285,0.39285714285714285,3,karay-a,low_resource
1244,861,100,4.824622531939605,8.61,1.91869918699187,203,0.66,0.27177700348432055,0.0,0.15331010452961671,0.0,0.0627177700348432,0.04645760743321719,0.032520325203252036,0.08478513356562137,0.0,0.0,0.0,0.3879210220673635,0.456369654623314,0.39475804551032156,0.4636874730168137,0.38751802700953103,0.44927936506350064,0.40621311334808463,1.0580720092915215,0.8072009291521487,0.2508710801393728,0.010452961672473868,0.08013937282229965,0.21022067363530778,0.5811965811965812,0.03,0.37,0.66,3,karay-a,low_resource
1245,506,61,4.6146245059288535,8.295081967213115,1.8181818181818181,93,0.08196721311475409,0.3142292490118577,0.0,0.12450592885375494,0.0,0.0691699604743083,0.07312252964426877,0.0533596837944664,0.11067193675889328,0.0,0.0,0.0,0.4743083003952569,0.39114794358478255,0.3267438477879838,0.40492338223015323,0.30519467897490477,0.3972613028504403,0.31726712770787896,1.0256916996047432,0.7055335968379447,0.3201581027667984,0.0,0.11067193675889328,0.22332015810276679,0.6477987421383647,0.06557377049180328,0.0,0.08196721311475409,3,karay-a,low_resource
1246,172,24,4.476744186046512,7.166666666666667,1.9244186046511629,35,0.20833333333333334,0.5348837209302325,0.0,0.1686046511627907,0.0,0.11046511627906977,0.05813953488372093,0.029069767441860465,0.023255813953488372,0.0,0.0,0.0,0.313953488372093,0.38149172732342695,0.3219091872670997,0.3564703052744414,0.2767578310644037,0.3898200182058399,0.3346804037024088,0.7965116279069768,0.5174418604651163,0.27906976744186046,0.005813953488372093,0.023255813953488372,0.18604651162790697,0.75,0.25,0.041666666666666664,0.20833333333333334,3,karay-a,low_resource
1247,482,38,4.618257261410788,12.68421052631579,1.887966804979253,99,0.9210526315789473,0.43983402489626555,0.0,0.14107883817427386,0.008298755186721992,0.07468879668049792,0.043568464730290454,0.03734439834024896,0.07676348547717843,0.0,0.008298755186721992,0.0,0.38381742738589214,0.4205259371565366,0.39338123533920877,0.4550324821293253,0.358750653472444,0.4240000684267547,0.40632574068693444,0.7780082987551867,0.578838174273859,0.1991701244813278,0.0,0.07468879668049792,0.16597510373443983,0.6792452830188679,0.07894736842105263,0.02631578947368421,0.9210526315789473,3,karay-a,low_resource
1248,260,40,4.9192307692307695,6.5,2.0,57,0.55,0.40384615384615385,0.0,0.17307692307692307,0.0,0.06153846153846154,0.007692307692307693,0.011538461538461539,0.06923076923076923,0.0,0.0,0.0,0.38076923076923075,0.32172597453410867,0.27163636360991983,0.3565374854460486,0.2855512185190917,0.3387508143053257,0.294961233843009,0.676923076923077,0.5192307692307693,0.1576923076923077,0.011538461538461539,0.06538461538461539,0.16153846153846155,0.5619047619047619,0.225,0.45,0.55,3,karay-a,low_resource
1249,497,52,4.490945674044266,9.557692307692308,1.847082494969819,104,0.40384615384615385,0.4164989939637827,0.0,0.18712273641851107,0.004024144869215292,0.06639839034205232,0.030181086519114688,0.028169014084507043,0.09859154929577464,0.002012072434607646,0.0,0.0,0.40643863179074446,0.4077346141510948,0.4569597414050699,0.4354088794982831,0.38400049227624933,0.41764715155132665,0.41121284671378,0.6901408450704225,0.5352112676056338,0.15492957746478872,0.002012072434607646,0.09456740442655935,0.2152917505030181,0.6908212560386473,0.09615384615384616,0.34615384615384615,0.40384615384615385,3,karay-a,low_resource
1250,375,41,4.538666666666667,9.146341463414634,1.8666666666666667,74,0.7073170731707317,0.4186666666666667,0.0,0.15733333333333333,0.0026666666666666666,0.064,0.048,0.029333333333333333,0.10933333333333334,0.0,0.0,0.0,0.4666666666666667,0.4159674652797124,0.3805408344717229,0.4134099077561056,0.34962311546814917,0.41676538221565473,0.3756018841338855,0.7226666666666666,0.576,0.14666666666666667,0.005333333333333333,0.104,0.208,0.643312101910828,0.12195121951219512,0.43902439024390244,0.7073170731707317,3,karay-a,low_resource
1251,398,29,4.673366834170854,13.724137931034482,1.85678391959799,79,0.8275862068965517,0.3944723618090452,0.0,0.12060301507537688,0.0,0.09296482412060302,0.06030150753768844,0.052763819095477386,0.135678391959799,0.0,0.0,0.0,0.5050251256281407,0.3971208713535035,0.38619969251125097,0.4144785764623282,0.36447753859826487,0.4132540986725542,0.3742287608548346,0.7613065326633165,0.5527638190954773,0.20854271356783918,0.0,0.13316582914572864,0.1984924623115578,0.7197452229299363,0.0,0.034482758620689655,0.8275862068965517,3,karay-a,low_resource
1252,411,60,4.802919708029197,6.85,1.927007299270073,84,0.65,0.44525547445255476,0.0,0.1897810218978102,0.0,0.0681265206812652,0.0340632603406326,0.0413625304136253,0.0364963503649635,0.004866180048661801,0.0,0.0,0.45742092457420924,0.4311955285094758,0.3855807906361589,0.4212511307797317,0.3444543843905362,0.44018142591812837,0.3915156560554304,0.7737226277372263,0.6034063260340633,0.170316301703163,0.0,0.0364963503649635,0.20924574209245742,0.6502732240437158,0.016666666666666666,0.45,0.65,3,karay-a,low_resource
1253,507,55,4.810650887573964,9.218181818181819,1.9388560157790926,99,0.8909090909090909,0.35700197238658776,0.0,0.16173570019723865,0.005917159763313609,0.0631163708086785,0.02564102564102564,0.015779092702169626,0.08875739644970414,0.0,0.0,0.0,0.39250493096646943,0.42786370346734526,0.41810307876727826,0.4307772568923674,0.37017539320387277,0.428467141969686,0.3862764171956979,0.8165680473372782,0.5976331360946746,0.21893491124260356,0.0,0.08481262327416174,0.16370808678500987,0.6022099447513812,0.16363636363636364,0.5636363636363636,0.8909090909090909,3,karay-a,low_resource
1254,351,41,4.652421652421652,8.560975609756097,1.8233618233618234,77,0.6829268292682927,0.396011396011396,0.0,0.14814814814814814,0.002849002849002849,0.08262108262108261,0.039886039886039885,0.05128205128205128,0.09116809116809117,0.0,0.0,0.0,0.47863247863247865,0.4175540211859932,0.37402212265277224,0.43676056726337814,0.3848030880194857,0.41975879208577865,0.35674164486943605,0.9002849002849003,0.7037037037037037,0.19658119658119658,0.002849002849002849,0.08547008547008547,0.2222222222222222,0.6474820143884892,0.12195121951219512,0.4634146341463415,0.6829268292682927,3,karay-a,low_resource
1255,362,38,4.2569060773480665,9.526315789473685,1.7596685082872927,70,0.2631578947368421,0.36464088397790057,0.0,0.1712707182320442,0.008287292817679558,0.09944751381215469,0.04419889502762431,0.03038674033149171,0.10220994475138122,0.0,0.0,0.0,0.32320441988950277,0.4075926557605466,0.3827200749733632,0.43996136580901063,0.35636122863434555,0.42406151394073605,0.38426745325032646,0.7320441988950276,0.574585635359116,0.1574585635359116,0.0055248618784530384,0.09944751381215469,0.20165745856353592,0.7196969696969697,0.02631578947368421,0.05263157894736842,0.2631578947368421,3,karay-a,low_resource
1256,705,64,4.500709219858156,11.015625,1.729078014184397,134,0.625,0.35319148936170214,0.00425531914893617,0.09787234042553192,0.009929078014184398,0.05106382978723404,0.075177304964539,0.05531914893617021,0.13191489361702127,0.0014184397163120568,0.009929078014184398,0.0,0.550354609929078,0.39135383266615653,0.3668311157724188,0.40193236218224754,0.3550764938694244,0.40642614353464757,0.3913975040910926,0.7432624113475177,0.5134751773049645,0.2297872340425532,0.0014184397163120568,0.1148936170212766,0.1773049645390071,0.6144578313253012,0.109375,0.484375,0.625,3,karay-a,low_resource
1257,197,43,4.654822335025381,4.5813953488372094,1.9035532994923858,47,0.18604651162790697,0.39593908629441626,0.0,0.17258883248730963,0.0,0.04060913705583756,0.06091370558375635,0.04060913705583756,0.06091370558375635,0.0,0.0,0.0,0.43147208121827413,0.31354609873809874,0.2175804311102701,0.2792532809696052,0.17441416654497346,0.2912543888760574,0.22281731450625836,1.101522842639594,0.9238578680203046,0.17766497461928935,0.005076142131979695,0.050761421319796954,0.23857868020304568,0.6282051282051282,0.023255813953488372,0.18604651162790697,0.18604651162790697,3,karay-a,low_resource
1258,426,52,4.753521126760563,8.192307692307692,1.92018779342723,109,0.28846153846153844,0.41784037558685444,0.0,0.16666666666666666,0.004694835680751174,0.07276995305164319,0.06103286384976526,0.025821596244131457,0.10093896713615023,0.0,0.0,0.0,0.43896713615023475,0.42925350886012936,0.3541686745723477,0.42394120380583505,0.3403492671597014,0.4309817591723662,0.38190348992973683,0.8967136150234741,0.6995305164319249,0.19718309859154928,0.0,0.09624413145539906,0.2347417840375587,0.7528089887640449,0.019230769230769232,0.25,0.28846153846153844,3,karay-a,low_resource
1259,705,67,4.591489361702128,10.522388059701493,1.8354609929078014,134,0.6417910447761194,0.28936170212765955,0.0,0.16312056737588654,0.0014184397163120568,0.062411347517730496,0.04113475177304964,0.04539007092198582,0.10780141843971631,0.0014184397163120568,0.0,0.0,0.44113475177304967,0.428406176456292,0.3531647937571253,0.40431618743487946,0.3325931523758659,0.44962284625851234,0.3978065824454457,0.7702127659574468,0.5943262411347517,0.17588652482269504,0.0014184397163120568,0.10070921985815603,0.19858156028368795,0.5882352941176471,0.13432835820895522,0.43283582089552236,0.6417910447761194,3,karay-a,low_resource
1260,411,65,4.975669099756691,6.323076923076923,1.9610705596107056,94,0.5076923076923077,0.40389294403892945,0.0,0.16058394160583941,0.0,0.06569343065693431,0.029197080291970802,0.031630170316301706,0.046228710462287104,0.0,0.0,0.0,0.45255474452554745,0.4260337140446707,0.404814814141617,0.38307269883303896,0.3416959868941992,0.3757496102631194,0.4143009531392849,1.0291970802919708,0.7761557177615572,0.25304136253041365,0.0,0.04866180048661801,0.19951338199513383,0.6566265060240963,0.06153846153846154,0.3384615384615385,0.5076923076923077,3,karay-a,low_resource
1261,286,31,4.636363636363637,9.225806451612904,1.8566433566433567,65,0.25806451612903225,0.458041958041958,0.0,0.17132867132867133,0.0,0.03496503496503497,0.06293706293706294,0.045454545454545456,0.12237762237762238,0.0034965034965034965,0.0,0.0,0.493006993006993,0.4198552386844827,0.40472565759466245,0.41813442190987304,0.38139368274050267,0.4197580503617943,0.4162936165596113,0.8251748251748252,0.6083916083916084,0.21678321678321677,0.0034965034965034965,0.12237762237762238,0.2202797202797203,0.7557251908396947,0.0,0.03225806451612903,0.25806451612903225,3,karay-a,low_resource
1262,80,8,4.5,10.0,1.925,17,0.75,0.6125,0.0,0.2,0.025,0.075,0.0125,0.0125,0.05,0.0,0.0,0.0,0.2875,0.35425983167489905,0.22780109118824388,0.37045152213603333,0.22098369435119586,0.3593184979603612,0.19698530326446256,0.7875,0.6875,0.1,0.0,0.05,0.225,0.7142857142857143,0.0,0.25,0.75,3,karay-a,low_resource
1263,456,48,4.609649122807017,9.5,1.8508771929824561,92,0.5,0.375,0.0,0.17324561403508773,0.0021929824561403508,0.1118421052631579,0.03728070175438596,0.02412280701754386,0.08552631578947369,0.0,0.0,0.0,0.38596491228070173,0.42399730625678617,0.39811003396162553,0.4167535682382987,0.342301297641979,0.4452238000116368,0.366213725957877,0.8092105263157895,0.6206140350877193,0.18859649122807018,0.0021929824561403508,0.08114035087719298,0.19517543859649122,0.6432748538011696,0.020833333333333332,0.1875,0.5,3,karay-a,low_resource
1264,530,58,4.981132075471698,9.137931034482758,2.020754716981132,155,0.4482758620689655,0.39433962264150946,0.0,0.1660377358490566,0.0018867924528301887,0.062264150943396226,0.04150943396226415,0.033962264150943396,0.1,0.0018867924528301887,0.0,0.0,0.49433962264150944,0.4235216983944632,0.4011334910381499,0.4232579144904171,0.35149524785359754,0.4253330801819107,0.38000327047786403,0.9867924528301888,0.7830188679245284,0.2037735849056604,0.005660377358490566,0.09433962264150944,0.24150943396226415,0.6650717703349283,0.05172413793103448,0.41379310344827586,0.4482758620689655,3,karay-a,low_resource
1265,364,55,4.771978021978022,6.618181818181818,1.870879120879121,72,0.2545454545454545,0.40934065934065933,0.0,0.1565934065934066,0.0027472527472527475,0.07692307692307693,0.038461538461538464,0.03021978021978022,0.06043956043956044,0.0,0.0027472527472527475,0.0,0.4230769230769231,0.4303199353560916,0.3760378911889772,0.4112957688326357,0.317345915364993,0.444058459962028,0.3984642298285089,0.9120879120879121,0.695054945054945,0.21703296703296704,0.0,0.06043956043956044,0.18681318681318682,0.610738255033557,0.05454545454545454,0.16363636363636364,0.2545454545454545,3,karay-a,low_resource
1266,657,88,4.730593607305936,7.465909090909091,1.8310502283105023,118,0.3409090909090909,0.380517503805175,0.0015220700152207,0.1278538812785388,0.0167427701674277,0.0654490106544901,0.0882800608828006,0.0319634703196347,0.0791476407914764,0.0045662100456621,0.0060882800608828,0.0,0.4946727549467275,0.39623327020150934,0.3769029409467325,0.4066142596364334,0.34415624923654126,0.4050466662817476,0.3821130208362796,0.908675799086758,0.624048706240487,0.2846270928462709,0.0015220700152207,0.0684931506849315,0.213089802130898,0.64,0.056818181818181816,0.3181818181818182,0.3409090909090909,3,karay-a,low_resource
1267,321,42,4.454828660436137,7.642857142857143,1.794392523364486,59,0.4523809523809524,0.4143302180685358,0.0,0.13395638629283488,0.009345794392523364,0.07165109034267912,0.056074766355140186,0.04361370716510903,0.09034267912772585,0.0,0.0,0.0,0.4143302180685358,0.4086880869183732,0.3475449723562889,0.39095532558956925,0.301267459326051,0.42501448496500766,0.37176365970309744,0.8317757009345794,0.6697819314641744,0.16199376947040497,0.009345794392523364,0.08411214953271028,0.19626168224299065,0.6466165413533834,0.14285714285714285,0.42857142857142855,0.4523809523809524,3,karay-a,low_resource
1268,541,57,5.011090573012939,9.491228070175438,1.9648798521256932,141,0.43859649122807015,0.43807763401109057,0.0,0.133086876155268,0.0,0.07393715341959335,0.066543438077634,0.04990757855822551,0.08317929759704251,0.0018484288354898336,0.0,0.0,0.4898336414048059,0.4388400971649595,0.4322901348640029,0.4597096765884749,0.39752063119583786,0.42997190217341974,0.39616215050013986,1.1016635859519408,0.8465804066543438,0.25508317929759705,0.005545286506469501,0.08317929759704251,0.2033271719038817,0.6962025316455697,0.07017543859649122,0.24561403508771928,0.43859649122807015,3,karay-a,low_resource
1269,346,27,4.901734104046243,12.814814814814815,1.939306358381503,84,0.6666666666666666,0.3901734104046243,0.0,0.07514450867052024,0.008670520231213872,0.06936416184971098,0.0838150289017341,0.04046242774566474,0.12427745664739884,0.0,0.0,0.0,0.5578034682080925,0.4057641196506019,0.41385191408649497,0.4138595999957736,0.342240705279815,0.4261337900716166,0.3655408961691149,1.0317919075144508,0.7312138728323699,0.30057803468208094,0.002890173410404624,0.12427745664739884,0.21098265895953758,0.5851851851851851,0.037037037037037035,0.1111111111111111,0.6666666666666666,3,karay-a,low_resource
1270,792,59,4.86489898989899,13.423728813559322,1.981060606060606,205,0.3728813559322034,0.3333333333333333,0.0,0.1527777777777778,0.0012626262626262627,0.07575757575757576,0.06565656565656566,0.020202020202020204,0.0946969696969697,0.0,0.0,0.0,0.47853535353535354,0.37355477287965094,0.38559578008278306,0.39860808370121115,0.3413706546918532,0.38213050474129595,0.35280162167636225,0.861111111111111,0.6628787878787878,0.19823232323232323,0.0012626262626262627,0.0946969696969697,0.1919191919191919,0.6060606060606061,0.1016949152542373,0.15254237288135594,0.3728813559322034,3,karay-a,low_resource
1271,724,83,4.459944751381215,8.72289156626506,1.7430939226519337,130,0.4939759036144578,0.3080110497237569,0.0,0.15331491712707182,0.0027624309392265192,0.055248618784530384,0.0649171270718232,0.04143646408839779,0.11740331491712708,0.0013812154696132596,0.0,0.0,0.4723756906077348,0.4226390492646016,0.37914235300003835,0.4247745494079725,0.3639214569421253,0.42936973790408084,0.37663803537789703,0.8825966850828729,0.6602209944751382,0.2223756906077348,0.0,0.10497237569060773,0.23480662983425415,0.6143497757847534,0.1686746987951807,0.4819277108433735,0.4939759036144578,3,karay-a,low_resource
1272,410,60,4.521951219512195,6.833333333333333,1.8853658536585365,88,0.15,0.36097560975609755,0.0,0.2097560975609756,0.0024390243902439024,0.05609756097560976,0.05609756097560976,0.01707317073170732,0.07560975609756097,0.0,0.0,0.0,0.4560975609756098,0.3999624899631556,0.2981786801185626,0.439729039749728,0.3011299786478438,0.40289035920336147,0.3260409900586213,0.7170731707317074,0.5609756097560976,0.15609756097560976,0.004878048780487805,0.07560975609756097,0.23658536585365852,0.6486486486486487,0.05,0.3,0.15,3,karay-a,low_resource
1273,484,55,4.419421487603306,8.8,1.8202479338842976,93,0.45454545454545453,0.38636363636363635,0.004132231404958678,0.1859504132231405,0.008264462809917356,0.09710743801652892,0.03512396694214876,0.026859504132231406,0.08471074380165289,0.0,0.0,0.0,0.34917355371900827,0.4462470095957169,0.4092620383328525,0.43895142003732307,0.3673250689306792,0.4332649807926104,0.3825325161791905,0.8574380165289257,0.628099173553719,0.22933884297520662,0.03512396694214876,0.06818181818181818,0.19834710743801653,0.6149732620320856,0.12727272727272726,0.41818181818181815,0.45454545454545453,3,karay-a,low_resource
1274,267,36,4.265917602996255,7.416666666666667,1.700374531835206,35,0.19444444444444445,0.43820224719101125,0.003745318352059925,0.17228464419475656,0.011235955056179775,0.12359550561797752,0.07116104868913857,0.033707865168539325,0.056179775280898875,0.003745318352059925,0.0,0.0,0.36704119850187267,0.38442024916607953,0.3080767594420606,0.38020993275192055,0.280581266176588,0.3805571713420422,0.3204616641525122,0.7303370786516854,0.49063670411985016,0.2397003745318352,0.003745318352059925,0.033707865168539325,0.250936329588015,0.6666666666666666,0.1111111111111111,0.2222222222222222,0.19444444444444445,3,karay-a,low_resource
1275,541,59,4.454713493530499,9.169491525423728,1.787430683918669,102,0.3220338983050847,0.4011090573012939,0.0018484288354898336,0.16820702402957485,0.005545286506469501,0.10351201478743069,0.038817005545286505,0.02033271719038817,0.11275415896487985,0.0018484288354898336,0.0018484288354898336,0.0,0.4048059149722736,0.43869870146760354,0.4614004661537845,0.4270762746122889,0.39690071495739315,0.44401152485566686,0.4436097941440373,0.77818853974122,0.5656192236598891,0.21256931608133087,0.0073937153419593345,0.10536044362292052,0.19038817005545286,0.6774193548387096,0.0,0.288135593220339,0.3220338983050847,3,karay-a,low_resource
1276,798,91,4.630325814536341,8.76923076923077,1.943609022556391,175,0.3626373626373626,0.33208020050125314,0.0,0.15162907268170425,0.002506265664160401,0.09022556390977443,0.03508771929824561,0.03132832080200501,0.06390977443609022,0.0,0.0,0.0,0.38972431077694236,0.43058604756147206,0.3833807810463582,0.4440700231044482,0.3574485793362553,0.4233776701561469,0.3573166573226101,0.9285714285714286,0.7355889724310777,0.19298245614035087,0.0,0.05889724310776942,0.18421052631578946,0.6188679245283019,0.10989010989010989,0.3956043956043956,0.3626373626373626,3,karay-a,low_resource
1277,295,46,4.620338983050847,6.413043478260869,1.9152542372881356,70,0.17391304347826086,0.4711864406779661,0.0,0.14915254237288136,0.0,0.08135593220338982,0.061016949152542375,0.04406779661016949,0.0711864406779661,0.0,0.0,0.0,0.3694915254237288,0.44100943945960186,0.42355049252413757,0.43969858510829346,0.4129402994205535,0.43543058921214295,0.39517544023881745,0.8406779661016949,0.6338983050847458,0.20677966101694914,0.0,0.0576271186440678,0.19661016949152543,0.762589928057554,0.0,0.17391304347826086,0.17391304347826086,3,karay-a,low_resource
1278,311,35,5.0,8.885714285714286,2.0289389067524115,84,0.4,0.40192926045016075,0.0,0.1382636655948553,0.0,0.04501607717041801,0.06109324758842444,0.04180064308681672,0.1157556270096463,0.0,0.0,0.0,0.5209003215434084,0.4423207406846022,0.39916336177175715,0.426673656407761,0.35574949877794837,0.44249898346842786,0.3972472888034846,0.9292604501607717,0.662379421221865,0.26688102893890675,0.0,0.1189710610932476,0.2315112540192926,0.6,0.14285714285714285,0.2857142857142857,0.4,3,karay-a,low_resource
1279,328,41,4.725609756097561,8.0,1.8902439024390243,67,0.6097560975609756,0.4329268292682927,0.0,0.17073170731707318,0.003048780487804878,0.057926829268292686,0.027439024390243903,0.04878048780487805,0.08231707317073171,0.0,0.003048780487804878,0.0,0.4268292682926829,0.4108158270686046,0.3662372892703326,0.4254543275852829,0.29593109596251704,0.40948684035022004,0.3362159036373376,0.9115853658536586,0.725609756097561,0.18597560975609756,0.003048780487804878,0.08231707317073171,0.19207317073170732,0.7112676056338029,0.04878048780487805,0.2926829268292683,0.6097560975609756,3,karay-a,low_resource
1280,394,40,4.4847715736040605,9.85,1.8451776649746192,77,0.6,0.39086294416243655,0.0,0.1802030456852792,0.012690355329949238,0.08121827411167512,0.050761421319796954,0.02284263959390863,0.06852791878172589,0.0,0.0025380710659898475,0.0,0.350253807106599,0.4103920947844714,0.4051143511872054,0.4210523797708334,0.3408588181085498,0.41410600333873926,0.40663904377185967,0.8629441624365481,0.6776649746192893,0.18527918781725888,0.0025380710659898475,0.06852791878172589,0.24619289340101522,0.6688311688311688,0.05,0.35,0.6,3,karay-a,low_resource
1281,479,38,4.515657620041754,12.605263157894736,1.870563674321503,94,0.18421052631578946,0.3444676409185804,0.0041753653444676405,0.1315240083507307,0.0,0.11899791231732777,0.05010438413361169,0.037578288100208766,0.09394572025052192,0.0,0.0020876826722338203,0.0,0.3966597077244259,0.41917168896778645,0.3970998939305563,0.4441229855957412,0.37179173781643254,0.4272440633886978,0.3687134892397364,0.9185803757828811,0.7014613778705637,0.21711899791231734,0.0,0.1022964509394572,0.21294363256784968,0.6484848484848484,0.07894736842105263,0.02631578947368421,0.18421052631578946,3,karay-a,low_resource
1282,547,52,4.760511882998172,10.51923076923077,1.86654478976234,119,0.6538461538461539,0.37294332723948814,0.0,0.13345521023765997,0.0018281535648994515,0.06764168190127971,0.05301645338208409,0.04204753199268738,0.12431444241316271,0.0,0.0,0.0,0.4680073126142596,0.3915674116368391,0.35212971909850904,0.38467102011197085,0.32525393164032856,0.3986460107179426,0.3563217235499418,0.8025594149908593,0.5868372943327239,0.21572212065813529,0.0,0.12431444241316271,0.1956124314442413,0.6617647058823529,0.057692307692307696,0.38461538461538464,0.6538461538461539,3,karay-a,low_resource
1283,524,50,4.814885496183206,10.48,1.9312977099236641,118,0.66,0.3683206106870229,0.0,0.11641221374045801,0.0,0.0648854961832061,0.08396946564885496,0.03244274809160305,0.09541984732824428,0.0,0.0,0.0,0.5400763358778626,0.39923337138134884,0.4298702764361271,0.4251905849089079,0.3834371859354541,0.4106226055354402,0.3850502945948546,0.9217557251908397,0.6717557251908397,0.25,0.0,0.09541984732824428,0.19274809160305342,0.6476683937823834,0.06,0.22,0.66,3,karay-a,low_resource
1284,460,24,4.793478260869565,19.166666666666668,1.8869565217391304,112,1.3333333333333333,0.4326086956521739,0.004347826086956522,0.13478260869565217,0.013043478260869565,0.05434782608695652,0.07391304347826087,0.041304347826086954,0.12173913043478261,0.002173913043478261,0.002173913043478261,0.0,0.5282608695652173,0.396871584015378,0.40008995409689374,0.4143545358598598,0.3877273373178528,0.4062774422098649,0.38499443733954347,0.8130434782608695,0.6152173913043478,0.19782608695652174,0.002173913043478261,0.11739130434782609,0.20217391304347826,0.6984924623115578,0.041666666666666664,0.2916666666666667,1.3333333333333333,3,karay-a,low_resource
1285,650,45,4.48,14.444444444444445,1.7923076923076924,110,0.8222222222222222,0.3984615384615385,0.0,0.15692307692307692,0.0015384615384615385,0.09076923076923077,0.055384615384615386,0.027692307692307693,0.10153846153846154,0.015384615384615385,0.0,0.0,0.4246153846153846,0.4117787931460476,0.39896791379619856,0.4174770991889926,0.3606267359984391,0.4296425923286932,0.4025195541515812,0.7476923076923077,0.5307692307692308,0.2169230769230769,0.0015384615384615385,0.10153846153846154,0.24769230769230768,0.7181467181467182,0.08888888888888889,0.2222222222222222,0.8222222222222222,3,karay-a,low_resource
1286,326,57,4.404907975460123,5.719298245614035,1.8404907975460123,75,0.8947368421052632,0.2147239263803681,0.0,0.13190184049079753,0.0,0.13803680981595093,0.06134969325153374,0.015337423312883436,0.012269938650306749,0.0,0.0,0.0,0.3282208588957055,0.2716847162790312,0.20135141409217044,0.2878359866139816,0.1924325589900157,0.26481489038579875,0.1492895801671965,0.6595092024539878,0.549079754601227,0.11042944785276074,0.0,0.012269938650306749,0.18404907975460122,0.5285714285714286,0.22807017543859648,0.3508771929824561,0.8947368421052632,3,karay-a,low_resource
1287,432,50,4.6342592592592595,8.64,1.8796296296296295,95,0.26,0.4097222222222222,0.0,0.1597222222222222,0.0,0.0625,0.07407407407407407,0.032407407407407406,0.07175925925925926,0.0023148148148148147,0.0,0.0,0.42824074074074076,0.41876166973860524,0.4183703344939566,0.4124776257260345,0.35799001627396504,0.42095579280100504,0.4084936787008164,0.787037037037037,0.5972222222222222,0.18981481481481483,0.0,0.07175925925925926,0.2037037037037037,0.632768361581921,0.1,0.42,0.26,3,karay-a,low_resource
1288,242,37,4.756198347107438,6.54054054054054,2.0082644628099175,54,0.40540540540540543,0.4380165289256198,0.0,0.14049586776859505,0.02066115702479339,0.0743801652892562,0.04132231404958678,0.024793388429752067,0.06198347107438017,0.0,0.0,0.0,0.3925619834710744,0.4088562691486214,0.36034624316728714,0.43430556951035876,0.30455450061749323,0.4072676138194134,0.364964402504687,0.9545454545454546,0.71900826446281,0.23553719008264462,0.0,0.04132231404958678,0.1859504132231405,0.660377358490566,0.16216216216216217,0.21621621621621623,0.40540540540540543,3,karay-a,low_resource
1289,517,47,4.446808510638298,11.0,1.7833655705996132,65,0.7872340425531915,0.2688588007736944,0.0,0.1276595744680851,0.0,0.08123791102514506,0.029013539651837523,0.05222437137330754,0.059961315280464215,0.0,0.0,0.0,0.402321083172147,0.405095654458619,0.3326905036251359,0.41470489725397136,0.3418429330340162,0.4154639122949748,0.3640024968242618,0.7698259187620891,0.5589941972920697,0.21083172147001933,0.0,0.058027079303675046,0.16054158607350097,0.49640287769784175,0.1276595744680851,0.44680851063829785,0.7872340425531915,3,karay-a,low_resource
1290,239,27,4.564853556485356,8.851851851851851,1.9748953974895398,56,0.5925925925925926,0.4895397489539749,0.008368200836820083,0.2719665271966527,0.0041841004184100415,0.008368200836820083,0.008368200836820083,0.02092050209205021,0.02092050209205021,0.0,0.0,0.0,0.3305439330543933,0.4192818327171985,0.3849104182599876,0.44341406205738504,0.38583073734726775,0.42270620339505516,0.3568965601858612,0.7364016736401673,0.5774058577405857,0.1589958158995816,0.0,0.02092050209205021,0.2594142259414226,0.717948717948718,0.1111111111111111,0.2962962962962963,0.5925925925925926,1,rinconada,low_resource
1291,38,7,4.684210526315789,5.428571428571429,1.9210526315789473,5,0.0,0.5263157894736842,0.15789473684210525,0.02631578947368421,0.0,0.15789473684210525,0.0,0.0,0.0,0.0,0.0,0.0,0.2631578947368421,0.29885779738481505,0.14225714382013013,0.26280057490975584,0.13365953906791947,0.2779623313841472,0.14016271654146725,0.8157894736842105,0.6052631578947368,0.21052631578947367,0.0,0.0,0.02631578947368421,0.6,0.0,0.0,0.0,1,rinconada,low_resource
1292,412,41,4.660194174757281,10.048780487804878,1.9271844660194175,90,0.7804878048780488,0.4393203883495146,0.04611650485436893,0.20145631067961164,0.009708737864077669,0.07766990291262135,0.009708737864077669,0.012135922330097087,0.02912621359223301,0.007281553398058253,0.0,0.0,0.3422330097087379,0.4245902002131115,0.35442291487077066,0.4623871086288411,0.33783346457696184,0.4295088534672137,0.32247641935291943,0.8446601941747572,0.6189320388349514,0.22572815533980584,0.0,0.03155339805825243,0.23300970873786409,0.6795580110497238,0.12195121951219512,0.6585365853658537,0.7804878048780488,1,rinconada,low_resource
1293,300,29,4.956666666666667,10.344827586206897,2.05,87,1.6206896551724137,0.5933333333333334,0.03,0.21333333333333335,0.016666666666666666,0.01,0.0,0.006666666666666667,0.05333333333333334,0.0,0.0,0.0,0.3566666666666667,0.39980628918182587,0.365281027511297,0.453051050938961,0.3654442786014768,0.4148065887588346,0.35597023771933495,1.0466666666666666,0.8033333333333333,0.24333333333333335,0.006666666666666667,0.05333333333333334,0.21666666666666667,0.7921348314606742,0.13793103448275862,0.20689655172413793,1.6206896551724137,1,rinconada,low_resource
1294,248,41,4.858870967741935,6.048780487804878,2.0524193548387095,61,0.1951219512195122,0.49193548387096775,0.016129032258064516,0.21774193548387097,0.004032258064516129,0.008064516129032258,0.0,0.004032258064516129,0.004032258064516129,0.0,0.0,0.0,0.31048387096774194,0.35812580412901207,0.2639125604452513,0.3980603257929737,0.25656432485554426,0.33170405103743983,0.233216576939947,0.9032258064516129,0.6774193548387096,0.22580645161290322,0.012096774193548387,0.004032258064516129,0.20161290322580644,0.7049180327868853,0.07317073170731707,0.17073170731707318,0.1951219512195122,1,rinconada,low_resource
1295,360,39,4.611111111111111,9.23076923076923,1.8833333333333333,69,0.8717948717948718,0.4111111111111111,0.022222222222222223,0.21388888888888888,0.0,0.10277777777777777,0.002777777777777778,0.005555555555555556,0.011111111111111112,0.008333333333333333,0.0,0.0,0.3472222222222222,0.39381917629726176,0.3304350878849429,0.39589016295352664,0.3056683710259035,0.40278445410082037,0.2814001087500456,0.7305555555555556,0.5166666666666667,0.21388888888888888,0.002777777777777778,0.011111111111111112,0.16666666666666666,0.6081081081081081,0.1282051282051282,0.41025641025641024,0.8717948717948718,1,rinconada,low_resource
1296,533,84,4.560975609756097,6.345238095238095,1.9474671669793622,102,0.47619047619047616,0.3883677298311445,0.013133208255159476,0.2176360225140713,0.0,0.03564727954971857,0.0,0.009380863039399626,0.016885553470919325,0.0,0.0,0.0,0.3320825515947467,0.3901136404571967,0.3639949661039996,0.4017440421600269,0.34620927106524035,0.40116435494892977,0.36944269257463314,0.7692307692307693,0.5403377110694184,0.22889305816135083,0.005628517823639775,0.01876172607879925,0.22889305816135083,0.5990338164251208,0.16666666666666666,0.4523809523809524,0.47619047619047616,1,rinconada,low_resource
1297,35,8,5.628571428571429,4.375,2.6857142857142855,15,0.0,0.4857142857142857,0.17142857142857143,0.05714285714285714,0.0,0.05714285714285714,0.0,0.0,0.0,0.0,0.0,0.0,0.2,0.2737158020025694,0.22613831832218032,0.24673033983836928,0.14282787408152106,0.2620744393634746,0.16603213538653674,1.1714285714285715,1.0571428571428572,0.11428571428571428,0.0,0.0,0.08571428571428572,0.5294117647058824,0.0,0.0,0.0,1,rinconada,low_resource
1298,59,10,5.0,5.9,2.016949152542373,16,0.0,0.5932203389830508,0.0,0.3898305084745763,0.0,0.0,0.0,0.0,0.03389830508474576,0.01694915254237288,0.0,0.0,0.3728813559322034,0.3098700872718528,0.20918375759561936,0.2956183536298493,0.19037075803878092,0.30216567901190544,0.21256748046248128,0.7966101694915254,0.5423728813559322,0.2542372881355932,0.0,0.03389830508474576,0.288135593220339,0.7714285714285715,0.0,0.0,0.0,1,rinconada,low_resource
1299,423,62,4.66193853427896,6.82258064516129,1.9763593380614657,93,0.3064516129032258,0.37825059101654845,0.014184397163120567,0.25059101654846333,0.004728132387706856,0.018912529550827423,0.0,0.0,0.026004728132387706,0.0,0.0,0.0,0.3640661938534279,0.37175512789574305,0.34186377898642356,0.398854064551735,0.31184913095899536,0.3577481048102123,0.306842323126326,0.884160756501182,0.6761229314420804,0.20803782505910165,0.0,0.026004728132387706,0.2127659574468085,0.61875,0.06451612903225806,0.2903225806451613,0.3064516129032258,1,rinconada,low_resource
1300,107,11,4.700934579439252,9.727272727272727,1.9345794392523366,25,0.2727272727272727,0.5327102803738317,0.018691588785046728,0.29906542056074764,0.0,0.009345794392523364,0.0,0.009345794392523364,0.0,0.0,0.0,0.0,0.3177570093457944,0.3598024761630616,0.2989347496859256,0.36883885894810536,0.29193066924283023,0.3653735439814219,0.34132490097111956,0.8130841121495327,0.5607476635514018,0.2523364485981308,0.0,0.0,0.2803738317757009,0.7192982456140351,0.0,0.0,0.2727272727272727,1,rinconada,low_resource
1301,175,24,4.588571428571429,7.291666666666667,1.8742857142857143,38,0.25,0.5085714285714286,0.017142857142857144,0.24,0.017142857142857144,0.03428571428571429,0.0,0.005714285714285714,0.06857142857142857,0.0,0.0,0.0,0.29714285714285715,0.39406030368053535,0.3058099476735719,0.3743298770497315,0.267740530449384,0.3755599422142624,0.2885430449138243,0.7542857142857143,0.56,0.19428571428571428,0.0,0.07428571428571429,0.2742857142857143,0.6966292134831461,0.041666666666666664,0.5,0.25,1,rinconada,low_resource
1302,169,30,4.455621301775148,5.633333333333334,1.8994082840236686,26,0.2,0.3727810650887574,0.0,0.2485207100591716,0.0,0.05917159763313609,0.0,0.0,0.011834319526627219,0.011834319526627219,0.0,0.0,0.22485207100591717,0.25726795906414046,0.15598898098395614,0.26406965158842255,0.15942610529081722,0.23257701433470118,0.13922281735590175,0.5443786982248521,0.4319526627218935,0.11242603550295859,0.005917159763313609,0.011834319526627219,0.21301775147928995,0.5396825396825397,0.03333333333333333,0.06666666666666667,0.2,1,rinconada,low_resource
1303,57,8,4.035087719298246,7.125,1.7017543859649122,11,0.0,0.45614035087719296,0.017543859649122806,0.2982456140350877,0.0,0.2631578947368421,0.0,0.0,0.0,0.0,0.0,0.0,0.14035087719298245,0.24799209960587637,0.09663192540089342,0.24832346693940438,0.10189980731695235,0.2467748668425171,0.06649623273257751,0.7017543859649122,0.5964912280701754,0.10526315789473684,0.0,0.0,0.24561403508771928,0.46153846153846156,0.0,0.0,0.0,1,rinconada,low_resource
1304,559,77,4.334525939177102,7.259740259740259,1.8372093023255813,98,0.2857142857142857,0.3470483005366726,0.017889087656529516,0.23255813953488372,0.0,0.13595706618962433,0.0,0.0017889087656529517,0.005366726296958855,0.0,0.0,0.0,0.2629695885509839,0.4305460880806623,0.38633683995090706,0.4548202914844554,0.3853281883301523,0.43396065524875316,0.3528627675293815,0.7316636851520573,0.5205724508050089,0.2110912343470483,0.0017889087656529517,0.005366726296958855,0.2504472271914132,0.5773195876288659,0.09090909090909091,0.44155844155844154,0.2857142857142857,1,rinconada,low_resource
1305,441,49,4.6439909297052155,9.0,1.965986394557823,105,0.6122448979591837,0.41723356009070295,0.022675736961451247,0.22448979591836735,0.0022675736961451248,0.022675736961451247,0.0,0.006802721088435374,0.06349206349206349,0.0,0.0022675736961451248,0.0,0.3356009070294785,0.3924956831599061,0.35028800863458764,0.39077980859183103,0.2954231608531755,0.391595809104709,0.36318952509743196,0.8072562358276645,0.6009070294784581,0.20634920634920634,0.0022675736961451248,0.07029478458049887,0.26303854875283444,0.6467391304347826,0.061224489795918366,0.3469387755102041,0.6122448979591837,1,rinconada,low_resource
1306,177,49,5.406779661016949,3.6122448979591835,2.214689265536723,57,0.20408163265306123,0.480225988700565,0.03389830508474576,0.1638418079096045,0.022598870056497175,0.005649717514124294,0.0,0.0,0.05649717514124294,0.0,0.0,0.0,0.559322033898305,0.35546553173035295,0.23671910716411154,0.3444432575233685,0.21700512141229192,0.3544864377310822,0.2022339658655183,1.0508474576271185,0.8813559322033898,0.1694915254237288,0.0,0.05649717514124294,0.22033898305084745,0.7058823529411765,0.0,0.0,0.20408163265306123,1,rinconada,low_resource
1307,41,8,4.926829268292683,5.125,1.975609756097561,11,0.0,0.5365853658536586,0.0,0.17073170731707318,0.0,0.07317073170731707,0.0,0.0,0.04878048780487805,0.0,0.0,0.0,0.43902439024390244,0.2900729525751011,0.2073377982102518,0.31823010702871846,0.2036982716680798,0.2824205196912204,0.16510161482235838,1.2682926829268293,1.048780487804878,0.21951219512195122,0.0,0.04878048780487805,0.21951219512195122,0.6818181818181818,0.0,0.0,0.0,1,rinconada,low_resource
1308,137,20,3.927007299270073,6.85,1.8686131386861313,24,0.2,0.27007299270072993,0.145985401459854,0.23357664233576642,0.0,0.0,0.0,0.0,0.058394160583941604,0.0,0.0,0.0,0.17518248175182483,0.25803039366402597,0.23485175577553213,0.26601626938105344,0.25249124532344547,0.24804129904085148,0.16365434024727032,0.6496350364963503,0.5766423357664233,0.072992700729927,0.0,0.058394160583941604,0.2846715328467153,0.4864864864864865,0.0,0.0,0.2,1,rinconada,low_resource
1309,388,47,4.47680412371134,8.25531914893617,1.9484536082474226,87,0.425531914893617,0.44072164948453607,0.03350515463917526,0.25257731958762886,0.005154639175257732,0.028350515463917526,0.0,0.007731958762886598,0.030927835051546393,0.0,0.002577319587628866,0.0,0.29896907216494845,0.3982661242047448,0.3758965875789325,0.4216274143275139,0.34288957946779863,0.403813355158467,0.36629103894858467,0.8170103092783505,0.6443298969072165,0.17268041237113402,0.0,0.030927835051546393,0.26804123711340205,0.6842105263157895,0.0,0.23404255319148937,0.425531914893617,1,rinconada,low_resource
1310,70,10,4.385714285714286,7.0,1.9,12,0.2,0.7571428571428571,0.04285714285714286,0.11428571428571428,0.014285714285714285,0.08571428571428572,0.0,0.0,0.02857142857142857,0.0,0.0,0.0,0.22857142857142856,0.305491911751284,0.27179747780413455,0.31297942817695706,0.2597908505835618,0.30012143321188955,0.27863902956651776,0.7999999999999999,0.5428571428571428,0.2571428571428571,0.0,0.02857142857142857,0.17142857142857143,0.8301886792452831,0.1,0.0,0.2,1,rinconada,low_resource
1311,43,8,3.7674418604651163,5.375,1.5813953488372092,5,0.0,0.46511627906976744,0.16279069767441862,0.13953488372093023,0.0,0.09302325581395349,0.0,0.0,0.023255813953488372,0.0,0.0,0.0,0.18604651162790697,0.26518116474772296,0.10005985077857867,0.2294593741347319,0.10058237285599197,0.2419444636999128,0.12553054310228384,0.8604651162790697,0.6976744186046512,0.16279069767441862,0.0,0.0,0.0,0.65,0.0,0.0,0.0,1,rinconada,low_resource
1312,203,18,4.586206896551724,11.277777777777779,1.9950738916256157,51,0.7222222222222222,0.5073891625615764,0.014778325123152709,0.26108374384236455,0.0,0.024630541871921183,0.0,0.014778325123152709,0.014778325123152709,0.0,0.0,0.0,0.2413793103448276,0.38012475079552216,0.2997797413424749,0.38706969203694197,0.29103697071045825,0.35536644963411573,0.2573925810527389,0.9261083743842364,0.6108374384236454,0.31527093596059114,0.0,0.014778325123152709,0.2561576354679803,0.7087378640776699,0.0,0.05555555555555555,0.7222222222222222,1,rinconada,low_resource
1313,87,9,5.045977011494253,9.666666666666666,2.0689655172413794,19,0.8888888888888888,0.40229885057471265,0.0,0.21839080459770116,0.0,0.022988505747126436,0.0,0.0,0.034482758620689655,0.0,0.0,0.0,0.3448275862068966,0.29522239763027414,0.16825608244686313,0.29937539705661864,0.1782848347686911,0.28849704502254553,0.1938584896068799,0.7241379310344828,0.5402298850574713,0.1839080459770115,0.0,0.034482758620689655,0.20689655172413793,0.4857142857142857,0.0,0.1111111111111111,0.8888888888888888,1,rinconada,low_resource
1314,46,8,4.673913043478261,5.75,2.130434782608696,11,0.125,0.7608695652173914,0.10869565217391304,0.2391304347826087,0.0,0.021739130434782608,0.0,0.0,0.0,0.0,0.0,0.0,0.2826086956521739,0.3275571045733419,0.23672778667762095,0.34354736117420537,0.23894467801921268,0.32551931360962355,0.24511285065414742,0.8695652173913043,0.6521739130434783,0.21739130434782608,0.0,0.0,0.2608695652173913,0.8,0.375,0.0,0.125,1,rinconada,low_resource
1315,197,32,4.00507614213198,6.15625,1.634517766497462,15,0.34375,0.4213197969543147,0.02030456852791878,0.26903553299492383,0.0,0.07614213197969544,0.0,0.04060913705583756,0.02030456852791878,0.015228426395939087,0.0,0.0,0.350253807106599,0.31469144714679925,0.16162529332051598,0.3253620920317956,0.1615966872178914,0.28130767821572206,0.16830869718181088,0.5888324873096447,0.4416243654822335,0.14720812182741116,0.0,0.02030456852791878,0.2233502538071066,0.6024096385542169,0.15625,0.65625,0.34375,1,rinconada,low_resource
1316,57,9,5.912280701754386,6.333333333333333,2.6666666666666665,25,0.0,0.3157894736842105,0.0,0.14035087719298245,0.12280701754385964,0.0,0.0,0.0,0.0,0.0,0.0,0.0,0.3157894736842105,0.3018738442523526,0.1921677925772631,0.3256678668104417,0.18230135631463898,0.30251942866662995,0.151670846260396,1.2105263157894737,0.9473684210526315,0.2631578947368421,0.0,0.0,0.2807017543859649,0.3333333333333333,0.0,0.0,0.0,1,rinconada,low_resource
1317,122,16,4.368852459016393,7.625,1.9262295081967213,23,0.625,0.47540983606557374,0.01639344262295082,0.1885245901639344,0.0,0.02459016393442623,0.0,0.040983606557377046,0.0,0.0,0.0,0.0,0.26229508196721313,0.3880031958848542,0.26734476325957474,0.35250741159695065,0.2382113717539205,0.34859239054002944,0.19977440470615349,0.8934426229508197,0.6721311475409836,0.22131147540983606,0.0,0.0,0.10655737704918032,0.6206896551724138,0.0,0.625,0.625,1,rinconada,low_resource
1318,264,43,4.821969696969697,6.1395348837209305,2.0454545454545454,71,0.23255813953488372,0.4659090909090909,0.015151515151515152,0.24621212121212122,0.003787878787878788,0.01893939393939394,0.0,0.026515151515151516,0.003787878787878788,0.0,0.0,0.0,0.3068181818181818,0.39116734798559066,0.2981727503558639,0.4113297240307328,0.26396652141977406,0.37437609162658414,0.30414733785508086,0.8522727272727273,0.6174242424242424,0.23484848484848486,0.0,0.003787878787878788,0.22348484848484848,0.6422764227642277,0.11627906976744186,0.37209302325581395,0.23255813953488372,1,rinconada,low_resource
1319,363,37,4.570247933884297,9.81081081081081,1.9201101928374655,76,0.7297297297297297,0.4903581267217631,0.027548209366391185,0.22589531680440772,0.0440771349862259,0.03305785123966942,0.0,0.01928374655647383,0.027548209366391185,0.0027548209366391185,0.0,0.0,0.3939393939393939,0.4175914517527899,0.39752058830016923,0.45383066959593016,0.34903606986033997,0.4137349611017371,0.3328510687716467,0.7796143250688705,0.6005509641873278,0.1790633608815427,0.0,0.030303030303030304,0.2699724517906336,0.7134831460674157,0.05405405405405406,0.35135135135135137,0.7297297297297297,1,rinconada,low_resource
1320,183,32,4.355191256830601,5.71875,1.8743169398907105,42,0.15625,0.5027322404371585,0.01639344262295082,0.19672131147540983,0.0273224043715847,0.1092896174863388,0.0,0.0273224043715847,0.01092896174863388,0.0,0.0,0.0,0.30601092896174864,0.34883105425285615,0.23722998748046545,0.3461609487520695,0.22305366933294232,0.28978441265141525,0.18697800976918674,0.6666666666666666,0.453551912568306,0.21311475409836064,0.0,0.01639344262295082,0.25136612021857924,0.6630434782608695,0.25,0.0,0.15625,1,rinconada,low_resource
1321,271,36,4.5424354243542435,7.527777777777778,1.929889298892989,60,0.4722222222222222,0.3948339483394834,0.0036900369003690036,0.24723247232472326,0.0036900369003690036,0.09225092250922509,0.0,0.01107011070110701,0.0036900369003690036,0.0,0.0,0.0,0.3505535055350554,0.40556155733402355,0.32834217014859945,0.42982038775761156,0.30160273997410375,0.42141289436691737,0.32801819081294126,0.8376383763837638,0.5682656826568265,0.2693726937269373,0.0,0.0036900369003690036,0.1992619926199262,0.5981308411214953,0.1388888888888889,0.3888888888888889,0.4722222222222222,1,rinconada,low_resource
1322,174,21,4.040229885057471,8.285714285714286,1.7758620689655173,24,0.047619047619047616,0.39655172413793105,0.06896551724137931,0.2988505747126437,0.0,0.011494252873563218,0.0,0.005747126436781609,0.005747126436781609,0.005747126436781609,0.0,0.0,0.22988505747126436,0.24008215044240214,0.14354336541366539,0.22933896093019526,0.1765233286079982,0.23856170007037938,0.13346432161743435,0.5344827586206896,0.41954022988505746,0.11494252873563218,0.0,0.005747126436781609,0.2413793103448276,0.6231884057971014,0.2857142857142857,0.0,0.047619047619047616,1,rinconada,low_resource
1323,85,14,3.8117647058823527,6.071428571428571,1.6705882352941177,11,0.0,0.27058823529411763,0.0,0.27058823529411763,0.0,0.21176470588235294,0.0,0.011764705882352941,0.011764705882352941,0.0,0.0,0.0,0.047058823529411764,0.2940354883734456,0.1542920291581461,0.27759511111732865,0.12203297322608163,0.28903391456325805,0.13534377839020026,0.9176470588235294,0.6705882352941176,0.24705882352941178,0.0,0.011764705882352941,0.3176470588235294,0.34782608695652173,0.0,0.0,0.0,1,rinconada,low_resource
1324,405,48,4.269135802469136,8.4375,1.8790123456790124,79,0.5625,0.43950617283950616,0.019753086419753086,0.291358024691358,0.027160493827160494,0.03209876543209877,0.0,0.0024691358024691358,0.02962962962962963,0.0,0.0,0.0,0.23209876543209876,0.40169333784721384,0.3265501089636689,0.41636981759660024,0.2985739847413038,0.3955763440073266,0.2417806131076138,0.7308641975308642,0.5728395061728395,0.1580246913580247,0.007407407407407408,0.02962962962962963,0.2839506172839506,0.702247191011236,0.041666666666666664,0.625,0.5625,1,rinconada,low_resource
1325,74,19,3.7972972972972974,3.8947368421052633,1.7027027027027026,9,0.0,0.4189189189189189,0.02702702702702703,0.2972972972972973,0.06756756756756757,0.013513513513513514,0.0,0.05405405405405406,0.0,0.02702702702702703,0.0,0.0,0.20270270270270271,0.2427723493956368,0.15990892998217296,0.2528892443216616,0.17255329001984754,0.2211548864013192,0.13057715455417254,0.6891891891891893,0.5405405405405406,0.14864864864864866,0.0,0.0,0.28378378378378377,0.3870967741935484,0.2631578947368421,0.0,0.0,1,rinconada,low_resource
1326,53,12,5.528301886792453,4.416666666666667,2.188679245283019,19,0.4166666666666667,0.4716981132075472,0.018867924528301886,0.1509433962264151,0.0,0.018867924528301886,0.0,0.0,0.0,0.0,0.0,0.018867924528301886,0.4528301886792453,0.27443102645944234,0.15348381604895944,0.2981887329583396,0.16314847811776279,0.24965235351699197,0.1576898748799608,0.8867924528301887,0.5660377358490566,0.32075471698113206,0.0,0.0,0.1320754716981132,0.68,0.0,0.0,0.4166666666666667,1,rinconada,low_resource
1327,176,28,4.505681818181818,6.285714285714286,1.9545454545454546,33,0.32142857142857145,0.48295454545454547,0.028409090909090908,0.1875,0.0,0.028409090909090908,0.0,0.011363636363636364,0.005681818181818182,0.0,0.0,0.0,0.2727272727272727,0.3393316309100782,0.22319739083534576,0.3569455849621768,0.23714011613348346,0.3228791115649364,0.20265588867374906,0.6875,0.5113636363636364,0.17613636363636365,0.011363636363636364,0.011363636363636364,0.19318181818181818,0.6235294117647059,0.14285714285714285,0.42857142857142855,0.32142857142857145,1,rinconada,low_resource
1328,74,12,4.95945945945946,6.166666666666667,2.054054054054054,20,0.16666666666666666,0.581081081081081,0.02702702702702703,0.0945945945945946,0.0,0.10810810810810811,0.0,0.0,0.10810810810810811,0.0,0.0,0.0,0.36486486486486486,0.338807785966927,0.23790939100597683,0.3511892218997016,0.2560312243453627,0.36611803604560444,0.24168588525306386,1.0675675675675675,0.7027027027027027,0.36486486486486486,0.0,0.10810810810810811,0.17567567567567569,0.6744186046511628,0.08333333333333333,0.0,0.16666666666666666,1,rinconada,low_resource
1329,206,67,4.669902912621359,3.074626865671642,1.7427184466019416,30,0.04477611940298507,0.32524271844660196,0.009708737864077669,0.22330097087378642,0.0,0.014563106796116505,0.0,0.0,0.0,0.08737864077669903,0.0,0.0,0.5,0.2772091707238362,0.2074599323881849,0.2805347340644894,0.21769387782182117,0.2925137755675264,0.17924514616462375,0.9805825242718447,0.8300970873786407,0.15048543689320387,0.02912621359223301,0.0,0.22330097087378642,0.4626865671641791,0.0,0.4925373134328358,0.04477611940298507,1,rinconada,low_resource
1330,182,40,4.1208791208791204,4.55,1.8186813186813187,33,0.125,0.5054945054945055,0.016483516483516484,0.25824175824175827,0.02197802197802198,0.07692307692307693,0.0,0.005494505494505495,0.005494505494505495,0.0,0.0,0.0,0.18681318681318682,0.34259971079234824,0.24606150954042683,0.32885325547955896,0.1984486894848872,0.34200158327921665,0.20981208171077803,0.6483516483516484,0.5,0.14835164835164835,0.0,0.005494505494505495,0.2857142857142857,0.7391304347826086,0.25,0.05,0.125,1,rinconada,low_resource
1331,226,38,4.460176991150442,5.947368421052632,2.0398230088495577,52,0.3157894736842105,0.39823008849557523,0.017699115044247787,0.24778761061946902,0.004424778761061947,0.017699115044247787,0.0,0.01327433628318584,0.0,0.0,0.0,0.0,0.23893805309734514,0.37534481547530923,0.31950467895767587,0.363308913623465,0.28296666639243045,0.3723919408344203,0.31466601385758286,0.7876106194690266,0.6238938053097345,0.16371681415929204,0.0,0.0,0.22566371681415928,0.5444444444444444,0.13157894736842105,0.15789473684210525,0.3157894736842105,1,rinconada,low_resource
1332,158,33,4.5,4.787878787878788,1.9556962025316456,35,0.30303030303030304,0.569620253164557,0.012658227848101266,0.2721518987341772,0.0,0.0379746835443038,0.0,0.012658227848101266,0.0,0.03164556962025317,0.0,0.0,0.3037974683544304,0.3838958750334117,0.33696068511019334,0.4275198606500108,0.3231818217173668,0.3751330212617693,0.3383181274914604,0.9050632911392404,0.5949367088607594,0.310126582278481,0.006329113924050633,0.0,0.20253164556962025,0.7,0.030303030303030304,0.0,0.30303030303030304,1,rinconada,low_resource
1333,125,21,4.248,5.9523809523809526,1.928,21,0.5238095238095238,0.432,0.048,0.192,0.04,0.0,0.0,0.008,0.016,0.0,0.0,0.0,0.272,0.3109822480370881,0.19928109649502534,0.31900398504209615,0.17947658404835737,0.307708134200737,0.17852339032061226,0.672,0.4,0.272,0.008,0.016,0.096,0.42592592592592593,0.0,0.9523809523809523,0.5238095238095238,1,rinconada,low_resource
1334,94,15,4.117021276595745,6.266666666666667,1.702127659574468,14,0.06666666666666667,0.3404255319148936,0.0425531914893617,0.2765957446808511,0.0,0.09574468085106383,0.0,0.0,0.05319148936170213,0.0,0.0,0.0,0.3191489361702128,0.16560907373728279,0.0836201789952881,0.1516555116069646,0.06901455043167931,0.15165091248650298,0.0772893711363132,0.7021276595744681,0.5319148936170213,0.1702127659574468,0.0,0.05319148936170213,0.35106382978723405,0.40625,0.13333333333333333,0.0,0.06666666666666667,1,rinconada,low_resource
1335,80,11,4.1,7.2727272727272725,1.875,17,0.09090909090909091,0.4125,0.15,0.1125,0.0,0.0375,0.0,0.0125,0.0,0.0,0.0,0.0,0.1875,0.2560430033441449,0.17129828375115866,0.26248265098949936,0.19805512174848144,0.23593590823582508,0.12891347706175718,0.6625,0.475,0.1875,0.0125,0.0,0.1125,0.696969696969697,0.0,0.0,0.09090909090909091,1,rinconada,low_resource
1336,79,16,4.468354430379747,4.9375,2.0,18,0.25,0.5443037974683544,0.02531645569620253,0.21518987341772153,0.0,0.02531645569620253,0.0,0.0,0.012658227848101266,0.0,0.0,0.0,0.2911392405063291,0.26211063027736436,0.14119717701435666,0.25044195556555227,0.13649236546364113,0.2531130541018514,0.14410949535382092,0.5822784810126582,0.3670886075949367,0.21518987341772153,0.0,0.012658227848101266,0.189873417721519,0.6046511627906976,0.25,0.75,0.25,1,rinconada,low_resource
1337,180,37,4.677777777777778,4.864864864864865,2.0,41,0.1891891891891892,0.5055555555555555,0.027777777777777776,0.23333333333333334,0.0,0.022222222222222223,0.0,0.011111111111111112,0.016666666666666666,0.0,0.0,0.0,0.35,0.33056868390715644,0.28720740558859537,0.33260283401539126,0.2504367384754035,0.3205417855535503,0.27060228264404806,0.7388888888888889,0.5833333333333334,0.15555555555555556,0.0,0.016666666666666666,0.23333333333333334,0.6813186813186813,0.02702702702702703,0.21621621621621623,0.1891891891891892,1,rinconada,low_resource
1338,95,10,3.642105263157895,9.5,1.6,6,0.4,0.3473684210526316,0.0,0.2736842105263158,0.0,0.12631578947368421,0.0,0.05263157894736842,0.0,0.0,0.0,0.0,0.17894736842105263,0.2373820899589582,0.15428167988555386,0.2467143454802278,0.15240138278867904,0.22571570998492987,0.12159009953299915,0.48421052631578954,0.3473684210526316,0.1368421052631579,0.0,0.0,0.10526315789473684,0.3939393939393939,0.0,0.0,0.4,1,rinconada,low_resource
1339,55,10,4.363636363636363,5.5,2.018181818181818,14,0.1,0.509090909090909,0.0,0.2727272727272727,0.0,0.03636363636363636,0.0,0.0,0.0,0.0,0.0,0.0,0.16363636363636364,0.2682712105793894,0.16439064436044193,0.27691844220247647,0.1788829888363583,0.25298596860486766,0.13620112710876842,0.9272727272727272,0.7818181818181819,0.14545454545454545,0.0,0.0,0.2545454545454545,0.75,0.0,0.0,0.1,1,rinconada,low_resource
1340,80,11,4.325,7.2727272727272725,1.85,15,0.0,0.5375,0.0125,0.225,0.0,0.1125,0.0,0.025,0.025,0.0,0.0,0.0,0.3625,0.31531820665356436,0.1721304386268157,0.3227009168223929,0.14730185706127344,0.2916813308808374,0.1547296684621548,0.7625,0.4,0.3625,0.0,0.025,0.25,0.7906976744186046,0.0,0.0,0.0,1,rinconada,low_resource
1341,147,27,4.326530612244898,5.444444444444445,1.8639455782312926,23,0.5555555555555556,0.5034013605442177,0.006802721088435374,0.23809523809523808,0.0,0.034013605442176874,0.0,0.02040816326530612,0.013605442176870748,0.0,0.0,0.0,0.3129251700680272,0.36844511695052884,0.24732547684253103,0.3603927209057664,0.24315560894224722,0.3347358102344986,0.2289321281951448,0.8095238095238095,0.5782312925170068,0.23129251700680273,0.0,0.013605442176870748,0.24489795918367346,0.6216216216216216,0.037037037037037035,0.8518518518518519,0.5555555555555556,1,rinconada,low_resource
1342,83,11,4.313253012048193,7.545454545454546,1.783132530120482,14,0.36363636363636365,0.4939759036144578,0.0,0.3132530120481928,0.0,0.0,0.0,0.0,0.03614457831325301,0.0,0.0,0.0,0.2891566265060241,0.3177709200169194,0.3186247433575465,0.3228436976839978,0.23104087374746587,0.32875921916441775,0.2567290516652392,0.7951807228915663,0.6265060240963856,0.1686746987951807,0.0,0.03614457831325301,0.3614457831325301,0.6097560975609756,0.09090909090909091,0.0,0.36363636363636365,1,rinconada,low_resource
1343,117,11,4.538461538461538,10.636363636363637,1.9401709401709402,28,0.36363636363636365,0.47863247863247865,0.042735042735042736,0.27350427350427353,0.0,0.042735042735042736,0.0,0.008547008547008548,0.03418803418803419,0.017094017094017096,0.0,0.0,0.3247863247863248,0.36388646490099175,0.2909202577185459,0.3800081132930919,0.28441925110987504,0.36666530017623283,0.23926059541500755,1.017094017094017,0.6837606837606838,0.3333333333333333,0.0,0.03418803418803419,0.29914529914529914,0.6071428571428571,0.0,0.18181818181818182,0.36363636363636365,1,rinconada,low_resource
1344,378,36,4.85978835978836,10.5,2.0767195767195767,104,0.3888888888888889,0.4074074074074074,0.005291005291005291,0.24603174603174602,0.0,0.010582010582010581,0.0,0.0,0.023809523809523808,0.0,0.0026455026455026454,0.0,0.32275132275132273,0.4072196735775316,0.43049012342275983,0.4444239389396846,0.38287351420294424,0.41975733241594987,0.3750200262497149,0.9074074074074074,0.6587301587301587,0.24867724867724866,0.0026455026455026454,0.023809523809523808,0.21957671957671956,0.6558441558441559,0.0,0.0,0.3888888888888889,1,rinconada,low_resource
1345,237,17,4.6835443037974684,13.941176470588236,1.9831223628691983,50,2.0,0.5738396624472574,0.004219409282700422,0.24472573839662448,0.004219409282700422,0.05485232067510549,0.0,0.012658227848101266,0.012658227848101266,0.0,0.0,0.0,0.3206751054852321,0.37898730112480344,0.31600411439297377,0.3869694417517058,0.384761981029448,0.35065123916892593,0.2776487165857051,0.7341772151898734,0.5189873417721519,0.21518987341772153,0.0,0.004219409282700422,0.18143459915611815,0.7794117647058824,0.058823529411764705,0.0,2.0,1,rinconada,low_resource
1346,65,16,5.3076923076923075,4.0625,2.4307692307692306,22,0.0,0.4461538461538462,0.23076923076923078,0.046153846153846156,0.0,0.06153846153846154,0.0,0.0,0.0,0.0,0.015384615384615385,0.0,0.09230769230769231,0.25475651292566176,0.21603108762643505,0.22196549642110142,0.17900542746126757,0.23843769604168752,0.1851558381524945,0.6923076923076923,0.5692307692307692,0.12307692307692308,0.015384615384615385,0.0,0.046153846153846156,0.7586206896551724,0.0,0.0,0.0,1,rinconada,low_resource
1347,27,4,5.0,6.75,2.111111111111111,6,0.0,0.6296296296296297,0.0,0.18518518518518517,0.0,0.0,0.0,0.0,0.0,0.0,0.0,0.0,0.37037037037037035,0.30608779260673774,0.1877657881291394,0.2580807824732864,0.19341898013872522,0.2654514940967506,0.186263362263851,0.8518518518518519,0.5185185185185185,0.3333333333333333,0.0,0.0,0.18518518518518517,0.5882352941176471,0.0,0.0,0.0,1,rinconada,low_resource
1348,194,20,4.56701030927835,9.7,1.9948453608247423,47,0.4,0.6082474226804123,0.03608247422680412,0.24742268041237114,0.005154639175257732,0.03608247422680412,0.0,0.015463917525773196,0.020618556701030927,0.0,0.0,0.0,0.32989690721649484,0.38312979678168596,0.32147568972526086,0.40802158764366064,0.32699200838572695,0.3852855914572349,0.31531620323225606,0.8092783505154639,0.5979381443298969,0.211340206185567,0.005154639175257732,0.020618556701030927,0.2422680412371134,0.788135593220339,0.1,0.1,0.4,1,rinconada,low_resource
1349,51,12,4.509803921568627,4.25,1.7843137254901962,6,0.16666666666666666,0.5294117647058824,0.0196078431372549,0.19607843137254902,0.0196078431372549,0.0196078431372549,0.0,0.0392156862745098,0.13725490196078433,0.0,0.0,0.0,0.5490196078431373,0.28093812502904264,0.17175981092958695,0.27849155101893247,0.1807584348166169,0.26912383905880605,0.1666538422472425,0.5098039215686274,0.35294117647058826,0.1568627450980392,0.0,0.13725490196078433,0.39215686274509803,0.7407407407407407,0.0,0.0,0.16666666666666666,1,rinconada,low_resource
1350,92,9,4.239130434782608,10.222222222222221,1.8478260869565217,17,0.0,0.44565217391304346,0.043478260869565216,0.2826086956521739,0.0,0.06521739130434782,0.0,0.0,0.021739130434782608,0.0,0.0,0.0,0.21739130434782608,0.25996350534275453,0.21830398639158527,0.2553729180064976,0.21487789951647884,0.23780378221683904,0.14030151773062108,0.8695652173913043,0.75,0.11956521739130435,0.0,0.021739130434782608,0.2717391304347826,0.5609756097560976,0.0,0.0,0.0,1,rinconada,low_resource
1351,67,10,4.91044776119403,6.7,1.9701492537313432,16,0.0,0.5671641791044776,0.014925373134328358,0.2537313432835821,0.0,0.0,0.0,0.0,0.1044776119402985,0.0,0.0,0.0,0.47761194029850745,0.3311025136307223,0.23163833544185855,0.35592621582460326,0.22209001090178054,0.32226143598752266,0.2360452070918657,0.8208955223880596,0.5671641791044776,0.2537313432835821,0.029850746268656716,0.1044776119402985,0.3283582089552239,0.7105263157894737,0.0,0.0,0.0,1,rinconada,low_resource
1352,52,10,4.019230769230769,5.2,1.7307692307692308,3,0.7,0.5192307692307693,0.0,0.23076923076923078,0.019230769230769232,0.038461538461538464,0.0,0.0,0.038461538461538464,0.0,0.019230769230769232,0.0,0.28846153846153844,0.2700674376978499,0.18353951183076148,0.2668135825737412,0.1459020702749187,0.28071339799557726,0.21716533409988467,0.5576923076923077,0.36538461538461536,0.19230769230769232,0.0,0.038461538461538464,0.28846153846153844,0.7037037037037037,0.1,0.0,0.7,1,rinconada,low_resource
1353,171,20,5.052631578947368,8.55,2.0409356725146197,40,0.45,0.47368421052631576,0.023391812865497075,0.2046783625730994,0.0,0.005847953216374269,0.0,0.005847953216374269,0.06432748538011696,0.0,0.0,0.0,0.42105263157894735,0.3538049257650276,0.3092539729703613,0.3918989021481458,0.32375962313222895,0.3693298033470166,0.28993232948090203,0.9415204678362573,0.7309941520467836,0.21052631578947367,0.0,0.06432748538011696,0.30409356725146197,0.7160493827160493,0.1,0.25,0.45,1,rinconada,low_resource
1354,94,14,4.053191489361702,6.714285714285714,1.6063829787234043,18,0.21428571428571427,0.35106382978723405,0.010638297872340425,0.3829787234042553,0.010638297872340425,0.0,0.0,0.2127659574468085,0.010638297872340425,0.0,0.0,0.0,0.2978723404255319,0.3058244502565558,0.18998384672051918,0.3180551035532236,0.15497141729002684,0.28891537296926284,0.15690647787256887,0.8829787234042553,0.5957446808510638,0.2872340425531915,0.0,0.010638297872340425,0.3617021276595745,0.5757575757575758,0.21428571428571427,0.0,0.21428571428571427,1,rinconada,low_resource
1355,60,10,4.666666666666667,6.0,2.1666666666666665,20,0.0,0.1,0.0,0.5,0.0,0.0,0.0,0.0,0.0,0.0,0.0,0.0,0.16666666666666666,0.15768990992340146,0.03464315104878553,0.1584759965624776,0.07917713366454475,0.1214040490204525,0.024223006984873244,1.1666666666666667,1.1666666666666667,0.0,0.0,0.0,0.5,0.0,0.0,0.0,0.0,1,rinconada,low_resource
1356,327,32,4.232415902140673,10.21875,1.9113149847094801,65,0.75,0.43425076452599387,0.012232415902140673,0.24464831804281345,0.0,0.0672782874617737,0.0,0.0061162079510703364,0.01834862385321101,0.0,0.0,0.0,0.1651376146788991,0.39986491802668844,0.3500490263888474,0.42041048180691826,0.3087577489892172,0.4109847994294013,0.2802801536309729,0.7003058103975536,0.5168195718654435,0.1834862385321101,0.0,0.01834862385321101,0.26299694189602446,0.6549295774647887,0.1875,0.5,0.75,1,rinconada,low_resource
1357,127,11,4.251968503937008,11.545454545454545,1.7559055118110236,17,0.09090909090909091,0.4094488188976378,0.047244094488188976,0.1968503937007874,0.0,0.09448818897637795,0.007874015748031496,0.023622047244094488,0.05511811023622047,0.09448818897637795,0.0,0.0,0.3700787401574803,0.36683388990557847,0.32831143268944535,0.37864882993743443,0.3012789107129722,0.3667799019599996,0.2562885963132244,0.5354330708661418,0.33858267716535434,0.1968503937007874,0.0,0.06299212598425197,0.23622047244094488,0.5769230769230769,0.0,0.0,0.09090909090909091,1,rinconada,low_resource
1358,168,20,4.440476190476191,8.4,1.9523809523809523,33,0.8,0.31547619047619047,0.10119047619047619,0.15476190476190477,0.0,0.023809523809523808,0.0,0.0,0.06547619047619048,0.0,0.0,0.0,0.25,0.3135320871588916,0.26635140413305236,0.2975746918369809,0.2561592732622738,0.2904953663298681,0.2222142682940877,0.7321428571428572,0.5892857142857143,0.14285714285714285,0.0,0.07142857142857142,0.23214285714285715,0.4716981132075472,0.25,0.2,0.8,1,rinconada,low_resource
1359,78,13,4.512820512820513,6.0,1.8461538461538463,13,0.15384615384615385,0.5897435897435898,0.02564102564102564,0.2564102564102564,0.0,0.01282051282051282,0.0,0.0,0.02564102564102564,0.0,0.0,0.0,0.3974358974358974,0.3418879391126057,0.22632047365797187,0.373819928642656,0.23612582289917675,0.32101979168126293,0.18402321472986877,0.8974358974358975,0.6538461538461539,0.24358974358974358,0.0,0.02564102564102564,0.2948717948717949,0.6956521739130435,0.07692307692307693,0.0,0.15384615384615385,1,rinconada,low_resource
1360,167,15,4.179640718562874,11.133333333333333,1.784431137724551,27,1.0,0.4251497005988024,0.011976047904191617,0.281437125748503,0.011976047904191617,0.03592814371257485,0.0,0.017964071856287425,0.0,0.005988023952095809,0.0,0.0,0.281437125748503,0.35038996644997933,0.24100656305046642,0.3866322284797708,0.2497449369832218,0.34491467680331866,0.23410633183121698,0.562874251497006,0.40119760479041916,0.16167664670658682,0.0,0.0,0.2634730538922156,0.5070422535211268,0.06666666666666667,0.6666666666666666,1.0,1,rinconada,low_resource
1361,11,1,3.909090909090909,11.0,1.7272727272727273,1,0.0,0.9090909090909091,0.0,0.18181818181818182,0.09090909090909091,0.0,0.09090909090909091,0.0,0.0,0.0,0.0,0.0,0.6363636363636364,0.2596361829953922,0.08961316179813499,0.19423840403850348,0.08204321076584373,0.22989527945459712,0.14642947307177567,0.5454545454545454,0.36363636363636365,0.18181818181818182,0.0,0.18181818181818182,0.6363636363636364,0.9,0.0,0.0,0.0,1,rinconada,low_resource
1362,59,7,4.0508474576271185,8.428571428571429,1.6271186440677967,11,0.0,0.4576271186440678,0.0,0.3898305084745763,0.01694915254237288,0.15254237288135594,0.0,0.0,0.01694915254237288,0.0,0.0,0.0,0.3559322033898305,0.296696745317834,0.17043895558622899,0.3029069168787427,0.17161481949134233,0.2686298110416227,0.14073293455149682,0.6271186440677966,0.5084745762711864,0.11864406779661017,0.0,0.01694915254237288,0.3898305084745763,0.7407407407407407,0.0,0.0,0.0,1,rinconada,low_resource
1363,412,86,4.196601941747573,4.790697674418604,1.7888349514563107,50,0.2558139534883721,0.3616504854368932,0.0024271844660194173,0.24271844660194175,0.01699029126213592,0.04854368932038835,0.0,0.007281553398058253,0.01699029126213592,0.0024271844660194173,0.0,0.0,0.22330097087378642,0.34993269117464554,0.3214790775304509,0.34575065336634975,0.31638374967954674,0.32255857962798545,0.2747537489965579,0.7597087378640777,0.5533980582524272,0.20631067961165048,0.0024271844660194173,0.01699029126213592,0.23786407766990292,0.5704697986577181,0.05813953488372093,0.3488372093023256,0.2558139534883721,1,rinconada,low_resource
1364,75,14,3.973333333333333,5.357142857142857,1.7733333333333334,14,0.0,0.4266666666666667,0.13333333333333333,0.25333333333333335,0.0,0.0,0.0,0.02666666666666667,0.04,0.0,0.0,0.0,0.3466666666666667,0.24635227955590722,0.1712983011487869,0.24520299898050202,0.17167735082205135,0.2379406374080909,0.16059569771852505,0.6533333333333333,0.52,0.13333333333333333,0.0,0.04,0.22666666666666666,0.40625,0.35714285714285715,0.0,0.0,1,rinconada,low_resource
1365,81,20,4.1234567901234565,4.05,1.728395061728395,6,0.1,0.37037037037037035,0.12345679012345678,0.12345679012345678,0.0,0.1111111111111111,0.0,0.0,0.0,0.0,0.0,0.0,0.1728395061728395,0.2885822994864401,0.23762985260835712,0.271114092095048,0.17461810241267461,0.28381981831652353,0.2146098477348573,1.1851851851851851,0.8271604938271605,0.35802469135802467,0.0,0.0,0.20987654320987653,0.6,0.0,0.0,0.1,1,rinconada,low_resource
1366,178,8,4.162921348314606,22.25,1.747191011235955,16,1.375,0.28651685393258425,0.0,0.29213483146067415,0.011235955056179775,0.028089887640449437,0.0056179775280898875,0.0,0.0,0.016853932584269662,0.0,0.0,0.33707865168539325,0.2232967256645767,0.16126357319717805,0.21434963235108787,0.18163579125891244,0.19863142658194216,0.13200984402240667,0.43258426966292135,0.34269662921348315,0.0898876404494382,0.0,0.0,0.25280898876404495,0.5882352941176471,0.0,0.0,1.375,1,rinconada,low_resource
1367,125,10,4.408,12.5,1.904,22,0.8,0.376,0.0,0.216,0.008,0.016,0.0,0.0,0.048,0.0,0.0,0.0,0.36,0.30929899816166034,0.22299276209996138,0.306976671684051,0.2450810409372691,0.2805452116196293,0.18422974262892802,0.9279999999999999,0.728,0.2,0.0,0.048,0.208,0.6170212765957447,0.0,0.0,0.8,1,rinconada,low_resource
1368,133,10,4.503759398496241,13.3,1.894736842105263,23,0.5,0.42105263157894735,0.0,0.3233082706766917,0.0,0.007518796992481203,0.0,0.0,0.007518796992481203,0.0,0.0,0.0,0.2631578947368421,0.3442507882533511,0.26202159338929715,0.3511011705399967,0.2260490003307379,0.3415830001006915,0.22100119454503753,0.5789473684210527,0.43609022556390975,0.14285714285714285,0.0,0.007518796992481203,0.3157894736842105,0.5714285714285714,0.0,0.0,0.5,1,rinconada,low_resource
1369,162,21,4.179012345679013,7.714285714285714,1.8518518518518519,30,0.09523809523809523,0.3333333333333333,0.024691358024691357,0.3148148148148148,0.0,0.04938271604938271,0.0,0.012345679012345678,0.0,0.0,0.0,0.0,0.2716049382716049,0.27392336750593527,0.15810355907090248,0.25351796277853367,0.1337468665247142,0.2530625582438653,0.1487716672892099,0.5987654320987654,0.5,0.09876543209876543,0.0,0.0,0.2716049382716049,0.5925925925925926,0.0,0.19047619047619047,0.09523809523809523,1,rinconada,low_resource
1370,65,7,4.569230769230769,9.285714285714286,1.9846153846153847,17,0.14285714285714285,0.5076923076923077,0.015384615384615385,0.2923076923076923,0.0,0.06153846153846154,0.0,0.0,0.0,0.0,0.0,0.0,0.16923076923076924,0.31475799116453723,0.202490446524963,0.30442344632368834,0.19782140312959742,0.3090248170826303,0.20730469686536718,1.0153846153846153,0.8153846153846154,0.2,0.0,0.0,0.13846153846153847,0.6363636363636364,0.0,0.0,0.14285714285714285,1,rinconada,low_resource
1371,175,26,4.451428571428571,6.730769230769231,1.937142857142857,34,0.3076923076923077,0.5428571428571428,0.011428571428571429,0.26285714285714284,0.0,0.04,0.0,0.005714285714285714,0.0,0.017142857142857144,0.0,0.0,0.2857142857142857,0.39718568047862957,0.3336698821699844,0.43558478692274905,0.28791176814982833,0.39598879797292336,0.3135598861178283,0.9142857142857143,0.6742857142857143,0.24,0.005714285714285714,0.0,0.22857142857142856,0.6842105263157895,0.11538461538461539,0.07692307692307693,0.3076923076923077,1,rinconada,low_resource
1372,83,17,4.349397590361446,4.882352941176471,1.855421686746988,15,0.11764705882352941,0.4939759036144578,0.012048192771084338,0.24096385542168675,0.0,0.07228915662650602,0.0,0.0,0.0,0.0,0.0,0.0,0.20481927710843373,0.26610723931385294,0.17113417293113325,0.26799747095962534,0.20901855064888128,0.25328432006864315,0.19297910704313076,0.6987951807228916,0.4819277108433735,0.21686746987951808,0.0,0.024096385542168676,0.27710843373493976,0.6097560975609756,0.0,0.0,0.11764705882352941,1,rinconada,low_resource
1373,130,17,4.484615384615385,7.647058823529412,1.976923076923077,30,0.23529411764705882,0.5461538461538461,0.05384615384615385,0.25384615384615383,0.0,0.0,0.0,0.0,0.05384615384615385,0.0,0.0,0.0,0.3153846153846154,0.36755226840527977,0.3701531274122535,0.3787231140881754,0.3826162402162061,0.33118038196927013,0.30910227226024295,0.9307692307692308,0.7076923076923077,0.2230769230769231,0.0,0.05384615384615385,0.27692307692307694,0.704225352112676,0.0,0.17647058823529413,0.23529411764705882,1,rinconada,low_resource
1374,92,15,4.086956521739131,6.133333333333334,1.75,16,0.2,0.391304347826087,0.0,0.3804347826086957,0.0,0.0,0.0,0.010869565217391304,0.0,0.0,0.0,0.0,0.14130434782608695,0.3088844945171367,0.1665394467268458,0.317607154484682,0.137538979605354,0.27642454110389514,0.09887372340029327,0.6739130434782609,0.5543478260869565,0.11956521739130435,0.0,0.0,0.3804347826086957,0.5833333333333334,0.0,0.4,0.2,1,rinconada,low_resource
1375,124,17,4.233870967741935,7.294117647058823,1.846774193548387,23,0.17647058823529413,0.5161290322580645,0.008064516129032258,0.29838709677419356,0.0,0.024193548387096774,0.0,0.024193548387096774,0.03225806451612903,0.0,0.0,0.0,0.27419354838709675,0.365384878971452,0.20605335388853221,0.3548742120673931,0.18846406277483446,0.3319299333639003,0.21816121089432866,0.8225806451612904,0.6129032258064516,0.20967741935483872,0.0,0.03225806451612903,0.33064516129032256,0.703125,0.058823529411764705,0.5294117647058824,0.17647058823529413,1,rinconada,low_resource
1376,73,16,4.273972602739726,4.5625,1.9452054794520548,8,0.0,0.3698630136986301,0.1095890410958904,0.1506849315068493,0.0,0.0273972602739726,0.0,0.0,0.0,0.0,0.0,0.0,0.2191780821917808,0.26324841345249816,0.16577904548853262,0.2549224019871254,0.13593263403287856,0.2667290350466637,0.1677369992924468,0.958904109589041,0.684931506849315,0.273972602739726,0.0,0.0,0.1780821917808219,0.2962962962962963,0.5,0.0,0.0,1,rinconada,low_resource
1377,56,10,4.267857142857143,5.6,1.4821428571428572,8,0.1,0.3392857142857143,0.0,0.2857142857142857,0.0,0.03571428571428571,0.0,0.07142857142857142,0.0,0.017857142857142856,0.0,0.0,0.44642857142857145,0.27009124561913694,0.1449825118479282,0.3056665918600891,0.17828825912892976,0.28852500831714156,0.13477307393188223,0.8571428571428572,0.5892857142857143,0.26785714285714285,0.0,0.0,0.26785714285714285,0.42105263157894735,0.0,0.0,0.1,1,rinconada,low_resource
1378,78,17,4.0256410256410255,4.588235294117647,1.8205128205128205,8,0.35294117647058826,0.5897435897435898,0.0,0.23076923076923078,0.01282051282051282,0.05128205128205128,0.0,0.0,0.0,0.0,0.0,0.0,0.14102564102564102,0.2698796288208407,0.13045065041931547,0.25693934516345335,0.1306056577317994,0.2258910611507803,0.12500795829684438,0.5,0.3974358974358974,0.10256410256410256,0.0,0.0,0.23076923076923078,0.6739130434782609,0.17647058823529413,0.058823529411764705,0.35294117647058826,1,rinconada,low_resource
1379,81,17,4.432098765432099,4.764705882352941,1.8271604938271604,15,0.47058823529411764,0.5555555555555556,0.0,0.1728395061728395,0.012345679012345678,0.024691358024691357,0.0,0.0,0.04938271604938271,0.012345679012345678,0.0,0.0,0.3333333333333333,0.2507438716832044,0.14140962998856965,0.24156476347661876,0.12532481201557719,0.23953298756068853,0.14882351495037913,0.7407407407407407,0.6049382716049383,0.13580246913580246,0.0,0.04938271604938271,0.2345679012345679,0.6666666666666666,0.058823529411764705,0.7058823529411765,0.47058823529411764,1,rinconada,low_resource
1380,467,54,4.815845824411135,8.648148148148149,2.02355460385439,106,0.2962962962962963,0.4282655246252677,0.017130620985010708,0.25481798715203424,0.0021413276231263384,0.029978586723768737,0.0,0.008565310492505354,0.021413276231263382,0.0,0.0,0.0,0.3554603854389722,0.4177106352628433,0.39352482590323595,0.45631911615656773,0.3807009175637799,0.43211412238799557,0.39468736509087504,0.9314775160599572,0.6809421841541756,0.2505353319057816,0.0021413276231263384,0.021413276231263382,0.24197002141327623,0.695,0.037037037037037035,0.24074074074074073,0.2962962962962963,1,rinconada,low_resource
1381,15,1,4.533333333333333,15.0,1.8,3,0.0,0.8666666666666667,0.06666666666666667,0.06666666666666667,0.06666666666666667,0.26666666666666666,0.0,0.0,0.0,0.0,0.0,0.0,0.26666666666666666,0.2578241568993971,0.14469467452245327,0.2629461298351785,0.18213324834741704,0.27456298847416544,0.1599184729790123,1.0666666666666667,0.6666666666666666,0.4,0.0,0.0,0.13333333333333333,0.9230769230769231,0.0,0.0,0.0,1,rinconada,low_resource
1382,14,1,4.857142857142857,14.0,1.9285714285714286,3,0.0,0.8571428571428571,0.0,0.2857142857142857,0.0,0.07142857142857142,0.0,0.0,0.0,0.0,0.0,0.0,0.42857142857142855,0.26652086249149204,0.16345380807902882,0.2461690724329576,0.16455044726642687,0.23917823974939004,0.1755956209235855,0.8571428571428571,0.5714285714285714,0.2857142857142857,0.0,0.0,0.07142857142857142,0.9166666666666666,0.0,0.0,0.0,1,rinconada,low_resource
1383,384,49,4.403645833333333,7.836734693877551,1.9322916666666667,68,0.14285714285714285,0.3880208333333333,0.0234375,0.22916666666666666,0.0,0.0234375,0.0,0.005208333333333333,0.020833333333333332,0.020833333333333332,0.0,0.0,0.2760416666666667,0.41322864264041465,0.41119931405274224,0.4151563960268558,0.38656681601457515,0.3759267562369292,0.3840670205356052,0.9739583333333334,0.7786458333333334,0.1953125,0.005208333333333333,0.020833333333333332,0.24479166666666666,0.5704697986577181,0.0,0.08163265306122448,0.14285714285714285,1,rinconada,low_resource
1384,40,9,5.45,4.444444444444445,2.175,11,0.0,0.475,0.0,0.275,0.0,0.1,0.0,0.1,0.0,0.0,0.0,0.0,0.35,0.28182131261926824,0.160854537065335,0.2820597966968717,0.19223088688481105,0.24751289969064183,0.12284361172527165,1.025,0.75,0.275,0.0,0.0,0.275,0.47368421052631576,0.0,0.0,0.0,1,rinconada,low_resource
1385,382,52,4.429319371727749,7.346153846153846,1.8952879581151831,77,0.4807692307692308,0.4162303664921466,0.01832460732984293,0.2643979057591623,0.0,0.028795811518324606,0.0,0.05759162303664921,0.015706806282722512,0.005235602094240838,0.0,0.0,0.306282722513089,0.3633572445847425,0.34797444325361515,0.39622574076397066,0.3416990529581127,0.3670324748198983,0.32238337171753645,0.7041884816753926,0.5261780104712042,0.17801047120418848,0.015706806282722512,0.01832460732984293,0.25654450261780104,0.6477987421383647,0.0,0.3269230769230769,0.4807692307692308,1,rinconada,low_resource
1386,142,24,4.373239436619718,5.916666666666667,1.9225352112676057,24,0.125,0.5774647887323944,0.007042253521126761,0.2605633802816901,0.0,0.028169014084507043,0.0,0.0,0.0,0.0,0.0,0.0,0.19014084507042253,0.35063707717950765,0.25449599611888934,0.37699686324168025,0.2507911907922644,0.3568231268709168,0.2516959573783701,0.6901408450704226,0.5422535211267606,0.14788732394366197,0.0,0.0,0.176056338028169,0.7560975609756098,0.125,0.08333333333333333,0.125,1,rinconada,low_resource
1387,225,54,4.391111111111111,4.166666666666667,1.808888888888889,37,0.12962962962962962,0.5244444444444445,0.013333333333333334,0.2311111111111111,0.0,0.06666666666666667,0.0,0.013333333333333334,0.017777777777777778,0.05333333333333334,0.008888888888888889,0.0,0.3377777777777778,0.3855617430440913,0.308444330320848,0.4101796725420497,0.2789634475899615,0.3767749269633359,0.34324456883380566,0.8222222222222222,0.6177777777777778,0.20444444444444446,0.008888888888888889,0.017777777777777778,0.21777777777777776,0.7033898305084746,0.037037037037037035,0.2222222222222222,0.12962962962962962,1,rinconada,low_resource
1388,309,40,4.711974110032362,7.725,1.9870550161812297,65,0.3,0.44983818770226536,0.006472491909385114,0.26537216828478966,0.0,0.006472491909385114,0.0,0.003236245954692557,0.025889967637540454,0.0,0.0,0.0,0.31715210355987056,0.3727576101038499,0.32733684414980496,0.3999798839679082,0.2769435937421126,0.38065725608834944,0.3085358842316162,0.7605177993527508,0.5889967637540453,0.1715210355987055,0.006472491909385114,0.025889967637540454,0.2524271844660194,0.6618705035971223,0.15,0.25,0.3,1,rinconada,low_resource
1389,241,37,4.518672199170124,6.513513513513513,1.954356846473029,50,0.21621621621621623,0.35269709543568467,0.0,0.22821576763485477,0.0,0.06224066390041494,0.0,0.0,0.008298755186721992,0.0,0.0,0.0,0.27800829875518673,0.3950879108451428,0.3788537682889915,0.40147225571811007,0.3212221502253072,0.3698674821085696,0.32378810822423537,0.8132780082987552,0.5269709543568465,0.2863070539419087,0.0,0.008298755186721992,0.22406639004149378,0.49411764705882355,0.10810810810810811,0.4594594594594595,0.21621621621621623,1,rinconada,low_resource
1390,149,17,4.275167785234899,8.764705882352942,1.8120805369127517,18,0.17647058823529413,0.44966442953020136,0.03355704697986577,0.18791946308724833,0.006711409395973154,0.040268456375838924,0.0,0.006711409395973154,0.04697986577181208,0.0,0.0,0.0,0.35570469798657717,0.29616026018370606,0.22541504923104003,0.2938900912479331,0.21505441716166232,0.2826326042815556,0.24402892515986202,0.6912751677852349,0.42953020134228187,0.26174496644295303,0.006711409395973154,0.04697986577181208,0.21476510067114093,0.5970149253731343,0.17647058823529413,0.0,0.17647058823529413,1,rinconada,low_resource
1391,25,7,5.08,3.5714285714285716,2.16,8,0.0,0.76,0.0,0.4,0.0,0.0,0.0,0.0,0.0,0.0,0.0,0.0,0.32,0.29813360302011005,0.18177900965157084,0.3010729775185308,0.23299965024770294,0.2856892099956047,0.17198431829610525,0.96,0.76,0.2,0.0,0.0,0.04,0.9473684210526315,0.0,0.0,0.0,1,rinconada,low_resource
1392,171,23,4.239766081871345,7.434782608695652,1.8888888888888888,30,0.7391304347826086,0.3684210526315789,0.05263157894736842,0.21637426900584794,0.0,0.029239766081871343,0.0,0.011695906432748537,0.011695906432748537,0.0,0.0,0.0,0.22807017543859648,0.3296203684030493,0.24062982837306732,0.33768972155481297,0.20575668329944177,0.32302408326400256,0.23503310841065414,0.6140350877192982,0.4619883040935672,0.15204678362573099,0.0,0.011695906432748537,0.18128654970760233,0.49206349206349204,0.21739130434782608,0.6521739130434783,0.7391304347826086,1,rinconada,low_resource
1393,113,19,4.849557522123894,5.947368421052632,2.1150442477876106,31,0.10526315789473684,0.6283185840707964,0.017699115044247787,0.25663716814159293,0.0,0.008849557522123894,0.0,0.0,0.008849557522123894,0.0,0.0,0.0,0.23008849557522124,0.3866567882555229,0.2992310209995838,0.4030010963241308,0.28659107255141786,0.34371653028140176,0.22414512384653684,1.0442477876106195,0.8584070796460177,0.18584070796460178,0.017699115044247787,0.008849557522123894,0.21238938053097345,0.7605633802816901,0.0,0.10526315789473684,0.10526315789473684,1,rinconada,low_resource
1394,126,19,4.825396825396825,6.631578947368421,1.9761904761904763,29,0.10526315789473684,0.4523809523809524,0.0,0.2777777777777778,0.007936507936507936,0.023809523809523808,0.0,0.007936507936507936,0.05555555555555555,0.0,0.0,0.0,0.38095238095238093,0.39331663886215873,0.3243651806316062,0.3924755084923317,0.26753207219834596,0.3778404945431405,0.25074175769152784,0.8492063492063492,0.5317460317460317,0.31746031746031744,0.0,0.05555555555555555,0.2698412698412698,0.6491228070175439,0.0,0.2631578947368421,0.10526315789473684,1,rinconada,low_resource
1395,36,6,5.027777777777778,6.0,2.0555555555555554,8,0.0,0.8055555555555556,0.0,0.25,0.0,0.0,0.027777777777777776,0.0,0.0,0.0,0.0,0.0,0.3611111111111111,0.31717618936438646,0.23165904215972058,0.35106808170451226,0.179790839830941,0.3150719104280274,0.17903604454378622,0.7222222222222222,0.5277777777777778,0.19444444444444445,0.0,0.0,0.25,0.8620689655172413,0.0,0.0,0.0,1,rinconada,low_resource
1396,301,51,4.441860465116279,5.901960784313726,1.8637873754152825,60,0.3137254901960784,0.3754152823920266,0.016611295681063124,0.292358803986711,0.0,0.03986710963455149,0.0,0.013289036544850499,0.016611295681063124,0.0,0.0033222591362126247,0.0,0.31561461794019935,0.36140492940697355,0.2613766907448012,0.3473453419428681,0.19981245247368873,0.3245420621888806,0.25186829979012043,0.7508305647840531,0.5514950166112956,0.19933554817275748,0.0033222591362126247,0.016611295681063124,0.27906976744186046,0.6460176991150443,0.1568627450980392,0.7058823529411765,0.3137254901960784,1,rinconada,low_resource
1397,141,19,4.843971631205674,7.421052631578948,2.0709219858156027,28,0.0,0.4326241134751773,0.0851063829787234,0.09219858156028368,0.0,0.09219858156028368,0.0,0.02127659574468085,0.0425531914893617,0.0,0.0,0.0,0.3829787234042553,0.3446150016110031,0.2558901441886901,0.38883209828384707,0.30846719969680075,0.33685386517551297,0.22941917707827034,1.2198581560283688,0.8297872340425532,0.3900709219858156,0.0,0.0425531914893617,0.15602836879432624,0.7049180327868853,0.05263157894736842,0.0,0.0,1,rinconada,low_resource
1398,99,17,4.292929292929293,5.823529411764706,1.8383838383838385,26,0.058823529411764705,0.21212121212121213,0.0,0.3838383838383838,0.0,0.06060606060606061,0.0,0.0,0.030303030303030304,0.0,0.0,0.0,0.36363636363636365,0.20337452955612287,0.08661003838104987,0.22587370377541005,0.06438451606261908,0.21757652729125204,0.0703313381577142,0.47474747474747475,0.45454545454545453,0.020202020202020204,0.0,0.010101010101010102,0.3939393939393939,0.3333333333333333,0.0,0.0,0.058823529411764705,1,rinconada,low_resource
1399,54,8,6.222222222222222,6.75,2.7777777777777777,27,1.5,0.5555555555555556,0.12962962962962962,0.037037037037037035,0.0,0.0,0.0,0.0,0.0,0.0,0.0,0.0,0.24074074074074073,0.3120996680310421,0.27664317257590715,0.30690955803763353,0.23544659667744527,0.2912445799370334,0.20346571460794935,1.1666666666666667,0.9814814814814815,0.18518518518518517,0.0,0.0,0.037037037037037035,0.7,0.0,0.0,1.5,1,rinconada,low_resource
1400,208,34,4.403846153846154,6.117647058823529,1.8461538461538463,34,0.20588235294117646,0.5432692307692307,0.04807692307692308,0.19230769230769232,0.004807692307692308,0.052884615384615384,0.0,0.014423076923076924,0.028846153846153848,0.02403846153846154,0.0,0.0,0.3317307692307692,0.3968704832429648,0.32134341739281597,0.4133708575987398,0.2957694977451274,0.3649806010147888,0.2553919077237133,0.783653846153846,0.5144230769230769,0.2692307692307692,0.0,0.028846153846153848,0.21153846153846154,0.7168141592920354,0.08823529411764706,0.058823529411764705,0.20588235294117646,1,rinconada,low_resource
1401,97,23,4.134020618556701,4.217391304347826,1.8556701030927836,21,0.08695652173913043,0.5360824742268041,0.05154639175257732,0.23711340206185566,0.030927835051546393,0.041237113402061855,0.0,0.010309278350515464,0.010309278350515464,0.0,0.0,0.0,0.15463917525773196,0.2666657467558185,0.161881257468168,0.28233737617441224,0.16603864352317468,0.2370509214693986,0.13468665827327442,0.5876288659793815,0.4639175257731959,0.12371134020618557,0.0,0.010309278350515464,0.20618556701030927,0.6153846153846154,0.2608695652173913,0.6956521739130435,0.08695652173913043,1,rinconada,low_resource
1402,76,10,4.197368421052632,7.6,1.7894736842105263,9,0.2,0.4868421052631579,0.02631578947368421,0.3684210526315789,0.0,0.013157894736842105,0.0,0.0,0.0,0.0,0.0,0.0,0.34210526315789475,0.30325713952252137,0.20087804340174004,0.2871019901128078,0.15077714342548024,0.25244911377272483,0.11439398079831571,0.5921052631578947,0.5,0.09210526315789473,0.0,0.0,0.34210526315789475,0.7027027027027027,0.0,0.1,0.2,1,rinconada,low_resource
1403,54,12,4.037037037037037,4.5,1.7962962962962963,8,0.0,0.6666666666666666,0.018518518518518517,0.24074074074074073,0.018518518518518517,0.05555555555555555,0.0,0.0,0.0,0.0,0.0,0.0,0.24074074074074073,0.3010313471026762,0.17826949981732673,0.31996527507749845,0.16501321803592486,0.28308717016953294,0.18692851156349852,0.7222222222222222,0.3888888888888889,0.3333333333333333,0.0,0.018518518518518517,0.25925925925925924,0.7777777777777778,0.0,0.08333333333333333,0.0,1,rinconada,low_resource
1404,423,63,4.673758865248227,6.714285714285714,1.966903073286052,80,0.23809523809523808,0.41843971631205673,0.01182033096926714,0.26713947990543735,0.004728132387706856,0.016548463356973995,0.002364066193853428,0.004728132387706856,0.004728132387706856,0.004728132387706856,0.0,0.0,0.3191489361702128,0.4266093266187134,0.38811870238841006,0.44815497389896847,0.394312013926102,0.41648044074238877,0.3914809013082998,0.900709219858156,0.6643026004728132,0.2364066193853428,0.004728132387706856,0.004728132387706856,0.21749408983451538,0.655367231638418,0.09523809523809523,0.3968253968253968,0.23809523809523808,2,rinconada,low_resource
1405,675,86,4.8533333333333335,7.848837209302325,2.0474074074074076,157,0.4186046511627907,0.42074074074074075,0.016296296296296295,0.23851851851851852,0.0014814814814814814,0.016296296296296295,0.0,0.01037037037037037,0.011851851851851851,0.0044444444444444444,0.0,0.0,0.37777777777777777,0.4255328797104021,0.35433514389828663,0.46525309995266845,0.37371568361159,0.422949025438495,0.3459115384632985,0.8400000000000001,0.6118518518518519,0.22814814814814816,0.0014814814814814814,0.011851851851851851,0.20296296296296296,0.6866197183098591,0.12790697674418605,0.2558139534883721,0.4186046511627907,2,rinconada,low_resource
1406,181,23,4.071823204419889,7.869565217391305,1.729281767955801,29,0.0,0.26519337016574585,0.12154696132596685,0.20994475138121546,0.0055248618784530384,0.055248618784530384,0.0,0.0,0.011049723756906077,0.022099447513812154,0.0,0.0,0.3425414364640884,0.35859189200910463,0.2881359908694683,0.3670887987591368,0.30904912245903465,0.3538649187008782,0.3011223666769896,0.7237569060773481,0.44751381215469616,0.27624309392265195,0.0,0.011049723756906077,0.22099447513812154,0.3333333333333333,0.0,0.0,0.0,2,rinconada,low_resource
1407,103,15,5.213592233009709,6.866666666666666,2.262135922330097,31,0.4666666666666667,0.5825242718446602,0.02912621359223301,0.1262135922330097,0.0,0.10679611650485436,0.0,0.0,0.009708737864077669,0.0,0.0,0.0,0.30097087378640774,0.34952440177814453,0.2944379735367711,0.355474420479388,0.3029470599302339,0.3172820918444679,0.28329018892592095,1.2233009708737863,0.8737864077669902,0.34951456310679613,0.0,0.0,0.18446601941747573,0.6833333333333333,0.0,0.06666666666666667,0.4666666666666667,2,rinconada,low_resource
1408,554,59,4.346570397111913,9.389830508474576,1.8537906137184115,123,0.423728813559322,0.3628158844765343,0.0,0.1931407942238267,0.0812274368231047,0.08483754512635379,0.0,0.0036101083032490976,0.061371841155234655,0.0,0.0,0.0,0.259927797833935,0.41367956885691826,0.37299262017917495,0.4356334960786719,0.35538506855033675,0.4070961122510226,0.30713520584923965,0.8176895306859205,0.6389891696750902,0.17870036101083034,0.007220216606498195,0.021660649819494584,0.2924187725631769,0.6716417910447762,0.05084745762711865,0.288135593220339,0.423728813559322,2,rinconada,low_resource
1409,445,53,4.714606741573034,8.39622641509434,2.013483146067416,113,0.41509433962264153,0.41797752808988764,0.0449438202247191,0.251685393258427,0.006741573033707865,0.04269662921348315,0.0,0.01348314606741573,0.020224719101123594,0.0,0.0,0.0,0.30786516853932583,0.43411338769957614,0.3952817475746965,0.4718596807088114,0.3776328375426525,0.4243253844164075,0.40582862689024096,0.9775280898876405,0.6966292134831461,0.2808988764044944,0.0,0.020224719101123594,0.23146067415730337,0.6881720430107527,0.0,0.32075471698113206,0.41509433962264153,2,rinconada,low_resource
1410,707,111,4.503536067892504,6.36936936936937,1.9236209335219236,134,0.3063063063063063,0.3592644978783593,0.03536067892503536,0.23903818953323905,0.005657708628005658,0.03818953323903819,0.004243281471004243,0.002828854314002829,0.016973125884016973,0.0,0.0,0.0,0.25176803394625175,0.41645172572666556,0.33635030131637833,0.44541936506302465,0.3205310547493839,0.42511985855693946,0.31696088798426525,0.8712871287128713,0.6548797736916548,0.2164073550212164,0.0,0.016973125884016973,0.22065063649222066,0.6535433070866141,0.10810810810810811,0.6396396396396397,0.3063063063063063,2,rinconada,low_resource
1411,780,90,4.526923076923077,8.666666666666666,1.9628205128205127,170,0.24444444444444444,0.34102564102564104,0.026923076923076925,0.2641025641025641,0.0,0.03205128205128205,0.0,0.007692307692307693,0.023076923076923078,0.0,0.0,0.0,0.27692307692307694,0.3894388853709735,0.40587632145896024,0.4318993292609606,0.36453420833055644,0.38838757726428075,0.35522149424026983,0.8666666666666667,0.6269230769230769,0.23974358974358975,0.0,0.023076923076923078,0.27564102564102566,0.6165413533834586,0.044444444444444446,0.1111111111111111,0.24444444444444444,2,rinconada,low_resource
1412,466,61,4.476394849785407,7.639344262295082,1.909871244635193,83,0.4098360655737705,0.4270386266094421,0.03862660944206009,0.24892703862660945,0.002145922746781116,0.0407725321888412,0.0,0.004291845493562232,0.006437768240343348,0.0,0.0,0.0,0.24892703862660945,0.3462798608353496,0.29695424164760875,0.349254588762152,0.2824698662014087,0.3457056960345544,0.24651391768632333,0.7467811158798283,0.575107296137339,0.17167381974248927,0.0,0.006437768240343348,0.23605150214592274,0.6733668341708543,0.08196721311475409,0.2786885245901639,0.4098360655737705,2,rinconada,low_resource
1413,639,70,4.397496087636933,9.128571428571428,1.8779342723004695,112,0.5857142857142857,0.3192488262910798,0.006259780907668232,0.2863849765258216,0.0,0.017214397496087636,0.0,0.012519561815336464,0.02190923317683881,0.0,0.0,0.0,0.26291079812206575,0.41162852047479676,0.34495564868973955,0.42776635700197696,0.29120627201368227,0.41274230773810405,0.32479950970586685,0.7918622848200313,0.594679186228482,0.19718309859154928,0.0,0.02190923317683881,0.2535211267605634,0.5784313725490197,0.11428571428571428,0.4142857142857143,0.5857142857142857,2,rinconada,low_resource
1414,543,75,4.489871086556169,7.24,1.9539594843462247,142,0.29333333333333333,0.3812154696132597,0.02394106813996317,0.2578268876611418,0.0055248618784530384,0.011049723756906077,0.0,0.001841620626151013,0.029465930018416207,0.0055248618784530384,0.0,0.0,0.281767955801105,0.42254930375482747,0.41528047361868814,0.4127648907103291,0.3339637225928735,0.3841238159742915,0.35899970326132835,0.7495395948434622,0.6077348066298343,0.141804788213628,0.001841620626151013,0.029465930018416207,0.2541436464088398,0.6473429951690821,0.05333333333333334,0.3466666666666667,0.29333333333333333,2,rinconada,low_resource
1415,451,31,4.430155210643015,14.548387096774194,1.9268292682926829,86,0.6774193548387096,0.35033259423503327,0.022172949002217297,0.24168514412416853,0.0,0.024390243902439025,0.0,0.0022172949002217295,0.05321507760532151,0.0,0.0,0.0,0.2860310421286031,0.38835628579879133,0.43508070099394064,0.4155094473438317,0.3671247000539526,0.3980155221113929,0.3960724863937205,0.7671840354767183,0.5698447893569845,0.1973392461197339,0.0022172949002217295,0.05321507760532151,0.24833702882483372,0.6708860759493671,0.0,0.06451612903225806,0.6774193548387096,2,rinconada,low_resource
1416,236,42,4.3008474576271185,5.619047619047619,1.6779661016949152,30,0.16666666666666666,0.4449152542372881,0.038135593220338986,0.211864406779661,0.00847457627118644,0.038135593220338986,0.0,0.012711864406779662,0.0211864406779661,0.01694915254237288,0.059322033898305086,0.0,0.3644067796610169,0.36452896851899985,0.2758522412243135,0.36613452828224186,0.22895787691308078,0.35941992731692185,0.2627922059082317,0.673728813559322,0.538135593220339,0.13559322033898305,0.0,0.0211864406779661,0.2330508474576271,0.6571428571428571,0.09523809523809523,0.07142857142857142,0.16666666666666666,2,rinconada,low_resource
1417,450,58,4.417777777777777,7.758620689655173,1.9222222222222223,91,0.3103448275862069,0.4266666666666667,0.04,0.26666666666666666,0.0,0.03111111111111111,0.0,0.006666666666666667,0.008888888888888889,0.0,0.0,0.0,0.30666666666666664,0.43002315381926887,0.4511096201698492,0.4588788121246692,0.35107168606603506,0.42382622078536636,0.41430461540309604,0.8088888888888889,0.6044444444444445,0.20444444444444446,0.0022222222222222222,0.008888888888888889,0.2111111111111111,0.625,0.13793103448275862,0.3275862068965517,0.3103448275862069,2,rinconada,low_resource
1418,680,69,4.701470588235294,9.855072463768115,1.9941176470588236,154,0.34782608695652173,0.40147058823529413,0.01911764705882353,0.25,0.011764705882352941,0.016176470588235296,0.0,0.008823529411764706,0.04264705882352941,0.0,0.0,0.0,0.3073529411764706,0.4167614382573733,0.4413102929250252,0.4707173304903776,0.43832228148862096,0.423788759484083,0.41826038465214804,0.875,0.6514705882352941,0.2235294117647059,0.0029411764705882353,0.04264705882352941,0.21323529411764705,0.7032967032967034,0.08695652173913043,0.2463768115942029,0.34782608695652173,2,rinconada,low_resource
1419,435,61,4.8597701149425285,7.131147540983607,1.9885057471264367,113,0.5081967213114754,0.4413793103448276,0.01839080459770115,0.23448275862068965,0.0,0.027586206896551724,0.004597701149425287,0.020689655172413793,0.029885057471264367,0.013793103448275862,0.009195402298850575,0.0,0.4091954022988506,0.4048248506117302,0.4028304808941299,0.44443341565196315,0.40222541549429797,0.41303441587077955,0.37501574383341546,0.9448275862068966,0.6942528735632184,0.25057471264367814,0.009195402298850575,0.029885057471264367,0.21149425287356322,0.6666666666666666,0.01639344262295082,0.2786885245901639,0.5081967213114754,2,rinconada,low_resource
1420,92,9,4.467391304347826,10.222222222222221,1.8478260869565217,9,0.0,0.42391304347826086,0.021739130434782608,0.14130434782608695,0.0,0.13043478260869565,0.0,0.0,0.0,0.0,0.0,0.0,0.34782608695652173,0.31372282882317976,0.1809362194813628,0.3308515526846042,0.16549294906462841,0.3173413268967931,0.16231197838143258,1.0434782608695652,0.6956521739130435,0.34782608695652173,0.0,0.0,0.14130434782608695,0.6923076923076923,0.1111111111111111,0.0,0.0,2,rinconada,low_resource
1421,181,40,4.359116022099448,4.525,1.8784530386740332,28,0.175,0.5027624309392266,0.022099447513812154,0.20994475138121546,0.0,0.049723756906077346,0.0,0.03314917127071823,0.0055248618784530384,0.011049723756906077,0.0,0.0,0.3259668508287293,0.3492313396076616,0.25644888728878606,0.35207194870241026,0.2298777652306938,0.3234535091910402,0.24058945559092992,1.0276243093922652,0.7292817679558011,0.2983425414364641,0.0,0.0055248618784530384,0.1878453038674033,0.6703296703296703,0.2,0.625,0.175,2,rinconada,low_resource
1422,476,64,4.447478991596639,7.4375,1.9390756302521008,88,1.0625,0.3949579831932773,0.014705882352941176,0.24369747899159663,0.0021008403361344537,0.025210084033613446,0.0021008403361344537,0.0021008403361344537,0.0273109243697479,0.0,0.0,0.0,0.2857142857142857,0.42568857401035604,0.39836406667985885,0.44148609328910055,0.3869528186932664,0.3823829718313591,0.3819206250271071,0.7247899159663865,0.5294117647058824,0.1953781512605042,0.004201680672268907,0.029411764705882353,0.25,0.6436170212765957,0.109375,0.53125,1.0625,2,rinconada,low_resource
1423,65,7,4.923076923076923,9.285714285714286,2.3384615384615386,19,1.0,0.46153846153846156,0.2153846153846154,0.015384615384615385,0.0,0.07692307692307693,0.0,0.0,0.015384615384615385,0.0,0.0,0.0,0.16923076923076924,0.3036547863742421,0.2034554704545564,0.28380342074722287,0.23110343734974823,0.272416807192413,0.18942937982950367,1.123076923076923,0.9230769230769231,0.2,0.015384615384615385,0.015384615384615385,0.046153846153846156,0.5666666666666667,0.0,0.0,1.0,2,rinconada,low_resource
1424,651,77,4.666666666666667,8.454545454545455,1.880184331797235,150,0.37662337662337664,0.3210445468509985,0.0,0.19508448540706605,0.08294930875576037,0.08141321044546851,0.0015360983102918587,0.010752688172043012,0.05069124423963134,0.0015360983102918587,0.0,0.0,0.34715821812596004,0.3757779547457323,0.3186527583985839,0.4153042063719923,0.289299438172893,0.3968299230859328,0.2934178380492626,0.7665130568356375,0.5698924731182796,0.1966205837173579,0.0,0.03533026113671275,0.3195084485407066,0.6172248803827751,0.03896103896103896,0.2727272727272727,0.37662337662337664,2,rinconada,low_resource
1425,124,26,4.661290322580645,4.769230769230769,2.0725806451612905,37,0.3076923076923077,0.3790322580645161,0.04032258064516129,0.3064516129032258,0.008064516129032258,0.04838709677419355,0.0,0.0,0.024193548387096774,0.0,0.0,0.0,0.21774193548387097,0.26956374248007353,0.1919596091550136,0.2703848503182495,0.15652358663974106,0.24710538173591556,0.17747277809248627,0.6209677419354839,0.5080645161290323,0.11290322580645161,0.0,0.024193548387096774,0.31451612903225806,0.46808510638297873,0.3076923076923077,0.0,0.3076923076923077,2,rinconada,low_resource
1426,456,47,4.616228070175438,9.702127659574469,1.9714912280701755,110,0.40425531914893614,0.4100877192982456,0.03070175438596491,0.23464912280701755,0.0,0.03289473684210526,0.0,0.013157894736842105,0.039473684210526314,0.0,0.0,0.0021929824561403508,0.3267543859649123,0.40909406722493485,0.38510736823994257,0.44545789059934526,0.3383429301758549,0.40529184375200245,0.3498203630473637,0.868421052631579,0.6732456140350878,0.19517543859649122,0.0,0.03508771929824561,0.25877192982456143,0.6363636363636364,0.02127659574468085,0.1702127659574468,0.40425531914893614,2,rinconada,low_resource
1427,593,62,4.728499156829679,9.564516129032258,2.003372681281619,119,0.5806451612903226,0.40640809443507586,0.003372681281618887,0.23777403035413153,0.02023608768971332,0.016863406408094434,0.00505902192242833,0.00505902192242833,0.03541315345699832,0.0,0.0,0.0,0.32040472175379425,0.4425297539809945,0.4219689763119749,0.4785045319960013,0.3714261750977437,0.4608188119667547,0.39842038728913387,0.9966273187183812,0.7504215851602024,0.24620573355817876,0.0,0.04047217537942664,0.2748735244519393,0.7012448132780082,0.03225806451612903,0.4032258064516129,0.5806451612903226,2,rinconada,low_resource
1428,144,26,4.305555555555555,5.538461538461538,1.8541666666666667,33,0.38461538461538464,0.4722222222222222,0.0,0.2916666666666667,0.006944444444444444,0.0625,0.0,0.027777777777777776,0.0,0.006944444444444444,0.0,0.0,0.25,0.3732848824115863,0.2955336475130395,0.42852154436504664,0.3082260738785922,0.3644118542123711,0.22574019027673164,0.8888888888888888,0.6319444444444444,0.2569444444444444,0.04861111111111111,0.0,0.25,0.6617647058823529,0.15384615384615385,0.15384615384615385,0.38461538461538464,2,rinconada,low_resource
1429,368,45,4.9375,8.177777777777777,2.097826086956522,99,0.35555555555555557,0.46195652173913043,0.01358695652173913,0.2418478260869565,0.005434782608695652,0.016304347826086956,0.0,0.005434782608695652,0.008152173913043478,0.0,0.0,0.0,0.33967391304347827,0.4221957023796293,0.41143427196021215,0.447875823950826,0.40946916656075966,0.43545948223351927,0.3997378470010721,0.9728260869565217,0.7554347826086957,0.21739130434782608,0.0,0.008152173913043478,0.20923913043478262,0.711764705882353,0.044444444444444446,0.37777777777777777,0.35555555555555557,2,rinconada,low_resource
1430,77,19,5.142857142857143,4.052631578947368,2.2857142857142856,24,0.21052631578947367,0.4675324675324675,0.19480519480519481,0.07792207792207792,0.0,0.09090909090909091,0.0,0.0,0.0,0.0,0.0,0.0,0.23376623376623376,0.266640475865807,0.16247271931795867,0.23518187578360028,0.1630200093211234,0.22815430074474313,0.15126749457832697,1.3246753246753247,1.1818181818181819,0.14285714285714285,0.0,0.0,0.06493506493506493,0.7777777777777778,0.0,0.0,0.21052631578947367,2,rinconada,low_resource
1431,95,11,3.831578947368421,8.636363636363637,1.6421052631578947,11,0.8181818181818182,0.4421052631578947,0.0,0.30526315789473685,0.010526315789473684,0.06315789473684211,0.0,0.0,0.06315789473684211,0.0,0.0,0.0,0.25263157894736843,0.3170084620287782,0.2108990387453677,0.2892812080933311,0.21834034114965578,0.27207403892305543,0.1651965722470061,0.631578947368421,0.5052631578947369,0.12631578947368421,0.0,0.06315789473684211,0.3263157894736842,0.5952380952380952,0.0,0.0,0.8181818181818182,2,rinconada,low_resource
1432,822,84,4.529197080291971,9.785714285714286,1.951338199513382,178,0.4880952380952381,0.31143552311435524,0.015815085158150853,0.26277372262773724,0.0,0.02068126520681265,0.0,0.006082725060827251,0.004866180048661801,0.019464720194647202,0.0,0.0,0.29318734793187345,0.40092367579664384,0.4132445098468982,0.4284812481079896,0.373082190559257,0.3835938918265237,0.36039662768293174,0.8625304136253041,0.6557177615571776,0.20681265206812652,0.0024330900243309003,0.004866180048661801,0.26520681265206814,0.55859375,0.19047619047619047,0.39285714285714285,0.4880952380952381,2,rinconada,low_resource
1433,601,60,4.647254575707155,10.016666666666667,1.9584026622296173,129,0.4166666666666667,0.3777038269550749,0.024958402662229616,0.23128119800332778,0.0016638935108153079,0.026622296173044926,0.0,0.011647254575707155,0.04991680532445923,0.0,0.0,0.0,0.34941763727121466,0.3849885515311304,0.35545558888147694,0.402782403579792,0.35582253262440855,0.3752629753939174,0.3598467238508714,0.8069883527454244,0.6023294509151415,0.20465890183028287,0.0,0.051580698835274545,0.2545757071547421,0.6563876651982379,0.05,0.31666666666666665,0.4166666666666667,2,rinconada,low_resource
1434,686,88,4.661807580174927,7.795454545454546,2.0058309037900877,148,0.2727272727272727,0.380466472303207,0.013119533527696793,0.24198250728862974,0.0014577259475218659,0.01749271137026239,0.0,0.011661807580174927,0.02040816326530612,0.0,0.0,0.0,0.32798833819241985,0.4119670166740572,0.47407422470310334,0.45592768285424057,0.41908405821555095,0.4137867969902343,0.40139945841278035,0.9125364431486881,0.685131195335277,0.22740524781341107,0.0029154518950437317,0.02040816326530612,0.23323615160349853,0.6475095785440613,0.07954545454545454,0.4090909090909091,0.2727272727272727,2,rinconada,low_resource
1435,215,31,4.2372093023255815,6.935483870967742,1.8511627906976744,37,0.3225806451612903,0.5116279069767442,0.013953488372093023,0.22790697674418606,0.009302325581395349,0.037209302325581395,0.0,0.06511627906976744,0.013953488372093023,0.0,0.0,0.0,0.2930232558139535,0.38557268005511564,0.3431438034286761,0.37961430909337435,0.2638120513856359,0.384676965137951,0.30945994371671737,0.9534883720930232,0.6372093023255814,0.31627906976744186,0.0,0.013953488372093023,0.26976744186046514,0.6363636363636364,0.12903225806451613,0.03225806451612903,0.3225806451612903,2,rinconada,low_resource
1436,194,18,4.5,10.777777777777779,1.9690721649484537,36,0.6666666666666666,0.5257731958762887,0.015463917525773196,0.23195876288659795,0.02577319587628866,0.030927835051546393,0.0,0.005154639175257732,0.005154639175257732,0.0,0.005154639175257732,0.0,0.25773195876288657,0.36352569444662547,0.3352330848429684,0.369146633180646,0.2984270822798771,0.342208123232662,0.27436397384403133,0.9432989690721649,0.7525773195876289,0.19072164948453607,0.0,0.005154639175257732,0.27835051546391754,0.803921568627451,0.0,0.0,0.6666666666666666,2,rinconada,low_resource
1437,187,29,4.67379679144385,6.448275862068965,1.9304812834224598,32,0.10344827586206896,0.5454545454545454,0.0427807486631016,0.1497326203208556,0.0,0.08021390374331551,0.0,0.0427807486631016,0.03208556149732621,0.0,0.0,0.0,0.3689839572192513,0.40269812255110876,0.3029603070127,0.41635016090992955,0.255625157138164,0.37360893169626797,0.2114447453255596,0.893048128342246,0.6363636363636364,0.25668449197860965,0.0,0.03208556149732621,0.21390374331550802,0.6568627450980392,0.034482758620689655,0.034482758620689655,0.10344827586206896,2,rinconada,low_resource
1438,938,104,4.454157782515991,9.01923076923077,1.8368869936034116,184,0.40384615384615385,0.31663113006396587,0.021321961620469083,0.2622601279317697,0.0010660980810234541,0.057569296375266525,0.0,0.013859275053304905,0.015991471215351813,0.006396588486140725,0.0010660980810234541,0.0,0.3208955223880597,0.432064556014396,0.4321000135818706,0.45753804930144487,0.3663108843406579,0.3991414573268417,0.3848149715291227,0.8208955223880597,0.5948827292110874,0.2260127931769723,0.005330490405117271,0.015991471215351813,0.23134328358208955,0.6666666666666666,0.11538461538461539,0.4519230769230769,0.40384615384615385,2,rinconada,low_resource
1439,128,13,4.53125,9.846153846153847,1.8984375,19,0.5384615384615384,0.4296875,0.0703125,0.21875,0.0,0.0234375,0.0,0.0,0.015625,0.0,0.0,0.0,0.359375,0.3800057191481717,0.3361816192208743,0.3523263976833071,0.3094754065574508,0.3366563302865167,0.30547364703113034,0.8359375,0.6328125,0.203125,0.0,0.015625,0.1875,0.5818181818181818,0.0,0.0,0.5384615384615384,3,rinconada,low_resource
1440,603,83,4.751243781094527,7.265060240963855,2.046434494195688,138,0.24096385542168675,0.40298507462686567,0.024875621890547265,0.23714759535655058,0.001658374792703151,0.029850746268656716,0.0,0.008291873963515755,0.006633499170812604,0.0,0.0,0.0,0.36981757877280264,0.3787280298289111,0.3505399005128548,0.3890911797599819,0.3265311442462943,0.361524008783603,0.2933523432897821,0.7429519071310116,0.5572139303482587,0.1857379767827529,0.001658374792703151,0.006633499170812604,0.2504145936981758,0.6460905349794238,0.12048192771084337,0.1686746987951807,0.24096385542168675,3,rinconada,low_resource
1441,287,25,4.498257839721254,11.48,1.867595818815331,53,0.36,0.4808362369337979,0.020905923344947737,0.2926829268292683,0.024390243902439025,0.017421602787456445,0.0,0.003484320557491289,0.03484320557491289,0.003484320557491289,0.0,0.0,0.29965156794425085,0.3691012751766377,0.324808638147473,0.41785573844298013,0.3142332336899169,0.36907149515591475,0.25937544326691,0.9128919860627178,0.7142857142857143,0.1986062717770035,0.010452961672473868,0.03484320557491289,0.26480836236933797,0.7318840579710145,0.0,0.28,0.36,3,rinconada,low_resource
1442,287,21,4.7282229965156795,13.666666666666666,1.9825783972125435,66,0.6666666666666666,0.5331010452961672,0.013937282229965157,0.2578397212543554,0.0,0.04878048780487805,0.0,0.003484320557491289,0.017421602787456445,0.0,0.0,0.0,0.30662020905923343,0.3904528529507314,0.41784284439983427,0.4176667285216551,0.3613459629319246,0.3823233850281223,0.3474264013559012,0.8397212543554007,0.6202090592334495,0.21951219512195122,0.0,0.017421602787456445,0.26480836236933797,0.6993464052287581,0.0,0.19047619047619047,0.6666666666666666,3,rinconada,low_resource
1443,1218,77,4.463875205254515,15.818181818181818,1.8924466338259442,255,1.2727272727272727,0.2922824302134647,0.03858784893267652,0.23891625615763548,0.013136288998357963,0.035303776683087026,0.0,0.008210180623973728,0.030377668308702793,0.0008210180623973727,0.0008210180623973727,0.0,0.26929392446633826,0.43130983102705994,0.44282555320426314,0.4666130456334446,0.40210556075909076,0.4215156388987132,0.4014432303345018,0.8563218390804598,0.6420361247947455,0.21428571428571427,0.003284072249589491,0.031198686371100164,0.24876847290640394,0.5870786516853933,0.2857142857142857,0.012987012987012988,1.2727272727272727,3,rinconada,low_resource
1444,483,42,4.519668737060042,11.5,1.8840579710144927,90,0.6666666666666666,0.463768115942029,0.008281573498964804,0.2587991718426501,0.010351966873706004,0.024844720496894408,0.012422360248447204,0.028985507246376812,0.022774327122153208,0.006211180124223602,0.002070393374741201,0.0,0.34368530020703936,0.3964726429302853,0.3959346030626545,0.42758372645951565,0.3243773646009699,0.38132583595681735,0.3388725073845249,0.7826086956521738,0.6004140786749482,0.18219461697722567,0.0,0.018633540372670808,0.2505175983436853,0.6607142857142857,0.07142857142857142,0.0,0.6666666666666666,3,rinconada,low_resource
1445,454,53,4.748898678414097,8.566037735849056,2.002202643171806,101,0.49056603773584906,0.41629955947136565,0.004405286343612335,0.23788546255506607,0.011013215859030838,0.022026431718061675,0.0,0.015418502202643172,0.00881057268722467,0.0,0.0022026431718061676,0.0,0.31718061674008813,0.3867377679639555,0.41259340407237766,0.4231441326268121,0.3703280893656836,0.37843642721460774,0.35601174555671133,0.8788546255506607,0.6541850220264317,0.22466960352422907,0.0,0.00881057268722467,0.2643171806167401,0.6402116402116402,0.03773584905660377,0.2830188679245283,0.49056603773584906,3,rinconada,low_resource
1446,684,90,4.466374269005848,7.6,1.9108187134502923,141,0.6333333333333333,0.34502923976608185,0.04093567251461988,0.25292397660818716,0.0014619883040935672,0.05263157894736842,0.0,0.005847953216374269,0.01023391812865497,0.0029239766081871343,0.0,0.0,0.24415204678362573,0.40962151977405603,0.3480573970869808,0.4165497969939641,0.34255364345836475,0.36675450879281646,0.3136425243048032,0.8362573099415205,0.6169590643274854,0.21929824561403508,0.005847953216374269,0.01023391812865497,0.20760233918128654,0.6271186440677966,0.13333333333333333,0.5111111111111111,0.6333333333333333,3,rinconada,low_resource
1447,300,37,4.92,8.108108108108109,2.046666666666667,70,0.32432432432432434,0.52,0.01,0.21,0.0033333333333333335,0.043333333333333335,0.0,0.016666666666666666,0.01,0.0,0.0033333333333333335,0.0,0.35333333333333333,0.43353357658858765,0.4252841120314109,0.46637601353589453,0.36561738779945363,0.4044055264722033,0.35378829192275024,0.9233333333333333,0.68,0.24333333333333335,0.0033333333333333335,0.006666666666666667,0.23,0.6602564102564102,0.13513513513513514,0.32432432432432434,0.32432432432432434,3,rinconada,low_resource
1448,303,56,4.204620462046204,5.410714285714286,1.7986798679867986,52,0.39285714285714285,0.21782178217821782,0.07260726072607261,0.2079207920792079,0.0,0.04950495049504951,0.0,0.0,0.0,0.009900990099009901,0.0,0.0,0.3201320132013201,0.2876133667517447,0.21413685302684193,0.29608025913490243,0.24119591745464383,0.25553458749752755,0.22623514585512858,0.5445544554455446,0.35313531353135313,0.19141914191419143,0.0,0.0,0.18151815181518152,0.5606060606060606,0.21428571428571427,0.17857142857142858,0.39285714285714285,3,rinconada,low_resource
1449,104,17,4.576923076923077,6.117647058823529,2.0288461538461537,24,0.11764705882352941,0.6442307692307693,0.04807692307692308,0.19230769230769232,0.0,0.038461538461538464,0.0,0.009615384615384616,0.0,0.0,0.0,0.0,0.3269230769230769,0.35691945954901366,0.33137473101384846,0.32514238915198745,0.30867418652916645,0.3220097229970354,0.32431727546478434,0.9615384615384615,0.6634615384615384,0.2980769230769231,0.0,0.0,0.21153846153846154,0.7611940298507462,0.11764705882352941,0.0,0.11764705882352941,3,rinconada,low_resource
1450,477,44,4.79454926624738,10.840909090909092,2.0209643605870022,113,0.7954545454545454,0.44654088050314467,0.025157232704402517,0.23270440251572327,0.012578616352201259,0.020964360587002098,0.0020964360587002098,0.0020964360587002098,0.03563941299790356,0.0,0.0020964360587002098,0.0,0.2914046121593291,0.42934672080691394,0.39975735656193573,0.4298884638691014,0.3995414987997195,0.4090399213326702,0.3624719865667252,0.9811320754716981,0.7589098532494759,0.2222222222222222,0.0,0.033542976939203356,0.2662473794549266,0.704225352112676,0.045454545454545456,0.3409090909090909,0.7954545454545454,3,rinconada,low_resource
1451,247,36,4.299595141700405,6.861111111111111,1.9271255060728745,56,0.3888888888888889,0.3805668016194332,0.020242914979757085,0.242914979757085,0.020242914979757085,0.03643724696356275,0.004048582995951417,0.0,0.008097165991902834,0.0,0.016194331983805668,0.0,0.2145748987854251,0.30647602393489437,0.217495840327897,0.32094774599049897,0.22683790940289922,0.2801599454382858,0.23683158465011236,0.5910931174089069,0.4251012145748988,0.1659919028340081,0.0,0.008097165991902834,0.2145748987854251,0.5319148936170213,0.05555555555555555,0.3888888888888889,0.3888888888888889,3,rinconada,low_resource
1452,387,53,4.979328165374677,7.30188679245283,2.0697674418604652,114,0.24528301886792453,0.4108527131782946,0.007751937984496124,0.26356589147286824,0.0,0.025839793281653745,0.0,0.01808785529715762,0.023255813953488372,0.0,0.0,0.0,0.3023255813953488,0.37012555585775997,0.3578124418857087,0.41146485110304265,0.36161455202485226,0.3575854435872559,0.3092726421518636,0.9483204134366925,0.6718346253229974,0.27648578811369506,0.007751937984496124,0.023255813953488372,0.21188630490956073,0.6666666666666666,0.018867924528301886,0.20754716981132076,0.24528301886792453,3,rinconada,low_resource
1453,337,35,4.857566765578635,9.628571428571428,2.0623145400593472,92,0.42857142857142855,0.456973293768546,0.017804154302670624,0.2166172106824926,0.0,0.06528189910979229,0.0,0.0,0.008902077151335312,0.0,0.0,0.0,0.29080118694362017,0.4116042106203179,0.38080327516774237,0.427525789817486,0.3540527482111481,0.3939828047418005,0.3235357861288527,0.9198813056379822,0.6913946587537092,0.228486646884273,0.0,0.008902077151335312,0.18991097922848665,0.6168831168831169,0.05714285714285714,0.4,0.42857142857142855,3,rinconada,low_resource
1454,356,38,4.21067415730337,9.368421052631579,1.8202247191011236,58,0.47368421052631576,0.4297752808988764,0.019662921348314606,0.23876404494382023,0.0028089887640449437,0.06179775280898876,0.0,0.016853932584269662,0.042134831460674156,0.0,0.0028089887640449437,0.0,0.2612359550561798,0.40768127097070583,0.4072072386756827,0.4289755799532905,0.3828153593374072,0.40899829601197274,0.43930111176075715,0.8314606741573034,0.6320224719101124,0.199438202247191,0.011235955056179775,0.042134831460674156,0.2752808988764045,0.6274509803921569,0.05263157894736842,0.34210526315789475,0.47368421052631576,3,rinconada,low_resource
1455,268,28,4.735074626865671,9.571428571428571,1.9888059701492538,56,0.8928571428571429,0.48507462686567165,0.022388059701492536,0.20522388059701493,0.0037313432835820895,0.03731343283582089,0.0,0.0037313432835820895,0.011194029850746268,0.0037313432835820895,0.0037313432835820895,0.0,0.35074626865671643,0.3926450487652926,0.3389753792579025,0.3936355299225229,0.3169057178116461,0.3760640975430992,0.30904350346202425,0.7201492537313432,0.5298507462686567,0.19029850746268656,0.007462686567164179,0.011194029850746268,0.20149253731343283,0.6384615384615384,0.10714285714285714,0.07142857142857142,0.8928571428571429,3,rinconada,low_resource
1456,323,28,4.424148606811145,11.535714285714286,1.8297213622291022,59,0.6428571428571429,0.3560371517027864,0.021671826625386997,0.20123839009287925,0.04024767801857585,0.058823529411764705,0.0,0.006191950464396285,0.06191950464396285,0.0,0.0,0.0,0.3560371517027864,0.3635710024769303,0.31947473033224183,0.401539875508046,0.3602857258512515,0.33240899694459486,0.2899535595670139,0.9380804953560372,0.6191950464396285,0.3188854489164087,0.0,0.06191950464396285,0.23219814241486067,0.5739130434782609,0.03571428571428571,0.14285714285714285,0.6428571428571429,3,rinconada,low_resource
1457,452,66,4.599557522123894,6.848484848484849,1.991150442477876,104,0.2878787878787879,0.3252212389380531,0.028761061946902654,0.21460176991150443,0.0,0.04424778761061947,0.0,0.004424778761061947,0.02654867256637168,0.0,0.0,0.0,0.22566371681415928,0.4180495104386329,0.32254759819790324,0.4378299187901376,0.344682794821605,0.4002487242219259,0.29346804987706754,0.9048672566371682,0.7079646017699115,0.19690265486725664,0.0022123893805309734,0.02654867256637168,0.18805309734513273,0.5510204081632653,0.015151515151515152,0.4090909090909091,0.2878787878787879,3,rinconada,low_resource
1458,357,40,4.448179271708684,8.925,1.7843137254901962,54,0.55,0.40336134453781514,0.008403361344537815,0.22128851540616246,0.011204481792717087,0.03081232492997199,0.008403361344537815,0.0196078431372549,0.05042016806722689,0.036414565826330535,0.0,0.0028011204481792717,0.3865546218487395,0.3820183756388929,0.39904713756298904,0.3732384127877904,0.35257713725897677,0.33775599549690405,0.33230952969608085,0.8347338935574229,0.7282913165266106,0.10644257703081232,0.0056022408963585435,0.0392156862745098,0.24369747899159663,0.5972222222222222,0.0,0.375,0.55,3,rinconada,low_resource
1459,1098,73,4.724043715846994,15.04109589041096,2.006375227686703,255,0.5616438356164384,0.3333333333333333,0.06557377049180328,0.22313296903460839,0.0036429872495446266,0.026411657559198543,0.0018214936247723133,0.012750455373406194,0.04735883424408015,0.0018214936247723133,0.0,0.0,0.3907103825136612,0.41534915953119295,0.45075134259857097,0.4475343851368718,0.405488771785344,0.4084999112948428,0.3979477058725998,0.8169398907103825,0.6156648451730419,0.20127504553734063,0.0,0.04735883424408015,0.23224043715846995,0.6366120218579235,0.0958904109589041,0.273972602739726,0.5616438356164384,3,rinconada,low_resource
1460,462,57,4.666666666666667,8.105263157894736,1.9783549783549783,111,0.40350877192982454,0.474025974025974,0.025974025974025976,0.19696969696969696,0.05411255411255411,0.04112554112554113,0.0021645021645021645,0.010822510822510822,0.03463203463203463,0.0,0.0,0.0,0.33116883116883117,0.431986671630309,0.43996930618368413,0.45706077065961415,0.46727347959765186,0.43090949243538423,0.3522498044403385,0.9696969696969696,0.7359307359307359,0.23376623376623376,0.008658008658008658,0.03463203463203463,0.24242424242424243,0.730593607305936,0.15789473684210525,0.19298245614035087,0.40350877192982454,3,rinconada,low_resource
1461,426,34,4.553990610328638,12.529411764705882,1.908450704225352,77,0.2647058823529412,0.34507042253521125,0.03755868544600939,0.19248826291079812,0.0,0.03990610328638498,0.0,0.011737089201877934,0.03755868544600939,0.0,0.04929577464788732,0.0,0.2793427230046948,0.3561530437040804,0.33965550923157517,0.37490883674654596,0.30687803857151696,0.36867352259826935,0.31240600008455227,0.9366197183098591,0.7136150234741784,0.22300469483568075,0.0,0.03755868544600939,0.2934272300469484,0.5850340136054422,0.0,0.0,0.2647058823529412,3,rinconada,low_resource
1462,212,34,4.34433962264151,6.235294117647059,1.8867924528301887,35,0.29411764705882354,0.42452830188679247,0.08018867924528301,0.22641509433962265,0.0,0.014150943396226415,0.0047169811320754715,0.0,0.0047169811320754715,0.0,0.0,0.0,0.3443396226415094,0.3933655229528284,0.3088195052397294,0.4164522975748448,0.30969347397955177,0.37123327839977965,0.2529145806855846,0.8443396226415094,0.6273584905660378,0.2169811320754717,0.014150943396226415,0.0047169811320754715,0.2028301886792453,0.6444444444444445,0.08823529411764706,0.2647058823529412,0.29411764705882354,3,rinconada,low_resource
1463,473,54,4.484143763213531,8.75925925925926,1.9323467230443974,89,0.35185185185185186,0.4080338266384778,0.006342494714587738,0.2452431289640592,0.0,0.048625792811839326,0.0,0.008456659619450317,0.012684989429175475,0.012684989429175475,0.0,0.0,0.33192389006342493,0.39650487417061614,0.35832698304065075,0.41283550354031817,0.3118446902185028,0.39938323458941466,0.35509303886891136,0.7357293868921776,0.5665961945031712,0.16913319238900634,0.0,0.012684989429175475,0.2156448202959831,0.6735751295336787,0.05555555555555555,0.3148148148148148,0.35185185185185186,3,rinconada,low_resource
1464,525,57,4.653333333333333,9.210526315789474,1.9695238095238095,121,0.40350877192982454,0.44571428571428573,0.011428571428571429,0.2723809523809524,0.02095238095238095,0.009523809523809525,0.0,0.005714285714285714,0.013333333333333334,0.0,0.0,0.0,0.3028571428571429,0.45781705508158205,0.46646399141167383,0.4733026378043751,0.4103279384544816,0.42230582834159125,0.39084968627375966,0.8895238095238095,0.6571428571428571,0.23238095238095238,0.007619047619047619,0.013333333333333334,0.26476190476190475,0.7094017094017094,0.0,0.24561403508771928,0.40350877192982454,3,rinconada,low_resource
1465,520,60,4.436538461538461,8.666666666666666,1.9019230769230768,108,0.5166666666666667,0.3942307692307692,0.03653846153846154,0.23846153846153847,0.0019230769230769232,0.046153846153846156,0.011538461538461539,0.04038461538461539,0.0057692307692307696,0.0,0.0,0.0,0.2865384615384615,0.39409961950620903,0.3953147287475024,0.425423497102758,0.3791970177188897,0.400999725783487,0.35204016421847906,0.7807692307692308,0.5557692307692308,0.225,0.0,0.0038461538461538464,0.2076923076923077,0.6146341463414634,0.05,0.2,0.5166666666666667,3,rinconada,low_resource
1466,432,24,4.907407407407407,18.0,2.037037037037037,117,0.8333333333333334,0.45601851851851855,0.046296296296296294,0.19675925925925927,0.0023148148148148147,0.07407407407407407,0.0023148148148148147,0.006944444444444444,0.023148148148148147,0.0,0.0,0.0,0.3680555555555556,0.42140751421862543,0.47295049454492316,0.4717049298958318,0.44873993637215065,0.4135058493262688,0.4078360629606661,0.9837962962962963,0.6921296296296297,0.2916666666666667,0.0023148148148148147,0.023148148148148147,0.2152777777777778,0.6700507614213198,0.041666666666666664,0.0,0.8333333333333334,3,rinconada,low_resource
1467,398,45,4.610552763819095,8.844444444444445,1.9321608040201006,76,0.5333333333333333,0.41959798994974873,0.007537688442211055,0.22613065326633167,0.0,0.035175879396984924,0.0,0.005025125628140704,0.04773869346733668,0.0,0.0,0.0,0.33668341708542715,0.3745551407746336,0.3759828847601961,0.41101295905737817,0.3622396190803768,0.38272670591536756,0.36610906677451427,0.7889447236180904,0.5904522613065326,0.1984924623115578,0.002512562814070352,0.05025125628140704,0.271356783919598,0.6167664670658682,0.08888888888888889,0.2,0.5333333333333333,3,rinconada,low_resource
1468,519,88,4.435452793834297,5.8977272727272725,1.882466281310212,97,0.25,0.3969171483622351,0.015414258188824663,0.27167630057803466,0.0038535645472061657,0.025048169556840076,0.0,0.0038535645472061657,0.028901734104046242,0.0,0.0,0.0,0.2947976878612717,0.39186828584136235,0.37088190790175135,0.41952928494545344,0.35561392917922485,0.39571049467691294,0.3161561623996663,0.7186897880539499,0.558766859344894,0.1599229287090559,0.0019267822736030828,0.0038535645472061657,0.24277456647398843,0.6941747572815534,0.03409090909090909,0.32954545454545453,0.25,3,rinconada,low_resource
1469,738,55,4.514905149051491,13.418181818181818,1.9214092140921408,145,1.7636363636363637,0.16666666666666666,0.018970189701897018,0.24525745257452575,0.01084010840108401,0.023035230352303523,0.0,0.0,0.0,0.0,0.0,0.0,0.23848238482384823,0.3729164040102935,0.3090687639119153,0.3707730610113579,0.25717767776749306,0.39392342459025953,0.27265469328611347,0.8035230352303524,0.5338753387533876,0.2696476964769648,0.0027100271002710027,0.0,0.20596205962059622,0.3821138211382114,0.0,0.6,1.7636363636363637,3,rinconada,low_resource
1470,464,44,4.612068965517241,10.545454545454545,1.9935344827586208,125,0.9318181818181818,0.4267241379310345,0.021551724137931036,0.20689655172413793,0.01293103448275862,0.0625,0.0,0.01293103448275862,0.004310344827586207,0.0,0.0,0.0,0.2672413793103448,0.43039610017791996,0.4278830009873153,0.43711364576432976,0.3839676108618562,0.42454621201022974,0.4183238027668371,0.7952586206896552,0.5754310344827587,0.21982758620689655,0.0,0.0021551724137931034,0.21982758620689655,0.6161616161616161,0.09090909090909091,0.36363636363636365,0.9318181818181818,3,rinconada,low_resource
1471,444,35,4.75,12.685714285714285,1.981981981981982,109,0.8857142857142857,0.42342342342342343,0.006756756756756757,0.24549549549549549,0.0045045045045045045,0.036036036036036036,0.0,0.01126126126126126,0.015765765765765764,0.0,0.0,0.0,0.3063063063063063,0.39221443966013775,0.31485307195804657,0.43197061581116675,0.3586582771244116,0.36835497136981515,0.29519218027162647,0.9211711711711712,0.6869369369369369,0.23423423423423423,0.0022522522522522522,0.015765765765765764,0.16441441441441443,0.6702127659574468,0.02857142857142857,0.11428571428571428,0.8857142857142857,3,rinconada,low_resource
1472,678,52,4.5,13.038461538461538,1.9306784660766962,128,0.6346153846153846,0.42920353982300885,0.01327433628318584,0.23303834808259588,0.0029498525073746312,0.04277286135693215,0.0,0.0058997050147492625,0.014749262536873156,0.014749262536873156,0.0,0.0014749262536873156,0.3008849557522124,0.42088907279415216,0.4567635770738996,0.44000790773011017,0.3895990594047064,0.40553536132284557,0.4045595677568577,0.7404129793510325,0.532448377581121,0.2079646017699115,0.0,0.01327433628318584,0.2153392330383481,0.6838487972508591,0.09615384615384616,0.19230769230769232,0.6346153846153846,3,rinconada,low_resource
1473,445,30,4.955056179775281,14.833333333333334,2.0696629213483146,117,0.5333333333333333,0.4943820224719101,0.04269662921348315,0.2539325842696629,0.0044943820224719105,0.006741573033707865,0.0,0.0044943820224719105,0.020224719101123594,0.0,0.0,0.0,0.3325842696629214,0.4192188930357915,0.4454909773853837,0.45059751268654485,0.41288134157711875,0.41846979060010686,0.38274076889187475,0.8696629213483147,0.651685393258427,0.21797752808988763,0.0,0.017977528089887642,0.24719101123595505,0.7545454545454545,0.0,0.06666666666666667,0.5333333333333333,3,rinconada,low_resource
1474,311,35,4.630225080385852,8.885714285714286,1.9228295819935692,57,0.2571428571428571,0.38263665594855306,0.00964630225080386,0.3054662379421222,0.0,0.02572347266881029,0.0,0.0,0.00964630225080386,0.006430868167202572,0.0,0.0,0.33762057877813506,0.33023041001347225,0.27962763817967096,0.360712830142509,0.30282838855056654,0.31064663161918427,0.24724507576820778,0.8038585209003215,0.6237942122186495,0.18006430868167203,0.003215434083601286,0.00964630225080386,0.19292604501607716,0.6638655462184874,0.0,0.05714285714285714,0.2571428571428571,3,rinconada,low_resource
1475,462,39,4.991341991341991,11.846153846153847,2.017316017316017,116,0.3076923076923077,0.42857142857142855,0.006493506493506494,0.21428571428571427,0.0,0.032467532467532464,0.015151515151515152,0.015151515151515152,0.021645021645021644,0.008658008658008658,0.0,0.0,0.43506493506493504,0.43123982460970944,0.4367800972693831,0.424733871104598,0.3707534920246928,0.4091276886959812,0.382164269611301,1.0584415584415585,0.7597402597402597,0.2987012987012987,0.0021645021645021645,0.012987012987012988,0.26406926406926406,0.6565656565656566,0.02564102564102564,0.0,0.3076923076923077,3,rinconada,low_resource
1476,451,54,4.434589800443459,8.351851851851851,1.9711751662971175,93,0.46296296296296297,0.4212860310421286,0.008869179600886918,0.24833702882483372,0.0022172949002217295,0.022172949002217297,0.0,0.015521064301552107,0.024390243902439025,0.0,0.0,0.0,0.24833702882483372,0.38900983586802607,0.36550817701153837,0.4052719944300947,0.3349938515628609,0.3524388157671145,0.3173684450584268,0.9401330376940134,0.623059866962306,0.3170731707317073,0.0022172949002217295,0.024390243902439025,0.24390243902439024,0.6842105263157895,0.1111111111111111,0.35185185185185186,0.46296296296296297,3,rinconada,low_resource
1477,167,19,5.041916167664671,8.789473684210526,2.155688622754491,48,0.42105263157894735,0.6167664670658682,0.017964071856287425,0.17365269461077845,0.0,0.05389221556886228,0.0,0.005988023952095809,0.005988023952095809,0.005988023952095809,0.0,0.0,0.32335329341317365,0.3740105011319624,0.2983984392335927,0.3595772738335202,0.31325401761120425,0.35472103844075836,0.2771997731029222,0.9161676646706587,0.6766467065868264,0.23952095808383234,0.005988023952095809,0.005988023952095809,0.15568862275449102,0.7572815533980582,0.21052631578947367,0.2631578947368421,0.42105263157894735,3,rinconada,low_resource
1478,319,54,4.52037617554859,5.907407407407407,1.9467084639498433,63,0.5740740740740741,0.3385579937304075,0.006269592476489028,0.25391849529780564,0.003134796238244514,0.02821316614420063,0.0,0.018808777429467086,0.0,0.0,0.0,0.0,0.2413793103448276,0.41540568852822846,0.3823443654973755,0.40947439367862126,0.32729190921028306,0.40875317422911056,0.3172712362323689,0.7335423197492164,0.5830721003134797,0.15047021943573669,0.012539184952978056,0.0,0.2413793103448276,0.5185185185185185,0.07407407407407407,0.48148148148148145,0.5740740740740741,3,rinconada,low_resource
1479,428,44,4.394859813084112,9.727272727272727,1.9065420560747663,78,0.8181818181818182,0.31542056074766356,0.014018691588785047,0.23598130841121495,0.004672897196261682,0.030373831775700934,0.011682242990654205,0.014018691588785047,0.004672897196261682,0.0,0.0,0.0,0.28738317757009346,0.4141927902886499,0.3458814951380708,0.4244321386823432,0.3181042587442177,0.40393764751222067,0.2984824938773797,0.6588785046728972,0.4719626168224299,0.18691588785046728,0.0,0.002336448598130841,0.2546728971962617,0.4740740740740741,0.09090909090909091,0.45454545454545453,0.8181818181818182,3,rinconada,low_resource
