doc_id,word_count,sentence_count,mean_word_len,mean_sentence_len,mean_syll_per_word,polysyll_count,phrase_count,type_token_ratio,cv,cvc,ccvc,ccvccc,cons_cluster,tag_bi,bik_bi,ceb_bi,tag_tri,bik_tri,ceb_tri,label,language,split_role
0,57,17,3.3859649122807016,3.3529411764705883,1.7017543859649122,0,0.0,0.17543859649122806,1.4385964912280702,0.543859649122807,0.0,0.0,0.12280701754385964,0.9191176470588235,0.8308823529411765,0.8308823529411765,0.8333333333333334,0.47619047619047616,0.8214285714285714,1,tagalog,high_resource
1,153,23,4.9411764705882355,6.6521739130434785,2.1372549019607843,3,1.5625,0.5751633986928104,1.8104575163398693,0.869281045751634,0.11764705882352941,0.0,0.45098039215686275,0.7296849087893864,0.7180762852404643,0.7164179104477612,0.7755555555555556,0.6222222222222222,0.6555555555555556,1,tagalog,high_resource
2,61,7,5.557377049180328,8.714285714285714,2.2295081967213113,4,1.8571428571428572,0.7413793103448276,1.8852459016393444,0.9836065573770492,0.21311475409836064,0.0,0.5901639344262295,0.5579710144927537,0.5615942028985508,0.5253623188405797,0.5,0.5093457943925234,0.45794392523364486,1,tagalog,high_resource
3,223,25,5.327354260089686,8.92,2.291479820627803,14,1.3461538461538463,0.3952380952380952,1.8699551569506727,0.9103139013452914,0.11210762331838565,0.0,0.5067264573991032,0.7555089192025184,0.7240293809024134,0.7397691500524659,0.8060941828254847,0.649584487534626,0.6592797783933518,1,tagalog,high_resource
4,189,16,5.2063492063492065,11.8125,2.142857142857143,12,1.375,0.5106382978723404,1.8465608465608465,0.9365079365079365,0.14814814814814814,0.0,0.5291005291005291,0.7531486146095718,0.716624685138539,0.7115869017632241,0.7607260726072608,0.6204620462046204,0.6155115511551155,1,tagalog,high_resource
5,457,48,5.085339168490153,9.520833333333334,2.1203501094091903,20,1.2916666666666667,0.4919908466819222,1.8074398249452954,0.925601750547046,0.1575492341356674,0.0,0.4814004376367615,0.7085372485046221,0.6867862969004894,0.6769983686786297,0.7404970760233918,0.5935672514619883,0.6206140350877193,1,tagalog,high_resource
6,130,35,3.830769230769231,3.7142857142857144,1.9076923076923078,0,0.0,0.1889763779527559,1.3384615384615384,0.5153846153846153,0.05384615384615385,0.0,0.2230769230769231,0.7561643835616438,0.7671232876712328,0.726027397260274,0.6896551724137931,0.6336206896551724,0.646551724137931,1,tagalog,high_resource
7,14,2,5.214285714285714,7.0,2.2857142857142856,0,1.6666666666666667,0.6153846153846154,1.6428571428571428,0.8571428571428571,0.07142857142857142,0.0,0.42857142857142855,0.6779661016949152,0.6949152542372882,0.6779661016949152,0.8,0.5777777777777777,0.7111111111111111,1,tagalog,high_resource
8,19,1,4.526315789473684,19.0,1.5789473684210527,0,1.5,0.5789473684210527,1.1578947368421053,0.6842105263157895,0.15789473684210525,0.0,0.8947368421052632,0.47761194029850745,0.5373134328358209,0.5373134328358209,0.5625,0.5,0.5416666666666666,1,tagalog,high_resource
9,105,15,3.9904761904761905,7.0,1.8857142857142857,2,1.0666666666666667,0.4095238095238095,1.4666666666666666,0.6,0.02857142857142857,0.0,0.2571428571428571,0.8152866242038217,0.767515923566879,0.7929936305732485,0.8803827751196173,0.6746411483253588,0.69377990430622,1,tagalog,high_resource
10,52,17,3.673076923076923,3.0588235294117645,1.7307692307692308,0,1.1764705882352942,0.19230769230769232,1.4038461538461537,0.6730769230769231,0.0,0.0,0.15384615384615385,0.8273381294964028,0.7697841726618705,0.841726618705036,0.8045977011494253,0.7241379310344828,0.8160919540229885,1,tagalog,high_resource
11,37,1,4.972972972972973,37.0,1.9189189189189189,0,3.0,0.5675675675675675,1.6216216216216217,1.027027027027027,0.24324324324324326,0.0,0.5945945945945946,0.35374149659863946,0.32653061224489793,0.3401360544217687,0.33035714285714285,0.38392857142857145,0.26785714285714285,1,tagalog,high_resource
12,94,11,5.308510638297872,8.545454545454545,2.202127659574468,5,1.0909090909090908,0.6593406593406593,1.9042553191489362,1.0212765957446808,0.18085106382978725,0.0,0.5319148936170213,0.7935323383084577,0.7487562189054726,0.753731343283582,0.8721311475409836,0.6852459016393443,0.7114754098360656,1,tagalog,high_resource
13,193,27,5.0880829015544045,7.148148148148148,2.1191709844559585,7,1.4,0.5129533678756477,1.9378238341968912,1.0466321243523315,0.17616580310880828,0.0,0.44559585492227977,0.7845373891001267,0.7325728770595691,0.7477820025348543,0.8154362416107382,0.6644295302013423,0.697986577181208,1,tagalog,high_resource
14,152,10,5.2631578947368425,15.2,2.164473684210526,11,1.4,0.5592105263157895,1.8486842105263157,0.9276315789473685,0.18421052631578946,0.0,0.5460526315789473,0.7321981424148607,0.695046439628483,0.6857585139318886,0.7550607287449392,0.6174089068825911,0.6153846153846154,1,tagalog,high_resource
15,64,17,3.53125,3.764705882352941,1.609375,0,1.2666666666666666,0.21875,1.296875,0.65625,0.03125,0.015625,0.171875,0.691358024691358,0.6728395061728395,0.7098765432098766,0.7346938775510204,0.673469387755102,0.6224489795918368,1,tagalog,high_resource
16,197,27,4.730964467005077,7.296296296296297,1.9492385786802031,3,1.2307692307692308,0.4416243654822335,1.736040609137056,0.9543147208121827,0.116751269035533,0.0,0.39086294416243655,0.8149659863945579,0.7782312925170068,0.7891156462585034,0.8587360594795539,0.7118959107806692,0.7527881040892194,1,tagalog,high_resource
17,207,27,4.661835748792271,7.666666666666667,1.8647342995169083,4,1.4615384615384615,0.4444444444444444,1.6859903381642511,0.9082125603864735,0.14492753623188406,0.0,0.4830917874396135,0.8047493403693932,0.7559366754617414,0.7968337730870713,0.8330308529945554,0.7132486388384754,0.7459165154264973,1,tagalog,high_resource
18,219,27,4.995433789954338,8.11111111111111,2.0639269406392695,6,1.5555555555555556,0.4953271028037383,1.7397260273972603,0.8812785388127854,0.1187214611872146,0.0,0.5525114155251142,0.7172413793103448,0.671264367816092,0.6793103448275862,0.7217928902627512,0.5533230293663061,0.5734157650695518,1,tagalog,high_resource
19,10,3,5.0,3.3333333333333335,2.0,0,0.0,0.5,1.8,1.0,0.2,0.0,0.6,0.7,0.6,0.65,0.7333333333333333,0.5333333333333333,0.5333333333333333,1,tagalog,high_resource
20,118,6,5.779661016949152,19.666666666666668,2.305084745762712,9,3.3333333333333335,0.631578947368421,2.0677966101694913,1.1864406779661016,0.2711864406779661,0.0,0.6694915254237288,0.725,0.6982142857142857,0.7089285714285715,0.7146118721461188,0.6004566210045662,0.6095890410958904,1,tagalog,high_resource
21,94,10,4.840425531914893,9.4,2.0319148936170213,2,1.7272727272727273,0.6153846153846154,1.7765957446808511,0.9148936170212766,0.13829787234042554,0.0,0.44680851063829785,0.8342696629213483,0.8202247191011236,0.7865168539325843,0.8532818532818532,0.7065637065637066,0.7104247104247104,1,tagalog,high_resource
22,130,29,5.015384615384615,4.482758620689655,2.0692307692307694,4,1.1785714285714286,0.608,1.7461538461538462,0.9307692307692308,0.2076923076923077,0.007692307692307693,0.5692307692307692,0.722007722007722,0.6737451737451737,0.6795366795366795,0.7054263565891473,0.6201550387596899,0.6020671834625323,1,tagalog,high_resource
23,11,1,4.363636363636363,11.0,1.7272727272727273,0,0.0,0.6363636363636364,1.5454545454545454,0.9090909090909091,0.18181818181818182,0.0,0.45454545454545453,0.6216216216216216,0.6216216216216216,0.6216216216216216,0.4444444444444444,0.37037037037037035,0.37037037037037035,1,tagalog,high_resource
24,16,5,5.5,3.2,2.0625,0,0.0,0.3333333333333333,1.6875,0.9375,0.1875,0.0,0.9375,0.6666666666666666,0.5833333333333334,0.7083333333333334,0.7368421052631579,0.5263157894736842,0.6842105263157895,1,tagalog,high_resource
25,506,89,4.980237154150197,5.685393258426966,2.0988142292490117,25,1.1818181818181819,0.45041322314049587,1.800395256916996,0.8992094861660079,0.1324110671936759,0.001976284584980237,0.5,0.7675,0.709,0.7415,0.7855697909642616,0.6446392447741065,0.6628455832771409,1,tagalog,high_resource
26,168,21,5.375,8.0,2.2083333333333335,14,1.1428571428571428,0.5217391304347826,1.8928571428571428,0.9702380952380952,0.17857142857142858,0.023809523809523808,0.6428571428571429,0.7068493150684931,0.6863013698630137,0.6684931506849315,0.7298747763864043,0.5778175313059034,0.6171735241502684,1,tagalog,high_resource
27,14,2,4.5,7.0,1.6428571428571428,0,1.3333333333333333,0.6923076923076923,1.2857142857142858,0.7142857142857143,0.14285714285714285,0.0,0.7142857142857143,0.4897959183673469,0.5306122448979592,0.4897959183673469,0.5555555555555556,0.5833333333333334,0.6388888888888888,1,tagalog,high_resource
28,105,14,4.142857142857143,7.5,1.7904761904761906,2,1.5,0.3904761904761905,1.5714285714285714,0.7428571428571429,0.0380952380952381,0.0,0.29523809523809524,0.7454545454545455,0.6787878787878788,0.6515151515151515,0.7333333333333333,0.5866666666666667,0.6844444444444444,1,tagalog,high_resource
29,69,4,5.0144927536231885,17.25,2.1159420289855073,6,1.25,0.5606060606060606,1.7391304347826086,0.9130434782608695,0.17391304347826086,0.0,0.5652173913043478,0.7518248175182481,0.7445255474452555,0.7627737226277372,0.7722772277227723,0.6683168316831684,0.6732673267326733,1,tagalog,high_resource
30,125,16,4.832,7.8125,2.072,11,1.3529411764705883,0.6583333333333333,1.648,0.816,0.168,0.0,0.512,0.6652542372881356,0.6546610169491526,0.635593220338983,0.6412429378531074,0.556497175141243,0.5706214689265536,1,tagalog,high_resource
31,90,9,5.155555555555556,10.0,2.1777777777777776,4,0.0,0.4666666666666667,1.6222222222222222,0.8222222222222222,0.15555555555555556,0.0,0.7111111111111111,0.7914438502673797,0.7754010695187166,0.7540106951871658,0.7922535211267606,0.647887323943662,0.7323943661971831,1,tagalog,high_resource
32,91,10,4.714285714285714,9.1,2.0,4,1.6666666666666667,0.5604395604395604,1.5164835164835164,0.8021978021978022,0.12087912087912088,0.01098901098901099,0.5274725274725275,0.8017751479289941,0.7662721893491125,0.7869822485207101,0.8218623481781376,0.6963562753036437,0.7004048582995951,1,tagalog,high_resource
33,3,0,7.0,3.0,3.0,0,0.0,1.0,3.0,1.3333333333333333,0.6666666666666666,0.0,0.6666666666666666,0.7777777777777778,0.7222222222222222,0.7777777777777778,1.0,0.7333333333333333,0.8666666666666667,1,tagalog,high_resource
34,232,32,4.521551724137931,7.25,1.8793103448275863,4,1.894736842105263,0.5288888888888889,1.5862068965517242,0.7801724137931034,0.17672413793103448,0.0,0.5301724137931034,0.6563658838071693,0.6180469715698393,0.6266996291718171,0.6520979020979021,0.5646853146853147,0.5646853146853147,1,tagalog,high_resource
35,160,17,4.88125,9.411764705882353,2.05625,3,1.8666666666666667,0.47468354430379744,1.75625,0.88125,0.14375,0.0,0.5,0.8115942028985508,0.7648953301127214,0.7552334943639292,0.8503253796095445,0.6767895878524945,0.7093275488069414,1,tagalog,high_resource
36,70,2,4.228571428571429,35.0,1.9142857142857144,1,0.0,0.44285714285714284,1.4714285714285715,0.6285714285714286,0.11428571428571428,0.0,0.38571428571428573,0.6902654867256637,0.6415929203539823,0.6991150442477876,0.8141025641025641,0.5705128205128205,0.7115384615384616,1,tagalog,high_resource
37,193,21,4.7979274611398965,9.19047619047619,2.0,3,1.2941176470588236,0.5257731958762887,1.6839378238341969,0.8860103626943006,0.09326424870466321,0.0,0.46632124352331605,0.7906976744186046,0.7441860465116279,0.7701778385772914,0.8159851301115242,0.6598513011152416,0.7267657992565055,1,tagalog,high_resource
38,84,4,5.095238095238095,21.0,2.107142857142857,5,0.0,0.6,1.8333333333333333,0.8928571428571429,0.15476190476190477,0.0,0.5595238095238095,0.7352941176470589,0.7235294117647059,0.7264705882352941,0.7707509881422925,0.6086956521739131,0.6363636363636364,1,tagalog,high_resource
39,115,16,4.643478260869565,7.1875,1.9739130434782608,3,1.5,0.5701754385964912,1.6608695652173913,0.782608695652174,0.20869565217391303,0.0,0.5130434782608696,0.7177033492822966,0.6746411483253588,0.6842105263157895,0.7218543046357616,0.6125827814569537,0.6556291390728477,1,tagalog,high_resource
40,22,0,4.7727272727272725,22.0,1.9545454545454546,0,2.0,0.7272727272727273,1.6818181818181819,0.8181818181818182,0.22727272727272727,0.0,0.45454545454545453,0.46987951807228917,0.39759036144578314,0.4457831325301205,0.45161290322580644,0.2903225806451613,0.45161290322580644,1,tagalog,high_resource
41,212,28,5.268867924528302,7.571428571428571,2.160377358490566,13,0.0,0.5047619047619047,1.9103773584905661,0.9905660377358491,0.1509433962264151,0.0,0.5566037735849056,0.7851605758582503,0.7685492801771872,0.7718715393133998,0.7982583454281568,0.6647314949201741,0.6981132075471698,1,tagalog,high_resource
42,174,23,4.879310344827586,7.565217391304348,2.0919540229885056,6,1.4761904761904763,0.5838150289017341,1.8850574712643677,0.9080459770114943,0.09770114942528736,0.0,0.3793103448275862,0.7774480712166172,0.7388724035608308,0.7344213649851632,0.8376753507014028,0.6633266533066132,0.6693386773547094,1,tagalog,high_resource
43,169,24,5.088757396449704,7.041666666666667,2.171597633136095,9,1.375,0.6094674556213018,1.8875739644970415,0.9349112426035503,0.13609467455621302,0.0,0.46745562130177515,0.7698986975397974,0.743849493487699,0.7366136034732272,0.8295019157088123,0.6934865900383141,0.7241379310344828,1,tagalog,high_resource
44,132,10,4.9772727272727275,13.2,1.8863636363636365,2,1.5454545454545454,0.5606060606060606,1.7196969696969697,0.9545454545454546,0.23484848484848486,0.007575757575757576,0.6893939393939394,0.7523809523809524,0.699047619047619,0.72,0.7888040712468194,0.6743002544529262,0.727735368956743,1,tagalog,high_resource
45,164,22,5.103658536585366,7.454545454545454,2.0365853658536586,4,1.1111111111111112,0.4634146341463415,1.7560975609756098,0.9390243902439024,0.1402439024390244,0.006097560975609756,0.5670731707317073,0.7779433681073026,0.7496274217585693,0.7615499254843517,0.7889546351084813,0.6587771203155819,0.7041420118343196,1,tagalog,high_resource
46,51,10,3.3137254901960786,5.1,1.607843137254902,0,0.0,0.22,1.2941176470588236,0.49019607843137253,0.0,0.0,0.058823529411764705,0.7372881355932204,0.7372881355932204,0.6949152542372882,0.5735294117647058,0.5147058823529411,0.5,1,tagalog,high_resource
47,71,11,3.9859154929577465,6.454545454545454,1.8732394366197183,0,1.5454545454545454,0.5070422535211268,1.5492957746478873,0.5211267605633803,0.028169014084507043,0.0,0.29577464788732394,0.7830188679245284,0.7594339622641509,0.7547169811320755,0.7304964539007093,0.5531914893617021,0.6453900709219859,1,tagalog,high_resource
48,202,26,4.53960396039604,7.769230769230769,1.8663366336633664,3,1.1923076923076923,0.4221105527638191,1.49009900990099,0.7475247524752475,0.09900990099009901,0.0,0.5693069306930693,0.7556179775280899,0.7275280898876404,0.7317415730337079,0.7917485265225933,0.6836935166994106,0.7111984282907662,1,tagalog,high_resource
49,54,12,4.351851851851852,4.5,1.9444444444444444,1,1.1818181818181819,0.5471698113207547,1.4444444444444444,0.7777777777777778,0.018518518518518517,0.0,0.2962962962962963,0.75,0.7333333333333333,0.7166666666666667,0.9047619047619048,0.6825396825396826,0.6984126984126984,1,tagalog,high_resource
50,8,6,3.875,1.3333333333333333,1.625,0,0.0,1.0,1.25,0.625,0.0,0.0,0.375,0.43478260869565216,0.4782608695652174,0.43478260869565216,0.375,0.25,0.3125,1,tagalog,high_resource
51,339,29,5.04424778761062,11.689655172413794,2.106194690265487,26,2.090909090909091,0.3564954682779456,1.8525073746312684,0.9262536873156342,0.11799410029498525,0.0058997050147492625,0.5014749262536873,0.7472527472527473,0.7216117216117216,0.717948717948718,0.7595307917888563,0.6109481915933529,0.6412512218963832,1,tagalog,high_resource
52,258,34,5.263565891472868,7.588235294117647,2.112403100775194,16,1.1724137931034482,0.4782608695652174,1.8527131782945736,1.003875968992248,0.17054263565891473,0.003875968992248062,0.627906976744186,0.7552511415525114,0.7296803652968037,0.7397260273972602,0.7575030012004802,0.6698679471788715,0.6830732292917167,1,tagalog,high_resource
53,291,43,4.993127147766323,6.767441860465116,2.089347079037801,11,1.1388888888888888,0.44876325088339225,1.8625429553264605,0.9862542955326461,0.12371134020618557,0.0,0.44673539518900346,0.8128249566724437,0.7859618717504333,0.791161178509532,0.8631578947368421,0.7064327485380117,0.7309941520467836,1,tagalog,high_resource
54,378,36,4.878306878306878,10.5,2.0238095238095237,22,1.9,0.49184782608695654,1.7486772486772486,0.9285714285714286,0.19576719576719576,0.0,0.49206349206349204,0.7403846153846154,0.7074175824175825,0.7218406593406593,0.7350746268656716,0.6380597014925373,0.6259328358208955,1,tagalog,high_resource
55,201,27,5.149253731343284,7.444444444444445,2.144278606965174,9,1.2,0.49743589743589745,1.845771144278607,0.9402985074626866,0.13930348258706468,0.0,0.5472636815920398,0.7457831325301205,0.7204819277108434,0.7192771084337349,0.7607655502392344,0.6220095693779905,0.6746411483253588,1,tagalog,high_resource
56,41,1,5.853658536585366,41.0,2.3658536585365852,6,3.5,0.6341463414634146,1.7073170731707317,1.0731707317073171,0.4146341463414634,0.07317073170731707,0.8536585365853658,0.5125628140703518,0.507537688442211,0.46733668341708545,0.42138364779874216,0.5220125786163522,0.4716981132075472,1,tagalog,high_resource
57,55,15,3.4363636363636365,3.6666666666666665,1.6545454545454545,0,1.2307692307692308,0.32727272727272727,1.3636363636363635,0.45454545454545453,0.0,0.0,0.10909090909090909,0.8955223880597015,0.835820895522388,0.8208955223880597,0.8607594936708861,0.8227848101265823,0.7721518987341772,1,tagalog,high_resource
58,108,19,4.194444444444445,5.684210526315789,1.962962962962963,0,1.2666666666666666,0.4444444444444444,1.6944444444444444,0.7222222222222222,0.027777777777777776,0.0,0.1111111111111111,0.7623188405797101,0.6811594202898551,0.7130434782608696,0.7426160337552743,0.5485232067510548,0.6329113924050633,1,tagalog,high_resource
59,12,6,3.75,2.0,1.5,0,0.0,0.6666666666666666,1.5,0.75,0.25,0.0,0.3333333333333333,0.696969696969697,0.6666666666666666,0.6666666666666666,0.7916666666666666,0.5833333333333334,0.5,1,tagalog,high_resource
60,197,31,4.060913705583756,6.354838709677419,1.8121827411167513,2,1.4,0.36597938144329895,1.4365482233502538,0.5736040609137056,0.050761421319796954,0.0,0.37055837563451777,0.7611940298507462,0.7495854063018242,0.7412935323383084,0.7714987714987716,0.6167076167076168,0.6339066339066339,1,tagalog,high_resource
61,20,2,4.75,10.0,2.05,1,2.0,0.95,1.75,0.85,0.15,0.0,0.25,0.72,0.6933333333333334,0.7466666666666667,0.8035714285714286,0.6607142857142857,0.6785714285714286,1,tagalog,high_resource
62,117,11,4.777777777777778,10.636363636363637,2.0,5,1.2727272727272727,0.5175438596491229,1.6324786324786325,0.8034188034188035,0.13675213675213677,0.008547008547008548,0.5042735042735043,0.6947608200455581,0.7107061503416856,0.6469248291571754,0.775,0.596875,0.565625,1,tagalog,high_resource
63,128,25,3.90625,5.12,1.75,1,1.0526315789473684,0.3968253968253968,1.4609375,0.640625,0.03125,0.0,0.2578125,0.7432432432432432,0.7135135135135136,0.7081081081081081,0.6970954356846473,0.5601659751037344,0.5933609958506224,1,tagalog,high_resource
64,105,15,4.0476190476190474,7.0,1.8761904761904762,2,1.4285714285714286,0.47619047619047616,1.6761904761904762,0.7523809523809524,0.047619047619047616,0.0,0.1523809523809524,0.821875,0.765625,0.7875,0.8790697674418605,0.6651162790697674,0.7069767441860465,1,tagalog,high_resource
65,176,19,4.630681818181818,9.263157894736842,2.028409090909091,1,1.5263157894736843,0.5909090909090909,1.6022727272727273,0.8068181818181818,0.09090909090909091,0.0,0.3522727272727273,0.8294209702660407,0.7699530516431925,0.7746478873239436,0.8448275862068966,0.6637931034482759,0.7219827586206896,1,tagalog,high_resource
66,116,14,4.75,8.285714285714286,2.0517241379310347,2,1.1333333333333333,0.5431034482758621,1.8189655172413792,0.8620689655172413,0.09482758620689655,0.0,0.35344827586206895,0.7770114942528735,0.728735632183908,0.7080459770114943,0.786833855799373,0.664576802507837,0.6927899686520376,1,tagalog,high_resource
67,411,73,4.800486618004866,5.63013698630137,2.0413625304136254,9,1.2535211267605635,0.3516209476309227,1.8004866180048662,0.9075425790754258,0.10948905109489052,0.0,0.3795620437956204,0.7599742599742599,0.7361647361647362,0.7548262548262549,0.7796312554872695,0.6672519754170325,0.6259877085162423,1,tagalog,high_resource
68,826,85,4.780871670702179,9.717647058823529,2.0254237288135593,26,1.2253521126760563,0.35236938031591736,1.7130750605326877,0.8305084745762712,0.09806295399515738,0.0,0.44552058111380144,0.7370275464445868,0.6899423446508648,0.6934657270980141,0.7732811140121845,0.6201044386422977,0.639686684073107,2,tagalog,high_resource
69,523,34,5.282982791586998,15.382352941176471,2.147227533460803,20,2.4482758620689653,0.48330058939096265,1.8317399617590822,1.0076481835564053,0.1950286806883365,0.0019120458891013384,0.5793499043977055,0.7861635220125787,0.7479784366576819,0.7511230907457322,0.8279124778237729,0.6688350088704909,0.6960378474275577,2,tagalog,high_resource
70,194,21,4.798969072164948,9.238095238095237,2.015463917525773,5,1.2777777777777777,0.5052083333333334,1.7577319587628866,0.8247422680412371,0.14432989690721648,0.0,0.42783505154639173,0.7771739130434783,0.7418478260869565,0.7228260869565217,0.7707948243992606,0.6432532347504621,0.66728280961183,2,tagalog,high_resource
71,117,14,4.512820512820513,8.357142857142858,1.8974358974358974,0,1.7142857142857142,0.41025641025641024,1.564102564102564,0.8205128205128205,0.07692307692307693,0.0,0.4188034188034188,0.7907542579075426,0.7664233576642335,0.7664233576642335,0.826530612244898,0.6972789115646258,0.6938775510204082,2,tagalog,high_resource
72,376,57,4.3962765957446805,6.5964912280701755,1.773936170212766,7,1.1794871794871795,0.27540106951871657,1.4202127659574468,0.7819148936170213,0.11702127659574468,0.0026595744680851063,0.5319148936170213,0.7294117647058823,0.7286274509803922,0.7458823529411764,0.8138238573021181,0.6767001114827201,0.6465997770345596,2,tagalog,high_resource
73,43,6,5.069767441860465,7.166666666666667,2.1627906976744184,2,1.2857142857142858,0.8809523809523809,1.8837209302325582,0.9302325581395349,0.16279069767441862,0.023255813953488372,0.4418604651162791,0.7988505747126436,0.7471264367816092,0.7873563218390804,0.9,0.7461538461538462,0.7846153846153846,2,tagalog,high_resource
74,73,10,4.739726027397261,7.3,2.0273972602739727,3,1.1818181818181819,0.6438356164383562,1.5753424657534247,0.821917808219178,0.1643835616438356,0.0,0.5616438356164384,0.7655677655677655,0.7326007326007326,0.7289377289377289,0.72,0.635,0.665,2,tagalog,high_resource
75,63,6,5.380952380952381,10.5,2.238095238095238,4,0.0,0.6785714285714286,1.9523809523809523,1.0,0.14285714285714285,0.015873015873015872,0.5873015873015873,0.7174721189591078,0.724907063197026,0.7026022304832714,0.83,0.72,0.67,2,tagalog,high_resource
76,70,8,4.414285714285715,8.75,1.8142857142857143,1,1.1111111111111112,0.5652173913043478,1.4285714285714286,0.7571428571428571,0.12857142857142856,0.0,0.5428571428571428,0.8075313807531381,0.7782426778242678,0.8200836820083682,0.7988165680473372,0.6982248520710059,0.6923076923076923,2,tagalog,high_resource
77,35,4,4.371428571428571,8.75,1.8857142857142857,0,0.0,0.5588235294117647,1.5714285714285714,0.8285714285714286,0.02857142857142857,0.0,0.2,0.8034188034188035,0.8034188034188035,0.7606837606837606,0.7777777777777778,0.5802469135802469,0.7530864197530864,2,tagalog,high_resource
78,192,22,4.567708333333333,8.727272727272727,1.875,3,1.5833333333333333,0.59375,1.5260416666666667,0.8541666666666666,0.15625,0.0,0.4583333333333333,0.6896046852122987,0.6427525622254758,0.6339677891654466,0.6971544715447154,0.5894308943089431,0.6199186991869918,2,tagalog,high_resource
79,66,9,4.742424242424242,7.333333333333333,2.0454545454545454,3,1.1,0.5757575757575758,1.8333333333333333,0.8181818181818182,0.06060606060606061,0.0,0.3484848484848485,0.8380566801619433,0.7975708502024291,0.8299595141700404,0.8674033149171271,0.7182320441988951,0.7513812154696132,2,tagalog,high_resource
80,50,5,4.56,10.0,1.94,3,1.5,0.7551020408163265,1.62,0.8,0.06,0.0,0.42,0.8192090395480226,0.7796610169491526,0.8192090395480226,0.8571428571428571,0.7380952380952381,0.6984126984126984,2,tagalog,high_resource
81,56,11,4.821428571428571,5.090909090909091,2.125,3,0.0,0.6792452830188679,1.8928571428571428,0.8571428571428571,0.03571428571428571,0.0,0.42857142857142855,0.7725118483412322,0.7345971563981043,0.7345971563981043,0.8157894736842105,0.6578947368421053,0.6644736842105263,2,tagalog,high_resource
82,198,29,4.9393939393939394,6.827586206896552,2.191919191919192,12,1.0344827586206897,0.5102040816326531,1.8484848484848484,0.8939393939393939,0.08080808080808081,0.0,0.35858585858585856,0.7951030927835051,0.7280927835051546,0.7951030927835051,0.8260869565217391,0.6678260869565218,0.7026086956521739,2,tagalog,high_resource
83,149,11,5.23489932885906,13.545454545454545,2.140939597315436,13,1.6363636363636365,0.5833333333333334,1.8859060402684564,0.9731543624161074,0.1342281879194631,0.0,0.5302013422818792,0.7428115015974441,0.7364217252396166,0.7284345047923323,0.7616033755274262,0.6244725738396625,0.6772151898734177,2,tagalog,high_resource
84,63,8,5.253968253968254,7.875,2.1904761904761907,2,1.1111111111111112,0.6885245901639344,1.8412698412698412,0.9682539682539683,0.19047619047619047,0.0,0.5396825396825397,0.7969924812030075,0.7744360902255639,0.7518796992481203,0.835820895522388,0.6567164179104478,0.736318407960199,2,tagalog,high_resource
85,63,6,4.746031746031746,10.5,2.0634920634920637,1,1.5,0.639344262295082,1.746031746031746,0.8888888888888888,0.06349206349206349,0.0,0.3333333333333333,0.7051282051282052,0.6709401709401709,0.6623931623931624,0.8470588235294118,0.6529411764705882,0.6588235294117647,2,tagalog,high_resource
86,162,17,4.512345679012346,9.529411764705882,1.876543209876543,1,1.2,0.4875,1.5493827160493827,0.7901234567901234,0.10493827160493827,0.0,0.4691358024691358,0.7301587301587301,0.708994708994709,0.7178130511463845,0.8465346534653465,0.6955445544554455,0.7128712871287128,2,tagalog,high_resource
87,51,5,4.529411764705882,10.2,1.9215686274509804,0,2.0,0.6666666666666666,1.6470588235294117,0.8627450980392157,0.13725490196078433,0.0,0.23529411764705882,0.8055555555555556,0.7166666666666667,0.7388888888888889,0.7364341085271318,0.49612403100775193,0.6511627906976745,2,tagalog,high_resource
88,40,6,4.25,6.666666666666667,1.775,1,0.0,0.6,1.575,0.775,0.125,0.0,0.3,0.823076923076923,0.7769230769230769,0.7692307692307693,0.7888888888888889,0.5888888888888889,0.6888888888888889,2,tagalog,high_resource
89,1474,202,4.528493894165536,7.297029702970297,1.9280868385345997,76,1.6402877697841727,0.2930679478380233,1.651967435549525,0.8086838534599728,0.11058344640434192,0.0006784260515603799,0.41723202170963364,0.7688006170458928,0.7198225993058234,0.7277284998071731,0.8062162162162162,0.6537837837837838,0.6713513513513514,2,tagalog,high_resource
90,79,11,4.3164556962025316,7.181818181818182,1.8860759493670887,2,1.125,0.6410256410256411,1.5063291139240507,0.6962025316455697,0.08860759493670886,0.0,0.35443037974683544,0.7701149425287356,0.7203065134099617,0.7011494252873564,0.8011049723756906,0.6408839779005525,0.6850828729281768,2,tagalog,high_resource
91,690,44,4.827536231884058,15.681818181818182,2.0101449275362318,11,1.9375,0.38427947598253276,1.7217391304347827,0.8971014492753623,0.11739130434782609,0.0014492753623188406,0.47681159420289854,0.8116438356164384,0.782724505327245,0.7789193302891934,0.8209494324045408,0.6831785345717234,0.7027863777089783,2,tagalog,high_resource
92,339,50,4.867256637168142,6.78,2.03834808259587,12,1.1944444444444444,0.4666666666666667,1.7905604719764012,0.8849557522123894,0.15634218289085547,0.0,0.4837758112094395,0.74079754601227,0.7024539877300614,0.6947852760736196,0.7559958289885297,0.6246089676746611,0.6903023983315955,2,tagalog,high_resource
93,54,6,5.37037037037037,9.0,2.1296296296296298,1,0.0,0.6226415094339622,1.9444444444444444,1.1111111111111112,0.2222222222222222,0.0,0.6666666666666666,0.6638297872340425,0.6382978723404256,0.6382978723404256,0.6944444444444444,0.55,0.5166666666666667,2,tagalog,high_resource
94,90,8,4.4,11.25,1.8888888888888888,0,0.0,0.6506024096385542,1.6111111111111112,0.7555555555555555,0.1,0.0,0.36666666666666664,0.7792642140468228,0.6956521739130435,0.7290969899665551,0.905940594059406,0.7574257425742574,0.7178217821782178,2,tagalog,high_resource
95,434,62,4.564516129032258,7.0,1.9170506912442395,8,1.163265306122449,0.3621495327102804,1.672811059907834,0.771889400921659,0.10599078341013825,0.0,0.423963133640553,0.7952041477640959,0.7550226830848995,0.7751134154244977,0.8283649503161699,0.6531165311653117,0.6964769647696477,2,tagalog,high_resource
96,131,16,5.0534351145038165,8.1875,2.068702290076336,4,0.0,0.5891472868217055,1.9389312977099236,0.9618320610687023,0.2824427480916031,0.0,0.6335877862595419,0.7296786389413988,0.6899810964083176,0.6843100189035917,0.702020202020202,0.5883838383838383,0.5782828282828283,2,tagalog,high_resource
97,50,8,3.7,6.25,1.5,0,0.0,0.36,1.0,0.54,0.06,0.0,0.56,0.725925925925926,0.6666666666666666,0.7037037037037037,0.8588235294117647,0.6705882352941176,0.6941176470588235,2,tagalog,high_resource
98,300,38,4.716666666666667,7.894736842105263,1.9766666666666666,3,1.7142857142857142,0.4101694915254237,1.66,0.87,0.15666666666666668,0.0,0.48,0.6513098464317977,0.6169828364950316,0.6187895212285456,0.6493827160493827,0.554320987654321,0.5728395061728395,2,tagalog,high_resource
99,77,16,4.5064935064935066,4.8125,1.9870129870129871,0,2.0,0.5714285714285714,1.7532467532467533,0.8961038961038961,0.07792207792207792,0.0,0.2857142857142857,0.6703703703703704,0.5925925925925926,0.6814814814814815,0.8186528497409327,0.5958549222797928,0.7202072538860104,2,tagalog,high_resource
100,245,37,5.1959183673469385,6.621621621621622,2.1755102040816325,20,2.0,0.5756302521008403,1.8857142857142857,0.9959183673469387,0.17142857142857143,0.004081632653061225,0.4897959183673469,0.7723258096172718,0.7379784102060843,0.7350343473994112,0.7981770833333334,0.625,0.66015625,2,tagalog,high_resource
101,128,42,4.6953125,3.0476190476190474,1.90625,1,1.0740740740740742,0.488,1.7421875,0.8515625,0.1484375,0.0078125,0.4296875,0.556745182012848,0.5096359743040685,0.550321199143469,0.5663716814159292,0.4631268436578171,0.5103244837758112,2,tagalog,high_resource
102,529,59,4.66351606805293,8.966101694915254,1.835538752362949,9,1.4038461538461537,0.3888888888888889,1.5822306238185255,0.8355387523629489,0.14366729678638943,0.001890359168241966,0.5784499054820416,0.7172449508026929,0.6918694976696013,0.6784049715173486,0.7621776504297995,0.6239255014326648,0.6375358166189111,2,tagalog,high_resource
103,372,51,4.594086021505376,7.294117647058823,1.9166666666666667,5,1.45,0.40217391304347827,1.6370967741935485,0.8172043010752689,0.08870967741935484,0.0,0.45161290322580644,0.7526236881559221,0.7031484257871065,0.7098950524737632,0.7612095933263816,0.6600625651720542,0.6715328467153284,2,tagalog,high_resource
104,507,46,4.619329388560158,11.021739130434783,1.970414201183432,8,1.8928571428571428,0.4254473161033797,1.6725838264299804,0.8264299802761341,0.09861932938856016,0.0,0.3905325443786982,0.7669213973799127,0.7112445414847162,0.726528384279476,0.783068783068783,0.6643990929705216,0.6999244142101285,2,tagalog,high_resource
105,185,35,5.07027027027027,5.285714285714286,2.118918918918919,9,1.2083333333333333,0.49171270718232046,1.9243243243243244,0.972972972972973,0.2,0.0,0.4702702702702703,0.7866666666666666,0.7426666666666667,0.756,0.7580071174377224,0.6138790035587188,0.6120996441281139,2,tagalog,high_resource
106,487,56,4.632443531827516,8.696428571428571,1.9158110882956878,7,1.0892857142857142,0.39751552795031053,1.6837782340862424,0.8521560574948666,0.1273100616016427,0.002053388090349076,0.4948665297741273,0.7694050991501417,0.7320113314447592,0.75014164305949,0.8186813186813187,0.641287284144427,0.6891679748822606,2,tagalog,high_resource
107,21,5,4.904761904761905,4.2,2.0476190476190474,0,1.5,0.9,1.8571428571428572,0.8571428571428571,0.19047619047619047,0.0,0.5238095238095238,0.8024691358024691,0.7407407407407407,0.7407407407407407,0.8666666666666667,0.75,0.7166666666666667,2,tagalog,high_resource
108,325,45,4.704615384615384,7.222222222222222,1.9138461538461538,5,1.1764705882352942,0.4537037037037037,1.643076923076923,0.8646153846153846,0.16307692307692306,0.0,0.46153846153846156,0.7190357439733999,0.657522859517872,0.6824605153782212,0.7970353477765109,0.6191562143671607,0.6659064994298746,2,tagalog,high_resource
109,169,37,5.3609467455621305,4.5675675675675675,2.0710059171597632,3,1.1666666666666667,0.47305389221556887,1.7810650887573964,1.0355029585798816,0.30177514792899407,0.0,0.6982248520710059,0.7024456521739131,0.6521739130434783,0.657608695652174,0.6802120141342756,0.5353356890459364,0.5512367491166078,2,tagalog,high_resource
110,176,38,4.204545454545454,4.631578947368421,1.8465909090909092,3,1.4375,0.5028901734104047,1.625,0.7784090909090909,0.07386363636363637,0.0,0.2784090909090909,0.6737967914438503,0.6078431372549019,0.6203208556149733,0.7258485639686684,0.5900783289817232,0.5691906005221932,2,tagalog,high_resource
111,261,37,4.773946360153257,7.054054054054054,1.9616858237547892,2,1.1612903225806452,0.39215686274509803,1.735632183908046,0.8735632183908046,0.18007662835249041,0.0,0.5095785440613027,0.7331975560081466,0.7189409368635438,0.7087576374745418,0.7799442896935933,0.5766016713091922,0.6504178272980501,2,tagalog,high_resource
112,212,30,4.679245283018868,7.066666666666666,2.0377358490566038,2,1.3076923076923077,0.4339622641509434,1.6981132075471699,0.8207547169811321,0.12264150943396226,0.0,0.3915094339622642,0.791025641025641,0.7294871794871794,0.764102564102564,0.7623239436619719,0.6390845070422535,0.6654929577464789,2,tagalog,high_resource
113,900,116,4.934444444444445,7.758620689655173,2.097777777777778,38,1.7078651685393258,0.3620689655172414,1.8377777777777777,0.9177777777777778,0.1411111111111111,0.0022222222222222222,0.4477777777777778,0.7768571428571428,0.7345714285714285,0.7437142857142857,0.8112105877773452,0.6430517711171662,0.6932658622031919,2,tagalog,high_resource
114,302,70,4.337748344370861,4.314285714285714,1.8278145695364238,3,1.5666666666666667,0.4584717607973422,1.5397350993377483,0.7483443708609272,0.09602649006622517,0.0033112582781456954,0.3741721854304636,0.7432835820895523,0.6985074626865672,0.708457711442786,0.7834757834757835,0.6324786324786325,0.6794871794871795,2,tagalog,high_resource
115,1110,93,4.713513513513513,11.935483870967742,1.962162162162162,37,1.4078947368421053,0.32132963988919666,1.7225225225225225,0.854954954954955,0.11081081081081082,0.0018018018018018018,0.4297297297297297,0.7704517704517705,0.726984126984127,0.7409035409035409,0.8145270270270271,0.643581081081081,0.6621621621621622,2,tagalog,high_resource
116,770,88,5.14935064935065,8.75,2.1441558441558444,37,1.676923076923077,0.42245989304812837,1.9090909090909092,0.9987012987012988,0.15064935064935064,0.0,0.4961038961038961,0.7355996222851747,0.6931067044381491,0.7116776833490714,0.771380892782645,0.6024196912807677,0.6583229036295369,2,tagalog,high_resource
117,344,41,4.491279069767442,8.390243902439025,1.9040697674418605,2,1.5757575757575757,0.4780058651026393,1.6511627906976745,0.7936046511627907,0.09011627906976744,0.0,0.4186046511627907,0.8006672226855713,0.7689741451209341,0.7731442869057548,0.7988304093567251,0.6900584795321637,0.7286549707602339,2,tagalog,high_resource
118,182,25,4.917582417582418,7.28,1.967032967032967,4,1.6666666666666667,0.45251396648044695,1.6923076923076923,0.9010989010989011,0.21978021978021978,0.0,0.6813186813186813,0.7028169014084507,0.6957746478873239,0.6492957746478873,0.7180952380952381,0.579047619047619,0.6076190476190476,2,tagalog,high_resource
119,170,20,4.376470588235295,8.5,1.923529411764706,2,2.9,0.34705882352941175,1.5294117647058822,0.711764705882353,0.047058823529411764,0.0,0.34705882352941175,0.7560975609756098,0.7491289198606271,0.7160278745644599,0.8663366336633663,0.6856435643564357,0.698019801980198,2,tagalog,high_resource
120,307,24,4.811074918566775,12.791666666666666,1.977198697068404,5,1.2727272727272727,0.42295081967213116,1.6416938110749186,0.8859934853420195,0.1270358306188925,0.0,0.46254071661237783,0.7636986301369864,0.7208904109589042,0.7311643835616438,0.7986030267753201,0.6204889406286379,0.7043073341094296,2,tagalog,high_resource
121,316,24,4.563291139240507,13.166666666666666,1.8069620253164558,3,1.0454545454545454,0.3904761904761905,1.6044303797468353,0.7848101265822784,0.13291139240506328,0.0031645569620253164,0.4588607594936709,0.6966192170818505,0.6610320284697508,0.6574733096085409,0.6352357320099256,0.4851116625310174,0.5359801488833746,2,tagalog,high_resource
122,209,30,5.215311004784689,6.966666666666667,2.200956937799043,6,1.391304347826087,0.5048076923076923,1.861244019138756,0.9425837320574163,0.11961722488038277,0.0,0.4880382775119617,0.7284090909090909,0.7090909090909091,0.6988636363636364,0.7850746268656716,0.6417910447761194,0.673134328358209,2,tagalog,high_resource
123,65,5,5.076923076923077,13.0,2.0,0,4.0,0.7076923076923077,1.7076923076923076,0.9846153846153847,0.2,0.0,0.5692307692307692,0.7849056603773585,0.7849056603773585,0.7849056603773585,0.84,0.67,0.685,2,tagalog,high_resource
124,192,30,4.666666666666667,6.4,1.9427083333333333,1,1.1764705882352942,0.4270833333333333,1.5677083333333333,0.8385416666666666,0.13541666666666666,0.0,0.4791666666666667,0.7556818181818182,0.7301136363636364,0.7230113636363636,0.720703125,0.59765625,0.591796875,2,tagalog,high_resource
125,217,22,4.649769585253456,9.863636363636363,1.935483870967742,2,1.2272727272727273,0.4470046082949309,1.6589861751152073,0.8110599078341014,0.12903225806451613,0.0,0.4930875576036866,0.7297979797979798,0.6906565656565656,0.696969696969697,0.7913043478260869,0.6382608695652174,0.6347826086956522,2,tagalog,high_resource
126,253,26,4.849802371541502,9.73076923076923,2.007905138339921,6,1.5909090909090908,0.45161290322580644,1.7707509881422925,0.8774703557312253,0.11857707509881422,0.0,0.4743083003952569,0.8063851699279093,0.7590113285272915,0.7641606591143152,0.8391608391608392,0.6741258741258741,0.7314685314685314,2,tagalog,high_resource
127,239,27,4.7824267782426775,8.851851851851851,2.01673640167364,6,1.3478260869565217,0.4829059829059829,1.786610878661088,0.8619246861924686,0.1087866108786611,0.0,0.4769874476987448,0.7697441601779755,0.7163515016685206,0.7530589543937709,0.7637195121951219,0.6371951219512195,0.6890243902439024,2,tagalog,high_resource
128,214,24,4.705607476635514,8.916666666666666,1.97196261682243,3,1.4736842105263157,0.5186915887850467,1.7710280373831775,0.8691588785046729,0.1261682242990654,0.0,0.4439252336448598,0.7604035308953342,0.7023959646910467,0.7301387137452712,0.7633851468048359,0.6044905008635578,0.6338514680483592,2,tagalog,high_resource
129,53,7,5.415094339622642,7.571428571428571,2.2641509433962264,2,0.0,0.72,2.056603773584906,1.0754716981132075,0.1509433962264151,0.018867924528301886,0.4716981132075472,0.7662337662337663,0.7012987012987013,0.7142857142857143,0.7542857142857143,0.6514285714285715,0.6171428571428571,2,tagalog,high_resource
130,47,8,4.51063829787234,5.875,1.8936170212765957,1,0.0,0.5319148936170213,1.5957446808510638,0.6808510638297872,0.0851063829787234,0.0,0.48936170212765956,0.7333333333333333,0.7090909090909091,0.7393939393939394,0.652542372881356,0.5677966101694916,0.5847457627118644,2,tagalog,high_resource
131,65,11,4.2,5.909090909090909,1.9076923076923078,0,1.1666666666666667,0.5846153846153846,1.7076923076923076,0.7538461538461538,0.06153846153846154,0.0,0.24615384615384617,0.9134615384615384,0.8990384615384616,0.8990384615384616,0.916083916083916,0.7622377622377622,0.8461538461538461,2,tagalog,high_resource
132,347,60,4.821325648414986,5.783333333333333,2.048991354466859,14,1.5,0.4418604651162791,1.7463976945244957,0.9020172910662824,0.12103746397694524,0.0,0.43804034582132567,0.7762660619803476,0.746031746031746,0.7611489040060468,0.8036998972250771,0.6372045220966084,0.6824254881808839,2,tagalog,high_resource
133,274,44,4.354014598540146,6.2272727272727275,1.7408759124087592,3,1.3461538461538463,0.39114391143911437,1.4744525547445255,0.7408759124087592,0.14963503649635038,0.0036496350364963502,0.5,0.6954148471615721,0.665938864628821,0.6943231441048034,0.7390625,0.6046875,0.6984375,2,tagalog,high_resource
134,47,5,4.48936170212766,9.4,1.9148936170212767,1,0.0,0.723404255319149,1.6170212765957446,0.7021276595744681,0.14893617021276595,0.0425531914893617,0.46808510638297873,0.7439024390243902,0.7317073170731707,0.7378048780487805,0.8717948717948718,0.6324786324786325,0.717948717948718,2,tagalog,high_resource
135,42,7,5.071428571428571,6.0,2.1666666666666665,2,0.0,0.7317073170731707,1.8095238095238095,0.9047619047619048,0.2619047619047619,0.0,0.47619047619047616,0.7764705882352941,0.7176470588235294,0.7470588235294118,0.7952755905511811,0.5984251968503937,0.6614173228346457,2,tagalog,high_resource
136,163,23,4.815950920245399,7.086956521739131,1.9877300613496933,4,1.7647058823529411,0.5732484076433121,1.6687116564417177,0.8650306748466258,0.08588957055214724,0.0,0.48466257668711654,0.8425324675324676,0.7824675324675324,0.8051948051948052,0.8616071428571429,0.6808035714285714,0.6964285714285714,2,tagalog,high_resource
137,91,9,4.736263736263736,10.11111111111111,1.956043956043956,3,1.2,0.5,1.6373626373626373,0.8241758241758241,0.12087912087912088,0.0,0.4945054945054945,0.7566765578635015,0.771513353115727,0.7062314540059347,0.8683127572016461,0.6378600823045267,0.6131687242798354,2,tagalog,high_resource
138,185,20,4.697297297297298,9.25,2.054054054054054,3,1.65,0.5869565217391305,1.6378378378378378,0.8324324324324325,0.10810810810810811,0.0,0.3621621621621622,0.8257686676427526,0.767203513909224,0.7745241581259151,0.8433734939759037,0.6686746987951807,0.7188755020080321,2,tagalog,high_resource
139,709,84,5.042313117066291,8.44047619047619,2.1057827926657264,43,1.1688311688311688,0.3555878084179971,1.8645980253878702,0.9478138222849083,0.1466854724964739,0.0,0.48519040902679833,0.7763713080168776,0.7278481012658228,0.7422644163150492,0.8301797540208137,0.6859035004730369,0.727530747398297,2,tagalog,high_resource
140,556,81,4.911870503597123,6.864197530864198,2.0575539568345325,22,1.6,0.4195933456561922,1.7859712230215827,0.8884892086330936,0.11690647482014388,0.0017985611510791368,0.4550359712230216,0.7760296159185562,0.7214252660805183,0.7403979639055993,0.8261142498430634,0.647834274952919,0.6911487758945386,2,tagalog,high_resource
141,44,9,4.568181818181818,4.888888888888889,1.8863636363636365,0,1.1111111111111112,0.7727272727272727,1.6136363636363635,0.8636363636363636,0.09090909090909091,0.0,0.4318181818181818,0.821656050955414,0.7643312101910829,0.7643312101910829,0.8761061946902655,0.6371681415929203,0.7699115044247787,2,tagalog,high_resource
142,380,34,4.931578947368421,11.176470588235293,2.068421052631579,16,1.5806451612903225,0.4403183023872679,1.7842105263157895,0.8868421052631579,0.10263157894736842,0.0,0.45789473684210524,0.8088531187122736,0.7578806170355467,0.7920858484238766,0.8492779783393501,0.6796028880866426,0.7120938628158845,2,tagalog,high_resource
143,185,32,4.027027027027027,5.78125,1.7459459459459459,2,1.6153846153846154,0.33695652173913043,1.5243243243243243,0.6432432432432432,0.043243243243243246,0.005405405405405406,0.3621621621621622,0.6577060931899642,0.6451612903225806,0.6182795698924731,0.7789757412398922,0.5714285714285714,0.5660377358490566,2,tagalog,high_resource
144,149,17,5.02013422818792,8.764705882352942,2.040268456375839,10,1.2666666666666666,0.41496598639455784,1.8523489932885906,0.8859060402684564,0.12751677852348994,0.0,0.5033557046979866,0.7236180904522613,0.7018425460636516,0.7018425460636516,0.7802690582959642,0.6031390134529148,0.6748878923766816,2,tagalog,high_resource
145,579,44,4.960276338514681,13.159090909090908,2.09153713298791,21,1.475,0.4088495575221239,1.7530224525043179,0.924006908462867,0.11917098445595854,0.0,0.4939550949913644,0.7717678100263852,0.7286719437115216,0.7409850483729111,0.7807486631016043,0.6678550207961973,0.6922162804515746,2,tagalog,high_resource
146,108,17,4.074074074074074,6.352941176470588,1.7037037037037037,1,1.7142857142857142,0.4766355140186916,1.2407407407407407,0.6111111111111112,0.08333333333333333,0.0,0.4074074074074074,0.7289156626506024,0.7349397590361446,0.6746987951807228,0.8526785714285714,0.6607142857142857,0.6116071428571429,2,tagalog,high_resource
147,836,94,4.7990430622009566,8.893617021276595,2.0334928229665072,33,1.7820512820512822,0.3070388349514563,1.744019138755981,0.8803827751196173,0.13995215311004786,0.0011961722488038277,0.4569377990430622,0.7699367088607595,0.7294303797468354,0.7395569620253165,0.8173160173160173,0.6701298701298701,0.6852813852813853,2,tagalog,high_resource
148,105,48,5.838095238095238,2.1875,2.5047619047619047,0,1.0909090909090908,0.44554455445544555,2.1523809523809523,1.1714285714285715,0.23809523809523808,0.0,0.4857142857142857,0.8234126984126984,0.7837301587301587,0.7996031746031746,0.7894736842105263,0.5864661654135338,0.6766917293233082,2,tagalog,high_resource
149,204,34,4.740196078431373,6.0,1.9754901960784315,6,1.3333333333333333,0.5051546391752577,1.7745098039215685,0.8872549019607843,0.14215686274509803,0.0,0.4264705882352941,0.7453825857519789,0.7176781002638523,0.7189973614775725,0.8123861566484517,0.6247723132969034,0.7012750455373407,2,tagalog,high_resource
150,109,18,4.944954128440367,6.055555555555555,2.0642201834862384,2,2.6666666666666665,0.5607476635514018,1.8073394495412844,1.0,0.11009174311926606,0.0,0.3669724770642202,0.7780373831775701,0.75,0.75,0.8233438485804416,0.6782334384858044,0.7255520504731862,2,tagalog,high_resource
151,200,27,5.06,7.407407407407407,2.05,5,1.45,0.46733668341708545,1.805,1.015,0.12,0.0,0.485,0.8286066584463625,0.7669543773119606,0.7731196054254007,0.860655737704918,0.6721311475409836,0.6983606557377049,2,tagalog,high_resource
152,226,21,4.8628318584070795,10.761904761904763,2.0575221238938055,6,1.368421052631579,0.5045045045045045,1.7920353982300885,0.911504424778761,0.06637168141592921,0.0,0.43805309734513276,0.7716262975778547,0.7393310265282583,0.76239907727797,0.860062893081761,0.6886792452830188,0.7327044025157232,2,tagalog,high_resource
153,117,6,4.555555555555555,19.5,1.8717948717948718,0,1.5714285714285714,0.5517241379310345,1.641025641025641,0.8461538461538461,0.08547008547008547,0.0,0.46153846153846156,0.7590361445783133,0.7228915662650602,0.7108433734939759,0.8181818181818182,0.6161616161616161,0.6464646464646465,2,tagalog,high_resource
154,463,54,4.4838012958963285,8.574074074074074,1.958963282937365,6,1.391304347826087,0.4335511982570806,1.632829373650108,0.7926565874730022,0.11231101511879049,0.0,0.37365010799136067,0.7929324240545568,0.7365158090514569,0.7724736515809052,0.8173913043478261,0.6443478260869565,0.6956521739130435,2,tagalog,high_resource
155,319,45,4.5141065830721,7.088888888888889,1.9529780564263324,1,1.5,0.4394904458598726,1.7304075235109717,0.8307210031347962,0.11598746081504702,0.0,0.4169278996865204,0.7361359570661896,0.6851520572450805,0.6914132379248659,0.7904642409033877,0.5759096612296111,0.6511919698870765,2,tagalog,high_resource
156,60,8,3.7333333333333334,7.5,1.6,0,1.125,0.35,1.2,0.4666666666666667,0.11666666666666667,0.0,0.48333333333333334,0.6219512195121951,0.5914634146341463,0.5914634146341463,0.4807692307692308,0.5,0.4519230769230769,2,tagalog,high_resource
157,43,8,5.27906976744186,5.375,2.0697674418604652,0,0.0,0.4186046511627907,1.8604651162790697,1.0232558139534884,0.09302325581395349,0.0,0.6976744186046512,0.6902173913043478,0.5760869565217391,0.6739130434782609,0.8014184397163121,0.5815602836879432,0.7021276595744681,2,tagalog,high_resource
158,362,39,4.7292817679558015,9.282051282051283,2.052486187845304,12,1.4166666666666667,0.41620111731843573,1.707182320441989,0.8038674033149171,0.09392265193370165,0.0,0.38950276243093923,0.7535263548626577,0.7223459539717891,0.7245731254639941,0.8105906313645621,0.6313645621181263,0.6659877800407332,2,tagalog,high_resource
159,434,46,4.7050691244239635,9.434782608695652,1.9654377880184333,9,1.5833333333333333,0.42424242424242425,1.6705069124423964,0.8663594470046083,0.17050691244239632,0.002304147465437788,0.4930875576036866,0.7696629213483146,0.7234706616729089,0.7284644194756554,0.8223175965665236,0.6377682403433477,0.6600858369098712,2,tagalog,high_resource
160,149,16,4.1879194630872485,9.3125,1.7718120805369129,1,1.0625,0.3972602739726027,1.4429530201342282,0.6845637583892618,0.053691275167785234,0.0,0.3691275167785235,0.8177966101694916,0.7817796610169492,0.7817796610169492,0.8105590062111802,0.6894409937888198,0.7515527950310559,2,tagalog,high_resource
161,147,24,4.537414965986395,6.125,1.945578231292517,1,1.0833333333333333,0.5310344827586206,1.5782312925170068,0.8231292517006803,0.20408163265306123,0.0,0.4965986394557823,0.7316602316602316,0.667953667953668,0.6698841698841699,0.6864864864864865,0.6135135135135135,0.6270270270270271,2,tagalog,high_resource
162,60,8,4.916666666666667,7.5,2.05,0,1.25,0.36666666666666664,1.6833333333333333,0.8166666666666667,0.25,0.0,0.65,0.6808510638297872,0.6680851063829787,0.6595744680851063,0.7485714285714286,0.6285714285714286,0.5828571428571429,2,tagalog,high_resource
163,320,35,4.5875,9.142857142857142,1.884375,7,1.9,0.4889589905362776,1.59375,0.79375,0.13125,0.0,0.459375,0.7388646288209607,0.7109170305676856,0.7013100436681222,0.7846715328467153,0.6545012165450121,0.6654501216545012,2,tagalog,high_resource
164,584,45,4.9520547945205475,12.977777777777778,2.083904109589041,22,2.051282051282051,0.3621908127208481,1.768835616438356,0.9041095890410958,0.1232876712328767,0.008561643835616438,0.4674657534246575,0.7792321116928447,0.737783595113438,0.7443280977312391,0.824468085106383,0.648936170212766,0.7163120567375887,3,tagalog,high_resource
165,263,24,4.9581749049429655,10.958333333333334,2.1216730038022815,14,1.6,0.47126436781609193,1.844106463878327,0.9467680608365019,0.12927756653992395,0.0,0.39923954372623577,0.7853705486044273,0.7353224254090471,0.7651588065447545,0.7837837837837838,0.6743886743886743,0.7232947232947233,3,tagalog,high_resource
166,605,42,5.256198347107438,14.404761904761905,2.115702479338843,33,1.868421052631579,0.43611584327086883,1.7140495867768595,0.9239669421487603,0.27107438016528923,0.001652892561983471,0.6776859504132231,0.6532447224394058,0.6360437842064113,0.6200156372165755,0.5903242408646423,0.49202264539372104,0.5265054040144107,3,tagalog,high_resource
167,576,93,4.647569444444445,6.193548387096774,1.9600694444444444,14,1.7391304347826086,0.4235500878734622,1.6805555555555556,0.8107638888888888,0.1267361111111111,0.0,0.4704861111111111,0.7014783023366714,0.6795422031473534,0.6752503576537912,0.7186061801446417,0.5943458251150558,0.6278763971071664,3,tagalog,high_resource
168,732,82,4.775956284153006,8.926829268292684,1.8715846994535519,13,1.3620689655172413,0.3988919667590028,1.6188524590163935,0.8688524590163934,0.18169398907103826,0.0,0.6543715846994536,0.7266134880348079,0.6950688905003626,0.6885424220449601,0.7754698318496538,0.6107814045499506,0.6394658753709199,3,tagalog,high_resource
169,502,41,4.703187250996016,12.24390243902439,1.952191235059761,12,1.175,0.4311377245508982,1.6035856573705178,0.8087649402390438,0.17131474103585656,0.00199203187250996,0.5537848605577689,0.7308934337997847,0.7088266953713671,0.7029063509149623,0.7741697416974169,0.6413284132841328,0.6243542435424354,3,tagalog,high_resource
170,452,56,4.603982300884955,8.071428571428571,2.0088495575221237,11,1.4878048780487805,0.45132743362831856,1.6924778761061947,0.8252212389380531,0.09292035398230089,0.0,0.36283185840707965,0.7931246163290362,0.7562922038060159,0.7716390423572744,0.8377230246389125,0.6737468139337298,0.6779949022939677,3,tagalog,high_resource
171,615,68,4.923577235772358,9.044117647058824,2.0146341463414634,17,1.64,0.3903654485049834,1.8048780487804879,0.9317073170731708,0.1902439024390244,0.0016260162601626016,0.4878048780487805,0.7471886713869221,0.694710537276135,0.7042898792169929,0.7421348314606742,0.6056179775280899,0.6264044943820225,3,tagalog,high_resource
172,890,87,4.860674157303371,10.229885057471265,2.033707865168539,31,1.4819277108433735,0.38550057537399307,1.797752808988764,0.8651685393258427,0.13146067415730336,0.0011235955056179776,0.47191011235955055,0.7761542957334892,0.744301578024547,0.7562828755113968,0.7909090909090909,0.6774703557312253,0.6758893280632411,3,tagalog,high_resource
173,27,3,5.851851851851852,9.0,2.3703703703703702,2,0.0,0.75,2.037037037037037,1.0,0.18518518518518517,0.0,0.6666666666666666,0.72,0.696,0.68,0.7604166666666666,0.6041666666666666,0.59375,3,tagalog,high_resource
174,9,6,4.888888888888889,1.5,1.6666666666666667,0,1.2,1.0,1.5555555555555556,1.1111111111111112,0.2222222222222222,0.0,0.5555555555555556,0.5142857142857142,0.42857142857142855,0.5142857142857142,0.5357142857142857,0.2857142857142857,0.35714285714285715,3,tagalog,high_resource
175,33,3,5.606060606060606,11.0,2.3333333333333335,5,1.3333333333333333,0.75,1.9696969696969697,1.0606060606060606,0.12121212121212122,0.0,0.5757575757575758,0.8211920529801324,0.7947019867549668,0.8079470198675497,0.7777777777777778,0.7008547008547008,0.717948717948718,3,tagalog,high_resource
176,475,30,4.905263157894737,15.833333333333334,2.0042105263157897,13,1.4666666666666666,0.5,1.7389473684210526,0.9178947368421052,0.17684210526315788,0.0,0.5326315789473685,0.7806345733041575,0.7483588621444202,0.7521881838074398,0.8085265519820494,0.6671652954375468,0.6783844427823486,3,tagalog,high_resource
177,362,53,4.7292817679558015,6.830188679245283,2.022099447513812,16,1.5365853658536586,0.5451895043731778,1.632596685082873,0.8314917127071824,0.1408839779005525,0.0,0.43370165745856354,0.7053504144687265,0.6729464958553127,0.6767143933685004,0.6971544715447154,0.5650406504065041,0.6067073170731707,3,tagalog,high_resource
178,4,0,5.5,4.0,2.5,0,0.0,1.0,2.5,1.25,0.25,0.0,0.25,0.5,0.6666666666666666,0.5555555555555556,0.6428571428571429,0.5,0.7142857142857143,3,tagalog,high_resource
179,1055,105,4.5260663507109005,10.047619047619047,1.8739336492890994,21,1.4047619047619047,0.36847195357833656,1.604739336492891,0.7895734597156399,0.13270142180094788,0.0018957345971563982,0.4549763033175355,0.7118827997829625,0.7042864894194248,0.6893651654910472,0.7361686112156568,0.6123447497177268,0.615355664283026,3,tagalog,high_resource
180,76,5,5.5394736842105265,15.2,2.3157894736842106,6,1.3333333333333333,0.6521739130434783,1.9605263157894737,0.9605263157894737,0.14473684210526316,0.0,0.5789473684210527,0.7337278106508875,0.7218934911242604,0.7189349112426036,0.7876447876447876,0.6293436293436293,0.6640926640926641,3,tagalog,high_resource
181,128,12,5.671875,10.666666666666666,2.3515625,11,1.4166666666666667,0.6639344262295082,1.984375,1.046875,0.2734375,0.0078125,0.59375,0.6936026936026936,0.6632996632996633,0.6498316498316499,0.6824034334763949,0.575107296137339,0.5815450643776824,3,tagalog,high_resource
182,136,7,5.154411764705882,19.428571428571427,2.0808823529411766,8,2.25,0.5939849624060151,1.661764705882353,0.875,0.27205882352941174,0.0,0.7279411764705882,0.6725978647686833,0.6423487544483986,0.6565836298932385,0.6682242990654206,0.5397196261682243,0.5700934579439252,3,tagalog,high_resource
183,63,7,5.555555555555555,9.0,2.253968253968254,3,0.0,0.7241379310344828,1.9682539682539681,1.0634920634920635,0.1746031746031746,0.0,0.6507936507936508,0.7243816254416962,0.6996466431095406,0.6890459363957597,0.7603686635944701,0.5944700460829493,0.663594470046083,3,tagalog,high_resource
184,15,2,6.333333333333333,7.5,2.6666666666666665,3,1.6666666666666667,0.9285714285714286,2.066666666666667,0.9333333333333333,0.2,0.0,0.7333333333333333,0.6081081081081081,0.5945945945945946,0.6081081081081081,0.7678571428571429,0.5714285714285714,0.5357142857142857,3,tagalog,high_resource
185,640,92,4.7046875,6.956521739130435,1.975,4,1.3026315789473684,0.375,1.7234375,0.8484375,0.0921875,0.0,0.409375,0.8155668358714044,0.7703045685279187,0.7880710659898477,0.8568102444703143,0.6816065192083819,0.740395809080326,3,tagalog,high_resource
186,634,70,4.645110410094637,9.057142857142857,1.9873817034700316,10,1.6111111111111112,0.3701923076923077,1.7192429022082019,0.8170347003154574,0.10252365930599369,0.0031545741324921135,0.4227129337539432,0.8012152777777778,0.7573784722222222,0.7647569444444444,0.8311298076923077,0.7085336538461539,0.7415865384615384,3,tagalog,high_resource
187,684,93,4.633040935672515,7.354838709677419,1.9546783625730995,7,1.7428571428571429,0.368575624082232,1.75,0.8523391812865497,0.08771929824561403,0.0,0.4108187134502924,0.7347843611446997,0.694478033051189,0.7001209189842805,0.7664437012263099,0.5947603121516165,0.6421404682274248,3,tagalog,high_resource
188,83,10,4.927710843373494,8.3,1.963855421686747,5,1.4545454545454546,0.7307692307692307,1.5662650602409638,0.7831325301204819,0.2289156626506024,0.0,0.5783132530120482,0.5411392405063291,0.5189873417721519,0.5284810126582279,0.5756302521008403,0.47478991596638653,0.46218487394957986,3,tagalog,high_resource
189,812,94,5.20935960591133,8.638297872340425,2.187192118226601,32,1.5747126436781609,0.35714285714285715,1.916256157635468,1.0073891625615763,0.1724137931034483,0.0012315270935960591,0.4630541871921182,0.7759643916913946,0.7258160237388724,0.7314540059347181,0.7702110712863401,0.6268418956591,0.6439665471923537,3,tagalog,high_resource
190,77,18,6.116883116883117,4.277777777777778,2.5714285714285716,9,1.4736842105263157,0.696969696969697,2.0,1.077922077922078,0.2727272727272727,0.012987012987012988,0.6623376623376623,0.6595744680851063,0.6622340425531915,0.6702127659574468,0.697594501718213,0.5773195876288659,0.5670103092783505,3,tagalog,high_resource
191,470,55,4.676595744680851,8.545454545454545,1.8893617021276596,8,1.7272727272727273,0.41304347826086957,1.5914893617021277,0.825531914893617,0.17446808510638298,0.019148936170212766,0.5553191489361702,0.7158693115519253,0.6831971995332555,0.6890315052508752,0.7538461538461538,0.6048582995951417,0.6267206477732794,3,tagalog,high_resource
192,1851,154,4.6774716369529985,12.019480519480519,1.9729875742841707,44,1.4344827586206896,0.2983606557377049,1.6915180983252296,0.8233387358184765,0.10967044840626688,0.0010804970286331713,0.4505672609400324,0.7383549528301887,0.7043042452830188,0.7060731132075472,0.7888527257933279,0.6183889340927583,0.6523596419853539,3,tagalog,high_resource
193,817,94,4.7686658506731945,8.691489361702128,2.0085679314565485,27,1.2117647058823529,0.40099626400996263,1.7319461444308446,0.8922888616891065,0.13096695226438188,0.0012239902080783353,0.42472460220318237,0.7620599739243807,0.7226205997392438,0.7242503259452412,0.8154257690592955,0.6709763709317877,0.7012929112795363,3,tagalog,high_resource
194,455,50,4.584615384615384,9.1,1.934065934065934,4,1.2647058823529411,0.39101123595505616,1.6967032967032967,0.8285714285714286,0.15164835164835164,0.0,0.45714285714285713,0.7090239410681399,0.6801718845917741,0.6678944137507673,0.7286689419795221,0.6040955631399317,0.5921501706484642,3,tagalog,high_resource
195,513,55,4.4678362573099415,9.327272727272728,1.875243664717349,7,1.6842105263157894,0.3953033268101761,1.6179337231968811,0.7719298245614035,0.12475633528265107,0.0,0.44639376218323584,0.7476056338028169,0.7183098591549296,0.7143661971830986,0.7664813343923749,0.6386020651310564,0.6203335980937251,3,tagalog,high_resource
196,294,31,4.64625850340136,9.483870967741936,1.8673469387755102,6,2.1739130434782608,0.3896551724137931,1.5918367346938775,0.8061224489795918,0.11224489795918367,0.006802721088435374,0.5136054421768708,0.715219421101774,0.6834733893557423,0.6844070961718021,0.7461340206185567,0.5940721649484536,0.6301546391752577,3,tagalog,high_resource
197,2118,263,4.746458923512748,8.053231939163497,2.0401322001888573,72,1.4479166666666667,0.31695568400770713,1.7233238904627006,0.8498583569405099,0.09631728045325778,0.00141643059490085,0.40745986779981114,0.7883517320137039,0.7351858901154675,0.7576449689125746,0.8202620087336244,0.6770305676855896,0.7187772925764192,3,tagalog,high_resource
198,117,11,5.0256410256410255,10.636363636363637,2.1623931623931623,3,1.625,0.5982905982905983,1.7179487179487178,0.8803418803418803,0.10256410256410256,0.008547008547008548,0.5042735042735043,0.7430997876857749,0.6900212314225053,0.7070063694267515,0.7796610169491526,0.6581920903954802,0.6440677966101694,3,tagalog,high_resource
199,347,35,4.734870317002882,9.914285714285715,1.9481268011527377,5,1.4,0.5043227665706052,1.7319884726224783,0.8587896253602305,0.10951008645533142,0.002881844380403458,0.484149855907781,0.7800925925925926,0.7330246913580247,0.7291666666666666,0.8107255520504731,0.6593059936908517,0.68664563617245,3,tagalog,high_resource
200,415,72,4.6409638554216865,5.763888888888889,1.9518072289156627,3,1.411764705882353,0.37073170731707317,1.6457831325301204,0.8,0.13975903614457832,0.004819277108433735,0.4867469879518072,0.7285998672859987,0.7086927670869276,0.6695421366954214,0.8,0.6357798165137615,0.6486238532110091,3,tagalog,high_resource
201,136,11,5.147058823529412,12.363636363636363,2.1176470588235294,8,1.4545454545454546,0.5661764705882353,1.7794117647058822,0.9044117647058824,0.16176470588235295,0.0,0.5220588235294118,0.7322695035460993,0.6950354609929078,0.6861702127659575,0.7505827505827506,0.6107226107226107,0.6037296037296037,3,tagalog,high_resource
202,343,40,4.956268221574344,8.575,2.0845481049562684,8,1.7096774193548387,0.4938650306748466,1.8104956268221575,0.9446064139941691,0.20408163265306123,0.0029154518950437317,0.46647230320699706,0.7610156833457804,0.7236743838685586,0.736370425690814,0.7222787385554426,0.5991861648016277,0.6429298067141404,3,tagalog,high_resource
203,9,0,5.555555555555555,9.0,2.5555555555555554,1,0.0,0.8888888888888888,2.2222222222222223,1.0,0.1111111111111111,0.0,0.4444444444444444,0.6097560975609756,0.6097560975609756,0.5609756097560976,0.71875,0.5625,0.53125,3,tagalog,high_resource
204,419,42,5.0381861575179,9.976190476190476,2.0668257756563246,12,1.475,0.45454545454545453,1.7804295942720765,0.9809069212410502,0.16706443914081145,0.0,0.4964200477326969,0.7596210775606868,0.7199526346950859,0.7175843694493783,0.8228346456692913,0.6527559055118111,0.6874015748031496,3,tagalog,high_resource
205,813,118,4.920049200492005,6.889830508474576,2.03690036900369,28,1.3679245283018868,0.4427860696517413,1.7097170971709716,0.8991389913899139,0.14022140221402213,0.0036900369003690036,0.5055350553505535,0.7700063011972275,0.7277882797731569,0.7381852551984878,0.779804836656767,0.6631310988544761,0.6754348748408995,3,tagalog,high_resource
206,790,103,4.715189873417722,7.669902912621359,1.9126582278481012,16,1.6813186813186813,0.3235685752330226,1.6658227848101266,0.8569620253164557,0.1759493670886076,0.002531645569620253,0.49746835443037973,0.7162998624484181,0.6812242090784044,0.6750343878954608,0.7479674796747967,0.6044954567192731,0.62649450023912,3,tagalog,high_resource
207,11,5,4.454545454545454,2.2,2.1818181818181817,0,1.6666666666666667,0.75,1.5454545454545454,0.6363636363636364,0.0,0.0,0.36363636363636365,0.42105263157894735,0.39473684210526316,0.3684210526315789,0.4666666666666667,0.26666666666666666,0.3,3,tagalog,high_resource
208,629,97,5.039745627980922,6.484536082474227,2.135135135135135,33,1.411764705882353,0.43585526315789475,1.836248012718601,0.9030206677265501,0.14467408585055644,0.0,0.47058823529411764,0.7066560382622559,0.6791550418493424,0.6823435631725787,0.7442110931610124,0.6020463112547119,0.6230479267635972,3,tagalog,high_resource
209,232,19,4.870689655172414,12.210526315789474,1.978448275862069,1,1.3888888888888888,0.4353448275862069,1.75,0.9094827586206896,0.2413793103448276,0.0,0.5689655172413793,0.7171492204899778,0.6748329621380846,0.6726057906458798,0.6981981981981982,0.5855855855855856,0.6051051051051051,3,tagalog,high_resource
210,451,85,4.6496674057649665,5.305882352941176,1.9090909090909092,8,1.4142857142857144,0.43448275862068964,1.6984478935698448,0.8403547671840355,0.13747228381374724,0.0,0.458980044345898,0.7370347773032336,0.6943258084197681,0.7089688834655278,0.787929589270746,0.6370494551550713,0.644593461860855,3,tagalog,high_resource
211,410,47,4.831707317073171,8.72340425531915,2.0,6,1.2857142857142858,0.4466501240694789,1.7536585365853659,0.8926829268292683,0.12195121951219512,0.0,0.4292682926829268,0.7674121405750799,0.7246006389776358,0.7246006389776358,0.8189730200174065,0.6701479547432551,0.70147954743255,3,tagalog,high_resource
212,619,81,4.893376413570275,7.6419753086419755,2.0064620355411953,17,1.4615384615384615,0.399673735725938,1.6138933764135703,0.8917609046849758,0.1583198707592892,0.0016155088852988692,0.5492730210016155,0.745945945945946,0.7180873180873181,0.7214137214137214,0.7753501400560224,0.6330532212885154,0.6509803921568628,3,tagalog,high_resource
213,447,64,4.364653243847875,6.984375,1.8366890380313199,9,1.4,0.42494226327944573,1.5369127516778522,0.7919463087248322,0.11185682326621924,0.0,0.38031319910514544,0.7971698113207547,0.7371967654986523,0.738544474393531,0.8625235404896422,0.6365348399246704,0.7062146892655368,3,tagalog,high_resource
214,12,0,5.166666666666667,12.0,2.0,0,2.0,0.9166666666666666,1.6666666666666667,1.0,0.4166666666666667,0.0,0.8333333333333334,0.68,0.64,0.62,0.5,0.47368421052631576,0.5526315789473685,3,tagalog,high_resource
215,149,8,5.7114093959731544,18.625,2.2818791946308723,8,1.6666666666666667,0.6223776223776224,1.9328859060402686,1.0738255033557047,0.2684563758389262,0.006711409395973154,0.6778523489932886,0.6685796269727403,0.6269727403156384,0.6154949784791965,0.618348623853211,0.5486238532110091,0.5357798165137615,3,tagalog,high_resource
216,83,7,6.144578313253012,11.857142857142858,2.5060240963855422,9,0.0,0.6056338028169014,2.1325301204819276,1.144578313253012,0.2891566265060241,0.012048192771084338,0.7469879518072289,0.7060240963855422,0.6867469879518072,0.689156626506024,0.7320872274143302,0.5638629283489096,0.6105919003115264,3,tagalog,high_resource
217,724,82,4.6146408839779,8.829268292682928,1.962707182320442,20,1.59375,0.3487394957983193,1.6546961325966851,0.787292817679558,0.10773480662983426,0.0,0.4530386740331492,0.7397470295132235,0.717899578382522,0.7232656190111154,0.7907348242811502,0.6309904153354633,0.6666666666666666,3,tagalog,high_resource
218,19,2,6.052631578947368,9.5,2.6842105263157894,1,0.0,0.8125,2.0526315789473686,0.9473684210526315,0.10526315789473684,0.0,0.5263157894736842,0.7802197802197802,0.7582417582417582,0.7472527472527473,0.7714285714285715,0.6428571428571429,0.7142857142857143,3,tagalog,high_resource
219,87,5,5.149425287356322,17.4,2.206896551724138,8,1.1666666666666667,0.6162790697674418,1.793103448275862,0.9425287356321839,0.1839080459770115,0.0,0.5287356321839081,0.7888888888888889,0.7638888888888888,0.7888888888888889,0.7977941176470589,0.7132352941176471,0.6985294117647058,3,tagalog,high_resource
220,213,26,4.661971830985915,8.192307692307692,1.9248826291079812,7,1.3478260869565217,0.47393364928909953,1.7183098591549295,0.9107981220657277,0.15492957746478872,0.0,0.45539906103286387,0.7881899871630296,0.7535301668806161,0.7753530166880617,0.8321554770318021,0.6819787985865724,0.7014134275618374,3,tagalog,high_resource
221,997,124,5.234704112337011,8.040322580645162,2.181544633901705,50,1.4406779661016949,0.3993775933609959,1.8535606820461383,0.9307923771313942,0.17051153460381144,0.004012036108324975,0.5215646940822467,0.7365642994241842,0.7099328214971209,0.7183301343570058,0.7507977026164646,0.6314613911933631,0.6480536056158264,3,tagalog,high_resource
222,461,81,4.8806941431670285,5.691358024691358,2.0281995661605206,12,1.4078947368421053,0.4392935982339956,1.8329718004338396,0.9045553145336226,0.12581344902386118,0.0021691973969631237,0.455531453362256,0.7663288288288288,0.731418918918919,0.7179054054054054,0.7697620874904068,0.6508058326937836,0.6707597851112816,3,tagalog,high_resource
223,73,8,5.328767123287672,9.125,2.219178082191781,2,1.375,0.6666666666666666,1.8904109589041096,0.9178082191780822,0.2602739726027397,0.0,0.589041095890411,0.5573248407643312,0.5732484076433121,0.5445859872611465,0.5269709543568465,0.47717842323651455,0.44813278008298757,3,tagalog,high_resource
224,537,63,4.823091247672253,8.523809523809524,2.0521415270018624,20,1.9333333333333333,0.40152963671128106,1.7206703910614525,0.8789571694599627,0.12104283054003724,0.0,0.42830540037243947,0.7617647058823529,0.7176470588235294,0.7200980392156863,0.7575351640991292,0.6168787675820495,0.6423308774279973,3,tagalog,high_resource
225,346,27,4.994219653179191,12.814814814814815,2.1040462427745665,21,2.0,0.4556213017751479,1.7890173410404624,0.9132947976878613,0.12716763005780346,0.002890173410404624,0.476878612716763,0.7707423580786026,0.740174672489083,0.7161572052401747,0.8126829268292682,0.6458536585365854,0.6878048780487804,3,tagalog,high_resource
226,77,2,5.376623376623376,38.5,2.25974025974026,10,0.0,0.6301369863013698,1.8831168831168832,0.948051948051948,0.19480519480519481,0.0,0.5454545454545454,0.6990881458966566,0.6869300911854104,0.6930091185410334,0.6935483870967742,0.5846774193548387,0.6008064516129032,3,tagalog,high_resource
227,341,61,4.87683284457478,5.590163934426229,2.067448680351906,9,1.5555555555555556,0.35735735735735735,1.7947214076246334,0.8651026392961877,0.08504398826979472,0.0,0.4310850439882698,0.7324695121951219,0.7035060975609756,0.7027439024390244,0.8126951092611863,0.6836628511966701,0.6649323621227887,3,tagalog,high_resource
228,408,90,5.036764705882353,4.533333333333333,2.125,17,1.6491228070175439,0.4433249370277078,1.8014705882352942,0.9926470588235294,0.13970588235294118,0.007352941176470588,0.42892156862745096,0.7732273838630807,0.7396088019559902,0.7365525672371638,0.7852459016393443,0.6278688524590164,0.6893442622950819,3,tagalog,high_resource
229,46,3,3.782608695652174,15.333333333333334,1.5,0,1.25,0.7777777777777778,1.0217391304347827,0.5217391304347826,0.15217391304347827,0.0,0.43478260869565216,0.3984375,0.3203125,0.359375,0.37362637362637363,0.37362637362637363,0.27472527472527475,3,tagalog,high_resource
230,497,57,4.921529175050302,8.719298245614034,2.024144869215292,12,1.3333333333333333,0.402020202020202,1.7404426559356136,0.93158953722334,0.16901408450704225,0.0,0.5372233400402414,0.7538540596094553,0.7189105858170607,0.723535457348407,0.7988942639944713,0.6378714581893573,0.6516931582584657,3,tagalog,high_resource
231,514,55,5.058365758754864,9.345454545454546,2.1070038910505837,24,1.1785714285714286,0.47410358565737054,1.8365758754863812,0.9182879377431906,0.14202334630350194,0.0019455252918287938,0.4766536964980545,0.7422630560928434,0.7161508704061895,0.7084139264990329,0.7666882696046662,0.6318859364873622,0.6532728451069345,3,tagalog,high_resource
232,17,2,5.0,8.5,1.8823529411764706,0,1.3333333333333333,0.625,1.4705882352941178,0.8823529411764706,0.17647058823529413,0.0,0.7058823529411765,0.9117647058823529,0.8529411764705882,0.75,0.8653846153846154,0.75,0.7884615384615384,3,tagalog,high_resource
233,500,42,4.8,11.904761904761905,2.01,14,1.6666666666666667,0.45102040816326533,1.694,0.85,0.142,0.002,0.474,0.7751322751322751,0.7412698412698413,0.7407407407407407,0.8073859522085446,0.6524257784214338,0.6951484431571325,3,tagalog,high_resource
234,89,9,4.662921348314606,9.88888888888889,1.9101123595505618,2,2.3333333333333335,0.6470588235294118,1.6741573033707866,0.8202247191011236,0.16853932584269662,0.0,0.5168539325842697,0.7204968944099379,0.6925465838509317,0.6677018633540373,0.6434782608695652,0.5608695652173913,0.5782608695652174,3,tagalog,high_resource
235,275,27,4.945454545454545,10.185185185185185,2.0327272727272727,6,1.45,0.5461254612546126,1.7745454545454546,0.9490909090909091,0.13818181818181818,0.0,0.49454545454545457,0.7506925207756233,0.6980609418282548,0.6952908587257618,0.7779156327543424,0.6290322580645161,0.6550868486352357,3,tagalog,high_resource
236,172,12,4.773255813953488,14.333333333333334,1.994186046511628,4,1.4615384615384615,0.4502923976608187,1.558139534883721,0.8546511627906976,0.10465116279069768,0.005813953488372093,0.46511627906976744,0.7546296296296297,0.7021604938271605,0.6790123456790124,0.7478991596638656,0.6134453781512605,0.634453781512605,3,tagalog,high_resource
237,589,59,5.088285229202038,9.983050847457626,2.101867572156197,21,1.5,0.4406196213425129,1.8353140916808148,0.9745331069609507,0.19524617996604415,0.0050933786078098476,0.5110356536502547,0.7221990837151187,0.6934610578925448,0.6780508121615993,0.7566371681415929,0.5879424778761062,0.6548672566371682,3,tagalog,high_resource
238,472,42,4.557203389830509,11.238095238095237,1.9152542372881356,13,1.8611111111111112,0.3970276008492569,1.5677966101694916,0.8411016949152542,0.125,0.0,0.4300847457627119,0.7754615842763549,0.7438951756998213,0.7325789160214413,0.8210439105219552,0.652029826014913,0.6818558409279205,3,tagalog,high_resource
239,78,20,4.666666666666667,3.9,2.1538461538461537,0,0.0,0.6176470588235294,1.858974358974359,0.8205128205128205,0.11538461538461539,0.0,0.2692307692307692,0.7608695652173914,0.7028985507246377,0.7282608695652174,0.7127659574468085,0.6223404255319149,0.8297872340425532,1,cebuano,high_resource
240,37,7,5.297297297297297,5.285714285714286,2.081081081081081,2,0.0,0.4594594594594595,1.837837837837838,1.027027027027027,0.10810810810810811,0.0,0.5675675675675675,0.8050314465408805,0.8238993710691824,0.8176100628930818,0.7540983606557377,0.7786885245901639,0.680327868852459,1,cebuano,high_resource
241,36,12,4.583333333333333,3.0,2.111111111111111,0,0.0,0.8,1.75,0.9444444444444444,0.1111111111111111,0.0,0.2222222222222222,0.6796875,0.6328125,0.6484375,0.6043956043956044,0.5494505494505495,0.6923076923076923,1,cebuano,high_resource
242,58,12,4.517241379310345,4.833333333333333,2.0689655172413794,1,0.0,0.6724137931034483,1.706896551724138,0.9310344827586207,0.15517241379310345,0.0,0.20689655172413793,0.7892156862745098,0.7205882352941176,0.7647058823529411,0.7876712328767124,0.684931506849315,0.821917808219178,1,cebuano,high_resource
243,15,4,4.533333333333333,3.75,1.9333333333333333,0,0.0,0.7333333333333333,1.6666666666666667,0.8,0.13333333333333333,0.0,0.3333333333333333,0.660377358490566,0.6792452830188679,0.660377358490566,0.47368421052631576,0.3157894736842105,0.7105263157894737,1,cebuano,high_resource
244,74,21,5.162162162162162,3.5238095238095237,2.2972972972972974,3,1.0476190476190477,0.7142857142857143,1.9864864864864864,0.9864864864864865,0.20270270270270271,0.0,0.35135135135135137,0.75,0.75,0.8125,0.7831858407079646,0.6946902654867256,0.8938053097345132,1,cebuano,high_resource
245,17,5,4.529411764705882,3.4,2.0588235294117645,0,0.0,0.9444444444444444,1.6470588235294117,0.8235294117647058,0.23529411764705882,0.0,0.47058823529411764,0.7627118644067796,0.6779661016949152,0.7796610169491526,0.6428571428571429,0.47619047619047616,0.6190476190476191,1,cebuano,high_resource
246,44,9,4.363636363636363,4.888888888888889,1.9545454545454546,0,0.0,0.8666666666666667,1.5,0.7045454545454546,0.09090909090909091,0.0,0.29545454545454547,0.6258503401360545,0.5714285714285714,0.6870748299319728,0.5922330097087378,0.5728155339805825,0.6990291262135923,1,cebuano,high_resource
247,34,5,5.0,6.8,2.176470588235294,2,0.0,0.7352941176470589,1.7647058823529411,0.9411764705882353,0.058823529411764705,0.0,0.4117647058823529,0.7573529411764706,0.6691176470588235,0.7941176470588235,0.8137254901960784,0.6764705882352942,0.8823529411764706,1,cebuano,high_resource
248,68,12,4.279411764705882,5.666666666666667,1.9558823529411764,0,0.0,0.6911764705882353,1.5588235294117647,0.7647058823529411,0.16176470588235295,0.0,0.3088235294117647,0.7085201793721974,0.6771300448430493,0.6860986547085202,0.6580645161290323,0.6064516129032258,0.7161290322580646,1,cebuano,high_resource
249,105,23,4.895238095238096,4.565217391304348,2.0761904761904764,2,1.1363636363636365,0.56,1.723809523809524,0.9619047619047619,0.18095238095238095,0.0,0.4380952380952381,0.7202970297029703,0.6831683168316832,0.754950495049505,0.6666666666666666,0.6054421768707483,0.7482993197278912,1,cebuano,high_resource
250,63,12,4.73015873015873,5.25,2.142857142857143,1,0.0,0.5901639344262295,1.7301587301587302,0.8253968253968254,0.09523809523809523,0.0,0.3333333333333333,0.7510729613733905,0.6866952789699571,0.7553648068669528,0.6785714285714286,0.6309523809523809,0.7023809523809523,1,cebuano,high_resource
251,98,8,4.326530612244898,12.25,1.846938775510204,0,1.125,0.4020618556701031,1.6020408163265305,0.7959183673469388,0.1326530612244898,0.0,0.4387755102040816,0.6430769230769231,0.5907692307692308,0.6676923076923077,0.584070796460177,0.48672566371681414,0.6238938053097345,1,cebuano,high_resource
252,76,8,4.881578947368421,9.5,2.0657894736842106,4,0.0,0.5616438356164384,1.8157894736842106,0.8552631578947368,0.23684210526315788,0.0,0.5,0.6541095890410958,0.6541095890410958,0.7226027397260274,0.6431924882629108,0.596244131455399,0.7323943661971831,1,cebuano,high_resource
253,34,8,4.970588235294118,4.25,1.9705882352941178,0,0.0,0.5757575757575758,1.6176470588235294,1.0,0.17647058823529413,0.0,0.5294117647058824,0.6268656716417911,0.6268656716417911,0.6343283582089553,0.6262626262626263,0.6161616161616161,0.6464646464646465,1,cebuano,high_resource
254,19,5,4.368421052631579,3.8,2.0526315789473686,0,0.0,0.8421052631578947,1.8421052631578947,0.7894736842105263,0.10526315789473684,0.0,0.2631578947368421,0.75,0.609375,0.75,0.5777777777777777,0.4888888888888889,0.6888888888888889,1,cebuano,high_resource
255,19,6,4.894736842105263,3.1666666666666665,2.3157894736842106,0,0.0,0.7368421052631579,1.894736842105263,0.8421052631578947,0.10526315789473684,0.05263157894736842,0.3157894736842105,0.7432432432432432,0.6621621621621622,0.7567567567567568,0.6545454545454545,0.5454545454545454,0.7818181818181819,1,cebuano,high_resource
256,46,9,5.239130434782608,5.111111111111111,2.152173913043478,2,1.2222222222222223,0.7391304347826086,2.0,1.0434782608695652,0.1956521739130435,0.06521739130434782,0.45652173913043476,0.7098445595854922,0.6787564766839378,0.7357512953367875,0.6027397260273972,0.5342465753424658,0.6712328767123288,1,cebuano,high_resource
257,54,7,4.333333333333333,7.714285714285714,2.0,0,1.2857142857142858,0.48148148148148145,1.5185185185185186,0.6111111111111112,0.07407407407407407,0.0,0.35185185185185186,0.7611111111111111,0.6888888888888889,0.7777777777777778,0.6507936507936508,0.5476190476190477,0.6428571428571429,1,cebuano,high_resource
258,39,7,4.205128205128205,5.571428571428571,1.8974358974358974,0,0.0,0.6923076923076923,1.6923076923076923,0.8461538461538461,0.10256410256410256,0.0,0.2564102564102564,0.784,0.696,0.8,0.7209302325581395,0.6046511627906976,0.7906976744186046,1,cebuano,high_resource
259,24,6,3.4583333333333335,4.0,1.625,0,1.1666666666666667,0.7727272727272727,1.3333333333333333,0.625,0.0,0.0,0.0,0.5517241379310345,0.5,0.5689655172413793,0.5757575757575758,0.45454545454545453,0.45454545454545453,1,cebuano,high_resource
260,22,5,3.909090909090909,4.4,1.6363636363636365,0,1.4,0.9090909090909091,1.4090909090909092,0.6818181818181818,0.13636363636363635,0.0,0.3181818181818182,0.671875,0.6875,0.734375,0.6666666666666666,0.6666666666666666,0.6904761904761905,1,cebuano,high_resource
261,47,9,4.085106382978723,5.222222222222222,1.8936170212765957,0,0.0,0.5869565217391305,1.702127659574468,0.6808510638297872,0.06382978723404255,0.0,0.2127659574468085,0.8,0.75,0.8,0.6847826086956522,0.5108695652173914,0.717391304347826,1,cebuano,high_resource
262,22,6,4.363636363636363,3.6666666666666665,1.9545454545454546,0,0.0,0.7272727272727273,1.5,0.7727272727272727,0.09090909090909091,0.0,0.4090909090909091,0.7702702702702703,0.7432432432432432,0.7702702702702703,0.7692307692307693,0.6346153846153846,0.7115384615384616,1,cebuano,high_resource
263,17,6,3.823529411764706,2.8333333333333335,1.8823529411764706,0,0.0,0.7058823529411765,1.588235294117647,0.6470588235294118,0.058823529411764705,0.0,0.17647058823529413,0.875,0.7916666666666666,0.8958333333333334,0.8387096774193549,0.5806451612903226,0.8387096774193549,1,cebuano,high_resource
264,68,17,5.382352941176471,4.0,2.235294117647059,0,1.0555555555555556,0.7575757575757576,2.0441176470588234,1.1029411764705883,0.29411764705882354,0.0,0.5294117647058824,0.6554054054054054,0.6114864864864865,0.6587837837837838,0.6283185840707964,0.5663716814159292,0.6415929203539823,1,cebuano,high_resource
265,44,10,4.659090909090909,4.4,2.0454545454545454,0,0.0,0.6818181818181818,1.6818181818181819,0.8181818181818182,0.11363636363636363,0.022727272727272728,0.45454545454545453,0.5714285714285714,0.4968944099378882,0.6086956521739131,0.5299145299145299,0.49572649572649574,0.6324786324786325,1,cebuano,high_resource
266,26,7,3.8461538461538463,3.7142857142857144,1.6538461538461537,0,0.0,0.9166666666666666,1.3461538461538463,0.7692307692307693,0.23076923076923078,0.0,0.3076923076923077,0.6756756756756757,0.6621621621621622,0.7162162162162162,0.6458333333333334,0.5416666666666666,0.6666666666666666,1,cebuano,high_resource
267,18,5,3.7222222222222223,3.6,1.6111111111111112,0,0.0,0.7777777777777778,1.2777777777777777,0.6666666666666666,0.16666666666666666,0.0,0.3888888888888889,0.673469387755102,0.673469387755102,0.673469387755102,0.5806451612903226,0.5161290322580645,0.5806451612903226,1,cebuano,high_resource
268,19,6,3.6315789473684212,3.1666666666666665,1.5789473684210527,0,0.0,0.3684210526315789,1.368421052631579,0.6842105263157895,0.0,0.0,0.15789473684210525,0.9,0.9,0.92,0.8709677419354839,0.5161290322580645,0.7419354838709677,1,cebuano,high_resource
269,225,15,4.8933333333333335,15.0,2.0844444444444443,9,1.6,0.5,1.8133333333333332,0.8488888888888889,0.18666666666666668,0.0,0.4533333333333333,0.6697142857142857,0.6491428571428571,0.6948571428571428,0.6446153846153846,0.54,0.6292307692307693,1,cebuano,high_resource
270,91,10,4.538461538461538,9.1,1.9120879120879122,1,0.0,0.5168539325842697,1.6703296703296704,0.8131868131868132,0.14285714285714285,0.0,0.43956043956043955,0.765625,0.725,0.771875,0.7136563876651982,0.5903083700440529,0.8193832599118943,1,cebuano,high_resource
271,80,9,4.2625,8.88888888888889,1.875,1,1.1111111111111112,0.5125,1.5625,0.65,0.125,0.0,0.4125,0.7011494252873564,0.6513409961685823,0.7777777777777778,0.7403314917127072,0.6629834254143646,0.850828729281768,1,cebuano,high_resource
272,60,11,4.65,5.454545454545454,2.1166666666666667,2,1.0833333333333333,0.6428571428571429,1.6833333333333333,0.7833333333333333,0.13333333333333333,0.0,0.3333333333333333,0.7674418604651163,0.6837209302325581,0.7767441860465116,0.7086092715231788,0.5695364238410596,0.7483443708609272,1,cebuano,high_resource
273,24,8,3.8333333333333335,3.0,1.4583333333333333,0,0.0,0.625,1.125,0.7083333333333334,0.041666666666666664,0.0,0.5416666666666666,0.7647058823529411,0.6470588235294118,0.7352941176470589,0.8409090909090909,0.7954545454545454,0.9090909090909091,1,cebuano,high_resource
274,48,16,4.8125,3.0,1.9583333333333333,0,0.0,0.425531914893617,1.5208333333333333,0.8541666666666666,0.041666666666666664,0.0,0.6041666666666666,0.6758241758241759,0.5659340659340659,0.6373626373626373,0.7593984962406015,0.6541353383458647,0.7518796992481203,1,cebuano,high_resource
275,74,13,4.486486486486487,5.6923076923076925,2.0,0,0.0,0.5972222222222222,1.6081081081081081,0.7027027027027027,0.0945945945945946,0.0,0.3783783783783784,0.78125,0.765625,0.80078125,0.7611111111111111,0.7166666666666667,0.8333333333333334,1,cebuano,high_resource
276,49,10,3.979591836734694,4.9,1.836734693877551,0,1.1,0.5714285714285714,1.2448979591836735,0.6122448979591837,0.04081632653061224,0.0,0.24489795918367346,0.726027397260274,0.636986301369863,0.7397260273972602,0.5979381443298969,0.5670103092783505,0.6907216494845361,1,cebuano,high_resource
277,24,7,4.083333333333333,3.4285714285714284,1.7083333333333333,0,0.0,0.75,1.5,0.75,0.08333333333333333,0.0,0.25,0.7837837837837838,0.7972972972972973,0.8108108108108109,0.64,0.6,0.74,1,cebuano,high_resource
278,20,6,3.9,3.3333333333333335,1.7,0,0.0,0.65,1.4,0.7,0.1,0.0,0.3,0.6379310344827587,0.5517241379310345,0.6379310344827587,0.47368421052631576,0.39473684210526316,0.5,1,cebuano,high_resource
279,7,3,3.857142857142857,2.3333333333333335,1.5714285714285714,0,0.0,0.5714285714285714,1.4285714285714286,0.8571428571428571,0.2857142857142857,0.0,0.42857142857142855,0.9,0.9,0.9,0.6923076923076923,0.6923076923076923,0.6923076923076923,1,cebuano,high_resource
280,8,2,3.25,4.0,1.5,0,0.0,0.75,1.25,0.5,0.0,0.0,0.25,1.0,1.0,1.0,1.0,1.0,1.0,1,cebuano,high_resource
281,20,5,3.05,4.0,1.55,0,0.0,0.65,1.4,0.45,0.0,0.0,0.05,0.926829268292683,0.926829268292683,0.926829268292683,0.8095238095238095,0.6666666666666666,0.9047619047619048,1,cebuano,high_resource
282,40,13,5.2,3.076923076923077,2.3,0,0.0,0.8461538461538461,1.95,0.925,0.075,0.0,0.325,0.7125748502994012,0.6646706586826348,0.7544910179640718,0.6587301587301587,0.626984126984127,0.7698412698412699,1,cebuano,high_resource
283,24,6,4.083333333333333,4.0,1.8333333333333333,0,0.0,0.7083333333333334,1.75,0.7916666666666666,0.08333333333333333,0.0,0.25,0.6756756756756757,0.6486486486486487,0.6891891891891891,0.64,0.48,0.68,1,cebuano,high_resource
284,12,3,3.5,4.0,1.5,0,0.0,0.5,1.3333333333333333,0.6666666666666666,0.16666666666666666,0.0,0.3333333333333333,0.9333333333333333,0.9333333333333333,0.9333333333333333,0.7777777777777778,0.6666666666666666,0.7777777777777778,1,cebuano,high_resource
285,19,6,3.3157894736842106,3.1666666666666665,1.5263157894736843,0,0.0,0.3157894736842105,1.263157894736842,0.5263157894736842,0.0,0.0,0.2631578947368421,1.0,1.0,1.0,1.0,0.84,1.0,1,cebuano,high_resource
286,22,6,3.727272727272727,3.6666666666666665,1.6363636363636365,0,0.0,0.42857142857142855,1.2727272727272727,0.45454545454545453,0.0,0.0,0.13636363636363635,0.6271186440677966,0.6271186440677966,0.6271186440677966,0.3611111111111111,0.5277777777777778,0.8888888888888888,1,cebuano,high_resource
287,24,6,5.125,4.0,2.0416666666666665,0,0.0,0.8,1.7083333333333333,1.1666666666666667,0.375,0.0,0.6666666666666666,0.6530612244897959,0.6326530612244898,0.7244897959183674,0.5945945945945946,0.47297297297297297,0.6216216216216216,1,cebuano,high_resource
288,112,12,4.75,9.333333333333334,2.044642857142857,1,1.0909090909090908,0.6513761467889908,1.7678571428571428,0.8928571428571429,0.16964285714285715,0.0,0.45535714285714285,0.7410071942446043,0.7074340527577938,0.7721822541966427,0.7185430463576159,0.6556291390728477,0.7880794701986755,1,cebuano,high_resource
289,54,10,5.12962962962963,5.4,2.2222222222222223,0,1.1,0.75,1.962962962962963,0.9444444444444444,0.18518518518518517,0.0,0.48148148148148145,0.7737556561085973,0.6742081447963801,0.7918552036199095,0.7515151515151515,0.7151515151515152,0.8242424242424242,1,cebuano,high_resource
290,48,8,4.25,6.0,1.875,0,0.0,0.6458333333333334,1.625,0.7916666666666666,0.1875,0.0,0.375,0.6730769230769231,0.5833333333333334,0.6858974358974359,0.6203703703703703,0.5555555555555556,0.6666666666666666,1,cebuano,high_resource
291,76,21,4.842105263157895,3.619047619047619,2.0789473684210527,1,0.0,0.7297297297297297,1.7763157894736843,0.8947368421052632,0.14473684210526316,0.0,0.4605263157894737,0.6724137931034483,0.6517241379310345,0.696551724137931,0.5849056603773585,0.5188679245283019,0.6462264150943396,1,cebuano,high_resource
292,41,14,4.487804878048781,2.9285714285714284,1.8780487804878048,0,0.0,0.7073170731707317,1.5853658536585367,0.8292682926829268,0.2682926829268293,0.0,0.5121951219512195,0.6993006993006993,0.6573426573426573,0.6923076923076923,0.5098039215686274,0.49019607843137253,0.5882352941176471,1,cebuano,high_resource
293,42,11,4.690476190476191,3.8181818181818183,1.8333333333333333,0,0.0,0.42857142857142855,1.6666666666666667,0.9761904761904762,0.19047619047619047,0.0,0.4523809523809524,0.8580645161290322,0.8387096774193549,0.8774193548387097,0.7787610619469026,0.6106194690265486,0.7876106194690266,1,cebuano,high_resource
294,23,6,4.782608695652174,3.8333333333333335,2.0869565217391304,0,0.0,0.6363636363636364,1.9130434782608696,0.8695652173913043,0.0,0.0,0.08695652173913043,0.7093023255813954,0.6162790697674418,0.686046511627907,0.6129032258064516,0.4032258064516129,0.6451612903225806,1,cebuano,high_resource
295,31,6,3.161290322580645,5.166666666666667,1.5806451612903225,0,0.0,0.3225806451612903,1.4838709677419355,0.5483870967741935,0.0,0.0,0.03225806451612903,0.7910447761194029,0.7761194029850746,0.8805970149253731,0.75,0.6388888888888888,0.6111111111111112,1,cebuano,high_resource
296,129,18,4.7984496124031,7.166666666666667,2.046511627906977,1,1.5294117647058822,0.4796747967479675,1.7209302325581395,0.8604651162790697,0.20155038759689922,0.007751937984496124,0.4806201550387597,0.7892561983471075,0.7458677685950413,0.7768595041322314,0.7994269340974212,0.6819484240687679,0.8166189111747851,1,cebuano,high_resource
297,22,6,4.7272727272727275,3.6666666666666665,2.1818181818181817,0,0.0,0.9090909090909091,1.8636363636363635,0.9090909090909091,0.13636363636363635,0.0,0.3181818181818182,0.7682926829268293,0.7195121951219512,0.7560975609756098,0.7419354838709677,0.6451612903225806,0.8064516129032258,1,cebuano,high_resource
298,11,4,3.4545454545454546,2.75,1.6363636363636365,0,1.25,0.45454545454545453,1.4545454545454546,0.6363636363636364,0.0,0.0,0.18181818181818182,1.0,1.0,1.0,1.0,0.6875,1.0,1,cebuano,high_resource
299,159,12,3.9245283018867925,13.25,1.5911949685534592,3,4.461538461538462,0.6709677419354839,1.1823899371069182,0.5849056603773585,0.1069182389937107,0.0,0.4779874213836478,0.6334056399132321,0.613882863340564,0.6464208242950108,0.5815384615384616,0.5661538461538461,0.6369230769230769,1,cebuano,high_resource
300,47,9,4.829787234042553,5.222222222222222,2.0425531914893615,0,0.0,0.7021276595744681,1.7446808510638299,0.9361702127659575,0.19148936170212766,0.0,0.44680851063829785,0.7388888888888889,0.6888888888888889,0.7222222222222222,0.7518796992481203,0.6165413533834586,0.7819548872180451,1,cebuano,high_resource
301,37,11,4.5675675675675675,3.3636363636363638,1.9189189189189189,0,1.1818181818181819,0.6756756756756757,1.5675675675675675,0.8378378378378378,0.13513513513513514,0.0,0.4594594594594595,0.7045454545454546,0.5909090909090909,0.7121212121212122,0.631578947368421,0.5368421052631579,0.7052631578947368,1,cebuano,high_resource
302,17,4,3.5294117647058822,4.25,1.588235294117647,0,0.0,0.8823529411764706,1.2941176470588236,0.5294117647058824,0.0,0.0,0.17647058823529413,0.7674418604651163,0.7209302325581395,0.813953488372093,0.6153846153846154,0.5769230769230769,0.7692307692307693,1,cebuano,high_resource
303,11,4,4.0,2.75,1.5454545454545454,0,0.0,0.45454545454545453,1.3636363636363635,0.9090909090909091,0.2727272727272727,0.0,0.5454545454545454,0.9090909090909091,0.9090909090909091,0.9090909090909091,0.7272727272727273,0.7272727272727273,0.7272727272727273,1,cebuano,high_resource
304,19,5,3.263157894736842,3.8,1.5263157894736843,0,0.0,0.3157894736842105,1.3157894736842106,0.5263157894736842,0.0,0.0,0.21052631578947367,1.0,1.0,1.0,1.0,1.0,1.0,1,cebuano,high_resource
305,35,12,4.6,2.9166666666666665,1.9142857142857144,0,0.0,0.6571428571428571,1.6,0.7142857142857143,0.17142857142857143,0.05714285714285714,0.5428571428571428,0.5793650793650794,0.626984126984127,0.6111111111111112,0.5274725274725275,0.45054945054945056,0.5714285714285714,1,cebuano,high_resource
306,24,8,5.208333333333333,3.0,2.2083333333333335,1,0.0,0.7777777777777778,1.7083333333333333,0.75,0.08333333333333333,0.0,0.5,0.7368421052631579,0.7578947368421053,0.7473684210526316,0.5846153846153846,0.6307692307692307,0.8307692307692308,1,cebuano,high_resource
307,44,8,4.2272727272727275,5.5,1.7954545454545454,0,1.25,0.627906976744186,1.4545454545454546,0.7272727272727273,0.18181818181818182,0.0,0.38636363636363635,0.6690140845070423,0.6901408450704225,0.7253521126760564,0.5,0.51,0.7,1,cebuano,high_resource
308,46,10,5.086956521739131,4.6,2.347826086956522,1,0.0,0.6666666666666666,2.0,1.0,0.10869565217391304,0.0,0.2826086956521739,0.7058823529411765,0.6524064171122995,0.7058823529411765,0.6857142857142857,0.6428571428571429,0.75,1,cebuano,high_resource
309,24,6,3.8333333333333335,4.0,1.6666666666666667,0,0.0,0.8260869565217391,1.2083333333333333,0.5416666666666666,0.08333333333333333,0.0,0.4166666666666667,0.6716417910447762,0.6268656716417911,0.6567164179104478,0.6428571428571429,0.6190476190476191,0.7142857142857143,1,cebuano,high_resource
310,54,16,5.648148148148148,3.375,2.425925925925926,3,1.125,0.7777777777777778,2.2222222222222223,1.2222222222222223,0.2037037037037037,0.0,0.3888888888888889,0.7330677290836654,0.6653386454183267,0.7051792828685259,0.700507614213198,0.6243654822335025,0.751269035532995,1,cebuano,high_resource
311,69,9,3.971014492753623,7.666666666666667,1.7826086956521738,0,0.0,0.5,1.5072463768115942,0.6666666666666666,0.057971014492753624,0.0,0.2753623188405797,0.6568627450980392,0.6176470588235294,0.6470588235294118,0.582089552238806,0.4701492537313433,0.6343283582089553,1,cebuano,high_resource
312,33,5,4.454545454545454,6.6,1.8181818181818181,1,0.0,0.6363636363636364,1.6363636363636365,0.8484848484848485,0.12121212121212122,0.0,0.2727272727272727,0.7719298245614035,0.7631578947368421,0.8157894736842105,0.6666666666666666,0.5925925925925926,0.7777777777777778,1,cebuano,high_resource
313,55,16,5.127272727272727,3.4375,2.2363636363636363,1,1.0625,0.7115384615384616,1.8181818181818181,0.9454545454545454,0.2,0.0,0.45454545454545453,0.6696428571428571,0.6651785714285714,0.6830357142857143,0.6107784431137725,0.5449101796407185,0.7065868263473054,1,cebuano,high_resource
314,38,12,4.815789473684211,3.1666666666666665,2.0526315789473686,0,0.0,0.7567567567567568,1.894736842105263,0.9473684210526315,0.13157894736842105,0.0,0.2894736842105263,0.7291666666666666,0.7013888888888888,0.8055555555555556,0.7142857142857143,0.6285714285714286,0.819047619047619,1,cebuano,high_resource
315,45,10,4.711111111111111,4.5,2.1555555555555554,1,0.0,0.6888888888888889,1.9333333333333333,0.8444444444444444,0.06666666666666667,0.0,0.3333333333333333,0.7544910179640718,0.6706586826347305,0.7904191616766467,0.639344262295082,0.5409836065573771,0.7704918032786885,1,cebuano,high_resource
316,164,10,3.652439024390244,16.4,1.4878048780487805,3,5.818181818181818,0.5617283950617284,1.1951219512195121,0.5548780487804879,0.10365853658536585,0.0,0.40853658536585363,0.5103926096997691,0.4665127020785219,0.5219399538106235,0.3979591836734694,0.45918367346938777,0.4931972789115646,1,cebuano,high_resource
317,48,10,5.625,4.8,2.3125,1,1.1,0.425531914893617,2.0833333333333335,1.1041666666666667,0.2916666666666667,0.0,0.5,0.7737556561085973,0.7963800904977375,0.8009049773755657,0.686046511627907,0.5988372093023255,0.7674418604651163,1,cebuano,high_resource
318,63,11,4.476190476190476,5.7272727272727275,2.0634920634920637,0,1.1818181818181819,0.4918032786885246,1.6825396825396826,0.7936507936507936,0.047619047619047616,0.0,0.23809523809523808,0.7916666666666666,0.6898148148148148,0.8055555555555556,0.6733333333333333,0.64,0.7733333333333333,1,cebuano,high_resource
319,63,15,4.238095238095238,4.2,1.9682539682539681,0,1.1333333333333333,0.5901639344262295,1.619047619047619,0.746031746031746,0.06349206349206349,0.0,0.25396825396825395,0.7821782178217822,0.6831683168316832,0.7821782178217822,0.7372262773722628,0.5985401459854015,0.7664233576642335,1,cebuano,high_resource
320,20,6,3.3,3.3333333333333335,1.65,0,0.0,0.35,1.4,0.5,0.0,0.0,0.1,0.9782608695652174,0.9782608695652174,0.9782608695652174,0.9230769230769231,0.6538461538461539,0.9230769230769231,1,cebuano,high_resource
321,53,10,5.0754716981132075,5.3,2.169811320754717,0,1.2,0.72,1.8867924528301887,1.0188679245283019,0.1509433962264151,0.018867924528301886,0.4339622641509434,0.7746478873239436,0.7089201877934272,0.784037558685446,0.7388535031847133,0.6178343949044586,0.7961783439490446,1,cebuano,high_resource
322,41,8,4.926829268292683,5.125,2.1463414634146343,1,0.0,0.6666666666666666,1.8780487804878048,0.9512195121951219,0.14634146341463414,0.0,0.3902439024390244,0.7169811320754716,0.6226415094339622,0.6918238993710691,0.6637931034482759,0.6379310344827587,0.75,1,cebuano,high_resource
323,40,9,4.575,4.444444444444445,2.05,0,0.0,0.75,1.85,0.85,0.05,0.0,0.175,0.6783216783216783,0.6433566433566433,0.6573426573426573,0.6407766990291263,0.5922330097087378,0.7281553398058253,1,cebuano,high_resource
324,150,24,4.36,6.25,1.86,0,1.7894736842105263,0.39864864864864863,1.5933333333333333,0.7733333333333333,0.18666666666666668,0.006666666666666667,0.44,0.7430278884462151,0.7191235059760956,0.7450199203187251,0.7,0.64,0.7742857142857142,1,cebuano,high_resource
325,53,10,4.716981132075472,5.3,2.0377358490566038,0,1.2,0.7169811320754716,1.7547169811320755,0.9056603773584906,0.20754716981132076,0.0,0.37735849056603776,0.6192893401015228,0.5888324873096447,0.6598984771573604,0.5902777777777778,0.5416666666666666,0.7361111111111112,1,cebuano,high_resource
326,20,6,3.45,3.3333333333333335,1.55,0,0.0,0.4,1.25,0.5,0.0,0.0,0.35,0.9387755102040817,0.9387755102040817,0.9795918367346939,0.6551724137931034,0.6551724137931034,0.7931034482758621,1,cebuano,high_resource
327,44,8,4.795454545454546,5.5,2.090909090909091,0,0.0,0.7441860465116279,1.8181818181818181,0.9090909090909091,0.11363636363636363,0.0,0.25,0.6445783132530121,0.5662650602409639,0.6144578313253012,0.628099173553719,0.5537190082644629,0.7107438016528925,1,cebuano,high_resource
328,45,10,4.6,4.5,2.022222222222222,0,0.0,0.6444444444444445,1.6666666666666667,0.7555555555555555,0.15555555555555556,0.0,0.3333333333333333,0.6296296296296297,0.5802469135802469,0.6172839506172839,0.5555555555555556,0.5641025641025641,0.7435897435897436,1,cebuano,high_resource
329,41,10,5.439024390243903,4.1,2.3658536585365852,1,0.0,0.7631578947368421,2.1707317073170733,1.0731707317073171,0.17073170731707318,0.0,0.43902439024390244,0.6983240223463687,0.6480446927374302,0.7262569832402235,0.6518518518518519,0.5777777777777777,0.725925925925926,1,cebuano,high_resource
330,17,6,4.411764705882353,2.8333333333333335,1.7058823529411764,0,0.0,0.5882352941176471,1.2941176470588236,0.8823529411764706,0.35294117647058826,0.0,0.5882352941176471,0.8275862068965517,0.7758620689655172,0.8103448275862069,0.7804878048780488,0.6341463414634146,0.8780487804878049,1,cebuano,high_resource
331,37,8,5.324324324324325,4.625,2.3513513513513513,2,0.0,0.6666666666666666,1.972972972972973,0.8648648648648649,0.08108108108108109,0.0,0.3783783783783784,0.7735849056603774,0.7421383647798742,0.7547169811320755,0.7603305785123967,0.6198347107438017,0.8429752066115702,1,cebuano,high_resource
332,40,12,5.425,3.3333333333333335,2.35,0,0.0,0.7647058823529411,2.0,1.05,0.15,0.0,0.425,0.7267441860465116,0.6453488372093024,0.7093023255813954,0.6456692913385826,0.5590551181102362,0.7086614173228346,1,cebuano,high_resource
333,65,13,4.876923076923077,5.0,2.0153846153846153,0,0.0,0.576271186440678,1.8461538461538463,0.9538461538461539,0.2153846153846154,0.0,0.49230769230769234,0.6290322580645161,0.5685483870967742,0.6370967741935484,0.5277777777777778,0.5166666666666667,0.5444444444444444,1,cebuano,high_resource
334,13,6,3.3076923076923075,2.1666666666666665,1.6153846153846154,0,0.0,0.7692307692307693,1.3846153846153846,0.5384615384615384,0.0,0.0,0.07692307692307693,0.8333333333333334,0.6,0.8333333333333334,0.4117647058823529,0.4117647058823529,0.5882352941176471,1,cebuano,high_resource
335,20,6,3.9,3.3333333333333335,1.5,0,0.0,0.3888888888888889,1.0,0.8,0.15,0.0,0.45,0.8928571428571429,0.7142857142857143,0.625,0.4117647058823529,0.4117647058823529,0.7352941176470589,1,cebuano,high_resource
336,52,18,5.0,2.888888888888889,2.1538461538461537,0,0.0,0.6538461538461539,1.7884615384615385,0.8653846153846154,0.1346153846153846,0.019230769230769232,0.40384615384615385,0.6394230769230769,0.6105769230769231,0.6346153846153846,0.6153846153846154,0.5833333333333334,0.75,1,cebuano,high_resource
337,20,6,4.0,3.3333333333333335,1.7,0,0.0,0.631578947368421,1.45,0.85,0.15,0.0,0.3,0.7627118644067796,0.7627118644067796,0.8135593220338984,0.8974358974358975,0.8974358974358975,0.8974358974358975,1,cebuano,high_resource
338,73,8,4.863013698630137,9.125,2.0,0,0.0,0.5774647887323944,1.7945205479452055,0.9041095890410958,0.1643835616438356,0.0,0.4931506849315068,0.7821428571428571,0.7607142857142857,0.8071428571428572,0.7853658536585366,0.6926829268292682,0.7853658536585366,1,cebuano,high_resource
339,30,6,4.033333333333333,5.0,1.7,0,0.0,0.36666666666666664,1.2333333333333334,0.5666666666666667,0.06666666666666667,0.0,0.26666666666666666,0.5054945054945055,0.46153846153846156,0.5054945054945055,0.47540983606557374,0.4426229508196721,0.5245901639344263,1,cebuano,high_resource
340,10,3,4.3,3.3333333333333335,1.8,0,0.0,0.6,1.8,0.8,0.0,0.0,0.0,0.9696969696969697,0.9696969696969697,1.0,1.0,0.9130434782608695,1.0,1,cebuano,high_resource
341,55,10,4.0,5.5,1.9090909090909092,0,1.1,0.5272727272727272,1.7454545454545454,0.7272727272727273,0.03636363636363636,0.0,0.09090909090909091,0.6727272727272727,0.6303030303030303,0.6848484848484848,0.6,0.42727272727272725,0.6636363636363637,1,cebuano,high_resource
342,165,23,3.824242424242424,7.173913043478261,1.6303030303030304,3,3.75,0.5214723926380368,1.2242424242424241,0.6181818181818182,0.07878787878787878,0.0,0.41818181818181815,0.5129310344827587,0.46551724137931033,0.5086206896551724,0.5111821086261981,0.5686900958466453,0.6293929712460063,1,cebuano,high_resource
343,19,5,3.5789473684210527,3.8,1.5263157894736843,0,0.0,0.3157894736842105,1.3157894736842106,0.6842105263157895,0.15789473684210525,0.0,0.3684210526315789,0.9387755102040817,0.9387755102040817,0.9387755102040817,0.8,0.8,0.8,1,cebuano,high_resource
344,5,1,3.4,5.0,1.6,0,2.0,1.0,1.4,0.6,0.0,0.0,0.2,1.0,1.0,1.0,1.0,0.8571428571428571,1.0,1,cebuano,high_resource
345,22,6,4.318181818181818,3.6666666666666665,2.1363636363636362,0,0.0,0.7368421052631579,1.6363636363636365,0.5909090909090909,0.09090909090909091,0.0,0.18181818181818182,0.7714285714285715,0.7142857142857143,0.7,0.6888888888888889,0.6888888888888889,0.7777777777777778,1,cebuano,high_resource
346,65,16,5.2615384615384615,4.0625,2.1846153846153844,0,0.0,0.5076923076923077,1.876923076923077,1.0153846153846153,0.1076923076923077,0.0,0.4153846153846154,0.6425992779783394,0.6642599277978339,0.7075812274368231,0.6698113207547169,0.5471698113207547,0.7075471698113207,1,cebuano,high_resource
347,98,11,4.795918367346939,8.909090909090908,1.9081632653061225,0,1.0909090909090908,0.5208333333333334,1.7346938775510203,0.8979591836734694,0.15306122448979592,0.0,0.46938775510204084,0.7324324324324324,0.7135135135135136,0.7486486486486487,0.6555555555555556,0.6259259259259259,0.7407407407407407,1,cebuano,high_resource
348,7,2,3.4285714285714284,3.5,1.5714285714285714,0,0.0,1.0,1.5714285714285714,0.7142857142857143,0.14285714285714285,0.0,0.14285714285714285,0.9411764705882353,0.9411764705882353,0.9411764705882353,0.8,0.7,0.8,1,cebuano,high_resource
349,41,6,4.512195121951219,6.833333333333333,1.8780487804878048,0,0.0,0.5365853658536586,1.4634146341463414,0.7804878048780488,0.17073170731707318,0.0,0.4634146341463415,0.75,0.6666666666666666,0.75,0.6601941747572816,0.7184466019417476,0.8155339805825242,1,cebuano,high_resource
350,17,6,3.4705882352941178,2.8333333333333335,1.6470588235294117,0,0.0,0.47058823529411764,1.2352941176470589,0.35294117647058826,0.0,0.0,0.29411764705882354,0.6428571428571429,0.6428571428571429,0.6428571428571429,0.12,0.28,0.36,1,cebuano,high_resource
351,32,7,4.71875,4.571428571428571,2.1875,0,0.0,0.6774193548387096,1.75,1.0,0.125,0.0,0.34375,0.7372881355932204,0.711864406779661,0.7288135593220338,0.6588235294117647,0.6588235294117647,0.7529411764705882,1,cebuano,high_resource
352,5,2,3.4,2.5,1.6,0,0.0,0.8,1.4,0.6,0.0,0.0,0.2,1.0,1.0,1.0,1.0,0.8571428571428571,1.0,1,cebuano,high_resource
353,8,2,3.25,4.0,1.5,0,0.0,0.75,1.25,0.5,0.0,0.0,0.25,1.0,1.0,1.0,1.0,0.8,1.0,1,cebuano,high_resource
354,56,11,5.339285714285714,5.090909090909091,2.2142857142857144,0,1.1,0.8888888888888888,2.0535714285714284,1.1071428571428572,0.17857142857142858,0.017857142857142856,0.5178571428571429,0.6970954356846473,0.6556016597510373,0.7012448132780082,0.644808743169399,0.6065573770491803,0.6612021857923497,1,cebuano,high_resource
355,53,11,5.0,4.818181818181818,2.0,0,1.2222222222222223,0.7115384615384616,1.849056603773585,1.0754716981132075,0.3018867924528302,0.0,0.5094339622641509,0.5545023696682464,0.5450236966824644,0.5687203791469194,0.5095541401273885,0.40764331210191085,0.535031847133758,1,cebuano,high_resource
356,55,6,3.8545454545454545,9.166666666666666,1.8,0,0.0,0.4,1.509090909090909,0.6181818181818182,0.07272727272727272,0.0,0.21818181818181817,0.6942675159235668,0.5859872611464968,0.6624203821656051,0.5294117647058824,0.46078431372549017,0.49019607843137253,1,cebuano,high_resource
357,20,5,3.95,4.0,1.7,0,0.0,0.75,1.45,0.7,0.05,0.0,0.35,0.7457627118644068,0.6949152542372882,0.7796610169491526,0.8717948717948718,0.6923076923076923,0.7692307692307693,1,cebuano,high_resource
358,14,3,3.857142857142857,4.666666666666667,1.6428571428571428,0,0.0,0.35714285714285715,1.5,0.8571428571428571,0.21428571428571427,0.0,0.35714285714285715,0.925,0.925,0.925,0.7692307692307693,0.6538461538461539,0.7692307692307693,1,cebuano,high_resource
359,12,0,4.583333333333333,12.0,1.8333333333333333,0,0.0,1.0,1.8333333333333333,1.3333333333333333,0.3333333333333333,0.0,0.3333333333333333,0.9069767441860465,0.9069767441860465,0.9069767441860465,0.6129032258064516,0.6129032258064516,0.7741935483870968,1,cebuano,high_resource
360,55,11,4.927272727272728,5.0,2.0,0,0.0,0.7962962962962963,1.7636363636363637,0.9636363636363636,0.18181818181818182,0.01818181818181818,0.4727272727272727,0.6976744186046512,0.6837209302325581,0.7209302325581395,0.660377358490566,0.6037735849056604,0.7295597484276729,1,cebuano,high_resource
361,56,16,4.607142857142857,3.5,2.142857142857143,0,1.375,0.8269230769230769,1.8571428571428572,0.875,0.017857142857142856,0.0,0.19642857142857142,0.6464646464646465,0.6060606060606061,0.6616161616161617,0.5942028985507246,0.5507246376811594,0.717391304347826,1,cebuano,high_resource
362,57,18,4.982456140350878,3.1666666666666665,2.0701754385964914,0,0.0,0.7169811320754716,1.7543859649122806,0.9298245614035088,0.21052631578947367,0.0,0.42105263157894735,0.6367713004484304,0.5874439461883408,0.672645739910314,0.5740740740740741,0.5061728395061729,0.6728395061728395,1,cebuano,high_resource
363,41,8,5.097560975609756,5.125,2.1463414634146343,1,0.0,0.5609756097560976,1.8780487804878048,0.8780487804878049,0.07317073170731707,0.0,0.5365853658536586,0.6845238095238095,0.6666666666666666,0.7321428571428571,0.6535433070866141,0.5669291338582677,0.6614173228346457,1,cebuano,high_resource
364,90,23,5.2555555555555555,3.9130434782608696,2.4,2,1.3478260869565217,0.6206896551724138,2.1,0.9,0.08888888888888889,0.0,0.34444444444444444,0.6868421052631579,0.6157894736842106,0.718421052631579,0.6829268292682927,0.5923344947735192,0.7735191637630662,1,cebuano,high_resource
365,22,4,4.818181818181818,5.5,1.8181818181818181,0,0.0,0.7272727272727273,1.5909090909090908,0.9090909090909091,0.2727272727272727,0.045454545454545456,0.6818181818181818,0.6309523809523809,0.6190476190476191,0.6309523809523809,0.5483870967741935,0.5161290322580645,0.46774193548387094,1,cebuano,high_resource
366,40,7,4.225,5.714285714285714,1.825,0,0.0,0.8,1.5,0.65,0.125,0.0,0.375,0.7364341085271318,0.7286821705426356,0.7596899224806202,0.6404494382022472,0.651685393258427,0.797752808988764,1,cebuano,high_resource
367,32,12,4.75,2.6666666666666665,2.125,0,0.0,0.6875,1.9375,0.96875,0.03125,0.0,0.25,0.7,0.6,0.6833333333333333,0.6818181818181818,0.5568181818181818,0.6590909090909091,1,cebuano,high_resource
368,22,6,4.136363636363637,3.6666666666666665,1.6818181818181819,0,0.0,0.7272727272727273,1.4090909090909092,0.7727272727272727,0.13636363636363635,0.0,0.45454545454545453,0.7391304347826086,0.7391304347826086,0.7391304347826086,0.7021276595744681,0.6170212765957447,0.7659574468085106,1,cebuano,high_resource
369,54,7,4.685185185185185,7.714285714285714,1.9814814814814814,0,0.0,0.660377358490566,1.5740740740740742,0.8333333333333334,0.12962962962962962,0.0,0.5370370370370371,0.6919191919191919,0.6363636363636364,0.696969696969697,0.6223776223776224,0.5874125874125874,0.7552447552447552,1,cebuano,high_resource
370,23,6,3.260869565217391,3.8333333333333335,1.5217391304347827,0,0.0,0.36363636363636365,1.2173913043478262,0.5652173913043478,0.0,0.0,0.17391304347826086,0.9411764705882353,0.9411764705882353,0.9411764705882353,0.9629629629629629,0.6666666666666666,1.0,1,cebuano,high_resource
371,75,12,4.92,6.25,2.013333333333333,1,1.6,0.6301369863013698,1.8133333333333332,0.96,0.21333333333333335,0.0,0.37333333333333335,0.6426116838487973,0.6185567010309279,0.6666666666666666,0.6103286384976526,0.568075117370892,0.7089201877934272,1,cebuano,high_resource
372,55,10,4.254545454545455,5.5,1.8363636363636364,0,0.0,0.5925925925925926,1.6545454545454545,0.7090909090909091,0.05454545454545454,0.0,0.2909090909090909,0.5955056179775281,0.5561797752808989,0.6292134831460674,0.5819672131147541,0.5327868852459017,0.6147540983606558,1,cebuano,high_resource
373,24,6,3.7083333333333335,4.0,1.625,0,0.0,0.7083333333333334,1.2916666666666667,0.5416666666666666,0.041666666666666664,0.0,0.20833333333333334,0.8153846153846154,0.8153846153846154,0.8461538461538461,0.7317073170731707,0.7560975609756098,0.926829268292683,1,cebuano,high_resource
374,126,14,4.428571428571429,9.0,1.8571428571428572,1,1.6666666666666667,0.4523809523809524,1.5,0.6746031746031746,0.06349206349206349,0.0,0.5,0.7337962962962963,0.7106481481481481,0.7453703703703703,0.6862745098039216,0.6241830065359477,0.7549019607843137,1,cebuano,high_resource
375,50,10,4.4,5.0,1.9,0,1.1,0.625,1.52,0.68,0.04,0.0,0.4,0.7261904761904762,0.7083333333333334,0.75,0.6896551724137931,0.5431034482758621,0.7241379310344828,1,cebuano,high_resource
376,81,9,4.91358024691358,9.0,2.0864197530864197,1,1.4444444444444444,0.6455696202531646,1.7530864197530864,0.8641975308641975,0.19753086419753085,0.012345679012345678,0.49382716049382713,0.65814696485623,0.6166134185303515,0.7028753993610224,0.6419213973799127,0.5152838427947598,0.6375545851528385,1,cebuano,high_resource
377,46,8,4.521739130434782,5.75,2.0434782608695654,0,0.0,0.7555555555555555,1.7173913043478262,0.7608695652173914,0.08695652173913043,0.0,0.32608695652173914,0.7515527950310559,0.7142857142857143,0.782608695652174,0.6754385964912281,0.6052631578947368,0.7807017543859649,1,cebuano,high_resource
378,81,8,4.296296296296297,10.125,1.8271604938271604,0,1.5,0.5679012345679012,1.5308641975308641,0.8395061728395061,0.1111111111111111,0.012345679012345678,0.345679012345679,0.6891385767790262,0.6479400749063671,0.704119850187266,0.6290322580645161,0.5053763440860215,0.7258064516129032,1,cebuano,high_resource
379,23,6,4.130434782608695,3.8333333333333335,1.7826086956521738,0,0.0,0.782608695652174,1.3043478260869565,0.7391304347826086,0.08695652173913043,0.0,0.43478260869565216,0.7638888888888888,0.6666666666666666,0.7361111111111112,0.7551020408163265,0.6938775510204082,0.7142857142857143,1,cebuano,high_resource
380,12,4,3.8333333333333335,3.0,1.6666666666666667,0,0.0,0.5,1.5,0.8333333333333334,0.16666666666666666,0.0,0.3333333333333333,0.9411764705882353,0.9411764705882353,0.9411764705882353,0.6363636363636364,0.5454545454545454,1.0,1,cebuano,high_resource
381,50,10,4.32,5.0,1.86,0,0.0,0.56,1.58,0.76,0.08,0.0,0.42,0.8433734939759037,0.8373493975903614,0.7831325301204819,0.8448275862068966,0.7155172413793104,0.853448275862069,1,cebuano,high_resource
382,36,12,5.083333333333333,3.0,2.1944444444444446,0,0.0,0.7352941176470589,2.0277777777777777,1.0555555555555556,0.1111111111111111,0.0,0.3055555555555556,0.8068965517241379,0.7034482758620689,0.7793103448275862,0.8130841121495327,0.6728971962616822,0.7570093457943925,1,cebuano,high_resource
383,53,10,4.547169811320755,5.3,2.0377358490566038,0,0.0,0.6862745098039216,1.7735849056603774,0.8679245283018868,0.07547169811320754,0.0,0.32075471698113206,0.7526881720430108,0.6720430107526881,0.7634408602150538,0.6717557251908397,0.6030534351145038,0.7557251908396947,1,cebuano,high_resource
384,42,9,4.285714285714286,4.666666666666667,1.880952380952381,0,0.0,0.4883720930232558,1.5952380952380953,0.7857142857142857,0.09523809523809523,0.023809523809523808,0.2857142857142857,0.6204379562043796,0.6131386861313869,0.6058394160583942,0.5368421052631579,0.45263157894736844,0.6,1,cebuano,high_resource
385,18,5,3.2777777777777777,3.6,1.5555555555555556,0,0.0,0.4444444444444444,1.4444444444444444,0.6111111111111112,0.0,0.0,0.0,0.7560975609756098,0.7560975609756098,0.8292682926829268,0.6521739130434783,0.782608695652174,0.6956521739130435,1,cebuano,high_resource
386,55,17,5.0,3.235294117647059,2.0727272727272728,0,1.0588235294117647,0.7115384615384616,1.8545454545454545,1.0,0.2727272727272727,0.03636363636363636,0.43636363636363634,0.6543778801843319,0.6175115207373272,0.663594470046083,0.5849056603773585,0.5534591194968553,0.6540880503144654,1,cebuano,high_resource
387,22,6,3.272727272727273,3.6666666666666665,1.6818181818181819,0,0.0,0.5454545454545454,1.3181818181818181,0.4090909090909091,0.0,0.0,0.045454545454545456,0.64,0.56,0.74,0.39285714285714285,0.35714285714285715,0.5714285714285714,1,cebuano,high_resource
388,17,5,3.823529411764706,3.4,1.8235294117647058,0,0.0,0.5294117647058824,1.5294117647058822,0.5294117647058824,0.058823529411764705,0.0,0.35294117647058826,0.7291666666666666,0.7083333333333334,0.7291666666666666,0.5483870967741935,0.7419354838709677,0.6129032258064516,1,cebuano,high_resource
389,24,6,3.4583333333333335,4.0,1.75,0,0.0,0.4583333333333333,1.5,0.4583333333333333,0.0,0.0,0.0,0.9322033898305084,0.8813559322033898,0.9322033898305084,0.8285714285714286,0.7142857142857143,0.9428571428571428,1,cebuano,high_resource
390,66,13,4.848484848484849,5.076923076923077,2.196969696969697,0,1.0769230769230769,0.5384615384615384,1.9242424242424243,0.9090909090909091,0.18181818181818182,0.0,0.3181818181818182,0.7984189723320159,0.6996047430830039,0.7747035573122529,0.6451612903225806,0.5053763440860215,0.7311827956989247,1,cebuano,high_resource
391,48,8,4.729166666666667,6.0,2.0208333333333335,0,0.0,0.6304347826086957,1.8125,0.8333333333333334,0.20833333333333334,0.020833333333333332,0.4791666666666667,0.7627118644067796,0.7401129943502824,0.7175141242937854,0.7559055118110236,0.6850393700787402,0.7952755905511811,1,cebuano,high_resource
392,22,6,3.6818181818181817,3.6666666666666665,1.7727272727272727,0,0.0,0.8571428571428571,1.5909090909090908,0.7272727272727273,0.0,0.0,0.13636363636363635,0.7413793103448276,0.6206896551724138,0.7068965517241379,0.6388888888888888,0.6111111111111112,0.6388888888888888,1,cebuano,high_resource
393,178,20,4.52808988764045,8.9,1.9887640449438202,2,1.8,0.2742857142857143,1.550561797752809,0.6966292134831461,0.10112359550561797,0.0,0.5112359550561798,0.6592,0.6496,0.6912,0.6306306306306306,0.5900900900900901,0.6801801801801802,1,cebuano,high_resource
394,53,10,4.471698113207547,5.3,1.9245283018867925,0,0.0,0.8,1.6981132075471699,0.8679245283018868,0.09433962264150944,0.0,0.37735849056603776,0.7016574585635359,0.7016574585635359,0.7237569060773481,0.776,0.624,0.8,1,cebuano,high_resource
395,30,10,4.366666666666666,3.0,1.9,1,0.0,0.6896551724137931,1.8,0.9333333333333333,0.13333333333333333,0.0,0.2,0.61,0.56,0.6,0.6086956521739131,0.6231884057971014,0.6231884057971014,1,cebuano,high_resource
396,33,12,4.878787878787879,2.75,2.1515151515151514,0,0.0,0.7878787878787878,1.7575757575757576,0.9696969696969697,0.21212121212121213,0.0,0.36363636363636365,0.6953125,0.703125,0.6953125,0.6210526315789474,0.6105263157894737,0.7052631578947368,1,cebuano,high_resource
397,41,7,4.878048780487805,5.857142857142857,2.024390243902439,0,0.0,0.7105263157894737,1.7317073170731707,0.8780487804878049,0.17073170731707318,0.024390243902439025,0.5121951219512195,0.75,0.717948717948718,0.75,0.6607142857142857,0.6071428571428571,0.8035714285714286,1,cebuano,high_resource
398,24,6,4.083333333333333,4.0,1.7083333333333333,0,1.8333333333333333,0.5416666666666666,1.375,0.75,0.08333333333333333,0.0,0.2916666666666667,0.5945945945945946,0.5,0.5135135135135135,0.64,0.6,0.7,1,cebuano,high_resource
399,20,6,3.9,3.3333333333333335,1.55,0,0.0,0.55,1.1,0.65,0.15,0.0,0.4,0.6896551724137931,0.6379310344827587,0.6724137931034483,0.5789473684210527,0.4473684210526316,0.5789473684210527,1,cebuano,high_resource
400,66,11,4.590909090909091,6.0,1.9696969696969697,0,0.0,0.7272727272727273,1.6666666666666667,0.8787878787878788,0.13636363636363635,0.0,0.3787878787878788,0.6893617021276596,0.625531914893617,0.7276595744680852,0.6823529411764706,0.611764705882353,0.8,1,cebuano,high_resource
401,72,19,4.569444444444445,3.789473684210526,1.875,2,4.5,0.6197183098591549,1.5,0.8611111111111112,0.19444444444444445,0.0,0.5138888888888888,0.7182539682539683,0.6904761904761905,0.6944444444444444,0.6193181818181818,0.5511363636363636,0.6306818181818182,1,cebuano,high_resource
402,61,16,4.622950819672131,3.8125,2.1311475409836067,5,1.125,0.5862068965517241,1.6885245901639345,0.7704918032786885,0.09836065573770492,0.0,0.29508196721311475,0.6788990825688074,0.6513761467889908,0.6926605504587156,0.632258064516129,0.535483870967742,0.7032258064516129,1,cebuano,high_resource
403,83,15,5.445783132530121,5.533333333333333,2.4096385542168677,7,1.0666666666666667,0.6582278481012658,2.0602409638554215,1.0120481927710843,0.1927710843373494,0.0,0.4578313253012048,0.726027397260274,0.684931506849315,0.7315068493150685,0.6726618705035972,0.6007194244604317,0.7517985611510791,2,cebuano,high_resource
404,269,26,4.5464684014869885,10.346153846153847,1.933085501858736,3,1.7142857142857142,0.4942528735632184,1.6282527881040891,0.79182156133829,0.17472118959107807,0.0037174721189591076,0.49070631970260226,0.6670190274841438,0.645877378435518,0.7029598308668076,0.6567164179104478,0.5985074626865672,0.7313432835820896,2,cebuano,high_resource
405,56,11,5.232142857142857,5.090909090909091,2.2142857142857144,2,1.0909090909090908,0.6727272727272727,1.9642857142857142,1.0535714285714286,0.19642857142857142,0.0,0.48214285714285715,0.7372881355932204,0.7076271186440678,0.7627118644067796,0.7318435754189944,0.6703910614525139,0.8044692737430168,2,cebuano,high_resource
406,66,5,5.181818181818182,13.2,2.196969696969697,1,0.0,0.6825396825396826,1.7272727272727273,0.7727272727272727,0.19696969696969696,0.0,0.6363636363636364,0.6043956043956044,0.608058608058608,0.63003663003663,0.5392156862745098,0.5392156862745098,0.6862745098039216,2,cebuano,high_resource
407,66,7,4.757575757575758,9.428571428571429,2.090909090909091,1,1.4285714285714286,0.6290322580645161,1.7424242424242424,0.9242424242424242,0.16666666666666666,0.0,0.3484848484848485,0.7090163934426229,0.6598360655737705,0.7172131147540983,0.6954022988505747,0.6149425287356322,0.7931034482758621,2,cebuano,high_resource
408,71,10,4.661971830985915,7.1,2.112676056338028,2,1.3,0.6197183098591549,1.619718309859155,0.7605633802816901,0.11267605633802817,0.0,0.43661971830985913,0.6961538461538461,0.6615384615384615,0.6884615384615385,0.6137566137566137,0.5978835978835979,0.671957671957672,2,cebuano,high_resource
409,187,38,5.101604278074866,4.921052631578948,2.251336898395722,4,1.131578947368421,0.569060773480663,2.0267379679144386,1.0160427807486632,0.1443850267379679,0.0053475935828877,0.36363636363636365,0.7227332457293035,0.6701708278580815,0.7187910643889619,0.6883802816901409,0.5933098591549296,0.727112676056338,2,cebuano,high_resource
410,50,6,4.64,8.333333333333334,2.06,1,1.3333333333333333,0.8,1.76,0.8,0.16,0.0,0.44,0.7197802197802198,0.6923076923076923,0.7307692307692307,0.6818181818181818,0.6287878787878788,0.8106060606060606,2,cebuano,high_resource
411,70,10,4.314285714285714,7.0,1.9,0,1.3,0.6428571428571429,1.7,0.8142857142857143,0.05714285714285714,0.0,0.18571428571428572,0.853448275862069,0.8103448275862069,0.8275862068965517,0.808641975308642,0.6481481481481481,0.8641975308641975,2,cebuano,high_resource
412,72,7,4.486111111111111,10.285714285714286,1.9027777777777777,2,1.1428571428571428,0.5211267605633803,1.3888888888888888,0.6805555555555556,0.1111111111111111,0.0,0.5694444444444444,0.7091633466135459,0.6613545816733067,0.749003984063745,0.664804469273743,0.6368715083798883,0.8268156424581006,2,cebuano,high_resource
413,274,54,5.423357664233577,5.074074074074074,2.2883211678832116,10,1.0925925925925926,0.5267175572519084,1.9963503649635037,1.0255474452554745,0.2664233576642336,0.0072992700729927005,0.583941605839416,0.6073211314475874,0.5815307820299501,0.6231281198003328,0.5,0.46078431372549017,0.5610021786492375,2,cebuano,high_resource
414,89,20,4.561797752808989,4.45,1.9662921348314606,0,0.0,0.6818181818181818,1.7303370786516854,0.8539325842696629,0.16853932584269662,0.0,0.3258426966292135,0.7183544303797469,0.7120253164556962,0.7183544303797469,0.6327433628318584,0.5530973451327433,0.6991150442477876,2,cebuano,high_resource
415,119,26,4.957983193277311,4.576923076923077,2.0840336134453783,2,1.0384615384615385,0.5966386554621849,1.7394957983193278,0.907563025210084,0.14285714285714285,0.0,0.453781512605042,0.7494692144373672,0.7112526539278131,0.7537154989384289,0.7045454545454546,0.6107954545454546,0.7840909090909091,2,cebuano,high_resource
416,118,24,4.745762711864407,4.916666666666667,2.0677966101694913,3,1.125,0.5701754385964912,1.805084745762712,0.8898305084745762,0.17796610169491525,0.0,0.3813559322033898,0.6933638443935927,0.6544622425629291,0.6864988558352403,0.6476190476190476,0.5174603174603175,0.7047619047619048,2,cebuano,high_resource
417,46,5,4.804347826086956,9.2,1.9565217391304348,0,1.8,0.6222222222222222,1.7826086956521738,0.9565217391304348,0.21739130434782608,0.0,0.45652173913043476,0.7126436781609196,0.6839080459770115,0.7241379310344828,0.7007874015748031,0.6062992125984252,0.7795275590551181,2,cebuano,high_resource
418,154,33,4.987012987012987,4.666666666666667,2.1623376623376624,6,0.0,0.527027027027027,1.948051948051948,0.9805194805194806,0.14935064935064934,0.0,0.3246753246753247,0.78125,0.7286184210526315,0.7976973684210527,0.796875,0.703125,0.8392857142857143,2,cebuano,high_resource
419,189,39,5.428571428571429,4.846153846153846,2.306878306878307,10,0.0,0.5355191256830601,1.9788359788359788,0.9947089947089947,0.23809523809523808,0.015873015873015872,0.5661375661375662,0.7120481927710843,0.6518072289156627,0.7228915662650602,0.6340694006309149,0.61198738170347,0.7429022082018928,2,cebuano,high_resource
420,111,24,4.648648648648648,4.625,2.126126126126126,1,0.0,0.5384615384615384,1.7027027027027026,0.7117117117117117,0.09009009009009009,0.0,0.26126126126126126,0.6859296482412061,0.6256281407035176,0.7236180904522613,0.6785714285714286,0.55,0.7107142857142857,2,cebuano,high_resource
421,49,15,5.346938775510204,3.2666666666666666,2.2653061224489797,0,0.0,0.7708333333333334,1.8979591836734695,0.9795918367346939,0.22448979591836735,0.02040816326530612,0.46938775510204084,0.660377358490566,0.5943396226415094,0.6367924528301887,0.5493827160493827,0.4691358024691358,0.6481481481481481,2,cebuano,high_resource
422,114,22,4.973684210526316,5.181818181818182,2.254385964912281,2,0.0,0.6106194690265486,1.868421052631579,0.8859649122807017,0.08771929824561403,0.0,0.34210526315789475,0.7411504424778761,0.6946902654867256,0.7721238938053098,0.6617210682492581,0.629080118694362,0.798219584569733,2,cebuano,high_resource
423,224,22,4.339285714285714,10.181818181818182,1.7767857142857142,4,3.1363636363636362,0.6244131455399061,1.4151785714285714,0.7142857142857143,0.18303571428571427,0.004464285714285714,0.47767857142857145,0.6512890094979648,0.6309362279511533,0.655359565807327,0.5882352941176471,0.5806451612903226,0.6641366223908919,2,cebuano,high_resource
424,158,25,4.265822784810126,6.32,1.8481012658227849,4,2.75,0.4713375796178344,1.4873417721518987,0.620253164556962,0.1518987341772152,0.012658227848101266,0.46835443037974683,0.6970873786407767,0.6873786407766991,0.7067961165048544,0.5955056179775281,0.5674157303370787,0.7191011235955056,2,cebuano,high_resource
425,46,5,4.782608695652174,9.2,2.152173913043478,0,1.6,0.7111111111111111,1.891304347826087,0.8260869565217391,0.021739130434782608,0.0,0.2826086956521739,0.7514450867052023,0.7283236994219653,0.7803468208092486,0.7142857142857143,0.6031746031746031,0.7936507936507936,2,cebuano,high_resource
426,49,10,4.469387755102041,4.9,2.1020408163265305,0,0.0,0.6041666666666666,1.7551020408163265,0.7346938775510204,0.061224489795918366,0.0,0.22448979591836735,0.6153846153846154,0.591715976331361,0.5562130177514792,0.5462184873949579,0.4789915966386555,0.6218487394957983,2,cebuano,high_resource
427,72,16,4.472222222222222,4.5,1.9583333333333333,0,0.0,0.6323529411764706,1.6944444444444444,0.8472222222222222,0.09722222222222222,0.0,0.2361111111111111,0.6788617886178862,0.6585365853658537,0.7195121951219512,0.5588235294117647,0.5117647058823529,0.6647058823529411,2,cebuano,high_resource
428,116,24,4.913793103448276,4.833333333333333,2.1120689655172415,1,1.0416666666666667,0.5431034482758621,1.793103448275862,0.8793103448275862,0.16379310344827586,0.0,0.47413793103448276,0.6814159292035398,0.6061946902654868,0.6637168141592921,0.6119402985074627,0.5044776119402985,0.6238805970149254,2,cebuano,high_resource
429,60,11,4.333333333333333,5.454545454545454,1.9,0,0.0,0.65,1.6333333333333333,0.7833333333333333,0.1,0.0,0.43333333333333335,0.71,0.67,0.74,0.7,0.6142857142857143,0.7357142857142858,2,cebuano,high_resource
430,98,15,5.061224489795919,6.533333333333333,2.204081632653061,4,1.2666666666666666,0.7040816326530612,2.0,1.010204081632653,0.20408163265306123,0.0,0.35714285714285715,0.7171717171717171,0.7070707070707071,0.7121212121212122,0.705685618729097,0.6187290969899666,0.802675585284281,2,cebuano,high_resource
431,85,10,4.6117647058823525,8.5,2.0,2,1.5,0.5714285714285714,1.611764705882353,0.7647058823529411,0.11764705882352941,0.0,0.35294117647058826,0.7352941176470589,0.7287581699346405,0.7287581699346405,0.6227272727272727,0.4727272727272727,0.6727272727272727,2,cebuano,high_resource
432,104,18,5.403846153846154,5.777777777777778,2.4423076923076925,7,1.2222222222222223,0.5576923076923077,2.0576923076923075,1.0480769230769231,0.07692307692307693,0.0,0.3076923076923077,0.7929515418502202,0.724669603524229,0.7951541850220264,0.735632183908046,0.6551724137931034,0.8390804597701149,2,cebuano,high_resource
433,164,15,5.121951219512195,10.933333333333334,2.1463414634146343,9,1.9333333333333333,0.49382716049382713,1.8597560975609757,0.9085365853658537,0.24390243902439024,0.0,0.5853658536585366,0.7359050445103857,0.6958456973293768,0.7626112759643917,0.7066929133858267,0.6594488188976378,0.7834645669291339,2,cebuano,high_resource
434,102,72,4.852941176470588,1.4166666666666667,2.1862745098039214,1,1.0294117647058822,0.5346534653465347,1.7745098039215685,0.8823529411764706,0.17647058823529413,0.0,0.3333333333333333,0.6173469387755102,0.5714285714285714,0.6352040816326531,0.5363321799307958,0.49480968858131485,0.6124567474048442,2,cebuano,high_resource
435,120,20,4.666666666666667,6.0,1.95,0,0.0,0.4666666666666667,1.6916666666666667,0.8833333333333333,0.1,0.0,0.38333333333333336,0.7,0.6727272727272727,0.7090909090909091,0.709375,0.6375,0.765625,2,cebuano,high_resource
436,110,12,4.318181818181818,9.166666666666666,1.7181818181818183,2,1.1666666666666667,0.38181818181818183,1.490909090909091,0.7818181818181819,0.14545454545454545,0.0,0.5545454545454546,0.6821917808219178,0.6904109589041096,0.7232876712328767,0.7294117647058823,0.6470588235294118,0.6196078431372549,2,cebuano,high_resource
437,293,60,4.948805460750854,4.883333333333334,2.1194539249146755,4,1.3461538461538463,0.5017667844522968,1.8532423208191127,0.9385665529010239,0.1945392491467577,0.0034129692832764505,0.4129692832764505,0.6469049694856146,0.5867480383609416,0.6669572798605057,0.6184834123222749,0.5177725118483413,0.6789099526066351,2,cebuano,high_resource
438,291,35,4.587628865979381,8.314285714285715,1.986254295532646,6,1.4583333333333333,0.5087108013937283,1.7182130584192439,0.7353951890034365,0.16151202749140894,0.003436426116838488,0.4536082474226804,0.6269230769230769,0.5913461538461539,0.6201923076923077,0.5315436241610738,0.4738255033557047,0.5758389261744966,2,cebuano,high_resource
439,108,16,4.898148148148148,6.75,2.0925925925925926,1,0.0,0.5619047619047619,1.7037037037037037,0.9074074074074074,0.17592592592592593,0.009259259259259259,0.48148148148148145,0.7272727272727273,0.69377990430622,0.7488038277511961,0.7100977198697068,0.5960912052117264,0.739413680781759,2,cebuano,high_resource
440,294,56,5.370748299319728,5.25,2.258503401360544,21,1.0178571428571428,0.486013986013986,1.9557823129251701,1.0034013605442176,0.22789115646258504,0.0,0.5578231292517006,0.725920125293657,0.7180892717306187,0.7619420516836335,0.6964102564102564,0.5969230769230769,0.7364102564102564,2,cebuano,high_resource
441,689,100,4.7677793904209,6.89,2.0130624092888243,8,1.528301886792453,0.40296296296296297,1.7111756168359942,0.8780841799709724,0.18867924528301888,0.001451378809869376,0.4760522496371553,0.6787925696594427,0.6308049535603715,0.6865325077399381,0.5983041865394807,0.5325914149443561,0.6899841017488076,2,cebuano,high_resource
442,48,10,4.833333333333333,4.8,2.0416666666666665,0,1.1,0.7021276595744681,1.7916666666666667,0.7916666666666666,0.16666666666666666,0.0,0.5625,0.7049180327868853,0.6502732240437158,0.6994535519125683,0.5970149253731343,0.4701492537313433,0.6716417910447762,2,cebuano,high_resource
443,82,18,4.7560975609756095,4.555555555555555,2.0853658536585367,0,0.0,0.573170731707317,1.6341463414634145,0.8780487804878049,0.13414634146341464,0.0,0.3902439024390244,0.672077922077922,0.6558441558441559,0.7337662337662337,0.7079646017699115,0.584070796460177,0.8008849557522124,2,cebuano,high_resource
444,828,87,4.897342995169082,9.517241379310345,2.0990338164251208,22,1.318840579710145,0.34987593052109184,1.8007246376811594,0.8405797101449275,0.15821256038647344,0.0012077294685990338,0.4468599033816425,0.7083983765220107,0.6718701217608493,0.7083983765220107,0.6689332766680833,0.5988100297492562,0.7229069273268168,2,cebuano,high_resource
445,448,74,4.636160714285714,6.054054054054054,1.9486607142857142,5,1.3269230769230769,0.3977272727272727,1.703125,0.8035714285714286,0.140625,0.015625,0.4955357142857143,0.6815089672232529,0.6487322201607916,0.6852195423623995,0.6781708369283865,0.5703192407247627,0.6669542709232097,2,cebuano,high_resource
446,143,24,4.909090909090909,5.958333333333333,1.972027972027972,0,0.0,0.4318181818181818,1.7202797202797202,0.9300699300699301,0.23076923076923078,0.0,0.6013986013986014,0.7226277372262774,0.7007299270072993,0.6733576642335767,0.6776649746192893,0.5786802030456852,0.6954314720812182,2,cebuano,high_resource
447,125,22,4.92,5.681818181818182,2.096,2,1.0952380952380953,0.624,1.8,1.0,0.144,0.0,0.4,0.6632653061224489,0.6,0.6775510204081633,0.6027397260273972,0.5178082191780822,0.6794520547945205,2,cebuano,high_resource
448,247,27,4.089068825910931,9.148148148148149,1.6275303643724697,5,2.5925925925925926,0.512396694214876,1.368421052631579,0.6963562753036437,0.11336032388663968,0.0,0.42105263157894735,0.5817941952506597,0.5672823218997362,0.5778364116094987,0.5422138836772983,0.5290806754221389,0.5853658536585366,2,cebuano,high_resource
449,57,9,4.859649122807017,6.333333333333333,2.0350877192982457,0,1.2222222222222223,0.6785714285714286,1.8771929824561404,0.9122807017543859,0.15789473684210525,0.0,0.49122807017543857,0.7990867579908676,0.7442922374429224,0.7671232876712328,0.7080745341614907,0.6521739130434783,0.7701863354037267,2,cebuano,high_resource
450,35,6,4.571428571428571,5.833333333333333,1.9142857142857144,0,0.0,0.5428571428571428,1.7428571428571429,0.9142857142857143,0.11428571428571428,0.0,0.3142857142857143,0.768,0.704,0.776,0.6666666666666666,0.4777777777777778,0.8222222222222222,2,cebuano,high_resource
451,320,37,4.375,8.64864864864865,1.928125,4,1.608695652173913,0.5,1.578125,0.7125,0.078125,0.009375,0.34375,0.6821130676552364,0.6561631139944393,0.7145505097312326,0.6160949868073878,0.5923482849604221,0.7203166226912929,2,cebuano,high_resource
452,157,29,5.273885350318471,5.413793103448276,2.3121019108280256,9,1.0344827586206897,0.5436241610738255,2.0636942675159236,1.0254777070063694,0.16560509554140126,0.0,0.39490445859872614,0.7300150829562594,0.6606334841628959,0.7450980392156863,0.6887550200803213,0.5883534136546185,0.7530120481927711,2,cebuano,high_resource
453,187,37,5.251336898395722,5.054054054054054,2.144385026737968,10,1.0555555555555556,0.480225988700565,1.9411764705882353,1.0053475935828877,0.21390374331550802,0.0,0.5561497326203209,0.7503184713375797,0.6904458598726114,0.7439490445859872,0.6615646258503401,0.5850340136054422,0.7414965986394558,2,cebuano,high_resource
454,160,30,5.29375,5.333333333333333,2.3375,14,1.0333333333333334,0.5098039215686274,2.0875,1.0,0.2,0.0,0.3875,0.7838235294117647,0.7073529411764706,0.7897058823529411,0.7426900584795322,0.6666666666666666,0.8460038986354775,2,cebuano,high_resource
455,75,14,4.96,5.357142857142857,2.1466666666666665,2,1.1428571428571428,0.6710526315789473,1.92,0.9466666666666667,0.17333333333333334,0.0,0.37333333333333335,0.6587837837837838,0.6452702702702703,0.668918918918919,0.6561085972850679,0.5656108597285068,0.6787330316742082,2,cebuano,high_resource
456,63,8,5.238095238095238,7.875,2.2698412698412698,2,1.125,0.7704918032786885,1.8253968253968254,0.9365079365079365,0.2698412698412698,0.0,0.5873015873015873,0.6830188679245283,0.6792452830188679,0.7094339622641509,0.6716417910447762,0.5870646766169154,0.7263681592039801,2,cebuano,high_resource
457,924,79,4.35064935064935,11.69620253164557,1.8474025974025974,14,1.7457627118644068,0.30359085963003263,1.5963203463203464,0.7554112554112554,0.12554112554112554,0.0010822510822510823,0.3939393939393939,0.6942014901198574,0.6543569808875931,0.6987366375121478,0.6459684893419834,0.5843373493975904,0.7159406858202039,2,cebuano,high_resource
458,1026,102,4.574074074074074,10.058823529411764,1.949317738791423,8,1.5348837209302326,0.32171314741035856,1.6783625730994152,0.8157894736842105,0.13742690058479531,0.001949317738791423,0.44541910331384016,0.6947339550191991,0.6555128908392759,0.701865057597367,0.6386005382545175,0.5740099961553249,0.7104959630911188,2,cebuano,high_resource
459,48,10,4.333333333333333,4.8,1.75,0,0.0,0.40425531914893614,1.3958333333333333,0.75,0.22916666666666666,0.0,0.4583333333333333,0.8742138364779874,0.8679245283018868,0.8867924528301887,0.7909090909090909,0.6727272727272727,0.8181818181818182,2,cebuano,high_resource
460,107,20,4.728971962616822,5.35,2.149532710280374,3,1.105263157894737,0.5533980582524272,1.8691588785046729,0.8504672897196262,0.102803738317757,0.0,0.24299065420560748,0.7417721518987341,0.6708860759493671,0.7620253164556962,0.6584507042253521,0.6056338028169014,0.7640845070422535,2,cebuano,high_resource
461,259,29,4.382239382239383,8.931034482758621,1.803088803088803,3,2.6,0.5436507936507936,1.4555984555984556,0.7258687258687259,0.138996138996139,0.0,0.4517374517374517,0.5822784810126582,0.5581127733026467,0.5834292289988493,0.5317460317460317,0.4746031746031746,0.5873015873015873,2,cebuano,high_resource
462,234,51,4.602564102564102,4.588235294117647,1.9658119658119657,2,1.1136363636363635,0.48672566371681414,1.7435897435897436,0.8632478632478633,0.1111111111111111,0.008547008547008548,0.405982905982906,0.7154761904761905,0.6738095238095239,0.6988095238095238,0.6401326699834162,0.615257048092869,0.7761194029850746,2,cebuano,high_resource
463,285,33,4.705263157894737,8.636363636363637,2.0105263157894737,4,2.1666666666666665,0.49122807017543857,1.7964912280701755,0.8315789473684211,0.14736842105263157,0.0,0.42105263157894735,0.6559241706161137,0.6426540284360189,0.6492890995260664,0.6207792207792208,0.5727272727272728,0.6818181818181818,2,cebuano,high_resource
464,429,30,4.699300699300699,14.3,1.951048951048951,4,1.3333333333333333,0.34292565947242204,1.6573426573426573,0.7948717948717948,0.1258741258741259,0.0,0.5477855477855478,0.7104761904761905,0.686984126984127,0.7180952380952381,0.6887125220458554,0.6190476190476191,0.7504409171075838,2,cebuano,high_resource
465,50,6,4.84,8.333333333333334,2.04,0,0.0,0.64,1.84,1.08,0.24,0.0,0.52,0.578125,0.5364583333333334,0.6041666666666666,0.5140845070422535,0.4507042253521127,0.5845070422535211,2,cebuano,high_resource
466,184,54,4.201086956521739,3.4074074074074074,1.7934782608695652,1,0.0,0.43820224719101125,1.5706521739130435,0.7445652173913043,0.11956521739130435,0.0,0.29347826086956524,0.6843910806174958,0.5951972555746141,0.6689536878216124,0.6081424936386769,0.5241730279898219,0.6641221374045801,2,cebuano,high_resource
467,113,16,4.884955752212389,7.0625,2.0707964601769913,0,1.1875,0.6422018348623854,1.8053097345132743,0.9292035398230089,0.19469026548672566,0.0,0.4690265486725664,0.597254004576659,0.5766590389016019,0.6247139588100686,0.5201238390092879,0.49226006191950467,0.6408668730650154,2,cebuano,high_resource
468,72,16,5.833333333333333,4.5,2.4583333333333335,2,1.0625,0.6764705882352942,2.1944444444444446,1.2083333333333333,0.2638888888888889,0.0,0.5416666666666666,0.6569767441860465,0.6511627906976745,0.688953488372093,0.6417910447761194,0.5485074626865671,0.6902985074626866,2,cebuano,high_resource
469,156,17,4.6923076923076925,9.176470588235293,2.1923076923076925,7,4.0,0.35714285714285715,1.6794871794871795,0.7948717948717948,0.10256410256410256,0.0,0.3076923076923077,0.705574912891986,0.6567944250871081,0.710801393728223,0.625,0.6418269230769231,0.8293269230769231,2,cebuano,high_resource
470,51,7,5.980392156862745,7.285714285714286,2.411764705882353,4,0.0,0.673469387755102,2.215686274509804,1.2745098039215685,0.37254901960784315,0.0196078431372549,0.7254901960784313,0.7023809523809523,0.6507936507936508,0.7182539682539683,0.6633165829145728,0.628140703517588,0.7587939698492462,2,cebuano,high_resource
471,116,18,4.767241379310345,6.444444444444445,1.9396551724137931,1,1.375,0.5775862068965517,1.6724137931034482,0.9396551724137931,0.1206896551724138,0.0,0.4224137931034483,0.6821345707656613,0.6705336426914154,0.6682134570765661,0.6741214057507987,0.5814696485623003,0.6932907348242812,2,cebuano,high_resource
472,195,20,4.046153846153846,9.75,1.6307692307692307,3,3.0,0.6324324324324324,1.3487179487179488,0.6564102564102564,0.13846153846153847,0.005128205128205128,0.46153846153846156,0.5794871794871795,0.5743589743589743,0.6068376068376068,0.5318627450980392,0.5318627450980392,0.5686274509803921,2,cebuano,high_resource
473,167,39,4.125748502994012,4.282051282051282,1.8622754491017963,5,1.2352941176470589,0.5151515151515151,1.6646706586826348,0.718562874251497,0.0718562874251497,0.0,0.2215568862275449,0.6634615384615384,0.6038461538461538,0.6461538461538462,0.5954415954415955,0.5669515669515669,0.6153846153846154,2,cebuano,high_resource
474,131,22,4.786259541984733,5.954545454545454,1.984732824427481,2,1.3571428571428572,0.7063492063492064,1.717557251908397,0.9007633587786259,0.19083969465648856,0.015267175572519083,0.5190839694656488,0.6707566462167689,0.6359918200408998,0.656441717791411,0.6214689265536724,0.5480225988700564,0.7005649717514124,2,cebuano,high_resource
475,1043,94,4.890699904122723,11.095744680851064,2.117929050814957,30,1.65625,0.3184031158714703,1.7622243528283796,0.8648130393096836,0.22051773729626079,0.0,0.5225311601150527,0.6735199405499133,0.6346296755016101,0.6928412187267773,0.6160564326503191,0.5613033254954652,0.7027208599261001,2,cebuano,high_resource
476,170,31,5.0588235294117645,5.483870967741935,2.176470588235294,7,0.0,0.5089820359281437,1.8647058823529412,0.8764705882352941,0.18235294117647058,0.011764705882352941,0.5294117647058824,0.6826783114992722,0.6346433770014556,0.6695778748180495,0.6245136186770428,0.566147859922179,0.6945525291828794,2,cebuano,high_resource
477,282,55,4.684397163120567,5.127272727272727,2.0602836879432624,7,1.45,0.4509090909090909,1.74822695035461,0.8333333333333334,0.1524822695035461,0.0035460992907801418,0.37943262411347517,0.663768115942029,0.6463768115942029,0.6811594202898551,0.6844207723035952,0.6165113182423435,0.7749667110519307,2,cebuano,high_resource
478,92,16,5.239130434782608,5.75,2.2065217391304346,2,0.0,0.6162790697674418,1.9456521739130435,1.0108695652173914,0.1956521739130435,0.010869565217391304,0.532608695652174,0.7890625,0.7890625,0.8463541666666666,0.7447552447552448,0.6573426573426573,0.7972027972027972,2,cebuano,high_resource
479,86,8,4.732558139534884,10.75,2.0232558139534884,2,1.4444444444444444,0.3493975903614458,1.4651162790697674,0.7674418604651163,0.12790697674418605,0.0,0.5930232558139535,0.5799373040752351,0.5924764890282131,0.6018808777429467,0.5714285714285714,0.5844155844155844,0.6753246753246753,2,cebuano,high_resource
480,81,15,4.765432098765432,5.4,2.111111111111111,0,1.0666666666666667,0.5769230769230769,1.7777777777777777,0.8518518518518519,0.1728395061728395,0.012345679012345678,0.35802469135802467,0.7317880794701986,0.6390728476821192,0.7086092715231788,0.6238532110091743,0.5275229357798165,0.6972477064220184,2,cebuano,high_resource
481,162,35,5.203703703703703,4.628571428571429,2.037037037037037,2,1.25,0.422360248447205,1.845679012345679,0.9691358024691358,0.24691358024691357,0.0,0.6111111111111112,0.6725403817914831,0.6461086637298091,0.6989720998531571,0.5777351247600768,0.5758157389635317,0.6641074856046065,2,cebuano,high_resource
482,90,16,4.7,5.625,2.033333333333333,0,0.0,0.38202247191011235,1.9555555555555555,1.0777777777777777,0.05555555555555555,0.0,0.2111111111111111,0.6144578313253012,0.5301204819277109,0.6114457831325302,0.7024793388429752,0.5165289256198347,0.6983471074380165,2,cebuano,high_resource
483,99,18,4.838383838383838,5.5,2.0707070707070705,6,0.0,0.4065934065934066,1.7474747474747474,0.8282828282828283,0.2222222222222222,0.0,0.40404040404040403,0.7142857142857143,0.7142857142857143,0.7439353099730458,0.688212927756654,0.6083650190114068,0.7870722433460076,2,cebuano,high_resource
484,88,19,5.0,4.631578947368421,2.090909090909091,2,1.1578947368421053,0.6785714285714286,1.7954545454545454,0.9659090909090909,0.19318181818181818,0.0,0.5113636363636364,0.7040229885057471,0.7068965517241379,0.7270114942528736,0.6653696498054474,0.6498054474708171,0.7392996108949417,2,cebuano,high_resource
485,89,16,4.337078651685394,5.5625,1.9775280898876404,0,1.1818181818181819,0.5393258426966292,1.7078651685393258,0.797752808988764,0.0898876404494382,0.0,0.21348314606741572,0.6902356902356902,0.6498316498316499,0.7171717171717171,0.6442307692307693,0.4855769230769231,0.7019230769230769,2,cebuano,high_resource
486,76,12,4.131578947368421,6.333333333333333,1.855263157894737,0,2.0,0.5733333333333334,1.6710526315789473,0.7236842105263158,0.09210526315789473,0.0,0.27631578947368424,0.6497890295358649,0.6244725738396625,0.6497890295358649,0.6375,0.5875,0.7625,2,cebuano,high_resource
487,220,43,5.045454545454546,5.116279069767442,2.168181818181818,9,1.1578947368421053,0.5345622119815668,1.9,0.9590909090909091,0.1318181818181818,0.0,0.4090909090909091,0.6813559322033899,0.6508474576271186,0.6836158192090396,0.6242424242424243,0.5878787878787879,0.7,2,cebuano,high_resource
488,44,5,4.340909090909091,8.8,1.9318181818181819,0,1.1666666666666667,0.6304347826086957,1.6590909090909092,0.6590909090909091,0.13636363636363635,0.045454545454545456,0.38636363636363635,0.6758620689655173,0.6275862068965518,0.6758620689655173,0.6138613861386139,0.504950495049505,0.7326732673267327,2,cebuano,high_resource
489,298,62,4.775167785234899,4.806451612903226,2.0738255033557045,3,0.0,0.4280701754385965,1.778523489932886,0.9026845637583892,0.1174496644295302,0.0,0.36577181208053694,0.6969424460431655,0.6312949640287769,0.7095323741007195,0.6479400749063671,0.5780274656679151,0.7116104868913857,2,cebuano,high_resource
490,38,7,4.7368421052631575,5.428571428571429,2.1052631578947367,0,0.0,0.7027027027027027,1.7894736842105263,0.7631578947368421,0.21052631578947367,0.0,0.39473684210526316,0.7092198581560284,0.6312056737588653,0.7092198581560284,0.6274509803921569,0.47058823529411764,0.7450980392156863,2,cebuano,high_resource
491,143,26,4.608391608391608,5.5,1.9090909090909092,1,1.0416666666666667,0.4892086330935252,1.7342657342657342,0.8951048951048951,0.18181818181818182,0.0,0.40559440559440557,0.60546875,0.58203125,0.609375,0.5315068493150685,0.5013698630136987,0.6164383561643836,2,cebuano,high_resource
492,145,35,4.710344827586207,4.142857142857143,1.9793103448275862,4,1.1470588235294117,0.5285714285714286,1.7862068965517242,0.8689655172413793,0.21379310344827587,0.0,0.4413793103448276,0.6983240223463687,0.6405959031657356,0.6890130353817505,0.629156010230179,0.5652173913043478,0.7084398976982097,2,cebuano,high_resource
493,222,45,4.905405405405405,4.933333333333334,2.171171171171171,4,1.1666666666666667,0.47058823529411764,1.9324324324324325,0.9774774774774775,0.1981981981981982,0.0,0.3783783783783784,0.7361601884570083,0.6949352179034158,0.767962308598351,0.7093596059113301,0.5894909688013136,0.7668308702791461,2,cebuano,high_resource
494,256,52,4.8671875,4.923076923076923,2.09375,4,1.0769230769230769,0.5341365461847389,1.85546875,0.9140625,0.15625,0.0078125,0.39453125,0.676829268292683,0.6270325203252033,0.6758130081300813,0.6177285318559557,0.5373961218836565,0.6634349030470914,2,cebuano,high_resource
495,98,9,4.714285714285714,10.88888888888889,1.9489795918367347,3,1.2,0.5157894736842106,1.6326530612244898,0.8163265306122449,0.12244897959183673,0.0,0.4897959183673469,0.7506925207756233,0.7617728531855956,0.6952908587257618,0.842911877394636,0.6283524904214559,0.6091954022988506,2,cebuano,high_resource
496,76,8,4.657894736842105,9.5,2.0526315789473686,3,1.25,0.6710526315789473,1.6842105263157894,0.7631578947368421,0.09210526315789473,0.0,0.35526315789473684,0.7230215827338129,0.6762589928057554,0.7877697841726619,0.7079207920792079,0.6237623762376238,0.8217821782178217,2,cebuano,high_resource
497,258,25,4.108527131782946,10.32,1.7054263565891472,4,2.6538461538461537,0.5296442687747036,1.4186046511627908,0.6937984496124031,0.10077519379844961,0.0,0.4069767441860465,0.6737766624843162,0.6386449184441656,0.6524466750313677,0.5854092526690391,0.599644128113879,0.594306049822064,2,cebuano,high_resource
498,114,23,4.728070175438597,4.956521739130435,2.087719298245614,0,1.0434782608695652,0.5779816513761468,1.9385964912280702,0.9649122807017544,0.13157894736842105,0.0,0.2543859649122807,0.7047619047619048,0.6309523809523809,0.7023809523809523,0.6677740863787376,0.584717607973422,0.7641196013289037,2,cebuano,high_resource
499,144,28,4.902777777777778,5.142857142857143,2.0208333333333335,2,1.0714285714285714,0.5416666666666666,1.75,0.9097222222222222,0.2013888888888889,0.0,0.5486111111111112,0.7224199288256228,0.6957295373665481,0.7491103202846975,0.6746411483253588,0.6172248803827751,0.7296650717703349,2,cebuano,high_resource
500,72,16,3.75,4.5,1.6944444444444444,0,1.125,0.2463768115942029,1.5,0.6805555555555556,0.05555555555555555,0.0,0.16666666666666666,0.5076923076923077,0.48205128205128206,0.5435897435897435,0.49166666666666664,0.425,0.49166666666666664,2,cebuano,high_resource
501,200,22,4.62,9.090909090909092,1.96,4,1.3529411764705883,0.538860103626943,1.69,0.805,0.16,0.005,0.475,0.700139470013947,0.6722454672245467,0.704323570432357,0.6176470588235294,0.5862745098039216,0.692156862745098,2,cebuano,high_resource
502,84,4,4.809523809523809,21.0,2.130952380952381,1,1.5,0.5625,1.8095238095238095,0.7380952380952381,0.11904761904761904,0.0,0.40476190476190477,0.6962025316455697,0.6550632911392406,0.7341772151898734,0.6008771929824561,0.5701754385964912,0.75,2,cebuano,high_resource
503,520,48,4.498076923076923,10.833333333333334,1.9326923076923077,6,1.564102564102564,0.39960629921259844,1.648076923076923,0.8096153846153846,0.12307692307692308,0.0,0.40384615384615385,0.7244050913115662,0.7033757609297178,0.7304925290536801,0.6888714733542319,0.6332288401253918,0.7445141065830722,3,cebuano,high_resource
504,439,43,4.621867881548975,10.209302325581396,1.9612756264236901,9,1.4722222222222223,0.41284403669724773,1.7084282460136675,0.8428246013667426,0.17539863325740318,0.0,0.42596810933940776,0.7352754908169727,0.7105763141228626,0.7580747308423053,0.6604938271604939,0.607583774250441,0.7998236331569665,3,cebuano,high_resource
505,113,23,4.566371681415929,4.913043478260869,1.9646017699115044,2,1.1304347826086956,0.6388888888888888,1.6991150442477876,0.8141592920353983,0.09734513274336283,0.0,0.3805309734513274,0.700507614213198,0.6649746192893401,0.7106598984771574,0.7137681159420289,0.6159420289855072,0.75,3,cebuano,high_resource
506,237,18,4.8354430379746836,13.166666666666666,2.0759493670886076,3,1.8333333333333333,0.43776824034334766,1.7468354430379747,0.8649789029535865,0.21940928270042195,0.004219409282700422,0.5147679324894515,0.6740331491712708,0.6464088397790055,0.6762430939226519,0.6280120481927711,0.5813253012048193,0.6867469879518072,3,cebuano,high_resource
507,809,71,4.744128553770087,11.394366197183098,2.022249690976514,17,2.4047619047619047,0.2963917525773196,1.7564894932014834,0.8331273176761433,0.1619283065512979,0.016069221260815822,0.4252163164400494,0.6570566543747904,0.6228628897083474,0.6738183037210862,0.6128578132332239,0.5612388549976537,0.7489441576724543,3,cebuano,high_resource
508,207,22,4.555555555555555,9.409090909090908,1.9420289855072463,3,1.4285714285714286,0.5102040816326531,1.6376811594202898,0.8260869565217391,0.13526570048309178,0.0,0.42995169082125606,0.7213793103448276,0.6924137931034483,0.7213793103448276,0.6607495069033531,0.6035502958579881,0.7613412228796844,3,cebuano,high_resource
509,987,88,4.715298885511651,11.215909090909092,1.9766970618034447,25,1.542857142857143,0.3405349794238683,1.7163120567375887,0.8571428571428571,0.2066869300911854,0.0,0.5126646403242148,0.6821917808219178,0.6512328767123288,0.6983561643835616,0.5975839939599848,0.5447338618346546,0.6795016987542469,3,cebuano,high_resource
510,124,13,4.467741935483871,9.538461538461538,1.9112903225806452,2,1.25,0.5702479338842975,1.5564516129032258,0.7661290322580645,0.0967741935483871,0.008064516129032258,0.3709677419354839,0.6252927400468384,0.5995316159250585,0.6697892271662763,0.574750830564784,0.5548172757475083,0.7009966777408638,3,cebuano,high_resource
511,542,76,4.726937269372693,7.131578947368421,2.0092250922509227,8,1.3725490196078431,0.3742911153119093,1.6900369003690037,0.8487084870848709,0.2029520295202952,0.00922509225092251,0.5166051660516605,0.6455633100697906,0.6026919242273181,0.652542372881356,0.5523415977961432,0.5020661157024794,0.6528925619834711,3,cebuano,high_resource
512,436,43,4.56651376146789,10.13953488372093,1.9931192660550459,5,1.4,0.43648960739030024,1.6811926605504588,0.7706422018348624,0.10091743119266056,0.0,0.3394495412844037,0.6881443298969072,0.6462628865979382,0.7132731958762887,0.6307277628032345,0.6199460916442049,0.7322551662174304,3,cebuano,high_resource
513,235,56,4.6,4.196428571428571,1.8893617021276596,3,1.2173913043478262,0.5560344827586207,1.5276595744680852,0.8680851063829788,0.2,0.0,0.46382978723404256,0.6646919431279621,0.6338862559241706,0.6812796208530806,0.5980230642504119,0.5304777594728172,0.657331136738056,3,cebuano,high_resource
514,555,65,4.790990990990991,8.538461538461538,2.0306306306306308,3,1.3396226415094339,0.40693430656934304,1.6828828828828828,0.8432432432432433,0.14594594594594595,0.0018018018018018018,0.4648648648648649,0.7066411849020545,0.6803631151457239,0.7286192068800764,0.6708033964728936,0.6022207707380797,0.7406923579359895,3,cebuano,high_resource
515,174,11,4.5344827586206895,15.818181818181818,1.9252873563218391,0,1.3636363636363635,0.4431137724550898,1.5229885057471264,0.7471264367816092,0.11494252873563218,0.0,0.4367816091954023,0.7055921052631579,0.6924342105263158,0.7351973684210527,0.6869158878504673,0.6448598130841121,0.7780373831775701,3,cebuano,high_resource
516,192,19,4.661458333333333,10.105263157894736,1.890625,8,1.3125,0.4973544973544973,1.6458333333333333,0.8489583333333334,0.14583333333333334,0.005208333333333333,0.4635416666666667,0.7585714285714286,0.7671428571428571,0.7457142857142857,0.8023715415019763,0.7134387351778656,0.6719367588932806,3,cebuano,high_resource
517,670,82,4.552238805970149,8.170731707317072,1.9537313432835821,14,1.4482758620689655,0.3893129770992366,1.6656716417910449,0.746268656716418,0.1701492537313433,0.008955223880597015,0.47313432835820896,0.6835871404399323,0.6565143824027073,0.6954314720812182,0.6029761904761904,0.5505952380952381,0.6732142857142858,3,cebuano,high_resource
518,426,38,4.528169014084507,11.210526315789474,1.8685446009389672,7,2.269230769230769,0.4,1.6103286384976525,0.863849765258216,0.1619718309859155,0.002347417840375587,0.3873239436619718,0.6372745490981964,0.6259185036740147,0.6713426853707415,0.6106941838649156,0.5450281425891182,0.650093808630394,3,cebuano,high_resource
519,411,30,4.732360097323601,13.7,1.9927007299270072,14,1.8518518518518519,0.4405940594059406,1.7128953771289537,0.8004866180048662,0.16058394160583941,0.0024330900243309003,0.5450121654501217,0.6863130320890635,0.6679764243614931,0.6941715782580222,0.6050269299820467,0.5493716337522442,0.6364452423698385,3,cebuano,high_resource
520,196,18,4.505102040816326,10.88888888888889,1.9846938775510203,4,2.0,0.38219895287958117,1.6377551020408163,0.75,0.11734693877551021,0.00510204081632653,0.39285714285714285,0.7683284457478006,0.7258064516129032,0.8269794721407625,0.7692307692307693,0.6964656964656964,0.8503118503118503,3,cebuano,high_resource
521,163,32,4.717791411042945,5.09375,1.9631901840490797,1,1.03125,0.4528301886792453,1.7914110429447854,0.9325153374233128,0.17177914110429449,0.0,0.44785276073619634,0.5598006644518272,0.5382059800664452,0.5548172757475083,0.46436781609195404,0.4298850574712644,0.5494252873563218,3,cebuano,high_resource
522,437,30,4.613272311212815,14.566666666666666,1.965675057208238,2,1.5517241379310345,0.39069767441860465,1.677345537757437,0.8032036613272311,0.15560640732265446,0.0,0.43478260869565216,0.6936305732484076,0.6643312101910828,0.7178343949044586,0.6492007104795737,0.5923623445825933,0.7060390763765542,3,cebuano,high_resource
523,91,13,5.043956043956044,7.0,2.10989010989011,4,1.0769230769230769,0.5730337078651685,1.9230769230769231,1.0,0.16483516483516483,0.01098901098901099,0.3626373626373626,0.7978142076502732,0.7568306010928961,0.7841530054644809,0.7142857142857143,0.652014652014652,0.8021978021978022,3,cebuano,high_resource
524,629,86,5.074721780604134,7.313953488372093,2.0317965023847377,12,1.6181818181818182,0.3355155482815057,1.7329093799682036,0.9475357710651828,0.27503974562798095,0.0,0.6565977742448331,0.6832810047095761,0.6487441130298273,0.7032967032967034,0.6397482957524908,0.5700052438384898,0.7215521761929733,3,cebuano,high_resource
525,365,50,4.657534246575342,7.3,1.9808219178082191,3,1.5142857142857142,0.44321329639889195,1.7068493150684931,0.8136986301369863,0.13972602739726028,0.005479452054794521,0.4575342465753425,0.6674174174174174,0.6343843843843844,0.6561561561561562,0.5943983402489627,0.5560165975103735,0.6493775933609959,3,cebuano,high_resource
526,128,12,4.6484375,10.666666666666666,1.984375,2,1.3333333333333333,0.5371900826446281,1.6953125,0.8515625,0.15625,0.0078125,0.4140625,0.75,0.7043478260869566,0.7739130434782608,0.7169230769230769,0.6307692307692307,0.8153846153846154,3,cebuano,high_resource
527,3516,199,4.746871444823663,17.668341708542712,2.007394766780432,96,2.2157894736842105,0.2780203784570597,1.7124573378839592,0.8191126279863481,0.18486916951080773,0.0022753128555176336,0.5210466439135382,0.6738000611433812,0.6477376948945277,0.697569550596148,0.6258675078864353,0.5846477392218717,0.7038906414300736,3,cebuano,high_resource
528,332,43,4.379518072289157,7.72093023255814,1.894578313253012,2,1.5416666666666667,0.42592592592592593,1.6174698795180722,0.7530120481927711,0.12650602409638553,0.0,0.3674698795180723,0.704136690647482,0.677158273381295,0.7095323741007195,0.6523994811932555,0.6238651102464332,0.7237354085603113,3,cebuano,high_resource
529,153,13,4.601307189542483,11.76923076923077,1.9803921568627452,1,1.3846153846153846,0.4768211920529801,1.6405228758169934,0.7058823529411765,0.11764705882352941,0.0,0.48366013071895425,0.75591985428051,0.6939890710382514,0.7686703096539163,0.6751269035532995,0.6269035532994924,0.7791878172588832,3,cebuano,high_resource
530,252,70,5.067460317460317,3.6,2.111111111111111,8,1.1764705882352942,0.4878048780487805,1.8531746031746033,1.0119047619047619,0.25396825396825395,0.007936507936507936,0.5119047619047619,0.7340529931305201,0.7095191364082434,0.7595682041216879,0.7161629434954008,0.6281208935611038,0.735873850197109,3,cebuano,high_resource
531,88,8,4.704545454545454,11.0,2.0,1,1.3333333333333333,0.5813953488372093,1.7386363636363635,0.9090909090909091,0.07954545454545454,0.0,0.36363636363636365,0.8518518518518519,0.7746913580246914,0.8024691358024691,0.8162393162393162,0.7094017094017094,0.7350427350427351,3,cebuano,high_resource
532,184,15,4.315217391304348,12.266666666666667,1.8804347826086956,2,1.6153846153846154,0.44886363636363635,1.5923913043478262,0.717391304347826,0.11956521739130435,0.0,0.3695652173913043,0.6650082918739635,0.6434494195688225,0.6998341625207297,0.6796116504854369,0.6019417475728155,0.7572815533980582,3,cebuano,high_resource
533,478,42,4.696652719665272,11.380952380952381,2.0313807531380754,8,1.6666666666666667,0.37367303609341823,1.7238493723849373,0.8870292887029289,0.17364016736401675,0.0041841004184100415,0.3702928870292887,0.7279954571266326,0.7030096536059057,0.7433276547416241,0.6830985915492958,0.6103286384976526,0.8231611893583725,3,cebuano,high_resource
534,436,31,4.637614678899083,14.064516129032258,1.9701834862385321,11,1.9166666666666667,0.425531914893617,1.6926605504587156,0.7408256880733946,0.1536697247706422,0.0,0.48853211009174313,0.6838422391857506,0.6870229007633588,0.7111959287531806,0.6144256455921638,0.5983971504897596,0.6901157613535174,3,cebuano,high_resource
535,696,56,4.347701149425287,12.428571428571429,1.9123563218390804,8,1.8837209302325582,0.29515418502202645,1.5775862068965518,0.7054597701149425,0.10775862068965517,0.0014367816091954023,0.4281609195402299,0.7210913815504547,0.6929406669553919,0.747076656561282,0.6871088861076345,0.6408010012515645,0.7884856070087609,3,cebuano,high_resource
536,264,19,4.575757575757576,13.894736842105264,2.003787878787879,3,1.1578947368421053,0.41015625,1.625,0.75,0.14015151515151514,0.0,0.45075757575757575,0.7414529914529915,0.6752136752136753,0.7489316239316239,0.6280120481927711,0.5798192771084337,0.7319277108433735,3,cebuano,high_resource
537,247,27,4.5425101214574894,9.148148148148149,1.991902834008097,1,1.2,0.36134453781512604,1.6518218623481782,0.8218623481781376,0.09716599190283401,0.0,0.29554655870445345,0.7113163972286374,0.6859122401847575,0.710161662817552,0.6721311475409836,0.6098360655737705,0.8245901639344262,3,cebuano,high_resource
538,427,52,4.510538641686183,8.211538461538462,1.9742388758782201,2,1.5945945945945945,0.46335697399527187,1.639344262295082,0.7775175644028103,0.13817330210772832,0.0,0.36768149882903983,0.710261569416499,0.6928236083165661,0.7491616364855801,0.6568998109640832,0.6266540642722117,0.7523629489603024,3,cebuano,high_resource
539,673,84,4.643387815750372,8.011904761904763,2.0460624071322435,10,1.3770491803278688,0.38543247344461307,1.7444279346210996,0.8395245170876672,0.12332838038632987,0.0,0.3818722139673105,0.6898110106820049,0.6561216105176664,0.7128184059161874,0.6411428571428571,0.6034285714285714,0.7365714285714285,3,cebuano,high_resource
540,706,74,4.569405099150142,9.54054054054054,1.998583569405099,18,2.142857142857143,0.3035190615835777,1.6713881019830028,0.7691218130311614,0.14022662889518414,0.0,0.4518413597733711,0.7138855542216886,0.6798719487795118,0.7414965986394558,0.6655386350817822,0.6153412295544275,0.7631133671742809,3,cebuano,high_resource
541,968,96,4.631198347107438,10.083333333333334,1.9814049586776858,10,1.4337349397590362,0.3920335429769392,1.712809917355372,0.8068181818181818,0.14359504132231404,0.004132231404958678,0.4524793388429752,0.6877142857142857,0.6571428571428571,0.7034285714285714,0.6461721539071796,0.5838952796509321,0.6925823086076953,3,cebuano,high_resource
542,324,35,4.518518518518518,9.257142857142858,1.8611111111111112,1,1.7037037037037037,0.4668769716088328,1.5524691358024691,0.8209876543209876,0.13580246913580246,0.0,0.5123456790123457,0.6940760389036251,0.6480990274093722,0.7011494252873564,0.6382978723404256,0.6107634543178974,0.7058823529411765,3,cebuano,high_resource
543,134,14,5.007462686567164,9.571428571428571,2.1791044776119404,6,1.8461538461538463,0.5671641791044776,1.7388059701492538,0.9477611940298507,0.14925373134328357,0.0,0.44776119402985076,0.6685288640595903,0.6610800744878957,0.6834264432029795,0.6178660049627791,0.6178660049627791,0.7022332506203474,3,cebuano,high_resource
544,94,8,4.51063829787234,11.75,2.0,0,1.375,0.5487804878048781,1.702127659574468,0.723404255319149,0.09574468085106383,0.0,0.3404255319148936,0.6981132075471698,0.6352201257861635,0.7327044025157232,0.6807511737089202,0.6009389671361502,0.8075117370892019,3,cebuano,high_resource
545,379,35,4.788918205804749,10.82857142857143,2.0606860158311346,7,1.96,0.43513513513513513,1.733509234828496,0.7810026385224275,0.19788918205804748,0.0,0.5514511873350924,0.677645409950946,0.6580238262088297,0.6916608269096005,0.5917387127761767,0.5754082612872238,0.6868395773294909,3,cebuano,high_resource
546,437,75,4.759725400457666,5.826666666666667,2.0411899313501145,7,1.2033898305084745,0.40189125295508277,1.7505720823798627,0.8604118993135011,0.18764302059496568,0.002288329519450801,0.43935926773455375,0.7120098039215687,0.6727941176470589,0.7242647058823529,0.6329113924050633,0.5940928270042194,0.7257383966244726,3,cebuano,high_resource
547,141,13,4.73758865248227,10.846153846153847,2.106382978723404,5,0.0,0.4264705882352941,1.6666666666666667,0.8014184397163121,0.1347517730496454,0.0070921985815602835,0.44680851063829785,0.685823754789272,0.6168582375478927,0.6896551724137931,0.6063829787234043,0.5398936170212766,0.6781914893617021,3,cebuano,high_resource
548,182,25,4.8791208791208796,7.28,2.087912087912088,4,1.4090909090909092,0.68,1.8241758241758241,0.8901098901098901,0.14285714285714285,0.0,0.4010989010989011,0.6690442225392297,0.6319543509272468,0.7004279600570613,0.6556420233463035,0.5330739299610895,0.6984435797665369,3,cebuano,high_resource
549,475,70,4.903157894736842,6.785714285714286,2.014736842105263,3,1.3409090909090908,0.416135881104034,1.68,0.8989473684210526,0.2231578947368421,0.0,0.5642105263157895,0.6702878870179251,0.6463878326996197,0.690385659967409,0.6192930780559647,0.5898379970544919,0.7017673048600883,3,cebuano,high_resource
550,153,18,4.594771241830065,8.5,1.9803921568627452,1,1.2777777777777777,0.5298013245033113,1.6797385620915033,0.7908496732026143,0.09803921568627451,0.0,0.38562091503267976,0.697632058287796,0.668488160291439,0.7122040072859745,0.6070528967254408,0.5239294710327456,0.6750629722921915,3,cebuano,high_resource
551,566,59,4.6855123674911665,9.59322033898305,2.0335689045936394,7,1.7659574468085106,0.4229390681003584,1.704946996466431,0.8286219081272085,0.18374558303886926,0.0017667844522968198,0.45936395759717313,0.6732625482625483,0.6365830115830116,0.6776061776061776,0.5923949299533022,0.5483655770513676,0.6784523015343562,3,cebuano,high_resource
552,394,129,4.418781725888325,3.054263565891473,1.8756345177664975,3,1.305084745762712,0.4170984455958549,1.6598984771573604,0.8299492385786802,0.08375634517766498,0.0,0.38578680203045684,0.7118391660461653,0.6731198808637379,0.7252419955323902,0.6592592592592592,0.5894179894179894,0.7291005291005291,3,cebuano,high_resource
553,306,35,4.712418300653595,8.742857142857142,2.026143790849673,1,1.4827586206896552,0.40397350993377484,1.7352941176470589,0.7908496732026143,0.14052287581699346,0.0,0.434640522875817,0.648936170212766,0.6161347517730497,0.6923758865248227,0.6102941176470589,0.5698529411764706,0.7291666666666666,3,cebuano,high_resource
554,206,14,4.902912621359223,14.714285714285714,2.1116504854368934,4,1.5714285714285714,0.515,1.7766990291262137,0.8203883495145631,0.21844660194174756,0.0,0.5048543689320388,0.704630788485607,0.6608260325406758,0.6921151439299124,0.6564625850340136,0.6071428571428571,0.7125850340136054,3,cebuano,high_resource
555,475,46,4.3578947368421055,10.326086956521738,1.8778947368421053,15,1.441860465116279,0.3435448577680525,1.5747368421052632,0.728421052631579,0.11368421052631579,0.0,0.39789473684210525,0.6786843769765971,0.6419987349778621,0.7001897533206831,0.6224862888482633,0.5776965265082267,0.720292504570384,3,cebuano,high_resource
556,696,70,4.497126436781609,9.942857142857143,1.9410919540229885,7,1.6440677966101696,0.34890510948905107,1.6752873563218391,0.8261494252873564,0.13793103448275862,0.0014367816091954023,0.3577586206896552,0.691036761668732,0.6472532011565468,0.7030152829409335,0.6277712952158693,0.55950991831972,0.7322053675612602,3,cebuano,high_resource
557,383,39,4.438642297650131,9.820512820512821,1.947780678851175,7,1.65625,0.42473118279569894,1.6553524804177546,0.7754569190600522,0.12010443864229765,0.0,0.3681462140992167,0.7268553940321346,0.7161438408569243,0.7230298393267024,0.7210065645514223,0.6575492341356673,0.7231947483588621,3,cebuano,high_resource
558,720,73,4.690277777777778,9.863013698630137,2.0166666666666666,12,1.6166666666666667,0.3610719322990127,1.7777777777777777,0.825,0.15416666666666667,0.001388888888888889,0.475,0.7208774583963692,0.6747352496217852,0.7348714069591528,0.6173549398849973,0.5938316779926817,0.7354939884997387,3,cebuano,high_resource
559,799,154,4.466833541927409,5.188311688311688,1.891113892365457,0,1.5166666666666666,0.24111675126903553,1.6220275344180226,0.769712140175219,0.11013767209011265,0.0,0.42052565707133915,0.6978260869565217,0.6550724637681159,0.7003623188405798,0.6511270491803278,0.5855532786885246,0.7172131147540983,3,cebuano,high_resource
560,316,35,4.525316455696203,9.028571428571428,1.860759493670886,4,2.1,0.46645367412140576,1.5917721518987342,0.8417721518987342,0.17721518987341772,0.0,0.43670886075949367,0.6732673267326733,0.6678667866786678,0.684068406840684,0.6040353089533418,0.5825977301387137,0.699873896595208,3,cebuano,high_resource
561,228,28,4.745614035087719,8.142857142857142,2.030701754385965,9,1.380952380952381,0.48,1.719298245614035,0.7982456140350878,0.17105263157894737,0.0043859649122807015,0.5482456140350878,0.6375442739079102,0.628099173553719,0.6706021251475797,0.5456026058631922,0.5162866449511401,0.6156351791530945,3,cebuano,high_resource
562,691,50,4.424023154848046,13.82,1.8769898697539797,11,2.323529411764706,0.3029850746268657,1.5817655571635312,0.7149059334298119,0.12590448625180897,0.002894356005788712,0.3661360347322721,0.6899059024807528,0.6454234388366125,0.7065868263473054,0.6436923076923077,0.6178461538461538,0.7612307692307693,3,cebuano,high_resource
563,234,42,4.653846153846154,5.571428571428571,2.047008547008547,5,1.4482758620689655,0.45652173913043476,1.7564102564102564,0.8162393162393162,0.16666666666666666,0.0,0.46153846153846156,0.7149587750294464,0.6666666666666666,0.71849234393404,0.660655737704918,0.5983606557377049,0.7360655737704918,3,cebuano,high_resource
564,491,62,4.407331975560082,7.919354838709677,1.934826883910387,3,2.6,0.40476190476190477,1.6741344195519348,0.790224032586558,0.1364562118126273,0.0,0.3604887983706721,0.7062423500611995,0.7056303549571603,0.7166462668298653,0.6447602131438721,0.6287744227353463,0.7344582593250444,3,cebuano,high_resource
565,570,86,4.494736842105263,6.627906976744186,1.9385964912280702,9,1.3962264150943395,0.366120218579235,1.6701754385964913,0.7789473684210526,0.1631578947368421,0.0017543859649122807,0.42280701754385963,0.6979219462747086,0.6710593005575266,0.7359351241763812,0.6262553802008608,0.578909612625538,0.7037302725968436,3,cebuano,high_resource
566,108,11,5.277777777777778,9.818181818181818,2.1666666666666665,6,1.4545454545454546,0.5533980582524272,1.8425925925925926,0.9907407407407407,0.2222222222222222,0.0,0.6666666666666666,0.7199124726477024,0.7133479212253829,0.7308533916849015,0.7304347826086957,0.6521739130434783,0.8434782608695652,3,cebuano,high_resource
567,285,27,5.428070175438597,10.555555555555555,2.256140350877193,8,2.15,0.5830388692579506,1.9859649122807017,1.0491228070175438,0.19298245614035087,0.007017543859649123,0.47368421052631576,0.6730462519936204,0.6523125996810207,0.6921850079744817,0.5912863070539419,0.5425311203319502,0.6680497925311203,3,cebuano,high_resource
568,85,11,4.08235294117647,7.7272727272727275,1.9294117647058824,0,1.0909090909090908,0.4642857142857143,1.6,0.6823529411764706,0.03529411764705882,0.0,0.15294117647058825,0.8390804597701149,0.8045977011494253,0.8620689655172413,0.7885714285714286,0.6914285714285714,0.8628571428571429,3,cebuano,high_resource
569,140,14,4.478571428571429,10.0,1.9357142857142857,0,1.2142857142857142,0.47101449275362317,1.6,0.7642857142857142,0.12857142857142856,0.0,0.40714285714285714,0.7010309278350515,0.7072164948453609,0.7649484536082474,0.7142857142857143,0.6326530612244898,0.7696793002915452,3,cebuano,high_resource
570,252,17,4.5,14.823529411764707,1.9404761904761905,2,1.8666666666666667,0.4898785425101215,1.6468253968253967,0.7857142857142857,0.10317460317460317,0.0,0.36507936507936506,0.734321550741163,0.6955530216647663,0.750285062713797,0.6532258064516129,0.6016129032258064,0.7580645161290323,3,cebuano,high_resource
571,1096,57,4.632299270072993,19.228070175438596,2.042883211678832,19,2.5714285714285716,0.3037037037037037,1.7618613138686132,0.7709854014598541,0.15237226277372262,0.0018248175182481751,0.43704379562043794,0.7179681576952237,0.6707101339398535,0.7407126611068992,0.6712376933895922,0.6104078762306611,0.769690576652602,3,cebuano,high_resource
572,86,6,4.441860465116279,14.333333333333334,1.930232558139535,1,1.8333333333333333,0.611764705882353,1.6511627906976745,0.7790697674418605,0.1511627906976744,0.0,0.3953488372093023,0.6701030927835051,0.6288659793814433,0.6769759450171822,0.594059405940594,0.5841584158415841,0.6633663366336634,3,cebuano,high_resource
573,204,17,4.980392156862745,12.0,2.0784313725490198,8,1.2222222222222223,0.46534653465346537,1.8137254901960784,0.9117647058823529,0.12254901960784313,0.0,0.5196078431372549,0.8185185185185185,0.7703703703703704,0.7790123456790123,0.8857615894039735,0.7185430463576159,0.7599337748344371,3,cebuano,high_resource
574,203,16,4.847290640394089,12.6875,2.0738916256157633,4,1.4375,0.43,1.7241379310344827,0.8571428571428571,0.11330049261083744,0.009852216748768473,0.4236453201970443,0.7544987146529563,0.705655526992288,0.7789203084832905,0.7272727272727273,0.6643356643356644,0.8391608391608392,3,cebuano,high_resource
575,125,14,4.616,8.928571428571429,2.08,3,1.2142857142857142,0.5537190082644629,1.736,0.856,0.088,0.0,0.312,0.7477678571428571,0.6897321428571429,0.78125,0.7366771159874608,0.658307210031348,0.8275862068965517,3,cebuano,high_resource
576,446,54,4.497757847533633,8.25925925925926,1.9327354260089686,5,1.4489795918367347,0.4279176201372998,1.7264573991031391,0.8340807174887892,0.1031390134529148,0.0,0.35201793721973096,0.6658031088082902,0.6314766839378239,0.6800518134715026,0.5909926470588235,0.5496323529411765,0.6378676470588235,3,cebuano,high_resource
577,449,42,4.76391982182628,10.69047619047619,2.0289532293986636,9,1.8,0.3835616438356164,1.734966592427617,0.9131403118040089,0.21158129175946547,0.0022271714922048997,0.44320712694877507,0.7534246575342466,0.7051816557474687,0.7593805836807623,0.6628383921246924,0.6152584085315833,0.8137817883511075,3,cebuano,high_resource
578,257,29,4.595330739299611,8.862068965517242,2.0389105058365757,5,1.5294117647058822,0.5098814229249012,1.727626459143969,0.7665369649805448,0.13618677042801555,0.0,0.35797665369649806,0.7010869565217391,0.6434782608695652,0.7228260869565217,0.6403641881638846,0.5644916540212443,0.6843702579666161,3,cebuano,high_resource
579,703,54,4.648648648648648,13.018518518518519,1.9530583214793742,12,1.7173913043478262,0.36443148688046645,1.689900426742532,0.7951635846372689,0.155049786628734,0.001422475106685633,0.49786628733997157,0.6839418924224578,0.6595995288574794,0.6949352179034158,0.6166848418756816,0.5605234460196292,0.6875681570338059,3,cebuano,high_resource
580,720,141,4.368055555555555,5.1063829787234045,1.8569444444444445,0,1.8113207547169812,0.19225251076040173,1.6527777777777777,0.775,0.12777777777777777,0.0,0.40555555555555556,0.6785862785862786,0.6074844074844075,0.6823284823284823,0.6940611877624475,0.555488902219556,0.7162567486502699,3,cebuano,high_resource
581,261,21,4.6513409961685825,12.428571428571429,1.996168582375479,12,3.142857142857143,0.46530612244897956,1.6551724137931034,0.7816091954022989,0.14942528735632185,0.0,0.4444444444444444,0.7374599786552828,0.7331910352187834,0.743863393810032,0.6439393939393939,0.5984848484848485,0.7242424242424242,3,cebuano,high_resource
582,250,20,4.668,12.5,1.996,12,3.142857142857143,0.47435897435897434,1.656,0.788,0.156,0.0,0.46,0.7413984461709212,0.7336293007769146,0.7513873473917869,0.6377952755905512,0.6,0.7417322834645669,3,cebuano,high_resource
583,506,112,4.565217391304348,4.517857142857143,1.9407114624505928,5,1.2653061224489797,0.39357429718875503,1.6106719367588933,0.7707509881422925,0.16996047430830039,0.011857707509881422,0.43280632411067194,0.6010044642857143,0.5703125,0.59375,0.552858261550509,0.5207517619420516,0.6162881754111198,3,cebuano,high_resource
584,175,22,4.805714285714286,7.954545454545454,2.142857142857143,1,1.8571428571428572,0.48554913294797686,1.7885714285714285,0.8342857142857143,0.10285714285714286,0.0,0.3485714285714286,0.7409638554216867,0.7469879518072289,0.7469879518072289,0.7392197125256673,0.6940451745379876,0.6694045174537988,1,bikol,high_resource
585,146,16,4.623287671232877,9.125,1.917808219178082,1,1.1428571428571428,0.45390070921985815,1.6643835616438356,0.8424657534246576,0.2054794520547945,0.0,0.4931506849315068,0.6812977099236641,0.6755725190839694,0.6431297709923665,0.5764075067024129,0.6166219839142091,0.514745308310992,1,bikol,high_resource
586,95,15,4.6,6.333333333333333,2.042105263157895,0,0.0,0.2631578947368421,1.8421052631578947,0.8736842105263158,0.12631578947368421,0.0,0.2631578947368421,0.5994152046783626,0.5497076023391813,0.6140350877192983,0.5344129554655871,0.6153846153846154,0.5222672064777328,1,bikol,high_resource
587,73,12,4.698630136986301,6.083333333333333,2.0,3,1.0833333333333333,0.5211267605633803,1.821917808219178,0.8904109589041096,0.1780821917808219,0.0,0.4931506849315068,0.6044776119402985,0.6492537313432836,0.585820895522388,0.538860103626943,0.5958549222797928,0.47668393782383417,1,bikol,high_resource
588,95,22,4.505263157894737,4.318181818181818,2.0526315789473686,3,1.2,0.5894736842105263,1.5894736842105264,0.631578947368421,0.15789473684210525,0.010526315789473684,0.4,0.6276276276276276,0.6336336336336337,0.6396396396396397,0.5672268907563025,0.6008403361344538,0.5462184873949579,1,bikol,high_resource
589,175,14,4.622857142857143,12.5,2.005714285714286,0,2.8181818181818183,0.4367816091954023,1.7485714285714287,0.8971428571428571,0.13714285714285715,0.0,0.2914285714285714,0.6356466876971609,0.6498422712933754,0.6214511041009464,0.6056644880174292,0.664488017429194,0.5729847494553377,1,bikol,high_resource
590,236,67,4.822033898305085,3.5223880597014925,2.1016949152542375,9,1.619047619047619,0.4,1.6694915254237288,0.8177966101694916,0.1652542372881356,0.0,0.4279661016949153,0.5702857142857143,0.5782857142857143,0.5737142857142857,0.5294117647058824,0.545751633986928,0.4738562091503268,1,bikol,high_resource
591,84,18,4.559523809523809,4.666666666666667,1.9047619047619047,0,1.4166666666666667,0.46987951807228917,1.6666666666666667,0.7857142857142857,0.07142857142857142,0.0,0.40476190476190477,0.6688963210702341,0.6923076923076923,0.6688963210702341,0.5627906976744186,0.6883720930232559,0.6046511627906976,1,bikol,high_resource
592,245,37,4.285714285714286,6.621621621621622,1.8612244897959183,0,1.3333333333333333,0.2571428571428571,1.4040816326530612,0.8571428571428571,0.08979591836734693,0.0,0.23673469387755103,0.7198007471980075,0.7334993773349938,0.7222914072229141,0.7043010752688172,0.7670250896057348,0.6164874551971327,1,bikol,high_resource
593,68,11,4.705882352941177,6.181818181818182,1.9852941176470589,0,1.1666666666666667,0.5294117647058824,1.75,1.0294117647058822,0.22058823529411764,0.0,0.5441176470588235,0.6785714285714286,0.7063492063492064,0.6547619047619048,0.6902173913043478,0.7445652173913043,0.532608695652174,1,bikol,high_resource
594,182,15,4.84065934065934,12.133333333333333,2.0824175824175826,4,1.2666666666666666,0.47802197802197804,1.6868131868131868,0.8791208791208791,0.18681318681318682,0.01098901098901099,0.41208791208791207,0.6323319027181689,0.6280400572246065,0.6123032904148784,0.5222437137330754,0.6015473887814313,0.5067698259187621,1,bikol,high_resource
595,26,10,6.0,2.6,2.5384615384615383,3,0.0,0.68,2.1153846153846154,1.3076923076923077,0.46153846153846156,0.0,0.5769230769230769,0.7286821705426356,0.7054263565891473,0.7674418604651163,0.696078431372549,0.7843137254901961,0.6568627450980392,1,bikol,high_resource
596,184,27,4.157608695652174,6.814814814814815,1.8695652173913044,3,1.5416666666666667,0.4371584699453552,1.608695652173913,0.7554347826086957,0.11956521739130435,0.0,0.24456521739130435,0.6879310344827586,0.6896551724137931,0.6741379310344827,0.5873417721518988,0.6430379746835443,0.5721518987341773,1,bikol,high_resource
597,170,14,4.705882352941177,12.142857142857142,1.9529411764705882,4,1.7333333333333334,0.5857988165680473,1.611764705882353,0.9352941176470588,0.2,0.011764705882352941,0.43529411764705883,0.6375198728139905,0.6311605723370429,0.604133545310016,0.5760869565217391,0.6521739130434783,0.5673913043478261,1,bikol,high_resource
598,157,22,4.490445859872612,7.136363636363637,1.9681528662420382,0,1.9411764705882353,0.4012738853503185,1.6624203821656052,0.821656050955414,0.15286624203821655,0.0,0.3248407643312102,0.7208029197080292,0.7135036496350365,0.7043795620437956,0.6214833759590793,0.6777493606138107,0.578005115089514,1,bikol,high_resource
599,118,13,5.127118644067797,9.076923076923077,2.152542372881356,4,1.1538461538461537,0.47863247863247865,1.771186440677966,0.9830508474576272,0.2627118644067797,0.0,0.4830508474576271,0.6255144032921811,0.5967078189300411,0.5946502057613169,0.5324324324324324,0.5540540540540541,0.5054054054054054,1,bikol,high_resource
600,88,14,4.9772727272727275,6.285714285714286,2.125,4,1.25,0.7159090909090909,1.8181818181818181,0.9772727272727273,0.11363636363636363,0.0,0.36363636363636365,0.7685714285714286,0.7285714285714285,0.7485714285714286,0.7213740458015268,0.8091603053435115,0.6870229007633588,1,bikol,high_resource
601,192,20,4.71875,9.6,2.0625,5,1.1904761904761905,0.4031413612565445,1.6197916666666667,0.8385416666666666,0.15104166666666666,0.005208333333333333,0.390625,0.7096774193548387,0.7096774193548387,0.6774193548387096,0.6080305927342257,0.6042065009560229,0.5717017208413002,1,bikol,high_resource
602,149,17,4.302013422818792,8.764705882352942,1.919463087248322,2,1.1764705882352942,0.5608108108108109,1.6979865771812082,0.7718120805369127,0.09395973154362416,0.0,0.2483221476510067,0.7459349593495935,0.7317073170731707,0.741869918699187,0.6997084548104956,0.7317784256559767,0.6326530612244898,1,bikol,high_resource
603,402,30,5.2711442786069655,13.4,2.1616915422885574,20,1.3103448275862069,0.49230769230769234,1.9800995024875623,1.0572139303482586,0.2537313432835821,0.007462686567164179,0.5447761194029851,0.6868035190615835,0.6703812316715543,0.6809384164222874,0.6102088167053364,0.6465583913379737,0.54292343387471,1,bikol,high_resource
604,109,15,4.4495412844036695,7.266666666666667,1.8990825688073394,2,1.5,0.48623853211009177,1.5963302752293578,0.8165137614678899,0.14678899082568808,0.0,0.3669724770642202,0.6622340425531915,0.699468085106383,0.6702127659574468,0.6367041198501873,0.7340823970037453,0.5767790262172284,1,bikol,high_resource
605,228,22,5.030701754385965,10.363636363636363,2.0964912280701755,11,1.2272727272727273,0.35874439461883406,1.7982456140350878,0.8421052631578947,0.17543859649122806,0.008771929824561403,0.49122807017543857,0.7590361445783133,0.7623220153340635,0.7590361445783133,0.7235294117647059,0.7455882352941177,0.7485294117647059,1,bikol,high_resource
606,355,41,4.892957746478873,8.658536585365853,2.0704225352112675,13,1.1290322580645162,0.42857142857142855,1.7070422535211267,0.8647887323943662,0.2028169014084507,0.011267605633802818,0.4507042253521127,0.6415094339622641,0.637155297532656,0.6284470246734397,0.5743639921722113,0.6193737769080235,0.5499021526418787,1,bikol,high_resource
607,47,10,5.74468085106383,4.7,2.276595744680851,1,0.0,0.5531914893617021,2.234042553191489,1.297872340425532,0.2765957446808511,0.0,0.6170212765957447,0.8295964125560538,0.7757847533632287,0.8340807174887892,0.8125,0.8806818181818182,0.7727272727272727,1,bikol,high_resource
608,81,12,4.3580246913580245,6.75,1.8395061728395061,0,1.3333333333333333,0.345679012345679,1.7160493827160495,0.8888888888888888,0.037037037037037035,0.0,0.2839506172839506,0.6801470588235294,0.6875,0.6323529411764706,0.5654450261780105,0.6701570680628273,0.5916230366492147,1,bikol,high_resource
609,114,25,5.2368421052631575,4.56,2.1491228070175437,2,1.0666666666666667,0.4649122807017544,1.9298245614035088,1.0964912280701755,0.16666666666666666,0.0,0.4649122807017544,0.7536231884057971,0.8074534161490683,0.7412008281573499,0.7371273712737128,0.8319783197831978,0.6612466124661247,1,bikol,high_resource
610,52,8,4.884615384615385,6.5,2.1346153846153846,5,1.125,0.4423076923076923,2.019230769230769,0.9807692307692307,0.11538461538461539,0.0,0.3269230769230769,0.4900990099009901,0.5198019801980198,0.504950495049505,0.5066666666666667,0.58,0.5266666666666666,1,bikol,high_resource
611,100,13,5.29,7.6923076923076925,2.19,4,1.4,0.6020408163265306,1.91,1.04,0.17,0.0,0.54,0.7156626506024096,0.7132530120481928,0.6698795180722892,0.6666666666666666,0.6698717948717948,0.6057692307692307,1,bikol,high_resource
612,219,27,5.19634703196347,8.11111111111111,2.105022831050228,10,1.0454545454545454,0.5370370370370371,1.6849315068493151,0.9863013698630136,0.3059360730593607,0.0182648401826484,0.6073059360730594,0.5720524017467249,0.5764192139737991,0.5491266375545851,0.48419540229885055,0.5675287356321839,0.4640804597701149,1,bikol,high_resource
613,12,1,5.833333333333333,12.0,2.5,2,2.0,0.9090909090909091,2.0,1.1666666666666667,0.16666666666666666,0.0,0.6666666666666666,0.6842105263157895,0.7192982456140351,0.7017543859649122,0.6818181818181818,0.7272727272727273,0.7045454545454546,1,bikol,high_resource
614,206,30,4.344660194174757,6.866666666666666,1.8446601941747574,0,1.5555555555555556,0.4146341463414634,1.6359223300970873,0.8106796116504854,0.13106796116504854,0.0,0.35436893203883496,0.6918604651162791,0.6497093023255814,0.6787790697674418,0.6257796257796258,0.6070686070686071,0.5696465696465697,1,bikol,high_resource
615,68,7,4.897058823529412,9.714285714285714,2.161764705882353,4,1.75,0.7076923076923077,1.8088235294117647,0.9705882352941176,0.20588235294117646,0.0,0.36764705882352944,0.6412213740458015,0.6221374045801527,0.6221374045801527,0.581151832460733,0.6387434554973822,0.5602094240837696,1,bikol,high_resource
616,198,29,4.41919191919192,6.827586206896552,1.9848484848484849,1,1.7857142857142858,0.4536082474226804,1.8080808080808082,0.7626262626262627,0.15151515151515152,0.0,0.25252525252525254,0.6957163958641064,0.689807976366322,0.6602658788774003,0.5490605427974948,0.6576200417536534,0.511482254697286,1,bikol,high_resource
617,258,36,4.829457364341085,7.166666666666667,2.10077519379845,0,1.5769230769230769,0.3953488372093023,1.8604651162790697,0.9341085271317829,0.17054263565891473,0.0,0.3643410852713178,0.6923076923076923,0.6852226720647774,0.6629554655870445,0.6410958904109589,0.6753424657534246,0.6191780821917808,1,bikol,high_resource
618,86,19,4.441860465116279,4.526315789473684,1.8953488372093024,0,1.6666666666666667,0.5930232558139535,1.6162790697674418,0.813953488372093,0.12790697674418605,0.0,0.47674418604651164,0.6351351351351351,0.6351351351351351,0.6317567567567568,0.5714285714285714,0.6333333333333333,0.5047619047619047,1,bikol,high_resource
619,209,11,4.866028708133971,19.0,2.014354066985646,3,2.0833333333333335,0.41148325358851673,1.708133971291866,0.9234449760765551,0.24880382775119617,0.028708133971291867,0.45933014354066987,0.6138613861386139,0.6113861386138614,0.6051980198019802,0.5548172757475083,0.5913621262458472,0.521594684385382,1,bikol,high_resource
620,206,40,4.679611650485437,5.15,1.9368932038834952,1,0.0,0.42718446601941745,1.558252427184466,0.7912621359223301,0.11650485436893204,0.0,0.5485436893203883,0.6649076517150396,0.6701846965699209,0.6266490765171504,0.5742753623188406,0.6757246376811594,0.5869565217391305,1,bikol,high_resource
621,148,13,5.0608108108108105,11.384615384615385,2.0472972972972974,7,1.0769230769230769,0.5422535211267606,1.6891891891891893,0.8918918918918919,0.2905405405405405,0.02702702702702703,0.6283783783783784,0.5798319327731093,0.5882352941176471,0.561344537815126,0.4966139954853273,0.5620767494356659,0.4717832957110609,1,bikol,high_resource
622,432,47,4.597222222222222,9.191489361702128,2.0393518518518516,12,1.8461538461538463,0.4090909090909091,1.787037037037037,0.8240740740740741,0.14814814814814814,0.0023148148148148147,0.3449074074074074,0.6664503569110967,0.6690460739779364,0.6683971447112265,0.6231751824817519,0.6450729927007299,0.6031021897810219,1,bikol,high_resource
623,102,12,4.480392156862745,8.5,1.9705882352941178,1,2.0,0.44329896907216493,1.6568627450980393,0.8921568627450981,0.16666666666666666,0.0,0.30392156862745096,0.6485714285714286,0.6485714285714286,0.64,0.588477366255144,0.5967078189300411,0.6131687242798354,1,bikol,high_resource
624,62,10,4.548387096774194,6.2,1.8548387096774193,0,1.875,0.43548387096774194,1.435483870967742,0.8064516129032258,0.16129032258064516,0.0,0.4838709677419355,0.6227272727272727,0.6136363636363636,0.6318181818181818,0.5253164556962026,0.6518987341772152,0.3987341772151899,1,bikol,high_resource
625,292,46,4.859589041095891,6.3478260869565215,2.037671232876712,11,1.0344827586206897,0.4586206896551724,1.6917808219178083,0.8972602739726028,0.21575342465753425,0.0136986301369863,0.4691780821917808,0.672,0.664,0.6595555555555556,0.5834333733493398,0.6182472989195679,0.5714285714285714,1,bikol,high_resource
626,104,15,4.0576923076923075,6.933333333333334,1.6538461538461537,0,1.0909090909090908,0.33653846153846156,1.5384615384615385,0.7115384615384616,0.07692307692307693,0.0,0.40384615384615385,0.5660377358490566,0.5786163522012578,0.6163522012578616,0.6296296296296297,0.6481481481481481,0.6018518518518519,1,bikol,high_resource
627,75,10,4.693333333333333,7.5,1.9733333333333334,2,0.0,0.6351351351351351,1.6666666666666667,0.8266666666666667,0.18666666666666668,0.0,0.5066666666666667,0.6847826086956522,0.6485507246376812,0.605072463768116,0.58,0.705,0.525,1,bikol,high_resource
628,52,9,4.0576923076923075,5.777777777777778,1.7115384615384615,1,0.0,0.39215686274509803,1.3461538461538463,0.8461538461538461,0.038461538461538464,0.0,0.15384615384615385,0.7848101265822784,0.7341772151898734,0.5949367088607594,0.5714285714285714,0.4666666666666667,0.4666666666666667,1,bikol,high_resource
629,221,12,4.452488687782806,18.416666666666668,1.9547511312217194,3,1.3333333333333333,0.47685185185185186,1.592760180995475,0.7601809954751131,0.14479638009049775,0.004524886877828055,0.34841628959276016,0.6697368421052632,0.6657894736842105,0.6697368421052632,0.6486988847583643,0.6338289962825279,0.5985130111524164,1,bikol,high_resource
630,20,0,5.55,20.0,2.3,0,0.0,0.9473684210526315,2.05,1.05,0.1,0.0,0.55,0.7,0.6333333333333333,0.6333333333333333,0.7101449275362319,0.6666666666666666,0.7101449275362319,1,bikol,high_resource
631,122,9,4.672131147540983,13.555555555555555,1.9180327868852458,0,1.4444444444444444,0.475,1.7868852459016393,0.9836065573770492,0.1885245901639344,0.0,0.4262295081967213,0.6995515695067265,0.726457399103139,0.6838565022421524,0.6335403726708074,0.6583850931677019,0.639751552795031,1,bikol,high_resource
632,116,9,4.422413793103448,12.88888888888889,1.9655172413793103,0,1.2222222222222223,0.3805309734513274,1.7672413793103448,0.9051724137931034,0.10344827586206896,0.0,0.13793103448275862,0.8375634517766497,0.8197969543147208,0.8045685279187818,0.7927272727272727,0.7636363636363637,0.7709090909090909,1,bikol,high_resource
633,204,17,4.936274509803922,12.0,2.0784313725490198,4,0.0,0.43349753694581283,1.8970588235294117,0.9705882352941176,0.14705882352941177,0.0,0.39705882352941174,0.773067331670823,0.7082294264339152,0.7506234413965087,0.7386934673366834,0.7437185929648241,0.6867671691792295,1,bikol,high_resource
634,56,12,5.767857142857143,4.666666666666667,2.4464285714285716,1,1.0833333333333333,0.5357142857142857,2.0357142857142856,1.1071428571428572,0.26785714285714285,0.017857142857142856,0.5892857142857143,0.704119850187266,0.7116104868913857,0.6928838951310862,0.6824644549763034,0.7440758293838863,0.7203791469194313,1,bikol,high_resource
635,192,18,4.984375,10.666666666666666,2.0416666666666665,0,1.5625,0.4473684210526316,1.7291666666666667,0.7916666666666666,0.13541666666666666,0.0,0.5833333333333334,0.7378768020969856,0.7483617300131061,0.7391874180865007,0.7082601054481547,0.8014059753954306,0.7135325131810193,1,bikol,high_resource
636,142,18,4.415492957746479,7.888888888888889,1.9154929577464788,1,2.142857142857143,0.2198581560283688,1.6267605633802817,0.7676056338028169,0.11971830985915492,0.0,0.4225352112676056,0.7086776859504132,0.6549586776859504,0.6983471074380165,0.6598240469208211,0.6803519061583577,0.5894428152492669,1,bikol,high_resource
637,219,46,4.200913242009133,4.760869565217392,1.7853881278538812,2,1.25,0.2922374429223744,1.5707762557077625,0.821917808219178,0.0867579908675799,0.0,0.1598173515981735,0.5920114122681883,0.5863052781740371,0.5691868758915835,0.5726141078838174,0.5269709543568465,0.5269709543568465,1,bikol,high_resource
638,144,20,5.090277777777778,7.2,2.0972222222222223,1,1.05,0.381294964028777,1.8055555555555556,0.9930555555555556,0.24305555555555555,0.0,0.6180555555555556,0.648972602739726,0.6215753424657534,0.5941780821917808,0.6252873563218391,0.6252873563218391,0.5080459770114942,1,bikol,high_resource
639,120,11,4.666666666666667,10.909090909090908,2.0166666666666666,3,1.4545454545454546,0.4322033898305085,1.7416666666666667,0.975,0.16666666666666666,0.0,0.31666666666666665,0.7648401826484018,0.7990867579908676,0.7853881278538812,0.6867088607594937,0.740506329113924,0.6582278481012658,1,bikol,high_resource
640,297,30,4.6767676767676765,9.9,2.0,14,1.5384615384615385,0.4261168384879725,1.6464646464646464,0.8484848484848485,0.1750841750841751,0.003367003367003367,0.42424242424242425,0.6427255985267035,0.6270718232044199,0.6270718232044199,0.5640050697084917,0.6299112801013942,0.5462610899873257,1,bikol,high_resource
641,174,32,4.873563218390805,5.4375,2.0804597701149423,5,1.2608695652173914,0.41566265060240964,1.9195402298850575,0.9885057471264368,0.16091954022988506,0.0,0.3563218390804598,0.6490963855421686,0.697289156626506,0.6641566265060241,0.6416666666666667,0.7270833333333333,0.5479166666666667,1,bikol,high_resource
642,84,24,4.107142857142857,3.5,1.8452380952380953,3,0.0,0.47619047619047616,1.3928571428571428,0.75,0.08333333333333333,0.0,0.25,0.7662835249042146,0.7471264367816092,0.735632183908046,0.7078651685393258,0.6797752808988764,0.6797752808988764,1,bikol,high_resource
643,70,13,4.371428571428571,5.384615384615385,1.8714285714285714,0,1.2727272727272727,0.6285714285714286,1.7428571428571429,0.8714285714285714,0.08571428571428572,0.0,0.2857142857142857,0.7288135593220338,0.7584745762711864,0.7415254237288136,0.6807228915662651,0.6987951807228916,0.6807228915662651,1,bikol,high_resource
644,67,17,3.791044776119403,3.9411764705882355,1.7761194029850746,0,0.0,0.5373134328358209,1.373134328358209,0.5970149253731343,0.04477611940298507,0.0,0.19402985074626866,0.7112299465240641,0.6363636363636364,0.6737967914438503,0.55,0.6083333333333333,0.49166666666666664,1,bikol,high_resource
645,35,9,4.942857142857143,3.888888888888889,2.057142857142857,4,0.0,0.45714285714285713,1.9142857142857144,1.0,0.11428571428571428,0.02857142857142857,0.4,0.7028985507246377,0.6884057971014492,0.644927536231884,0.6407766990291263,0.6116504854368932,0.5922330097087378,1,bikol,high_resource
646,91,25,4.923076923076923,3.64,2.087912087912088,1,0.0,0.3626373626373626,2.021978021978022,1.098901098901099,0.1978021978021978,0.0,0.38461538461538464,0.5910364145658263,0.5630252100840336,0.5462184873949579,0.6466165413533834,0.6466165413533834,0.5864661654135338,1,bikol,high_resource
647,200,31,4.56,6.451612903225806,2.03,4,1.4090909090909092,0.5276381909547738,1.755,0.885,0.12,0.0,0.24,0.6572637517630465,0.6205923836389281,0.616361071932299,0.581532416502947,0.6051080550098232,0.5579567779960707,1,bikol,high_resource
648,219,11,4.666666666666667,19.90909090909091,1.9315068493150684,5,1.6666666666666667,0.42790697674418604,1.634703196347032,0.91324200913242,0.2420091324200913,0.0091324200913242,0.5296803652968036,0.6570713391739674,0.6745932415519399,0.6483103879849812,0.5924006908462867,0.6234887737478411,0.531951640759931,1,bikol,high_resource
649,134,22,4.67910447761194,6.090909090909091,1.992537313432836,2,0.0,0.4146341463414634,1.7761194029850746,0.9402985074626866,0.09701492537313433,0.007462686567164179,0.40298507462686567,0.7655601659751037,0.7634854771784232,0.7344398340248963,0.744807121661721,0.7329376854599406,0.7626112759643917,1,bikol,high_resource
650,227,23,4.748898678414097,9.869565217391305,2.0220264317180616,3,1.7777777777777777,0.43612334801762115,1.7356828193832599,0.8634361233480177,0.15859030837004406,0.0,0.42290748898678415,0.7238542890716804,0.72737955346651,0.7074030552291422,0.7131410256410257,0.7692307692307693,0.6490384615384616,1,bikol,high_resource
651,89,23,4.584269662921348,3.869565217391304,2.0224719101123596,0,2.2,0.5842696629213483,1.8202247191011236,0.8876404494382022,0.0898876404494382,0.0,0.2247191011235955,0.5736677115987461,0.5987460815047022,0.5736677115987461,0.5478260869565217,0.5695652173913044,0.5304347826086957,1,bikol,high_resource
652,257,55,5.175097276264592,4.672727272727273,2.1439688715953307,4,1.3888888888888888,0.5296442687747036,1.9027237354085602,1.0116731517509727,0.22178988326848248,0.023346303501945526,0.556420233463035,0.5878504672897197,0.6233644859813084,0.6018691588785047,0.4882860665844636,0.5400739827373613,0.43773119605425403,2,bikol,high_resource
653,420,67,4.569047619047619,6.268656716417911,1.9095238095238096,8,1.6153846153846154,0.3686746987951807,1.6071428571428572,0.8595238095238096,0.20238095238095238,0.002380952380952381,0.4238095238095238,0.5871313672922251,0.5931635388739946,0.5764075067024129,0.5074766355140187,0.5411214953271029,0.4691588785046729,2,bikol,high_resource
654,586,43,4.853242320819112,13.627906976744185,2.0341296928327646,20,1.4210526315789473,0.35121107266435986,1.764505119453925,0.8771331058020477,0.15870307167235495,0.0,0.4709897610921502,0.6886708296164139,0.7283675289919714,0.6828724353256022,0.6579586877278251,0.6944106925880923,0.6130012150668287,2,bikol,high_resource
655,193,55,4.740932642487047,3.5090909090909093,2.005181347150259,3,1.4583333333333333,0.5625,1.7046632124352332,0.8290155440414507,0.19689119170984457,0.0,0.44041450777202074,0.5341701534170153,0.5341701534170153,0.5355648535564853,0.4444444444444444,0.4482758620689655,0.3831417624521073,2,bikol,high_resource
656,219,31,4.292237442922374,7.064516129032258,1.8493150684931507,0,1.3703703703703705,0.3150684931506849,1.538812785388128,0.7168949771689498,0.1278538812785388,0.0,0.319634703196347,0.7600554785020804,0.7558945908460472,0.7545076282940361,0.6023856858846919,0.7137176938369781,0.6063618290258449,2,bikol,high_resource
657,109,15,4.954128440366972,7.266666666666667,2.220183486238532,4,1.5333333333333334,0.5596330275229358,1.8990825688073394,0.9541284403669725,0.11009174311926606,0.0,0.3394495412844037,0.7122969837587007,0.7215777262180975,0.6728538283062645,0.6583850931677019,0.7298136645962733,0.6149068322981367,2,bikol,high_resource
658,286,47,5.06993006993007,6.085106382978723,2.129370629370629,15,1.6,0.5765124555160143,1.867132867132867,1.0174825174825175,0.22377622377622378,0.0034965034965034965,0.46503496503496505,0.6862068965517242,0.7094827586206897,0.6612068965517242,0.6540664375715922,0.6575028636884307,0.6368843069873997,2,bikol,high_resource
659,126,55,4.801587301587301,2.290909090909091,1.9285714285714286,2,1.0285714285714285,0.5081967213114754,1.6746031746031746,0.9126984126984127,0.2777777777777778,0.015873015873015872,0.5317460317460317,0.5263157894736842,0.5175438596491229,0.48903508771929827,0.42201834862385323,0.5351681957186545,0.3761467889908257,2,bikol,high_resource
660,323,45,5.123839009287925,7.177777777777778,2.1578947368421053,13,1.5357142857142858,0.5078864353312302,1.910216718266254,1.0278637770897834,0.2693498452012384,0.0,0.5108359133126935,0.6473247927656368,0.6661642803315749,0.6337603617181613,0.612,0.651,0.548,2,bikol,high_resource
661,255,28,5.035294117647059,9.107142857142858,2.1333333333333333,8,1.5909090909090908,0.49795918367346936,1.8941176470588235,0.9725490196078431,0.22745098039215686,0.00784313725490196,0.4980392156862745,0.6951819075712881,0.7128810226155359,0.6774827925270404,0.6781914893617021,0.7047872340425532,0.6117021276595744,2,bikol,high_resource
662,78,26,4.615384615384615,3.0,1.9743589743589745,0,1.875,0.41025641025641024,1.5512820512820513,0.9615384615384616,0.23076923076923078,0.01282051282051282,0.44871794871794873,0.7588652482269503,0.7695035460992907,0.7340425531914894,0.7058823529411765,0.7794117647058824,0.6911764705882353,2,bikol,high_resource
663,182,40,4.324175824175824,4.55,1.934065934065934,3,1.2,0.5111111111111111,1.6868131868131868,0.8076923076923077,0.09340659340659341,0.0,0.22527472527472528,0.7097844112769486,0.6832504145936982,0.6766169154228856,0.7040572792362768,0.711217183770883,0.5871121718377088,2,bikol,high_resource
664,259,23,5.084942084942085,11.26086956521739,2.189189189189189,14,2.611111111111111,0.549407114624506,1.8803088803088803,0.9498069498069498,0.15057915057915058,0.0,0.39768339768339767,0.7210626185958254,0.7590132827324478,0.7229601518026565,0.6868686868686869,0.7335858585858586,0.6174242424242424,2,bikol,high_resource
665,355,45,4.794366197183098,7.888888888888889,2.0901408450704224,10,1.631578947368421,0.41025641025641024,1.8619718309859155,0.9323943661971831,0.17464788732394365,0.0,0.36056338028169016,0.637379002233805,0.6574832464631423,0.6195085629188384,0.584349593495935,0.6595528455284553,0.5497967479674797,2,bikol,high_resource
666,119,27,4.571428571428571,4.407407407407407,2.0756302521008405,3,1.1333333333333333,0.5555555555555556,1.781512605042017,0.8235294117647058,0.08403361344537816,0.0,0.2605042016806723,0.735224586288416,0.7659574468085106,0.7541371158392435,0.7019867549668874,0.7748344370860927,0.6622516556291391,2,bikol,high_resource
667,173,26,4.242774566473988,6.653846153846154,1.8208092485549132,0,1.5,0.5535714285714286,1.6184971098265897,0.7630057803468208,0.09248554913294797,0.0,0.3063583815028902,0.75,0.7464028776978417,0.7014388489208633,0.6807387862796834,0.7335092348284961,0.604221635883905,2,bikol,high_resource
668,265,63,4.849056603773585,4.2063492063492065,2.018867924528302,7,1.44,0.43373493975903615,1.758490566037736,0.8754716981132076,0.16226415094339622,0.0037735849056603774,0.4490566037735849,0.6187192118226601,0.6443349753694582,0.6137931034482759,0.599195710455764,0.6528150134048257,0.5710455764075067,2,bikol,high_resource
669,159,33,4.49685534591195,4.818181818181818,1.930817610062893,0,1.380952380952381,0.3584905660377358,1.6729559748427674,0.8805031446540881,0.09433962264150944,0.0,0.3333333333333333,0.814748201438849,0.7553956834532374,0.8093525179856115,0.8136020151133502,0.7884130982367759,0.7455919395465995,2,bikol,high_resource
670,199,28,5.1708542713567835,7.107142857142857,2.1758793969849246,8,1.1428571428571428,0.40512820512820513,1.92964824120603,1.0804020100502512,0.20100502512562815,0.0,0.4271356783919598,0.6853658536585366,0.7207317073170731,0.6792682926829269,0.6807817589576547,0.6889250814332247,0.5928338762214984,2,bikol,high_resource
671,248,39,5.233870967741935,6.358974358974359,2.161290322580645,9,2.230769230769231,0.5485232067510548,1.9838709677419355,1.0362903225806452,0.27419354838709675,0.004032258064516129,0.47580645161290325,0.7068466730954677,0.6962391513982642,0.7213114754098361,0.6529562982005142,0.6233933161953727,0.596401028277635,2,bikol,high_resource
672,158,44,5.018987341772152,3.590909090909091,2.0949367088607596,1,1.2272727272727273,0.5562913907284768,1.8291139240506329,0.9620253164556962,0.16455696202531644,0.0,0.41139240506329117,0.7412140575079872,0.7476038338658147,0.7428115015974441,0.7288503253796096,0.7592190889370932,0.6811279826464208,2,bikol,high_resource
673,161,25,4.732919254658385,6.44,1.9937888198757765,8,1.3333333333333333,0.567741935483871,1.7826086956521738,0.9130434782608695,0.17391304347826086,0.0,0.422360248447205,0.6308492201039861,0.6724436741767764,0.6187175043327556,0.6131386861313869,0.6277372262773723,0.5669099756690997,2,bikol,high_resource
674,117,23,4.786324786324786,5.086956521739131,2.1367521367521367,2,1.5714285714285714,0.5948275862068966,1.8205128205128205,0.8717948717948718,0.1111111111111111,0.0,0.3504273504273504,0.6515837104072398,0.6606334841628959,0.6425339366515838,0.6049382716049383,0.6481481481481481,0.558641975308642,2,bikol,high_resource
675,125,18,4.104,6.944444444444445,1.84,4,1.6,0.4180327868852459,1.584,0.688,0.096,0.0,0.304,0.6813471502590673,0.689119170984456,0.6813471502590673,0.6293436293436293,0.6988416988416989,0.6563706563706564,2,bikol,high_resource
676,167,29,4.6706586826347305,5.758620689655173,2.059880239520958,6,1.1851851851851851,0.6047904191616766,1.7604790419161678,0.8083832335329342,0.12574850299401197,0.0,0.3772455089820359,0.7259380097879282,0.7112561174551386,0.7145187601957586,0.6957494407158836,0.7158836689038032,0.6666666666666666,2,bikol,high_resource
677,277,38,5.285198555956678,7.2894736842105265,2.216606498194946,18,1.6071428571428572,0.5110294117647058,2.0,1.1010830324909748,0.21299638989169675,0.0,0.45126353790613716,0.735768903993203,0.7383177570093458,0.7170773152081563,0.7012263099219621,0.7279821627647715,0.6633221850613155,2,bikol,high_resource
678,258,33,4.538759689922481,7.818181818181818,2.0232558139534884,11,1.6,0.49612403100775193,1.6550387596899225,0.748062015503876,0.13178294573643412,0.0,0.35271317829457366,0.664841182913472,0.6757940854326396,0.6451259583789705,0.6045801526717557,0.6458015267175573,0.5694656488549619,2,bikol,high_resource
679,236,14,5.021186440677966,16.857142857142858,2.135593220338983,5,1.4666666666666666,0.47186147186147187,1.7754237288135593,1.0169491525423728,0.2923728813559322,0.025423728813559324,0.4830508474576271,0.6440677966101694,0.652542372881356,0.6334745762711864,0.5637393767705382,0.6458923512747875,0.5325779036827195,3,bikol,high_resource
680,520,41,4.503846153846154,12.682926829268293,1.9942307692307693,9,1.8108108108108107,0.38878143133462284,1.6942307692307692,0.7403846153846154,0.11923076923076924,0.0019230769230769232,0.36153846153846153,0.6827927432655305,0.6844420010995053,0.668499175371083,0.6168080185042406,0.674633770239013,0.5836545875096376,3,bikol,high_resource
681,433,52,4.900692840646651,8.326923076923077,2.096997690531178,15,1.3255813953488371,0.45176470588235296,1.863741339491917,0.9792147806004619,0.16397228637413394,0.0,0.4018475750577367,0.7513384889946461,0.7531231409875074,0.7388459250446163,0.7112903225806452,0.7241935483870968,0.6903225806451613,3,bikol,high_resource
682,639,43,4.60093896713615,14.86046511627907,2.032863849765258,18,1.8823529411764706,0.41509433962264153,1.730829420970266,0.8403755868544601,0.12363067292644757,0.001564945226917058,0.3145539906103286,0.6672473867595818,0.6663763066202091,0.6624564459930313,0.6234866828087167,0.6458837772397095,0.5611380145278451,3,bikol,high_resource
683,455,24,5.237362637362637,18.958333333333332,2.2043956043956046,32,2.0555555555555554,0.46938775510204084,1.9054945054945054,0.9560439560439561,0.210989010989011,0.0,0.5472527472527473,0.6313315926892951,0.64177545691906,0.6276762402088772,0.5669889502762431,0.6208563535911602,0.5338397790055248,3,bikol,high_resource
684,179,22,4.804469273743017,8.136363636363637,2.0726256983240225,3,1.7333333333333334,0.5919540229885057,1.7597765363128492,0.9050279329608939,0.13966480446927373,0.00558659217877095,0.3407821229050279,0.6863905325443787,0.658284023668639,0.665680473372781,0.6178861788617886,0.6869918699186992,0.5934959349593496,3,bikol,high_resource
685,917,74,4.718647764449291,12.391891891891891,2.0381679389312977,18,3.02,0.20022246941045607,1.7317339149400217,0.9563794983642312,0.19738276990185388,0.003271537622682661,0.366412213740458,0.7062813329401356,0.7080507225007372,0.6906517251548215,0.6449511400651465,0.7068403908794788,0.621742671009772,3,bikol,high_resource
686,7,1,5.428571428571429,7.0,2.2857142857142856,1,0.0,0.8571428571428571,1.7142857142857142,0.8571428571428571,0.2857142857142857,0.0,0.5714285714285714,0.6774193548387096,0.6774193548387096,0.6774193548387096,0.5416666666666666,0.5833333333333334,0.5,3,bikol,high_resource
687,497,50,4.865191146881288,9.94,2.1167002012072436,7,2.5,0.36693548387096775,1.891348088531187,0.93158953722334,0.1851106639839034,0.0,0.32193158953722334,0.6823406478578893,0.6687565308254964,0.6739811912225705,0.5776045357902198,0.595322466335932,0.5244507441530829,3,bikol,high_resource
688,491,49,4.832993890020367,10.020408163265307,2.0733197556008145,16,1.45,0.39591836734693875,1.845213849287169,0.9592668024439919,0.17922606924643583,0.0,0.36863543788187375,0.6762513312034079,0.6613418530351438,0.6576144834930777,0.6563176895306859,0.6823104693140795,0.5667870036101083,3,bikol,high_resource
689,511,46,5.217221135029354,11.108695652173912,2.2152641878669277,16,1.7333333333333334,0.4080808080808081,1.9412915851272015,1.0489236790606653,0.21330724070450097,0.0019569471624266144,0.48336594911937375,0.7026647966339411,0.697054698457223,0.6895745675549322,0.6286422814631122,0.6819590824550527,0.6001239925604464,3,bikol,high_resource
690,408,41,4.811274509803922,9.951219512195122,1.9730392156862746,9,2.2962962962962963,0.4088669950738916,1.75,0.9803921568627451,0.1715686274509804,0.0,0.3897058823529412,0.6264591439688716,0.642023346303502,0.6160830090791181,0.6141592920353982,0.6424778761061947,0.5442477876106194,3,bikol,high_resource
691,543,80,4.85451197053407,6.7875,2.0939226519337018,7,1.532258064516129,0.3803339517625232,1.7274401473296501,0.9410681399631676,0.1878453038674033,0.001841620626151013,0.40515653775322286,0.7040767386091127,0.6968824940047962,0.6839328537170264,0.6474025974025974,0.7175324675324676,0.6123376623376623,3,bikol,high_resource
692,624,73,4.594551282051282,8.547945205479452,2.0721153846153846,15,1.92,0.2894308943089431,1.8028846153846154,0.842948717948718,0.1346153846153846,0.003205128205128205,0.2948717948717949,0.7209302325581395,0.7473166368515206,0.7200357781753131,0.6785046728971963,0.7501557632398754,0.6161993769470405,3,bikol,high_resource
693,488,31,4.836065573770492,15.741935483870968,2.1290983606557377,13,1.7142857142857142,0.4121338912133891,1.7991803278688525,0.9426229508196722,0.13729508196721313,0.0,0.3463114754098361,0.6960257787325457,0.7089151450053706,0.682062298603652,0.6444281524926686,0.7023460410557185,0.6217008797653959,3,bikol,high_resource
694,448,52,5.004464285714286,8.615384615384615,2.142857142857143,11,1.2553191489361701,0.3865168539325843,1.8638392857142858,0.9575892857142857,0.15401785714285715,0.0,0.3861607142857143,0.6728084868788387,0.7096594081518705,0.6677833612506979,0.6656716417910448,0.6880597014925374,0.6276119402985074,3,bikol,high_resource
695,692,82,4.9002890173410405,8.439024390243903,2.115606936416185,28,1.3725490196078431,0.38088235294117645,1.80635838150289,0.8959537572254336,0.157514450867052,0.001445086705202312,0.45664739884393063,0.6280714817572599,0.6399851079672375,0.6269545793000745,0.5388104838709677,0.6315524193548387,0.5272177419354839,3,bikol,high_resource
696,411,49,4.751824817518248,8.387755102040817,2.0900243309002433,10,1.2553191489361701,0.41309823677581864,1.72992700729927,0.8637469586374696,0.15328467153284672,0.0,0.35279805352798055,0.6631989596879063,0.6657997399219766,0.6313394018205462,0.6183745583038869,0.6996466431095406,0.5865724381625441,3,bikol,high_resource
697,735,73,4.606802721088435,10.068493150684931,1.9687074829931972,20,1.4615384615384615,0.2966573816155989,1.6979591836734693,0.8312925170068027,0.145578231292517,0.0,0.4163265306122449,0.6969236612229396,0.7064185339916446,0.6954044815799468,0.6567481402763018,0.7173219978746015,0.6179596174282678,3,bikol,high_resource
698,637,83,4.772370486656201,7.674698795180723,2.0282574568288854,20,1.7647058823529411,0.35064935064935066,1.8021978021978022,0.9230769230769231,0.17582417582417584,0.0031397174254317113,0.3987441130298273,0.6931150293870697,0.6780016792611251,0.6712846347607053,0.6131090487238979,0.6450116009280742,0.5945475638051044,3,bikol,high_resource
699,262,23,4.919847328244275,11.391304347826088,2.1259541984732824,9,1.875,0.562015503875969,1.881679389312977,0.9236641221374046,0.14885496183206107,0.0,0.3549618320610687,0.6950146627565983,0.6637341153470185,0.6559139784946236,0.6354029062087186,0.6631439894319683,0.5891677675033025,3,bikol,high_resource
700,643,65,4.852255054432348,9.892307692307693,2.0031104199066876,14,1.7346938775510203,0.3488,1.7589424572317263,0.9191290824261276,0.2223950233281493,0.0015552099533437014,0.48522550544323484,0.6785859406745226,0.6700528240552621,0.6566436407964242,0.6380266075388027,0.6657427937915743,0.5703991130820399,3,bikol,high_resource
701,483,27,5.27536231884058,17.88888888888889,2.248447204968944,23,1.6,0.4282655246252677,1.9171842650103519,1.020703933747412,0.2153209109730849,0.006211180124223602,0.46790890269151136,0.671875,0.6689453125,0.6513671875,0.6034816247582205,0.6453900709219859,0.562862669245648,3,bikol,high_resource
702,327,33,4.782874617737003,9.909090909090908,2.091743119266055,9,1.625,0.4233128834355828,1.7798165137614679,0.9174311926605505,0.2018348623853211,0.0,0.3516819571865443,0.6545307443365695,0.6448220064724919,0.6310679611650486,0.5671806167400881,0.6321585903083701,0.5165198237885462,3,bikol,high_resource
703,299,32,4.872909698996655,9.34375,2.096989966555184,7,1.5,0.4511784511784512,1.8929765886287626,0.9498327759197325,0.19063545150501673,0.0,0.34448160535117056,0.7283737024221453,0.736159169550173,0.7162629757785467,0.669392523364486,0.6810747663551402,0.6039719626168224,3,bikol,high_resource
704,1180,91,4.4847457627118645,12.967032967032967,1.9745762711864407,19,2.9347826086956523,0.31063829787234043,1.7042372881355932,0.7906779661016949,0.09152542372881356,0.001694915254237288,0.288135593220339,0.6768931093255418,0.6729973216459703,0.6596055514974434,0.6260245901639344,0.6506147540983607,0.5864071038251366,3,bikol,high_resource
705,347,39,5.034582132564841,8.897435897435898,2.1095100864553316,11,1.7916666666666667,0.5192878338278932,1.84149855907781,0.9538904899135446,0.2219020172910663,0.0,0.5590778097982709,0.6529284164859002,0.6522053506869125,0.6305133767172812,0.5764362220058422,0.6280428432327166,0.5530671859785784,3,bikol,high_resource
706,937,97,4.454642475987193,9.65979381443299,1.887940234791889,17,2.3846153846153846,0.27124183006535946,1.6104589114194237,0.8548559231590181,0.11739594450373532,0.0021344717182497333,0.3255069370330843,0.6967621419676214,0.7113947696139477,0.6796388542963886,0.6254401408450704,0.6932218309859155,0.6091549295774648,3,bikol,high_resource
707,705,100,4.7205673758865245,7.05,2.0326241134751775,12,1.4025974025974026,0.3104434907010014,1.7588652482269505,0.8567375886524823,0.12056737588652482,0.0,0.3517730496453901,0.7133587786259542,0.749236641221374,0.7251908396946565,0.6539466806063774,0.7480397281756404,0.6163094615786723,3,bikol,high_resource
708,574,68,4.97212543554007,8.441176470588236,2.235191637630662,34,1.7037037037037037,0.44223826714801445,1.8780487804878048,0.9059233449477352,0.1602787456445993,0.0,0.3780487804878049,0.6468236339404709,0.6539315859617948,0.6326077298978232,0.6018072289156626,0.6132530120481928,0.5385542168674698,3,bikol,high_resource
709,698,84,5.078796561604585,8.30952380952381,2.0787965616045847,15,1.4057971014492754,0.38461538461538464,1.8624641833810889,1.0171919770773639,0.23925501432664756,0.0014326647564469914,0.5329512893982808,0.7057163020465773,0.6997177134791813,0.700423429781228,0.6312323612417686,0.6923800564440263,0.6105362182502352,3,bikol,high_resource
710,597,84,5.0201005025125625,7.107142857142857,2.1155778894472363,26,1.36,0.4010327022375215,1.8676716917922949,0.9765494137353434,0.17587939698492464,0.0,0.4271356783919598,0.6887583892617449,0.7101510067114094,0.6728187919463087,0.6661026508742245,0.6858432036097011,0.6424139875916526,3,bikol,high_resource
711,429,37,5.0606060606060606,11.594594594594595,2.1888111888111887,21,1.75,0.40384615384615385,1.8414918414918415,0.916083916083916,0.17482517482517482,0.002331002331002331,0.45454545454545453,0.6813186813186813,0.70213996529786,0.6790052053209948,0.6433566433566433,0.6899766899766899,0.5936285936285937,3,bikol,high_resource
712,402,32,4.945273631840796,12.5625,2.0646766169154227,12,1.5666666666666667,0.3787878787878788,1.8532338308457712,0.9701492537313433,0.20149253731343283,0.0,0.4502487562189055,0.7714468629961587,0.7816901408450704,0.765685019206146,0.7528187337380746,0.7762359063313097,0.7137901127493496,3,bikol,high_resource
713,563,104,5.149200710479573,5.413461538461538,2.25044404973357,27,1.1686746987951808,0.3470483005366726,1.9182948490230907,1.030195381882771,0.16163410301953818,0.0,0.3428063943161634,0.6916809605488851,0.7341337907375644,0.6981132075471698,0.6787535410764872,0.7337110481586402,0.6492917847025496,3,bikol,high_resource
714,391,45,4.805626598465473,8.688888888888888,2.0153452685421995,12,1.625,0.43116883116883115,1.7442455242966752,0.8695652173913043,0.1867007672634271,0.0,0.4884910485933504,0.7138983050847457,0.7389830508474576,0.7016949152542373,0.6873840445269017,0.7374768089053804,0.6131725417439703,3,bikol,high_resource
715,461,42,4.433839479392625,10.976190476190476,1.9739696312364425,14,1.1794871794871795,0.34497816593886466,1.7245119305856833,0.7570498915401301,0.08893709327548807,0.0021691973969631237,0.3579175704989154,0.7082278481012658,0.6981012658227848,0.6981012658227848,0.6487455197132617,0.735663082437276,0.6308243727598566,3,bikol,high_resource
716,640,65,4.5515625,9.846153846153847,1.9046875,22,1.4642857142857142,0.35135135135135137,1.6484375,0.821875,0.184375,0.0,0.4890625,0.6431095406360424,0.659452296819788,0.6545936395759717,0.6055555555555555,0.6771604938271605,0.562962962962963,3,bikol,high_resource
717,487,55,4.95482546201232,8.854545454545455,2.2279260780287475,27,1.3829787234042554,0.4109014675052411,1.893223819301848,0.9383983572895277,0.13141683778234087,0.0,0.3531827515400411,0.6957658128593832,0.7025614218504966,0.665446941975954,0.673036093418259,0.6709129511677282,0.6199575371549894,3,bikol,high_resource
718,731,99,4.503419972640219,7.383838383838384,1.93296853625171,10,2.625,0.28085106382978725,1.7510259917920656,0.8727770177838577,0.16142270861833105,0.0,0.33652530779753764,0.716039603960396,0.7231683168316831,0.6883168316831683,0.6674132138857782,0.6875699888017918,0.6427771556550952,3,bikol,high_resource
719,978,78,5.044989775051125,12.538461538461538,2.1370143149284253,33,1.7580645161290323,0.34683281412253375,1.8241308793456033,1.016359918200409,0.23210633946830267,0.003067484662576687,0.46830265848670755,0.6540609137055837,0.6979695431472082,0.6746192893401015,0.6478349120433018,0.648849797023004,0.6069012178619756,3,bikol,high_resource
720,202,23,4.742574257425742,8.782608695652174,2.0495049504950495,5,3.0,0.5435897435897435,1.7623762376237624,0.8613861386138614,0.16336633663366337,0.0,0.35148514851485146,0.6721311475409836,0.6898907103825137,0.6666666666666666,0.6316793893129771,0.6049618320610687,0.549618320610687,3,bikol,high_resource
721,503,68,4.779324055666004,7.397058823529412,2.073558648111332,20,1.8181818181818181,0.436,1.8528827037773359,0.94831013916501,0.1312127236580517,0.0,0.3399602385685885,0.743940990516333,0.743940990516333,0.7239199157007377,0.6927494615936827,0.697056712132089,0.6453697056712132,3,bikol,high_resource
722,108,20,4.62037037037037,5.4,1.9907407407407407,1,1.1333333333333333,0.5925925925925926,1.7314814814814814,0.7870370370370371,0.06481481481481481,0.0,0.4166666666666667,0.7800511508951407,0.7442455242966752,0.7749360613810742,0.7102473498233216,0.7279151943462897,0.6925795053003534,3,bikol,high_resource
723,235,40,4.56595744680851,5.875,1.9446808510638298,1,1.3548387096774193,0.44642857142857145,1.7234042553191489,0.8212765957446808,0.06808510638297872,0.0,0.35319148936170214,0.6972255729794934,0.6899879372738239,0.6477683956574186,0.6341880341880342,0.6239316239316239,0.558974358974359,3,bikol,high_resource
724,340,46,5.052941176470588,7.391304347826087,2.135294117647059,10,1.8620689655172413,0.39882697947214074,1.7970588235294118,0.9117647058823529,0.22058823529411764,0.0029411764705882353,0.49411764705882355,0.7276688453159041,0.719680464778504,0.719680464778504,0.6544401544401545,0.7133204633204633,0.5965250965250966,3,bikol,high_resource
725,438,60,4.796803652968037,7.3,1.9863013698630136,9,1.441860465116279,0.3851508120649652,1.773972602739726,0.8767123287671232,0.1187214611872146,0.0,0.4611872146118721,0.6578313253012048,0.6686746987951807,0.6518072289156627,0.5906480721903199,0.6694011484823625,0.5808039376538146,3,bikol,high_resource
726,645,77,4.438759689922481,8.376623376623376,1.9317829457364342,9,1.9,0.3541341653666147,1.6,0.8558139534883721,0.15348837209302327,0.0031007751937984496,0.3612403100775194,0.6690777576853526,0.6654611211573237,0.6528028933092225,0.6734563971992361,0.7383831954169319,0.642266072565245,3,bikol,high_resource
727,532,163,4.682330827067669,3.263803680981595,2.06390977443609,14,1.360655737704918,0.3567362428842505,1.7406015037593985,0.9360902255639098,0.15789473684210525,0.0037593984962406013,0.3157894736842105,0.7149437052200615,0.7200614124872057,0.6888433981576254,0.6549047282992237,0.6930134086097389,0.5815102328863797,3,bikol,high_resource
728,877,102,4.784492588369441,8.598039215686274,2.047890535917902,21,1.5057471264367817,0.36098130841121495,1.8323831242873432,0.927023945267959,0.16647662485746864,0.0,0.34777651083238315,0.7029161603888214,0.709902794653706,0.68408262454435,0.6757095158597662,0.6890651085141903,0.6348080133555927,3,bikol,high_resource
729,520,89,4.632692307692308,5.842696629213483,2.0,9,1.4705882352941178,0.3864077669902913,1.7192307692307693,0.8269230769230769,0.11923076923076924,0.0,0.35384615384615387,0.7022292993630573,0.6788747346072187,0.6725053078556263,0.6651949963208241,0.6821192052980133,0.6203090507726269,3,bikol,high_resource
730,513,48,4.658869395711501,10.6875,2.02729044834308,16,1.4222222222222223,0.39880952380952384,1.7992202729044835,0.8869395711500975,0.14230019493177387,0.0,0.3216374269005848,0.7237687366167024,0.7055674518201285,0.7039614561027837,0.6545319465081724,0.6649331352154532,0.6203566121842496,3,bikol,high_resource
731,431,34,4.979118329466357,12.676470588235293,2.0997679814385153,13,1.8,0.4182242990654206,1.8445475638051043,0.9280742459396751,0.2111368909512761,0.0,0.4988399071925754,0.6844262295081968,0.7096018735362998,0.6756440281030445,0.620203602192639,0.6593578700078309,0.59592795614722,3,bikol,high_resource
732,450,55,4.833333333333333,8.181818181818182,2.082222222222222,10,1.2340425531914894,0.3927765237020316,1.8622222222222222,0.9622222222222222,0.12666666666666668,0.0,0.33111111111111113,0.7691860465116279,0.7494186046511628,0.747093023255814,0.7193675889328063,0.7652173913043478,0.6790513833992095,3,bikol,high_resource
733,288,59,4.420138888888889,4.88135593220339,1.8333333333333333,0,1.5,0.23776223776223776,1.5138888888888888,0.8194444444444444,0.2465277777777778,0.0,0.4756944444444444,0.7063008130081301,0.693089430894309,0.6595528455284553,0.6776978417266187,0.7352517985611511,0.581294964028777,3,bikol,high_resource
734,88,9,4.363636363636363,9.777777777777779,1.9318181818181819,1,1.375,0.6363636363636364,1.5113636363636365,0.8068181818181818,0.10227272727272728,0.0,0.3522727272727273,0.7601351351351351,0.7364864864864865,0.7263513513513513,0.6778846153846154,0.6009615384615384,0.6875,1,hiligaynon,low_resource
735,177,22,4.757062146892656,8.045454545454545,2.096045197740113,6,2.142857142857143,0.4943181818181818,1.7514124293785311,0.807909604519774,0.1638418079096045,0.0,0.4576271186440678,0.7349397590361446,0.7259036144578314,0.7530120481927711,0.7325102880658436,0.6008230452674898,0.7222222222222222,1,hiligaynon,low_resource
736,168,35,4.880952380952381,4.8,2.0773809523809526,3,1.2608695652173914,0.4025157232704403,1.8214285714285714,0.8869047619047619,0.19642857142857142,0.0,0.47619047619047616,0.5847589424572317,0.5552099533437014,0.583203732503888,0.5289079229122056,0.4518201284796574,0.5074946466809421,1,hiligaynon,low_resource
737,69,10,4.3768115942028984,6.9,1.7826086956521738,1,1.1111111111111112,0.5735294117647058,1.5507246376811594,0.7681159420289855,0.18840579710144928,0.0,0.5217391304347826,0.7359307359307359,0.7792207792207793,0.7402597402597403,0.6335403726708074,0.6086956521739131,0.6211180124223602,1,hiligaynon,low_resource
738,150,18,4.086666666666667,8.333333333333334,1.8333333333333333,1,1.1111111111111112,0.2857142857142857,1.3866666666666667,0.7066666666666667,0.05333333333333334,0.0,0.29333333333333333,0.8065217391304348,0.7869565217391304,0.7760869565217391,0.7817589576547231,0.7687296416938111,0.8436482084690554,1,hiligaynon,low_resource
739,101,13,4.108910891089109,7.769230769230769,1.7623762376237624,1,1.3,0.49,1.4752475247524752,0.6732673267326733,0.15841584158415842,0.0,0.46534653465346537,0.6217948717948718,0.5897435897435898,0.5961538461538461,0.5215311004784688,0.5167464114832536,0.49282296650717705,1,hiligaynon,low_resource
740,127,16,4.834645669291339,7.9375,2.047244094488189,4,0.0,0.5901639344262295,1.7559055118110236,0.9133858267716536,0.09448818897637795,0.0,0.4015748031496063,0.6894409937888198,0.6666666666666666,0.7060041407867494,0.6306818181818182,0.6164772727272727,0.6789772727272727,1,hiligaynon,low_resource
741,39,7,4.743589743589744,5.571428571428571,1.8974358974358974,2,0.0,0.40540540540540543,1.641025641025641,0.8974358974358975,0.10256410256410256,0.0,0.358974358974359,0.8125,0.8263888888888888,0.8263888888888888,0.7864077669902912,0.7961165048543689,0.7669902912621359,1,hiligaynon,low_resource
742,55,10,5.2727272727272725,5.5,2.1636363636363636,2,0.0,0.7090909090909091,2.036363636363636,1.018181818181818,0.12727272727272726,0.0,0.5454545454545454,0.7106382978723405,0.7021276595744681,0.7021276595744681,0.6444444444444445,0.5611111111111111,0.6555555555555556,1,hiligaynon,low_resource
743,64,10,5.25,6.4,2.1875,1,1.1,0.515625,1.859375,0.9375,0.296875,0.0,0.625,0.6323529411764706,0.5625,0.5955882352941176,0.5961538461538461,0.46153846153846156,0.5336538461538461,1,hiligaynon,low_resource
744,119,17,4.579831932773109,7.0,2.0168067226890756,3,1.0769230769230769,0.5,1.6974789915966386,0.8403361344537815,0.10084033613445378,0.0,0.37815126050420167,0.6839622641509434,0.6438679245283019,0.6981132075471698,0.5808580858085809,0.5973597359735974,0.6567656765676567,1,hiligaynon,low_resource
745,126,13,4.309523809523809,9.692307692307692,1.7698412698412698,3,1.2857142857142858,0.48,1.5396825396825398,0.6746031746031746,0.0873015873015873,0.007936507936507936,0.5079365079365079,0.7716346153846154,0.7451923076923077,0.7451923076923077,0.7024221453287197,0.643598615916955,0.726643598615917,1,hiligaynon,low_resource
746,152,14,4.046052631578948,10.857142857142858,1.7763157894736843,1,1.4285714285714286,0.48026315789473684,1.5460526315789473,0.6907894736842105,0.06578947368421052,0.0,0.27631578947368424,0.7635574837310195,0.7245119305856833,0.7570498915401301,0.7055016181229773,0.598705501618123,0.6925566343042071,1,hiligaynon,low_resource
747,16,0,4.625,16.0,1.875,1,0.0,0.8,1.5625,0.6875,0.125,0.0,0.75,0.5964912280701754,0.6140350877192983,0.5614035087719298,0.525,0.6,0.55,1,hiligaynon,low_resource
748,98,9,5.020408163265306,10.88888888888889,1.9081632653061225,0,1.7777777777777777,0.3888888888888889,1.6938775510204083,0.9693877551020408,0.2755102040816326,0.0,0.7142857142857143,0.6658031088082902,0.616580310880829,0.6476683937823834,0.5321428571428571,0.5285714285714286,0.5892857142857143,1,hiligaynon,low_resource
749,37,2,4.513513513513513,18.5,2.0,0,0.0,0.5675675675675675,1.6486486486486487,0.8918918918918919,0.16216216216216217,0.0,0.2972972972972973,0.7692307692307693,0.7230769230769231,0.7461538461538462,0.5376344086021505,0.5483870967741935,0.6236559139784946,1,hiligaynon,low_resource
750,99,12,4.878787878787879,8.25,2.101010101010101,2,0.0,0.44329896907216493,1.6565656565656566,0.7575757575757576,0.1717171717171717,0.010101010101010102,0.5454545454545454,0.6256544502617801,0.6282722513089005,0.612565445026178,0.5409252669039146,0.5444839857651246,0.5622775800711743,1,hiligaynon,low_resource
751,166,11,4.566265060240964,15.090909090909092,1.8795180722891567,0,3.1666666666666665,0.3902439024390244,1.572289156626506,0.7891566265060241,0.14457831325301204,0.0,0.45180722891566266,0.7576271186440678,0.7406779661016949,0.7491525423728813,0.7298578199052133,0.6208530805687204,0.7274881516587678,1,hiligaynon,low_resource
752,57,13,3.8947368421052633,4.384615384615385,1.8070175438596492,1,0.0,0.3157894736842105,1.0701754385964912,0.47368421052631576,0.05263157894736842,0.0,0.40350877192982454,0.7757575757575758,0.7575757575757576,0.7515151515151515,0.75,0.7037037037037037,0.8055555555555556,1,hiligaynon,low_resource
753,71,10,4.394366197183099,7.1,1.8591549295774648,0,1.2,0.4852941176470588,1.7183098591549295,0.8732394366197183,0.16901408450704225,0.0,0.4084507042253521,0.6736401673640168,0.7196652719665272,0.7071129707112971,0.7108433734939759,0.6024096385542169,0.7590361445783133,1,hiligaynon,low_resource
754,98,19,4.346938775510204,5.157894736842105,1.7959183673469388,1,1.6666666666666667,0.3958333333333333,1.489795918367347,0.7244897959183674,0.12244897959183673,0.0,0.4897959183673469,0.6798780487804879,0.6371951219512195,0.6524390243902439,0.6217391304347826,0.591304347826087,0.6260869565217392,1,hiligaynon,low_resource
755,81,8,3.6296296296296298,10.125,1.654320987654321,0,0.0,0.5555555555555556,1.3703703703703705,0.5308641975308642,0.09876543209876543,0.0,0.24691358024691357,0.7652582159624414,0.704225352112676,0.6995305164319249,0.6515151515151515,0.5757575757575758,0.6287878787878788,1,hiligaynon,low_resource
756,241,65,4.568464730290456,3.707692307692308,1.8755186721991701,6,1.2777777777777777,0.314410480349345,1.5269709543568464,0.7593360995850622,0.2157676348547718,0.0,0.6348547717842323,0.5997624703087886,0.5795724465558195,0.5712589073634204,0.5784982935153583,0.5443686006825939,0.5733788395904437,1,hiligaynon,low_resource
757,112,2,4.267857142857143,56.0,1.6785714285714286,0,0.0,0.4636363636363636,1.4642857142857142,0.7232142857142857,0.08928571428571429,0.0,0.5535714285714286,0.7307692307692307,0.7307692307692307,0.7252747252747253,0.64,0.64,0.68,1,hiligaynon,low_resource
758,102,14,4.480392156862745,7.285714285714286,2.0098039215686274,1,2.25,0.5294117647058824,1.588235294117647,0.6568627450980392,0.11764705882352941,0.0,0.4019607843137255,0.647887323943662,0.6084507042253521,0.6647887323943662,0.5770750988142292,0.5296442687747036,0.6245059288537549,1,hiligaynon,low_resource
759,73,7,4.684931506849315,10.428571428571429,2.095890410958904,0,0.0,0.3424657534246575,1.7397260273972603,0.7397260273972602,0.1506849315068493,0.0,0.5342465753424658,0.7211895910780669,0.6988847583643123,0.6691449814126395,0.7346938775510204,0.6173469387755102,0.7091836734693877,1,hiligaynon,low_resource
760,142,9,4.732394366197183,15.777777777777779,1.7887323943661972,1,1.6666666666666667,0.45652173913043476,1.676056338028169,0.9859154929577465,0.1619718309859155,0.0,0.5563380281690141,0.7281368821292775,0.6825095057034221,0.7034220532319392,0.6868421052631579,0.5947368421052631,0.7078947368421052,1,hiligaynon,low_resource
761,230,35,4.2043478260869565,6.571428571428571,1.7521739130434784,1,1.32,0.41304347826086957,1.5043478260869565,0.8,0.1826086956521739,0.0,0.4391304347826087,0.6635006784260515,0.6675712347354138,0.6648575305291723,0.6023622047244095,0.5393700787401575,0.6181102362204725,1,hiligaynon,low_resource
762,31,8,3.7419354838709675,3.875,1.6774193548387097,0,0.0,0.5806451612903226,1.4516129032258065,0.4838709677419355,0.06451612903225806,0.0,0.3870967741935484,0.611764705882353,0.6470588235294118,0.6588235294117647,0.6296296296296297,0.5740740740740741,0.5925925925925926,1,hiligaynon,low_resource
763,210,13,4.247619047619048,16.153846153846153,1.7571428571428571,1,0.0,0.38461538461538464,1.5333333333333334,0.7095238095238096,0.07142857142857142,0.0,0.45714285714285713,0.763235294117647,0.7308823529411764,0.7617647058823529,0.7057569296375267,0.6268656716417911,0.7057569296375267,1,hiligaynon,low_resource
764,414,53,4.057971014492754,7.811320754716981,1.7681159420289856,3,1.5,0.41849148418491483,1.4492753623188406,0.6884057971014492,0.13043478260869565,0.0,0.3743961352657005,0.7367588932806324,0.7075098814229249,0.7256916996047431,0.6459554513481829,0.6049237983587339,0.694021101992966,1,hiligaynon,low_resource
765,175,22,4.308571428571429,7.954545454545454,1.8114285714285714,0,1.7,0.5,1.6057142857142856,0.7657142857142857,0.14285714285714285,0.0,0.3942857142857143,0.6968641114982579,0.6655052264808362,0.686411149825784,0.5989847715736041,0.5456852791878173,0.6675126903553299,1,hiligaynon,low_resource
766,82,2,3.6951219512195124,41.0,1.6585365853658536,0,2.3333333333333335,0.3780487804878049,1.4390243902439024,0.7195121951219512,0.036585365853658534,0.0,0.14634146341463414,0.6877828054298643,0.5701357466063348,0.5610859728506787,0.6618705035971223,0.45323741007194246,0.4892086330935252,1,hiligaynon,low_resource
767,66,11,4.257575757575758,6.0,1.8636363636363635,2,0.0,0.5151515151515151,1.5757575757575757,0.7878787878787878,0.13636363636363635,0.0,0.3787878787878788,0.8325581395348837,0.7906976744186046,0.8232558139534883,0.7857142857142857,0.6688311688311688,0.7597402597402597,1,hiligaynon,low_resource
768,63,10,4.412698412698413,6.3,1.8888888888888888,1,2.0,0.4838709677419355,1.3968253968253967,0.5555555555555556,0.06349206349206349,0.0,0.5238095238095238,0.5887850467289719,0.5514018691588785,0.5794392523364486,0.5466666666666666,0.43333333333333335,0.47333333333333333,1,hiligaynon,low_resource
769,67,10,4.865671641791045,6.7,1.9850746268656716,3,0.0,0.5538461538461539,1.7462686567164178,0.9552238805970149,0.19402985074626866,0.0,0.5223880597014925,0.8171206225680934,0.7937743190661478,0.7937743190661478,0.7074468085106383,0.6170212765957447,0.6968085106382979,1,hiligaynon,low_resource
770,126,36,4.404761904761905,3.5,1.8968253968253967,0,1.0357142857142858,0.4380165289256198,1.6031746031746033,0.6984126984126984,0.15079365079365079,0.0,0.4444444444444444,0.7075471698113207,0.6580188679245284,0.7334905660377359,0.673469387755102,0.6530612244897959,0.7380952380952381,1,hiligaynon,low_resource
771,60,8,3.816666666666667,7.5,1.6,0,0.0,0.31666666666666665,1.2666666666666666,0.65,0.016666666666666666,0.0,0.3333333333333333,0.727810650887574,0.7100591715976331,0.6863905325443787,0.6605504587155964,0.6513761467889908,0.6513761467889908,1,hiligaynon,low_resource
772,105,0,4.438095238095238,105.0,1.7809523809523808,0,0.0,0.5192307692307693,1.5523809523809524,0.9238095238095239,0.09523809523809523,0.0,0.3333333333333333,0.8587257617728532,0.8310249307479224,0.8116343490304709,0.78515625,0.78515625,0.80078125,1,hiligaynon,low_resource
773,46,5,4.478260869565218,9.2,1.8695652173913044,0,1.8333333333333333,0.4772727272727273,1.5217391304347827,0.8260869565217391,0.17391304347826086,0.0,0.5,0.7088607594936709,0.6645569620253164,0.6835443037974683,0.6090909090909091,0.6454545454545455,0.6181818181818182,1,hiligaynon,low_resource
774,55,13,5.6,4.230769230769231,2.4545454545454546,1,1.0833333333333333,0.5370370370370371,2.1272727272727274,1.1272727272727272,0.2545454545454545,0.01818181818181818,0.5272727272727272,0.7182539682539683,0.7103174603174603,0.7182539682539683,0.7193877551020408,0.6581632653061225,0.7397959183673469,1,hiligaynon,low_resource
775,205,16,4.595121951219512,12.8125,1.9560975609756097,3,2.4615384615384617,0.4195121951219512,1.6146341463414635,0.7853658536585366,0.1951219512195122,0.004878048780487805,0.5365853658536586,0.6594301221166893,0.6390773405698779,0.6485753052917232,0.6296992481203008,0.5375939849624061,0.6428571428571429,1,hiligaynon,low_resource
776,233,11,4.424892703862661,21.181818181818183,1.7339055793991416,2,3.0,0.3406113537117904,1.5836909871244635,0.8798283261802575,0.21888412017167383,0.0,0.5879828326180258,0.6336260978670013,0.6461731493099122,0.6122961104140527,0.5177304964539007,0.4166666666666667,0.5088652482269503,1,hiligaynon,low_resource
777,137,24,4.744525547445256,5.708333333333333,1.9708029197080292,2,1.5714285714285714,0.44696969696969696,1.5985401459854014,0.8029197080291971,0.16058394160583941,0.0,0.5401459854014599,0.6948818897637795,0.6496062992125984,0.687007874015748,0.6256830601092896,0.5573770491803278,0.6502732240437158,1,hiligaynon,low_resource
778,135,11,4.814814814814815,12.272727272727273,1.9111111111111112,1,1.0833333333333333,0.44029850746268656,1.6814814814814816,0.8518518518518519,0.2074074074074074,0.0,0.6222222222222222,0.6536964980544747,0.632295719844358,0.6595330739299611,0.5238095238095238,0.5105820105820106,0.5952380952380952,1,hiligaynon,low_resource
779,144,9,4.791666666666667,16.0,1.8819444444444444,1,1.8,0.37857142857142856,1.5416666666666667,0.9166666666666666,0.2708333333333333,0.013888888888888888,0.6527777777777778,0.7287822878228782,0.7195571955719557,0.7453874538745388,0.649746192893401,0.5786802030456852,0.7385786802030457,1,hiligaynon,low_resource
780,141,48,4.631205673758865,2.9375,1.9645390070921986,1,1.0869565217391304,0.21804511278195488,1.6524822695035462,0.7730496453900709,0.11347517730496454,0.0,0.44680851063829785,0.6309523809523809,0.5892857142857143,0.6369047619047619,0.6338028169014085,0.5380281690140845,0.6084507042253521,1,hiligaynon,low_resource
781,114,20,4.43859649122807,5.7,1.9210526315789473,0,1.0952380952380953,0.3577981651376147,1.5614035087719298,0.7280701754385965,0.11403508771929824,0.0,0.39473684210526316,0.7700258397932817,0.6640826873385013,0.7493540051679587,0.6604477611940298,0.5970149253731343,0.7126865671641791,1,hiligaynon,low_resource
782,97,19,4.185567010309279,5.105263157894737,1.8144329896907216,1,1.4,0.5773195876288659,1.5463917525773196,0.7525773195876289,0.061855670103092786,0.0,0.3917525773195876,0.7087378640776699,0.6666666666666666,0.6925566343042071,0.6981132075471698,0.5801886792452831,0.5943396226415094,1,hiligaynon,low_resource
783,261,37,4.3486590038314175,7.054054054054054,1.8544061302681993,3,1.28125,0.2490272373540856,1.5900383141762453,0.6781609195402298,0.09195402298850575,0.011494252873563218,0.41762452107279696,0.6593785960874569,0.6651323360184119,0.6536248561565017,0.6595041322314049,0.5933884297520661,0.684297520661157,1,hiligaynon,low_resource
784,38,9,5.026315789473684,4.222222222222222,2.0789473684210527,1,0.0,0.42105263157894735,2.026315789473684,1.0263157894736843,0.15789473684210525,0.05263157894736842,0.4473684210526316,0.7254901960784313,0.7058823529411765,0.6993464052287581,0.591304347826087,0.5739130434782609,0.6260869565217392,1,hiligaynon,low_resource
785,88,20,4.659090909090909,4.4,2.034090909090909,0,1.2307692307692308,0.48863636363636365,1.9318181818181819,0.9545454545454546,0.125,0.0,0.2840909090909091,0.5807453416149069,0.5807453416149069,0.5714285714285714,0.6111111111111112,0.5341880341880342,0.5854700854700855,1,hiligaynon,low_resource
786,99,13,4.8686868686868685,7.615384615384615,2.0303030303030303,1,1.3846153846153846,0.5161290322580645,1.7474747474747474,0.9090909090909091,0.15151515151515152,0.0,0.5050505050505051,0.783068783068783,0.7513227513227513,0.7698412698412699,0.7737226277372263,0.635036496350365,0.8138686131386861,1,hiligaynon,low_resource
787,126,25,4.492063492063492,5.04,1.9523809523809523,0,1.1333333333333333,0.5042016806722689,1.7380952380952381,0.8809523809523809,0.10317460317460317,0.0,0.3253968253968254,0.7806004618937644,0.7251732101616628,0.7575057736720554,0.7417218543046358,0.6423841059602649,0.6788079470198676,1,hiligaynon,low_resource
788,93,12,3.89247311827957,7.75,1.7096774193548387,0,0.0,0.23655913978494625,1.6021505376344085,0.7311827956989247,0.0,0.0,0.10752688172043011,0.6802973977695167,0.5947955390334573,0.6505576208178439,0.4772727272727273,0.5113636363636364,0.5454545454545454,1,hiligaynon,low_resource
789,77,9,4.7272727272727275,8.555555555555555,1.8831168831168832,0,1.4444444444444444,0.4935064935064935,1.6493506493506493,0.8961038961038961,0.18181818181818182,0.0,0.5844155844155844,0.7421602787456446,0.7247386759581882,0.6933797909407665,0.6476190476190476,0.5476190476190477,0.638095238095238,1,hiligaynon,low_resource
790,86,27,3.7325581395348837,3.185185185185185,1.697674418604651,0,0.0,0.3902439024390244,1.3488372093023255,0.5232558139534884,0.023255813953488372,0.0,0.3488372093023256,0.8354978354978355,0.7835497835497836,0.8095238095238095,0.7430555555555556,0.7222222222222222,0.7847222222222222,1,hiligaynon,low_resource
791,220,32,4.427272727272728,6.875,1.9090909090909092,2,1.6428571428571428,0.4147465437788018,1.6863636363636363,0.8227272727272728,0.16818181818181818,0.0,0.39545454545454545,0.7163781624500666,0.7270306258322237,0.711051930758988,0.6136363636363636,0.6382575757575758,0.6704545454545454,1,hiligaynon,low_resource
792,128,16,4.359375,8.0,1.8203125,2,1.2666666666666666,0.5,1.5703125,0.7890625,0.1640625,0.0078125,0.4375,0.727906976744186,0.7302325581395349,0.7093023255813954,0.6897689768976898,0.636963696369637,0.7128712871287128,1,hiligaynon,low_resource
793,253,25,4.553359683794467,10.12,1.9209486166007905,4,1.5,0.2862903225806452,1.6798418972332017,0.8695652173913043,0.14624505928853754,0.0,0.45849802371541504,0.7953020134228188,0.7706935123042505,0.7997762863534675,0.7908805031446541,0.7374213836477987,0.7924528301886793,1,hiligaynon,low_resource
794,181,22,4.45303867403315,8.227272727272727,1.8232044198895028,1,0.0,0.2541436464088398,1.6022099447513811,0.6850828729281768,0.11602209944751381,0.0,0.5082872928176796,0.8096,0.7504,0.7952,0.786036036036036,0.6914414414414415,0.7319819819819819,2,hiligaynon,low_resource
795,268,29,4.861940298507463,9.241379310344827,2.029850746268657,7,1.5217391304347827,0.4653846153846154,1.7985074626865671,0.9402985074626866,0.2126865671641791,0.007462686567164179,0.5373134328358209,0.7078870496592016,0.7078870496592016,0.7176241480038948,0.6591211717709721,0.5872170439414115,0.6564580559254327,2,hiligaynon,low_resource
796,432,30,4.631944444444445,14.4,1.9328703703703705,12,1.4333333333333333,0.33647058823529413,1.6458333333333333,0.8333333333333334,0.1388888888888889,0.0023148148148148147,0.5416666666666666,0.7541613316261203,0.7029449423815621,0.7387964148527529,0.7170818505338078,0.6379003558718861,0.7046263345195729,2,hiligaynon,low_resource
797,421,70,4.771971496437055,6.014285714285714,1.9239904988123515,8,1.619047619047619,0.3469879518072289,1.66270783847981,0.8741092636579573,0.19714964370546317,0.0023752969121140144,0.5771971496437055,0.6438962681846933,0.6217583807716635,0.6375711574952562,0.6117850953206239,0.5294627383015598,0.598786828422877,2,hiligaynon,low_resource
798,223,29,4.394618834080718,7.689655172413793,1.8609865470852018,3,1.2962962962962963,0.5159817351598174,1.6053811659192825,0.7847533632286996,0.13004484304932734,0.026905829596412557,0.40358744394618834,0.7095490716180372,0.6671087533156499,0.6949602122015915,0.7005649717514124,0.6214689265536724,0.6911487758945386,2,hiligaynon,low_resource
799,223,51,4.547085201793722,4.372549019607843,1.9103139013452914,4,1.3529411764705883,0.5409090909090909,1.6053811659192825,0.8295964125560538,0.16143497757847533,0.0,0.452914798206278,0.6154822335025381,0.5571065989847716,0.6065989847715736,0.48398576512455516,0.42526690391459077,0.5,2,hiligaynon,low_resource
800,216,32,4.486111111111111,6.75,1.9583333333333333,6,1.2222222222222223,0.35609756097560974,1.6527777777777777,0.7592592592592593,0.12962962962962962,0.004629629629629629,0.4212962962962963,0.7273954116059379,0.7071524966261808,0.7395411605937922,0.6575875486381323,0.5817120622568094,0.6712062256809338,2,hiligaynon,low_resource
801,278,55,4.33453237410072,5.054545454545455,1.6942446043165467,0,1.2592592592592593,0.44404332129963897,1.4676258992805755,0.7877697841726619,0.13309352517985612,0.0035971223021582736,0.4748201438848921,0.7073434125269978,0.6889848812095032,0.6900647948164147,0.5895061728395061,0.5370370370370371,0.6280864197530864,2,hiligaynon,low_resource
802,199,42,5.381909547738694,4.738095238095238,2.351758793969849,3,2.230769230769231,0.4717948717948718,1.949748743718593,1.0552763819095476,0.18592964824120603,0.005025125628140704,0.44221105527638194,0.6459770114942529,0.6218390804597701,0.6333333333333333,0.5305514157973175,0.5618479880774963,0.555886736214605,2,hiligaynon,low_resource
803,167,21,4.700598802395209,7.9523809523809526,1.9880239520958083,4,1.8333333333333333,0.5426829268292683,1.7305389221556886,0.844311377245509,0.1437125748502994,0.011976047904191617,0.4431137724550898,0.7163695299837926,0.700162074554295,0.7115072933549432,0.7037861915367484,0.5879732739420935,0.6837416481069042,2,hiligaynon,low_resource
804,178,20,4.98876404494382,8.9,2.134831460674157,12,1.1666666666666667,0.4502923976608187,1.9325842696629214,1.0449438202247192,0.12921348314606743,0.0,0.34269662921348315,0.732574679943101,0.6984352773826458,0.716927453769559,0.6640926640926641,0.5926640926640927,0.6776061776061776,2,hiligaynon,low_resource
805,67,27,4.641791044776119,2.4814814814814814,2.0,0,1.75,0.4032258064516129,1.492537313432836,0.5970149253731343,0.05970149253731343,0.014925373134328358,0.6567164179104478,0.6736401673640168,0.7322175732217573,0.702928870292887,0.7245508982035929,0.5988023952095808,0.6826347305389222,2,hiligaynon,low_resource
806,152,61,4.815789473684211,2.4918032786885247,1.861842105263158,1,0.0,0.42567567567567566,1.743421052631579,0.8552631578947368,0.13157894736842105,0.013157894736842105,0.5789473684210527,0.5683453237410072,0.5773381294964028,0.5359712230215827,0.5467980295566502,0.4729064039408867,0.49014778325123154,2,hiligaynon,low_resource
807,161,39,4.217391304347826,4.128205128205129,1.8881987577639752,3,1.4,0.49056603773584906,1.6956521739130435,0.7763975155279503,0.09937888198757763,0.006211180124223602,0.2670807453416149,0.6866537717601547,0.620889748549323,0.6634429400386848,0.6197183098591549,0.5915492957746479,0.6366197183098592,2,hiligaynon,low_resource
808,289,52,4.771626297577854,5.5576923076923075,1.9480968858131489,8,1.5897435897435896,0.3535714285714286,1.806228373702422,0.9619377162629758,0.1522491349480969,0.0034602076124567475,0.4359861591695502,0.6762257169287696,0.6475485661424607,0.6734505087881592,0.6917197452229299,0.6254777070063694,0.7414012738853503,2,hiligaynon,low_resource
809,155,28,4.741935483870968,5.535714285714286,2.0258064516129033,4,1.5294117647058822,0.4583333333333333,1.7870967741935484,0.864516129032258,0.16129032258064516,0.0,0.44516129032258067,0.7117750439367311,0.687170474516696,0.7152899824253075,0.6426799007444168,0.6054590570719603,0.7245657568238213,2,hiligaynon,low_resource
810,286,23,4.185314685314685,12.434782608695652,1.8391608391608392,4,1.6470588235294117,0.4230769230769231,1.4335664335664335,0.7097902097902098,0.09090909090909091,0.0,0.3706293706293706,0.725576289791438,0.7145993413830956,0.725576289791438,0.6741214057507987,0.6150159744408946,0.7252396166134185,2,hiligaynon,low_resource
811,9,0,4.888888888888889,9.0,2.0,1,0.0,0.8888888888888888,1.8888888888888888,0.8888888888888888,0.2222222222222222,0.0,0.6666666666666666,0.6285714285714286,0.6,0.6285714285714286,0.5384615384615384,0.5,0.6923076923076923,2,hiligaynon,low_resource
812,119,17,4.453781512605042,7.0,1.915966386554622,3,1.2307692307692308,0.5350877192982456,1.6638655462184875,0.8067226890756303,0.11764705882352941,0.0,0.42857142857142855,0.7339901477832512,0.7241379310344828,0.7339901477832512,0.696113074204947,0.5901060070671378,0.7314487632508834,2,hiligaynon,low_resource
813,184,42,4.608695652173913,4.380952380952381,1.934782608695652,1,1.2727272727272727,0.4883720930232558,1.6684782608695652,0.9347826086956522,0.125,0.0,0.41847826086956524,0.7392638036809815,0.691717791411043,0.7469325153374233,0.7390350877192983,0.6491228070175439,0.7346491228070176,2,hiligaynon,low_resource
814,220,23,4.7681818181818185,9.565217391304348,2.059090909090909,4,2.5,0.5023474178403756,1.790909090909091,0.8409090909090909,0.12272727272727273,0.0,0.44545454545454544,0.7339003645200486,0.7302551640340219,0.741190765492102,0.6988352745424293,0.627287853577371,0.7204658901830283,2,hiligaynon,low_resource
815,562,47,4.199288256227758,11.957446808510639,1.6637010676156583,4,1.0555555555555556,0.42230347349177333,1.3896797153024911,0.7384341637010676,0.15658362989323843,0.014234875444839857,0.47686832740213525,0.6082068577852726,0.5947161326587971,0.5890949971894323,0.5400495458298926,0.5243600330305532,0.5491329479768786,3,hiligaynon,low_resource
816,142,12,4.359154929577465,11.833333333333334,1.7535211267605635,0,1.5833333333333333,0.427536231884058,1.4154929577464788,0.8591549295774648,0.16901408450704225,0.0,0.5070422535211268,0.7399577167019028,0.7357293868921776,0.7378435517970402,0.649546827794562,0.5377643504531722,0.7673716012084593,3,hiligaynon,low_resource
817,1006,50,4.213717693836978,20.12,1.716699801192843,3,3.129032258064516,0.181,1.502982107355865,0.8210735586481114,0.09741550695825049,0.0,0.43339960238568587,0.7204834211341804,0.6817477533312675,0.7056089246978617,0.6549391069012178,0.5868290482634191,0.6626071267478575,3,hiligaynon,low_resource
818,567,59,4.705467372134039,9.610169491525424,1.9841269841269842,15,1.6862745098039216,0.3776978417266187,1.7248677248677249,0.8324514991181657,0.14462081128747795,0.005291005291005291,0.5396825396825397,0.7526265520534862,0.7172874880611271,0.7464183381088825,0.7019736842105263,0.6440789473684211,0.7171052631578947,3,hiligaynon,low_resource
819,670,86,4.586567164179105,7.790697674418604,1.9253731343283582,11,1.681159420289855,0.32926829268292684,1.7074626865671643,0.8611940298507462,0.1582089552238806,0.004477611940298508,0.4701492537313433,0.7129707112970711,0.69163179916318,0.7163179916317992,0.6608187134502924,0.5485380116959064,0.656140350877193,3,hiligaynon,low_resource
820,409,55,4.525672371638142,7.4363636363636365,1.8948655256723717,8,1.8666666666666667,0.38421052631578945,1.6356968215158925,0.8386308068459658,0.17114914425427874,0.0024449877750611247,0.4621026894865526,0.721868365180467,0.7112526539278131,0.7360226468506723,0.6741803278688525,0.6147540983606558,0.6834016393442623,3,hiligaynon,low_resource
821,499,40,4.551102204408818,12.475,1.9438877755511021,6,1.8064516129032258,0.3898989898989899,1.785571142284569,0.8677354709418837,0.11422845691382766,0.002004008016032064,0.312625250501002,0.7350282485875707,0.7033898305084746,0.7305084745762712,0.6288416075650118,0.5468873128447597,0.6264775413711584,3,hiligaynon,low_resource
822,322,36,4.704968944099379,8.944444444444445,1.9720496894409938,13,1.4482758620689655,0.4563106796116505,1.7329192546583851,0.8260869565217391,0.18322981366459629,0.0,0.5093167701863354,0.6864406779661016,0.6508474576271186,0.6635593220338983,0.6146572104018913,0.5449172576832151,0.5886524822695035,3,hiligaynon,low_resource
823,426,39,4.586854460093897,10.923076923076923,1.8497652582159625,4,2.2962962962962963,0.3952941176470588,1.6502347417840375,0.903755868544601,0.16666666666666666,0.004694835680751174,0.4647887323943662,0.6620825147347741,0.650294695481336,0.6712508185985593,0.5909090909090909,0.5454545454545454,0.6236363636363637,3,hiligaynon,low_resource
824,358,38,4.276536312849162,9.421052631578947,1.7597765363128492,2,1.4814814814814814,0.3707865168539326,1.5726256983240223,0.8324022346368715,0.11452513966480447,0.002793296089385475,0.3659217877094972,0.7237851662404092,0.7041773231031543,0.7203751065643649,0.6629901960784313,0.6225490196078431,0.6446078431372549,3,hiligaynon,low_resource
825,424,30,4.422169811320755,14.133333333333333,1.8160377358490567,4,1.3928571428571428,0.37115839243498816,1.596698113207547,0.8537735849056604,0.12028301886792453,0.0023584905660377358,0.44575471698113206,0.7391304347826086,0.68391994478951,0.7156659765355418,0.6089931573802542,0.5845552297165201,0.6256109481915934,3,hiligaynon,low_resource
826,615,67,4.616260162601626,9.17910447761194,1.9414634146341463,18,1.4098360655737705,0.31069609507640067,1.697560975609756,0.8520325203252033,0.12032520325203253,0.0016260162601626016,0.45691056910569106,0.7292993630573248,0.7133757961783439,0.724294813466788,0.6935380678182982,0.6308381317978247,0.7351247600767754,3,hiligaynon,low_resource
827,452,54,4.825221238938053,8.37037037037037,2.015486725663717,11,1.25,0.34375,1.747787610619469,0.8672566371681416,0.1504424778761062,0.0,0.5420353982300885,0.735072463768116,0.7142028985507246,0.7205797101449275,0.6966115051221434,0.6375098502758078,0.6737588652482269,3,hiligaynon,low_resource
828,423,34,4.9787234042553195,12.441176470588236,2.104018912529551,20,1.40625,0.38795180722891565,1.8274231678486998,0.8912529550827423,0.18912529550827423,0.002364066193853428,0.5342789598108747,0.7195704057279236,0.6801909307875895,0.7231503579952268,0.6856455493183641,0.5918203688853247,0.6792301523656776,3,hiligaynon,low_resource
829,269,22,4.828996282527881,12.227272727272727,2.007434944237918,6,1.5,0.5019157088122606,1.821561338289963,0.9405204460966543,0.17843866171003717,0.0,0.4312267657992565,0.7093933463796478,0.6614481409001957,0.7093933463796478,0.6590604026845638,0.6040268456375839,0.697986577181208,3,hiligaynon,low_resource
830,669,37,4.263079222720478,18.08108108108108,1.7862481315396113,7,1.3870967741935485,0.3409436834094368,1.5844544095665172,0.7683109118086696,0.1210762331838565,0.0014947683109118087,0.40956651718983555,0.6841620626151013,0.6593001841620626,0.6837016574585635,0.6410940627084724,0.5677118078719147,0.6437625083388926,3,hiligaynon,low_resource
831,630,85,4.007936507936508,7.411764705882353,1.680952380952381,1,1.469387755102041,0.30842607313195547,1.507936507936508,0.7158730158730159,0.11428571428571428,0.0,0.35079365079365077,0.6562829989440337,0.6119324181626188,0.6267159450897571,0.6123417721518988,0.5640822784810127,0.6447784810126582,3,hiligaynon,low_resource
832,792,85,4.498737373737374,9.31764705882353,1.9027777777777777,25,1.320754716981132,0.4033290653008963,1.5606060606060606,0.7323232323232324,0.1452020202020202,0.0025252525252525255,0.5340909090909091,0.6083484573502722,0.5934664246823956,0.6007259528130672,0.5232498722534492,0.5125191619826265,0.5283597342871742,3,hiligaynon,low_resource
833,421,34,4.89311163895487,12.382352941176471,2.0498812351543942,16,1.6666666666666667,0.3918269230769231,1.7814726840855106,0.8741092636579573,0.19239904988123516,0.0,0.5605700712589073,0.6909424724602203,0.6719706242350061,0.682374541003672,0.6057851239669422,0.5429752066115703,0.6173553719008265,3,hiligaynon,low_resource
834,523,43,4.871892925430211,12.162790697674419,1.9904397705544934,20,1.3888888888888888,0.37573385518590996,1.7418738049713194,0.8986615678776291,0.2045889101338432,0.0,0.5831739961759083,0.7272727272727273,0.6915052160953801,0.7103825136612022,0.6948579161028416,0.63531799729364,0.6745602165087957,3,hiligaynon,low_resource
835,445,52,4.3393258426966295,8.557692307692308,1.806741573033708,4,1.1111111111111112,0.35147392290249435,1.6,0.8,0.1393258426966292,0.0022471910112359553,0.451685393258427,0.7483130904183536,0.7078272604588394,0.747638326585695,0.7250726040658277,0.6689254598257502,0.7221684414327202,3,hiligaynon,low_resource
836,824,74,4.58252427184466,11.135135135135135,1.9453883495145632,18,1.507936507936508,0.3006535947712418,1.7087378640776698,0.8094660194174758,0.12985436893203883,0.0024271844660194173,0.4211165048543689,0.7296923608710681,0.6958174904942965,0.7324576564120291,0.709181141439206,0.6426799007444168,0.7235732009925558,3,hiligaynon,low_resource
837,218,23,4.63302752293578,9.478260869565217,1.981651376146789,4,2.111111111111111,0.4883720930232558,1.6422018348623852,0.8577981651376146,0.1651376146788991,0.0045871559633027525,0.41284403669724773,0.7680608365019012,0.7490494296577946,0.7503168567807351,0.6748681898066784,0.5940246045694201,0.6854130052724078,3,hiligaynon,low_resource
838,1081,96,4.511563367252544,11.260416666666666,1.9250693802035153,21,2.1923076923076925,0.23023715415019763,1.6595744680851063,0.8038852913968547,0.11100832562442182,0.0018501387604070306,0.4283071230342276,0.7083109919571046,0.6723860589812333,0.7085790884718499,0.6554524361948956,0.5835266821345708,0.6755607115235885,3,hiligaynon,low_resource
839,200,19,4.635,10.526315789473685,1.975,2,1.75,0.5421052631578948,1.72,0.9,0.095,0.0,0.38,0.6949860724233984,0.6559888579387186,0.6796657381615598,0.6235294117647059,0.6196078431372549,0.6490196078431373,3,hiligaynon,low_resource
840,588,43,4.612244897959184,13.674418604651162,1.9914965986394557,21,1.8108108108108107,0.34525939177101966,1.75,0.8078231292517006,0.13095238095238096,0.0,0.4608843537414966,0.7290076335877863,0.7123091603053435,0.7256679389312977,0.6581081081081082,0.5939189189189189,0.6905405405405406,3,hiligaynon,low_resource
841,457,57,4.3960612691466086,8.017543859649123,1.8468271334792123,4,1.641025641025641,0.31065759637188206,1.5579868708971554,0.7789934354485777,0.13347921225382933,0.0,0.45951859956236324,0.7310434219053791,0.6941023979261179,0.7064160725858717,0.6843082636954503,0.61652739090065,0.6898792943361188,3,hiligaynon,low_resource
842,366,37,4.868852459016393,9.891891891891891,2.0765027322404372,16,1.8148148148148149,0.4472934472934473,1.8005464480874316,0.8661202185792349,0.1830601092896175,0.00273224043715847,0.5245901639344263,0.7264957264957265,0.7001424501424501,0.7115384615384616,0.6407010710808179,0.5978578383641675,0.6592015579357352,3,hiligaynon,low_resource
843,490,49,4.169387755102041,10.0,1.763265306122449,3,1.2380952380952381,0.40501043841336115,1.573469387755102,0.7591836734693878,0.09591836734693877,0.004081632653061225,0.373469387755102,0.7495145631067961,0.7035598705501618,0.7320388349514563,0.7019047619047619,0.5942857142857143,0.6914285714285714,3,hiligaynon,low_resource
844,94,9,4.861702127659575,10.444444444444445,2.095744680851064,3,1.4444444444444444,0.6153846153846154,1.8085106382978724,0.9148936170212766,0.2127659574468085,0.010638297872340425,0.46808510638297873,0.6916666666666667,0.6888888888888889,0.6944444444444444,0.6045627376425855,0.5741444866920152,0.5627376425855514,3,hiligaynon,low_resource
845,256,33,4.703125,7.757575757575758,1.9921875,1,1.3448275862068966,0.3548387096774194,1.8203125,0.97265625,0.23046875,0.0,0.42578125,0.7082002129925452,0.6900958466453674,0.6570820021299254,0.5949554896142433,0.56973293768546,0.5949554896142433,3,hiligaynon,low_resource
846,514,144,4.418287937743191,3.5694444444444446,1.83852140077821,3,1.4035087719298245,0.37375745526838966,1.5019455252918288,0.8132295719844358,0.17120622568093385,0.007782101167315175,0.5155642023346303,0.6010303377218088,0.5993131081854608,0.5970234688036634,0.5396565821749796,0.5224856909239575,0.5560098119378577,3,hiligaynon,low_resource
847,681,71,4.62848751835536,9.591549295774648,1.9412628487518355,20,1.8070175438596492,0.3328358208955224,1.748898678414097,0.8854625550660793,0.1776798825256975,0.0014684287812041115,0.4287812041116006,0.7111472742066721,0.6749389747762409,0.710740439381611,0.6359003397508494,0.565118912797282,0.652321630804077,3,hiligaynon,low_resource
848,487,50,4.66735112936345,9.74,1.9589322381930185,15,1.446808510638298,0.3651804670912951,1.6981519507186857,0.8603696098562629,0.1601642710472279,0.004106776180698152,0.4722792607802875,0.6583990980834273,0.6358511837655016,0.6724915445321308,0.6054901960784314,0.5498039215686275,0.6603921568627451,3,hiligaynon,low_resource
849,393,52,4.885496183206107,7.5576923076923075,2.0916030534351147,17,1.5135135135135136,0.4281984334203655,1.806615776081425,0.8804071246819338,0.18575063613231552,0.002544529262086514,0.4961832061068702,0.7438943894389439,0.7227722772277227,0.73993399339934,0.6945193171608266,0.6253369272237197,0.7268643306379156,3,hiligaynon,low_resource
850,513,38,3.91812865497076,13.5,1.6374269005847952,8,1.105263157894737,0.3176470588235294,1.405458089668616,0.631578947368421,0.0935672514619883,0.001949317738791423,0.4327485380116959,0.7192513368983957,0.695855614973262,0.7205882352941176,0.6206896551724138,0.577079107505071,0.6227180527383367,3,hiligaynon,low_resource
851,1021,64,4.545543584720862,15.953125,1.9196865817825661,13,1.6153846153846154,0.2817733990147783,1.6944172380019589,0.8883447600391773,0.17531831537708129,0.0019588638589618022,0.4348677766895201,0.6780973451327433,0.6841814159292036,0.6841814159292036,0.6383224317045018,0.5521354367064255,0.6237014236244709,3,hiligaynon,low_resource
852,465,51,4.576344086021505,9.117647058823529,1.8881720430107527,10,1.5853658536585367,0.4466230936819172,1.6817204301075268,0.864516129032258,0.13548387096774195,0.002150537634408602,0.4860215053763441,0.7466827503015682,0.7243667068757539,0.744270205066345,0.6464646464646465,0.5875420875420876,0.6245791245791246,3,hiligaynon,low_resource
853,613,68,4.8450244698205545,9.014705882352942,2.0522022838499185,15,1.5555555555555556,0.33828382838283827,1.8270799347471451,0.9021207177814029,0.14518760195758565,0.0,0.41272430668841764,0.7438297872340426,0.7144680851063829,0.7502127659574468,0.6786127167630058,0.5826589595375723,0.6786127167630058,3,hiligaynon,low_resource
854,278,33,4.154676258992806,8.424242424242424,1.658273381294964,2,1.2413793103448276,0.4035714285714286,1.5035971223021583,0.7158273381294964,0.09712230215827339,0.0,0.4064748201438849,0.7162471395881007,0.7059496567505721,0.717391304347826,0.657190635451505,0.540133779264214,0.6906354515050167,3,hiligaynon,low_resource
855,610,45,4.144262295081967,13.555555555555555,1.7344262295081967,2,1.2162162162162162,0.3212520593080725,1.5081967213114753,0.7704918032786885,0.11639344262295082,0.0,0.3885245901639344,0.7348643006263048,0.7051148225469729,0.7265135699373695,0.674079754601227,0.6457055214723927,0.6510736196319018,3,hiligaynon,low_resource
856,583,47,4.682675814751287,12.404255319148936,1.993138936535163,18,1.525,0.3350877192982456,1.7135506003430532,0.8284734133790738,0.14922813036020582,0.0,0.4528301886792453,0.7582005623242737,0.7403936269915652,0.7577319587628866,0.6866059817945384,0.6404421326397919,0.717815344603381,3,hiligaynon,low_resource
857,1022,122,4.907045009784736,8.37704918032787,2.0949119373776908,68,1.4651162790697674,0.3228744939271255,1.8189823874755382,0.923679060665362,0.18590998043052837,0.0029354207436399216,0.48238747553816047,0.722909825713564,0.7016923465521596,0.7277090174286436,0.6735466116271069,0.6157550739594083,0.6670106639146887,3,hiligaynon,low_resource
858,133,20,4.383458646616542,6.65,1.8796992481203008,3,1.1333333333333333,0.5116279069767442,1.5263157894736843,0.7443609022556391,0.15037593984962405,0.0,0.48872180451127817,0.7085201793721974,0.6748878923766816,0.6883408071748879,0.6419354838709678,0.6129032258064516,0.6129032258064516,3,hiligaynon,low_resource
859,691,59,4.813314037626628,11.711864406779661,2.008683068017366,28,1.6346153846153846,0.3458083832335329,1.7785817655571636,0.8596237337192475,0.17800289435600578,0.004341534008683068,0.5021707670043415,0.7137389973210869,0.6946039035591275,0.6938384998086491,0.636411332633788,0.5760755508919203,0.657922350472193,3,hiligaynon,low_resource
860,194,18,4.654639175257732,10.777777777777779,2.1237113402061856,7,1.4666666666666666,0.6145833333333334,1.7938144329896908,0.7989690721649485,0.14432989690721648,0.0,0.36082474226804123,0.6382978723404256,0.624113475177305,0.6226950354609929,0.5719844357976653,0.5389105058365758,0.5175097276264592,1,minasbate,low_resource
861,236,21,4.13135593220339,11.238095238095237,1.847457627118644,1,1.7647058823529411,0.33617021276595743,1.597457627118644,0.7203389830508474,0.07627118644067797,0.0,0.2754237288135593,0.7831978319783198,0.7682926829268293,0.7791327913279132,0.7305389221556886,0.7325349301397206,0.7325349301397206,1,minasbate,low_resource
862,248,28,4.645161290322581,8.857142857142858,2.0201612903225805,8,1.391304347826087,0.46218487394957986,1.8064516129032258,0.8830645161290323,0.16129032258064516,0.008064516129032258,0.3709677419354839,0.6532438478747203,0.6487695749440716,0.6353467561521253,0.6069182389937107,0.559748427672956,0.5786163522012578,1,minasbate,low_resource
863,251,41,4.115537848605578,6.121951219512195,1.8366533864541832,0,1.2,0.40160642570281124,1.545816733067729,0.7609561752988048,0.11155378486055777,0.0,0.26693227091633465,0.7512820512820513,0.7115384615384616,0.7102564102564103,0.6546489563567363,0.6053130929791272,0.6280834914611005,1,minasbate,low_resource
864,132,19,4.318181818181818,6.947368421052632,1.9924242424242424,2,1.2105263157894737,0.2890625,1.5151515151515151,0.75,0.08333333333333333,0.0,0.22727272727272727,0.7880184331797235,0.783410138248848,0.7811059907834101,0.7516778523489933,0.7516778523489933,0.8389261744966443,1,minasbate,low_resource
865,69,9,4.2898550724637685,7.666666666666667,1.9420289855072463,1,1.625,0.5362318840579711,1.536231884057971,0.6666666666666666,0.057971014492753624,0.0,0.21739130434782608,0.6167400881057269,0.5814977973568282,0.5770925110132159,0.5506329113924051,0.5063291139240507,0.5632911392405063,1,minasbate,low_resource
866,162,20,4.080246913580247,8.1,1.771604938271605,0,0.0,0.2777777777777778,1.5,0.6666666666666666,0.11728395061728394,0.0,0.2777777777777778,0.781563126252505,0.749498997995992,0.7535070140280561,0.7002967359050445,0.685459940652819,0.6913946587537092,1,minasbate,low_resource
867,29,7,3.1379310344827585,4.142857142857143,1.793103448275862,0,0.0,0.27586206896551724,1.2413793103448276,0.27586206896551724,0.0,0.0,0.034482758620689655,0.8709677419354839,0.8387096774193549,0.8548387096774194,0.7272727272727273,0.7878787878787878,0.8484848484848485,1,minasbate,low_resource
868,78,8,4.32051282051282,9.75,1.9487179487179487,0,1.125,0.5384615384615384,1.6666666666666667,0.8076923076923077,0.08974358974358974,0.0,0.2564102564102564,0.722007722007722,0.752895752895753,0.749034749034749,0.6850828729281768,0.6408839779005525,0.7182320441988951,1,minasbate,low_resource
869,189,32,4.894179894179894,5.90625,2.111111111111111,9,1.4210526315789473,0.41621621621621624,1.8253968253968254,0.9947089947089947,0.19047619047619047,0.0,0.3915343915343915,0.6452054794520548,0.6547945205479452,0.6301369863013698,0.5626168224299065,0.5495327102803739,0.5757009345794393,1,minasbate,low_resource
870,304,54,4.569078947368421,5.62962962962963,1.9736842105263157,4,1.255813953488372,0.35906040268456374,1.736842105263158,0.9473684210526315,0.19736842105263158,0.0,0.34210526315789475,0.7210379981464319,0.6950880444856349,0.7191844300278035,0.7107652399481194,0.6588845654993515,0.6783398184176395,1,minasbate,low_resource
871,426,37,4.5,11.513513513513514,1.9507042253521127,12,1.8148148148148149,0.39952153110047844,1.7206572769953052,0.9014084507042254,0.12910798122065728,0.002347417840375587,0.3075117370892019,0.6886792452830188,0.6805929919137467,0.6765498652291105,0.6081593927893738,0.5588235294117647,0.6148007590132827,1,minasbate,low_resource
872,389,34,4.408740359897172,11.441176470588236,1.9280205655526992,12,1.2352941176470589,0.33791208791208793,1.6889460154241644,0.8046272493573264,0.08740359897172237,0.0,0.2827763496143959,0.681783243658724,0.6894696387394312,0.690238278247502,0.6083052749719416,0.6296296296296297,0.6015712682379349,1,minasbate,low_resource
873,87,17,4.0,5.117647058823529,1.8160919540229885,0,1.5,0.4069767441860465,1.5977011494252873,0.6666666666666666,0.08045977011494253,0.0,0.16091954022988506,0.7076923076923077,0.6576923076923077,0.6692307692307692,0.6453488372093024,0.6511627906976745,0.686046511627907,1,minasbate,low_resource
874,480,64,4.675,7.5,1.9979166666666666,11,1.475,0.358695652173913,1.7791666666666666,0.9333333333333333,0.19583333333333333,0.0,0.37083333333333335,0.66189111747851,0.6567335243553009,0.6659025787965616,0.5723421262989609,0.5819344524380495,0.6059152677857714,1,minasbate,low_resource
875,161,17,4.055900621118012,9.470588235294118,1.8322981366459627,1,1.25,0.48717948717948717,1.608695652173913,0.7639751552795031,0.08695652173913043,0.0,0.2360248447204969,0.7084188911704312,0.7186858316221766,0.7125256673511293,0.5833333333333334,0.5802469135802469,0.6450617283950617,1,minasbate,low_resource
876,118,17,4.372881355932203,6.9411764705882355,1.8898305084745763,3,1.3,0.4956521739130435,1.6440677966101696,0.7796610169491526,0.17796610169491525,0.01694915254237288,0.3050847457627119,0.6531645569620254,0.6430379746835443,0.6531645569620254,0.551094890510949,0.5255474452554745,0.6277372262773723,1,minasbate,low_resource
877,218,57,4.481651376146789,3.824561403508772,1.8990825688073394,5,1.1363636363636365,0.5235849056603774,1.610091743119266,0.8807339449541285,0.19724770642201836,0.0,0.3623853211009174,0.6839309428950863,0.6640106241699867,0.6799468791500664,0.6101694915254238,0.5668549905838042,0.5743879472693032,1,minasbate,low_resource
878,328,35,4.472560975609756,9.371428571428572,1.8810975609756098,2,1.8076923076923077,0.4037854889589905,1.6798780487804879,0.9390243902439024,0.13109756097560976,0.003048780487804878,0.24695121951219512,0.6285460992907801,0.625,0.6294326241134752,0.5871212121212122,0.5492424242424242,0.5631313131313131,1,minasbate,low_resource
879,111,12,4.882882882882883,9.25,2.1531531531531534,5,2.0,0.24096385542168675,1.837837837837838,1.027027027027027,0.21621621621621623,0.009009009009009009,0.3153153153153153,0.739454094292804,0.6823821339950372,0.6774193548387096,0.6060606060606061,0.5643939393939394,0.6287878787878788,1,minasbate,low_resource
880,187,34,4.454545454545454,5.5,1.946524064171123,2,1.1,0.43646408839779005,1.7165775401069518,0.9090909090909091,0.13368983957219252,0.0053475935828877,0.24064171122994651,0.66875,0.68125,0.6640625,0.6205357142857143,0.5669642857142857,0.6138392857142857,1,minasbate,low_resource
881,35,7,5.085714285714285,5.0,2.0285714285714285,2,0.0,0.42857142857142855,1.8285714285714285,1.0285714285714285,0.22857142857142856,0.0,0.42857142857142855,0.7622377622377622,0.8041958041958042,0.7902097902097902,0.6388888888888888,0.6481481481481481,0.6944444444444444,1,minasbate,low_resource
882,100,12,3.89,8.333333333333334,1.75,1,1.3636363636363635,0.44,1.49,0.74,0.09,0.0,0.19,0.7874564459930313,0.7630662020905923,0.7456445993031359,0.7027027027027027,0.6702702702702703,0.6648648648648648,1,minasbate,low_resource
883,152,22,4.157894736842105,6.909090909090909,1.7960526315789473,1,1.0526315789473684,0.43333333333333335,1.5394736842105263,0.8092105263157895,0.18421052631578946,0.0,0.3618421052631579,0.6464435146443515,0.5962343096234309,0.6443514644351465,0.5507692307692308,0.5261538461538462,0.49538461538461537,1,minasbate,low_resource
884,149,22,4.932885906040268,6.7727272727272725,2.0738255033557045,9,1.4444444444444444,0.5,1.8859060402684564,1.0067114093959733,0.174496644295302,0.006711409395973154,0.37583892617449666,0.7049742710120068,0.6843910806174958,0.6706689536878216,0.6226851851851852,0.5949074074074074,0.6574074074074074,1,minasbate,low_resource
885,432,51,4.372685185185185,8.470588235294118,1.9166666666666667,11,1.3478260869565217,0.3595238095238095,1.6712962962962963,0.8726851851851852,0.16666666666666666,0.0023148148148148147,0.27314814814814814,0.6892733564013841,0.6975778546712803,0.6809688581314879,0.6125498007968128,0.5199203187250996,0.6314741035856574,1,minasbate,low_resource
886,71,10,5.563380281690141,7.1,2.267605633802817,10,1.1,0.5245901639344263,2.0140845070422535,1.2394366197183098,0.28169014084507044,0.0,0.49295774647887325,0.6592356687898089,0.6847133757961783,0.678343949044586,0.5965665236051502,0.6223175965665236,0.6437768240343348,1,minasbate,low_resource
887,163,23,4.104294478527607,7.086956521739131,1.8588957055214723,1,2.0,0.38509316770186336,1.5276073619631902,0.7300613496932515,0.09815950920245399,0.0,0.17791411042944785,0.7341269841269841,0.7103174603174603,0.7202380952380952,0.6970588235294117,0.6323529411764706,0.7352941176470589,1,minasbate,low_resource
888,93,15,4.32258064516129,6.2,1.6774193548387097,2,0.0,0.24175824175824176,1.6236559139784945,0.8817204301075269,0.12903225806451613,0.0,0.5806451612903226,0.5374592833876222,0.48859934853420195,0.5895765472312704,0.596244131455399,0.5774647887323944,0.5305164319248826,1,minasbate,low_resource
889,114,11,4.0701754385964914,10.363636363636363,1.7982456140350878,3,1.0909090909090908,0.5,1.543859649122807,0.6842105263157895,0.06140350877192982,0.0,0.2894736842105263,0.6685714285714286,0.6571428571428571,0.6314285714285715,0.5635593220338984,0.5932203389830508,0.6186440677966102,1,minasbate,low_resource
890,248,20,4.600806451612903,12.4,2.0161290322580645,9,1.8823529411764706,0.42386831275720166,1.7298387096774193,0.7782258064516129,0.13306451612903225,0.0,0.3548387096774194,0.7128378378378378,0.7319819819819819,0.7274774774774775,0.6677165354330709,0.6125984251968504,0.6834645669291338,1,minasbate,low_resource
891,78,11,4.269230769230769,7.090909090909091,1.8076923076923077,1,1.0909090909090908,0.4605263157894737,1.6025641025641026,0.8076923076923077,0.1282051282051282,0.0,0.32051282051282054,0.7154150197628458,0.6719367588932806,0.7312252964426877,0.6473988439306358,0.6416184971098265,0.6473988439306358,1,minasbate,low_resource
892,211,37,4.289099526066351,5.702702702702703,1.867298578199052,3,1.2727272727272727,0.4195121951219512,1.7251184834123223,0.7535545023696683,0.17535545023696683,0.009478672985781991,0.32701421800947866,0.6148255813953488,0.6148255813953488,0.5930232558139535,0.5265392781316348,0.554140127388535,0.5498938428874734,1,minasbate,low_resource
893,70,16,4.742857142857143,4.375,2.1,3,0.0,0.6176470588235294,1.8142857142857143,0.8,0.15714285714285714,0.0,0.45714285714285713,0.5852713178294574,0.5581395348837209,0.5542635658914729,0.49732620320855614,0.5133689839572193,0.5508021390374331,1,minasbate,low_resource
894,137,10,4.0,13.7,1.802919708029197,0,1.1,0.4074074074074074,1.5036496350364963,0.656934306569343,0.10948905109489052,0.0,0.18248175182481752,0.7628361858190709,0.7921760391198044,0.7897310513447433,0.6666666666666666,0.6259259259259259,0.6666666666666666,1,minasbate,low_resource
895,183,20,4.377049180327869,9.15,1.9781420765027322,0,1.8,0.2786885245901639,1.5792349726775956,0.7923497267759563,0.1092896174863388,0.0,0.3442622950819672,0.5970873786407767,0.5776699029126213,0.627831715210356,0.5747126436781609,0.4781609195402299,0.5241379310344828,1,minasbate,low_resource
896,224,37,4.272321428571429,6.054054054054054,1.9375,0,1.3928571428571428,0.33783783783783783,1.6428571428571428,0.8035714285714286,0.14732142857142858,0.0,0.22767857142857142,0.6142270861833106,0.5978112175102599,0.5800273597811217,0.6462450592885376,0.5237154150197628,0.5316205533596838,1,minasbate,low_resource
897,114,25,4.508771929824562,4.56,1.9473684210526316,3,1.1333333333333333,0.48598130841121495,1.7280701754385965,0.8333333333333334,0.09649122807017543,0.0,0.3333333333333333,0.7175572519083969,0.7608142493638677,0.7302798982188295,0.7655677655677655,0.6666666666666666,0.7435897435897436,1,minasbate,low_resource
898,35,7,4.542857142857143,5.0,2.085714285714286,0,1.1428571428571428,0.6857142857142857,1.6857142857142857,0.8571428571428571,0.05714285714285714,0.0,0.11428571428571428,0.7580645161290323,0.7016129032258065,0.75,0.651685393258427,0.6292134831460674,0.7640449438202247,1,minasbate,low_resource
899,58,9,4.310344827586207,6.444444444444445,1.9310344827586208,0,0.0,0.5964912280701754,1.6896551724137931,0.8103448275862069,0.10344827586206896,0.0,0.1896551724137931,0.675392670157068,0.6230366492146597,0.6596858638743456,0.5757575757575758,0.3939393939393939,0.5833333333333334,1,minasbate,low_resource
900,92,12,4.130434782608695,7.666666666666667,1.8478260869565217,1,1.3333333333333333,0.47674418604651164,1.423913043478261,0.7282608695652174,0.14130434782608695,0.0,0.2826086956521739,0.6338028169014085,0.6373239436619719,0.6197183098591549,0.5319148936170213,0.6117021276595744,0.5372340425531915,1,minasbate,low_resource
901,85,10,4.341176470588235,8.5,1.8,2,0.0,0.4823529411764706,1.588235294117647,0.9529411764705882,0.23529411764705882,0.0,0.35294117647058826,0.7359154929577465,0.7253521126760564,0.7288732394366197,0.5879396984924623,0.542713567839196,0.5728643216080402,1,minasbate,low_resource
902,77,15,4.675324675324675,5.133333333333334,2.012987012987013,0,0.0,0.5070422535211268,1.7402597402597402,0.8961038961038961,0.16883116883116883,0.0,0.36363636363636365,0.7472924187725631,0.7545126353790613,0.7472924187725631,0.685,0.66,0.77,1,minasbate,low_resource
903,118,12,4.1525423728813555,9.833333333333334,1.728813559322034,1,1.0833333333333333,0.3813559322033898,1.61864406779661,0.8305084745762712,0.11864406779661017,0.0,0.2796610169491525,0.7123655913978495,0.7258064516129032,0.7365591397849462,0.7086614173228346,0.6653543307086615,0.610236220472441,1,minasbate,low_resource
904,52,8,4.326923076923077,6.5,1.8461538461538463,0,0.0,0.64,1.5192307692307692,0.7884615384615384,0.038461538461538464,0.0,0.34615384615384615,0.8187134502923976,0.8187134502923976,0.8245614035087719,0.7264957264957265,0.7094017094017094,0.7350427350427351,1,minasbate,low_resource
905,91,14,4.956043956043956,6.5,2.0549450549450547,1,1.4285714285714286,0.4111111111111111,1.8461538461538463,1.065934065934066,0.2087912087912088,0.0,0.37362637362637363,0.6518105849582173,0.637883008356546,0.6267409470752089,0.5168539325842697,0.5131086142322098,0.5430711610486891,1,minasbate,low_resource
906,274,51,4.598540145985401,5.372549019607843,2.0072992700729926,3,1.5,0.4059040590405904,1.7664233576642336,0.8941605839416058,0.16058394160583941,0.0036496350364963502,0.3357664233576642,0.5818921668362157,0.6185147507629705,0.6154628687690743,0.4596888260254597,0.5487977369165488,0.4794908062234795,1,minasbate,low_resource
907,62,12,5.0,5.166666666666667,2.2419354838709675,1,1.1666666666666667,0.5967741935483871,1.903225806451613,1.0806451612903225,0.14516129032258066,0.0,0.25806451612903225,0.7620967741935484,0.7661290322580645,0.717741935483871,0.7311827956989247,0.7043010752688172,0.7311827956989247,1,minasbate,low_resource
908,147,13,5.204081632653061,11.307692307692308,2.129251700680272,5,2.6923076923076925,0.2896551724137931,1.9591836734693877,1.1224489795918366,0.3129251700680272,0.013605442176870748,0.5374149659863946,0.6347402597402597,0.6103896103896104,0.612012987012987,0.6102783725910065,0.5653104925053534,0.5417558886509636,1,minasbate,low_resource
909,295,52,4.583050847457627,5.673076923076923,1.9728813559322034,5,1.5238095238095237,0.44673539518900346,1.7525423728813558,0.9423728813559322,0.2033898305084746,0.0,0.3525423728813559,0.6809116809116809,0.6600189933523267,0.6248812915479582,0.6119205298013245,0.5417218543046357,0.5973509933774834,1,minasbate,low_resource
910,328,47,4.591463414634147,6.9787234042553195,1.9390243902439024,9,1.225,0.3968253968253968,1.7896341463414633,0.9542682926829268,0.18597560975609756,0.003048780487804878,0.38109756097560976,0.6726804123711341,0.6872852233676976,0.6735395189003437,0.6646489104116223,0.6416464891041163,0.6537530266343826,1,minasbate,low_resource
911,58,10,4.103448275862069,5.8,1.896551724137931,3,1.4444444444444444,0.5925925925925926,1.5517241379310345,0.7413793103448276,0.05172413793103448,0.0,0.1896551724137931,0.75,0.7613636363636364,0.7670454545454546,0.6842105263157895,0.7280701754385965,0.6578947368421053,1,minasbate,low_resource
912,110,21,4.372727272727273,5.238095238095238,1.9181818181818182,2,1.3076923076923077,0.40186915887850466,1.8,0.9454545454545454,0.15454545454545454,0.0,0.2818181818181818,0.720108695652174,0.6711956521739131,0.6956521739130435,0.6235294117647059,0.6274509803921569,0.6901960784313725,1,minasbate,low_resource
913,128,9,4.578125,14.222222222222221,1.890625,2,1.3333333333333333,0.4262295081967213,1.765625,0.9453125,0.1953125,0.0,0.3671875,0.6858407079646017,0.7278761061946902,0.6924778761061947,0.6981132075471698,0.6823899371069182,0.7452830188679245,1,minasbate,low_resource
914,212,35,4.188679245283019,6.057142857142857,1.8537735849056605,3,1.2272727272727273,0.40096618357487923,1.580188679245283,0.8113207547169812,0.19811320754716982,0.009433962264150943,0.2830188679245283,0.6527570789865872,0.6646795827123696,0.6721311475409836,0.5704845814977973,0.5506607929515418,0.6233480176211453,1,minasbate,low_resource
915,16,3,5.9375,5.333333333333333,2.5625,2,0.0,0.6875,2.4375,1.4375,0.25,0.0,0.375,0.8227848101265823,0.8481012658227848,0.8354430379746836,0.873015873015873,0.7936507936507936,0.7619047619047619,1,minasbate,low_resource
916,110,17,4.163636363636364,6.470588235294118,1.8272727272727274,1,1.0625,0.5277777777777778,1.6090909090909091,0.8272727272727273,0.1,0.0,0.21818181818181817,0.8103448275862069,0.7413793103448276,0.7701149425287356,0.7773109243697479,0.6932773109243697,0.8235294117647058,1,minasbate,low_resource
917,326,38,4.533742331288344,8.578947368421053,2.0061349693251533,5,1.25,0.3375796178343949,1.8098159509202454,0.8926380368098159,0.10122699386503067,0.0,0.22699386503067484,0.6868421052631579,0.7096491228070175,0.712280701754386,0.6807980049875312,0.6097256857855362,0.6371571072319202,1,minasbate,low_resource
918,94,13,4.351063829787234,7.230769230769231,1.9042553191489362,0,1.3076923076923077,0.23404255319148937,1.7446808510638299,0.8829787234042553,0.0851063829787234,0.0,0.2127659574468085,0.707936507936508,0.6666666666666666,0.7015873015873015,0.6742081447963801,0.6380090497737556,0.5972850678733032,1,minasbate,low_resource
919,39,6,3.7948717948717947,6.5,1.6923076923076923,0,0.0,0.6153846153846154,1.4615384615384615,0.6153846153846154,0.05128205128205128,0.0,0.3076923076923077,0.6422018348623854,0.6605504587155964,0.6697247706422018,0.5142857142857142,0.4857142857142857,0.6,1,minasbate,low_resource
920,139,28,4.0359712230215825,4.964285714285714,1.856115107913669,2,1.4705882352941178,0.4411764705882353,1.6618705035971224,0.6906474820143885,0.05755395683453238,0.007194244604316547,0.17985611510791366,0.6682577565632458,0.665871121718377,0.6634844868735084,0.6173285198555957,0.5740072202166066,0.5956678700361011,1,minasbate,low_resource
921,431,69,4.148491879350348,6.246376811594203,1.877030162412993,5,1.5192307692307692,0.4023529411764706,1.6264501160092808,0.7262180974477959,0.0765661252900232,0.0,0.23433874709976799,0.6994818652849741,0.7017024426350851,0.6846780162842339,0.6379498364231189,0.6095965103598692,0.6499454743729552,1,minasbate,low_resource
922,67,17,5.059701492537314,3.9411764705882355,2.2238805970149254,0,0.0,0.40298507462686567,1.9402985074626866,1.0298507462686568,0.07462686567164178,0.0,0.11940298507462686,0.6801470588235294,0.7095588235294118,0.7536764705882353,0.697560975609756,0.5707317073170731,0.7268292682926829,1,minasbate,low_resource
923,87,31,4.195402298850575,2.806451612903226,2.0,3,0.0,0.2948717948717949,1.5517241379310345,0.7126436781609196,0.08045977011494253,0.0,0.1839080459770115,0.5724907063197026,0.5910780669144982,0.550185873605948,0.49162011173184356,0.5698324022346368,0.5195530726256983,1,minasbate,low_resource
924,189,37,4.079365079365079,5.108108108108108,1.8835978835978835,4,1.3043478260869565,0.3967391304347826,1.7354497354497354,0.7936507936507936,0.042328042328042326,0.0,0.1164021164021164,0.6921739130434783,0.6504347826086957,0.6539130434782608,0.6543535620052771,0.6306068601583114,0.6121372031662269,1,minasbate,low_resource
925,171,44,4.777777777777778,3.8863636363636362,2.0526315789473686,4,1.2173913043478262,0.5214723926380368,1.8128654970760234,0.9883040935672515,0.17543859649122806,0.011695906432748537,0.28654970760233917,0.7205651491365777,0.7237048665620094,0.7158555729984302,0.665938864628821,0.6222707423580786,0.6615720524017468,1,minasbate,low_resource
926,72,13,4.208333333333333,5.538461538461538,1.9027777777777777,0,0.0,0.47761194029850745,1.6111111111111112,0.8055555555555556,0.1111111111111111,0.0,0.16666666666666666,0.8097345132743363,0.7831858407079646,0.8008849557522124,0.7516339869281046,0.673202614379085,0.7450980392156863,1,minasbate,low_resource
927,99,9,4.3232323232323235,11.0,1.8484848484848484,3,1.2,0.39361702127659576,1.6868686868686869,0.8686868686868687,0.06060606060606061,0.0,0.26262626262626265,0.5895061728395061,0.5864197530864198,0.6327160493827161,0.6216216216216216,0.6666666666666666,0.6351351351351351,1,minasbate,low_resource
928,205,44,5.0634146341463415,4.659090909090909,2.151219512195122,9,1.2083333333333333,0.43902439024390244,1.9365853658536585,1.0585365853658537,0.23414634146341465,0.00975609756097561,0.424390243902439,0.7418967587034814,0.6854741896758704,0.6854741896758704,0.6050955414012739,0.5302547770700637,0.5764331210191083,1,minasbate,low_resource
929,34,8,4.617647058823529,4.25,2.088235294117647,0,0.0,0.38235294117647056,2.088235294117647,1.2352941176470589,0.0,0.0,0.029411764705882353,0.9186991869918699,0.7642276422764228,0.7073170731707317,0.6966292134831461,0.5955056179775281,0.6741573033707865,1,minasbate,low_resource
930,24,0,3.9583333333333335,24.0,1.875,0,0.0,0.7083333333333334,1.5833333333333333,0.7083333333333334,0.08333333333333333,0.0,0.16666666666666666,0.647887323943662,0.5915492957746479,0.6338028169014085,0.6382978723404256,0.6382978723404256,0.6595744680851063,1,minasbate,low_resource
931,52,10,3.9038461538461537,5.2,1.7692307692307692,0,0.0,0.36538461538461536,1.3269230769230769,0.75,0.038461538461538464,0.0,0.11538461538461539,0.7284768211920529,0.6688741721854304,0.5827814569536424,0.6262626262626263,0.5555555555555556,0.5757575757575758,1,minasbate,low_resource
932,79,12,4.0886075949367084,6.583333333333333,1.9113924050632911,2,1.9,0.4794520547945205,1.7341772151898733,0.7974683544303798,0.12658227848101267,0.0,0.1518987341772152,0.7310924369747899,0.7016806722689075,0.7100840336134454,0.738562091503268,0.6666666666666666,0.6862745098039216,1,minasbate,low_resource
933,50,9,4.92,5.555555555555555,2.02,1,0.0,0.43243243243243246,1.82,0.8,0.3,0.0,0.68,0.5573770491803278,0.5683060109289617,0.5355191256830601,0.5333333333333333,0.48333333333333334,0.6,1,minasbate,low_resource
934,146,26,4.0479452054794525,5.615384615384615,1.856164383561644,0,1.6521739130434783,0.4676258992805755,1.63013698630137,0.7534246575342466,0.1232876712328767,0.0,0.19863013698630136,0.6621004566210046,0.6506849315068494,0.6461187214611872,0.548951048951049,0.493006993006993,0.5944055944055944,1,minasbate,low_resource
935,114,18,4.2894736842105265,6.333333333333333,1.9210526315789473,3,1.6,0.4144144144144144,1.6666666666666667,0.868421052631579,0.14912280701754385,0.0,0.2631578947368421,0.6854838709677419,0.6290322580645161,0.6747311827956989,0.6392156862745098,0.6392156862745098,0.6627450980392157,1,minasbate,low_resource
936,115,21,4.069565217391304,5.476190476190476,1.8695652173913044,2,0.0,0.37719298245614036,1.6,0.7130434782608696,0.043478260869565216,0.0,0.10434782608695652,0.7840909090909091,0.78125,0.8238636363636364,0.7721518987341772,0.70042194092827,0.7848101265822784,1,minasbate,low_resource
937,196,12,4.158163265306122,16.333333333333332,1.8724489795918366,1,0.0,0.3958333333333333,1.6887755102040816,0.8724489795918368,0.05102040816326531,0.00510204081632653,0.12244897959183673,0.7447154471544716,0.7040650406504065,0.734959349593496,0.6658653846153846,0.6081730769230769,0.6875,1,minasbate,low_resource
938,71,10,3.943661971830986,7.1,1.7746478873239437,1,1.7777777777777777,0.43661971830985913,1.4788732394366197,0.676056338028169,0.056338028169014086,0.0,0.19718309859154928,0.7655502392344498,0.7511961722488039,0.7511961722488039,0.7608695652173914,0.7101449275362319,0.6739130434782609,1,minasbate,low_resource
939,30,9,3.6333333333333333,3.3333333333333335,1.9333333333333333,0,0.0,0.2413793103448276,1.5,0.2,0.0,0.0,0.06666666666666667,0.8076923076923077,0.7051282051282052,0.8205128205128205,0.6875,0.5208333333333334,0.9791666666666666,1,minasbate,low_resource
940,157,10,4.840764331210191,15.7,1.9872611464968153,3,1.2,0.4825174825174825,1.7770700636942676,1.0063694267515924,0.1910828025477707,0.01910828025477707,0.3821656050955414,0.6485568760611206,0.6247877758913413,0.6095076400679117,0.6100478468899522,0.5885167464114832,0.6220095693779905,1,minasbate,low_resource
941,83,14,4.265060240963855,5.928571428571429,2.0602409638554215,0,1.2142857142857142,0.40963855421686746,1.5542168674698795,0.5421686746987951,0.012048192771084338,0.0,0.12048192771084337,0.7195571955719557,0.7047970479704797,0.7343173431734318,0.6243386243386243,0.6402116402116402,0.6878306878306878,1,minasbate,low_resource
942,140,33,4.164285714285715,4.242424242424242,1.8071428571428572,0,1.4285714285714286,0.302158273381295,1.7142857142857142,0.8357142857142857,0.08571428571428572,0.007142857142857143,0.14285714285714285,0.7352941176470589,0.7126696832579186,0.744343891402715,0.6578073089700996,0.5946843853820598,0.6810631229235881,1,minasbate,low_resource
943,95,19,4.610526315789474,5.0,1.936842105263158,0,1.368421052631579,0.3617021276595745,1.7263157894736842,1.0421052631578946,0.23157894736842105,0.0,0.3157894736842105,0.6432748538011696,0.6140350877192983,0.6812865497076024,0.6639676113360324,0.5748987854251012,0.6923076923076923,1,minasbate,low_resource
944,71,20,4.661971830985915,3.55,2.1690140845070425,1,0.0,0.36619718309859156,1.8450704225352113,0.9014084507042254,0.056338028169014086,0.0,0.1267605633802817,0.8192307692307692,0.8615384615384616,0.8269230769230769,0.8359788359788359,0.7619047619047619,0.6931216931216931,1,minasbate,low_resource
945,56,7,6.089285714285714,8.0,2.6785714285714284,5,2.125,0.5192307692307693,2.517857142857143,1.4285714285714286,0.19642857142857142,0.0,0.32142857142857145,0.7330960854092526,0.7473309608540926,0.7544483985765125,0.7837837837837838,0.7432432432432432,0.8063063063063063,1,minasbate,low_resource
946,206,13,4.179611650485437,15.846153846153847,1.8203883495145632,1,3.0,0.4223300970873786,1.6067961165048543,0.8300970873786407,0.11650485436893204,0.0,0.22330097087378642,0.6473282442748092,0.648854961832061,0.6183206106870229,0.6057906458797327,0.6146993318485523,0.6414253897550112,1,minasbate,low_resource
947,277,44,4.577617328519856,6.295454545454546,2.0216606498194944,12,1.2666666666666666,0.3905109489051095,1.7653429602888087,0.8844765342960289,0.1371841155234657,0.0,0.3212996389891697,0.6902834008097166,0.6771255060728745,0.680161943319838,0.6567796610169492,0.5932203389830508,0.6242937853107344,1,minasbate,low_resource
948,114,23,4.192982456140351,4.956521739130435,1.9473684210526316,1,1.2,0.5486725663716814,1.5701754385964912,0.6929824561403509,0.07017543859649122,0.0,0.18421052631578946,0.6831955922865014,0.6584022038567493,0.696969696969697,0.5846774193548387,0.5362903225806451,0.6330645161290323,1,minasbate,low_resource
949,65,7,4.153846153846154,9.285714285714286,1.6307692307692307,0,0.0,0.4153846153846154,1.5538461538461539,0.8769230769230769,0.18461538461538463,0.0,0.36923076923076925,0.6195121951219512,0.6390243902439025,0.6146341463414634,0.5571428571428572,0.6,0.5571428571428572,1,minasbate,low_resource
950,206,31,4.334951456310679,6.645161290322581,1.7135922330097086,1,2.75,0.24102564102564103,1.5776699029126213,0.9854368932038835,0.18446601941747573,0.0048543689320388345,0.36893203883495146,0.6701183431952663,0.6597633136094675,0.6153846153846154,0.5108695652173914,0.4652173913043478,0.5260869565217391,1,minasbate,low_resource
951,77,10,4.454545454545454,7.7,1.974025974025974,1,0.0,0.4864864864864865,1.6753246753246753,0.8441558441558441,0.1038961038961039,0.0,0.24675324675324675,0.5779467680608364,0.5741444866920152,0.5741444866920152,0.4808743169398907,0.5683060109289617,0.6065573770491803,1,minasbate,low_resource
952,39,6,4.871794871794871,6.5,2.1794871794871793,6,1.7142857142857142,0.48717948717948717,2.076923076923077,1.0769230769230769,0.07692307692307693,0.0,0.1282051282051282,0.6688741721854304,0.6158940397350994,0.6490066225165563,0.6964285714285714,0.4375,0.6875,1,minasbate,low_resource
953,102,9,4.509803921568627,11.333333333333334,1.8235294117647058,1,1.7777777777777777,0.36363636363636365,1.6470588235294117,0.9313725490196079,0.23529411764705882,0.00980392156862745,0.5098039215686274,0.6929577464788732,0.7070422535211267,0.7380281690140845,0.572,0.44,0.644,1,minasbate,low_resource
954,156,19,4.288461538461538,8.210526315789474,1.9038461538461537,0,1.1111111111111112,0.29931972789115646,1.5384615384615385,0.7307692307692307,0.11538461538461539,0.0,0.2948717948717949,0.6746031746031746,0.6507936507936508,0.6468253968253969,0.5176470588235295,0.6176470588235294,0.6323529411764706,1,minasbate,low_resource
955,131,24,4.312977099236641,5.458333333333333,1.8854961832061068,0,1.4761904761904763,0.4262295081967213,1.6793893129770991,0.8854961832061069,0.061068702290076333,0.0,0.2366412213740458,0.7232558139534884,0.6906976744186046,0.6813953488372093,0.6813559322033899,0.6610169491525424,0.6983050847457627,1,minasbate,low_resource
956,174,24,4.2298850574712645,7.25,1.8218390804597702,3,1.4666666666666666,0.42771084337349397,1.6264367816091954,0.8218390804597702,0.14942528735632185,0.005747126436781609,0.26436781609195403,0.7328519855595668,0.7310469314079422,0.7075812274368231,0.6997319034852547,0.6702412868632708,0.6246648793565683,1,minasbate,low_resource
957,40,8,4.7,5.0,2.075,2,0.0,0.7692307692307693,1.825,0.975,0.225,0.0,0.3,0.5918367346938775,0.5306122448979592,0.5850340136054422,0.5283018867924528,0.4339622641509434,0.4811320754716981,1,minasbate,low_resource
958,184,32,4.195652173913044,5.75,1.8641304347826086,0,1.0416666666666667,0.3241758241758242,1.6521739130434783,0.7989130434782609,0.07065217391304347,0.0,0.20652173913043478,0.7167235494880546,0.6945392491467577,0.7372013651877133,0.7625,0.7025,0.8325,1,minasbate,low_resource
959,375,97,4.376,3.865979381443299,1.952,11,1.4489795918367347,0.38563829787234044,1.72,0.8373333333333334,0.11733333333333333,0.005333333333333333,0.25866666666666666,0.7147410358565737,0.6764940239043825,0.7123505976095618,0.643348623853211,0.5447247706422018,0.6410550458715596,1,minasbate,low_resource
960,74,10,4.945945945945946,7.4,2.0675675675675675,2,0.0,0.5373134328358209,1.9054054054054055,1.027027027027027,0.21621621621621623,0.0,0.33783783783783783,0.712280701754386,0.7298245614035088,0.712280701754386,0.6067961165048543,0.6359223300970874,0.6310679611650486,1,minasbate,low_resource
961,107,11,4.5233644859813085,9.727272727272727,2.0186915887850465,5,1.2,0.41304347826086957,1.7009345794392523,0.7757009345794392,0.1588785046728972,0.0,0.29906542056074764,0.6657458563535912,0.6464088397790055,0.6740331491712708,0.6390041493775933,0.6224066390041494,0.6307053941908713,1,minasbate,low_resource
962,89,19,4.314606741573034,4.684210526315789,1.7415730337078652,0,1.75,0.4772727272727273,1.6404494382022472,0.8426966292134831,0.12359550561797752,0.0,0.39325842696629215,0.6292517006802721,0.6224489795918368,0.6292517006802721,0.6078431372549019,0.5588235294117647,0.6176470588235294,1,minasbate,low_resource
963,235,59,4.408510638297872,3.983050847457627,1.876595744680851,6,0.0,0.30493273542600896,1.5659574468085107,0.7829787234042553,0.2127659574468085,0.0,0.42127659574468085,0.5643312101910828,0.5528662420382165,0.5490445859872611,0.4860335195530726,0.4897579143389199,0.5307262569832403,1,minasbate,low_resource
964,75,10,4.64,7.5,2.1066666666666665,2,1.1,0.4444444444444444,1.92,0.8266666666666667,0.14666666666666667,0.013333333333333334,0.26666666666666666,0.6370370370370371,0.6555555555555556,0.6333333333333333,0.5260416666666666,0.578125,0.546875,1,minasbate,low_resource
965,289,41,5.328719723183391,7.048780487804878,2.2560553633217992,6,1.3513513513513513,0.20652173913043478,1.958477508650519,1.1003460207612457,0.21453287197231835,0.0,0.47750865051903113,0.7495961227786753,0.7302100161550888,0.7261712439418416,0.7564102564102564,0.7040598290598291,0.7329059829059829,1,minasbate,low_resource
966,41,9,4.560975609756097,4.555555555555555,1.9024390243902438,0,0.0,0.5121951219512195,1.7073170731707317,0.8536585365853658,0.0975609756097561,0.024390243902439025,0.3902439024390244,0.636986301369863,0.636986301369863,0.5684931506849316,0.5619047619047619,0.5142857142857142,0.49523809523809526,1,minasbate,low_resource
967,115,22,4.078260869565217,5.2272727272727275,1.9130434782608696,0,0.0,0.34782608695652173,1.565217391304348,0.7217391304347827,0.09565217391304348,0.0,0.24347826086956523,0.6779661016949152,0.6299435028248588,0.655367231638418,0.5941422594142259,0.5732217573221757,0.6150627615062761,1,minasbate,low_resource
968,93,11,4.419354838709677,8.454545454545455,1.935483870967742,3,1.0909090909090908,0.4470588235294118,1.7849462365591398,0.8924731182795699,0.053763440860215055,0.0,0.2903225806451613,0.6709677419354839,0.6645161290322581,0.6870967741935484,0.7,0.6,0.7,1,minasbate,low_resource
969,134,24,4.388059701492537,5.583333333333333,1.9850746268656716,3,1.0666666666666667,0.5748031496062992,1.7462686567164178,0.8731343283582089,0.07462686567164178,0.0,0.1865671641791045,0.7046979865771812,0.6778523489932886,0.6868008948545862,0.6763754045307443,0.6148867313915858,0.6990291262135923,1,minasbate,low_resource
970,30,5,4.633333333333334,6.0,2.1,0,0.0,0.6206896551724138,1.7666666666666666,0.9,0.13333333333333333,0.0,0.2,0.6759259259259259,0.6666666666666666,0.6296296296296297,0.5194805194805194,0.5064935064935064,0.42857142857142855,1,minasbate,low_resource
971,84,11,4.357142857142857,7.636363636363637,1.9047619047619047,0,1.5555555555555556,0.40476190476190477,1.5714285714285714,0.8809523809523809,0.14285714285714285,0.0,0.3333333333333333,0.7198581560283688,0.6985815602836879,0.6843971631205674,0.6313131313131313,0.5858585858585859,0.6212121212121212,1,minasbate,low_resource
972,95,24,3.8526315789473684,3.9583333333333335,1.831578947368421,3,0.0,0.34444444444444444,1.5473684210526315,0.6210526315789474,0.06315789473684211,0.0,0.1368421052631579,0.8270676691729323,0.8157894736842105,0.8195488721804511,0.7514792899408284,0.7218934911242604,0.7810650887573964,1,minasbate,low_resource
973,216,30,4.361111111111111,7.2,1.912037037037037,1,1.6153846153846154,0.3744075829383886,1.7314814814814814,0.9074074074074074,0.2222222222222222,0.0,0.3287037037037037,0.7018030513176144,0.7059639389736477,0.7004160887656034,0.564870259481038,0.590818363273453,0.5988023952095808,1,minasbate,low_resource
974,256,28,5.0546875,9.142857142857142,2.14453125,8,1.2307692307692308,0.5673469387755102,1.98046875,1.03515625,0.21484375,0.01171875,0.3984375,0.6533592989289192,0.6426484907497566,0.6397273612463485,0.5976408912188729,0.5674967234600262,0.580602883355177,1,minasbate,low_resource
975,193,21,4.129533678756476,9.19047619047619,1.8860103626943006,8,1.4285714285714286,0.3541666666666667,1.621761658031088,0.6839378238341969,0.07253886010362694,0.0051813471502590676,0.24870466321243523,0.7230514096185738,0.7412935323383084,0.746268656716418,0.7073170731707317,0.6536585365853659,0.7902439024390244,1,minasbate,low_resource
976,344,44,4.305232558139535,7.818181818181818,1.9186046511627908,3,1.8709677419354838,0.31750741839762614,1.7005813953488371,0.7848837209302325,0.12209302325581395,0.005813953488372093,0.2761627906976744,0.6212389380530974,0.6044247787610619,0.6176991150442478,0.573076923076923,0.591025641025641,0.6641025641025641,1,minasbate,low_resource
977,73,12,3.5205479452054793,6.083333333333333,1.6027397260273972,0,1.4166666666666667,0.3424657534246575,1.3835616438356164,0.821917808219178,0.0136986301369863,0.0,0.0684931506849315,0.6413043478260869,0.657608695652174,0.6847826086956522,0.5135135135135135,0.6036036036036037,0.5225225225225225,1,minasbate,low_resource
978,219,37,4.493150684931507,5.918918918918919,2.0273972602739727,6,1.5,0.47368421052631576,1.7397260273972603,0.8356164383561644,0.1187214611872146,0.0045662100456621,0.2785388127853881,0.6936339522546419,0.669761273209549,0.6803713527851459,0.5954198473282443,0.5877862595419847,0.6068702290076335,1,minasbate,low_resource
979,123,15,4.463414634146342,8.2,1.975609756097561,2,1.6666666666666667,0.5245901639344263,1.6991869918699187,0.9024390243902439,0.1951219512195122,0.016260162601626018,0.3008130081300813,0.7176470588235294,0.6823529411764706,0.68,0.6821192052980133,0.6887417218543046,0.7052980132450332,2,minasbate,low_resource
980,436,45,4.614678899082569,9.688888888888888,1.981651376146789,18,1.5,0.39622641509433965,1.8027522935779816,0.908256880733945,0.1559633027522936,0.006880733944954129,0.33256880733944955,0.7263427109974424,0.7269820971867008,0.7429667519181585,0.6770740410347904,0.6271186440677966,0.6824264049955397,2,minasbate,low_resource
981,582,77,4.314432989690721,7.558441558441558,1.895189003436426,6,1.530612244897959,0.3106457242582897,1.6769759450171822,0.8333333333333334,0.15120274914089346,0.001718213058419244,0.33676975945017185,0.6670146137787056,0.6456158663883089,0.6529227557411273,0.5766037735849057,0.5388679245283019,0.5766037735849057,2,minasbate,low_resource
982,327,52,4.146788990825688,6.288461538461538,1.7767584097859328,3,1.4333333333333333,0.38198757763975155,1.529051987767584,0.7033639143730887,0.14984709480122324,0.0030581039755351682,0.3363914373088685,0.611328125,0.5927734375,0.59375,0.5086705202312138,0.4869942196531792,0.5895953757225434,2,minasbate,low_resource
983,328,39,4.2439024390243905,8.41025641025641,1.8871951219512195,4,1.411764705882353,0.3956386292834891,1.6341463414634145,0.7865853658536586,0.10975609756097561,0.0,0.21951219512195122,0.6622516556291391,0.6707663197729423,0.6433301797540208,0.5720221606648199,0.5650969529085873,0.5969529085872576,2,minasbate,low_resource
984,486,49,4.806584362139918,9.918367346938776,2.0761316872427984,19,1.368421052631579,0.4309623430962343,1.8045267489711934,0.9074074074074074,0.17695473251028807,0.00205761316872428,0.36419753086419754,0.6938110749185668,0.6726384364820847,0.6932681867535287,0.6298219584569733,0.6068249258160238,0.634272997032641,2,minasbate,low_resource
985,496,46,4.381048387096774,10.782608695652174,1.9314516129032258,5,1.5897435897435896,0.3593429158110883,1.6975806451612903,0.844758064516129,0.1532258064516129,0.004032258064516129,0.32056451612903225,0.6490701859628074,0.6520695860827834,0.6400719856028795,0.5911035072711719,0.58169375534645,0.5970915312232677,2,minasbate,low_resource
986,458,62,4.314410480349345,7.387096774193548,1.9672489082969433,10,1.2352941176470589,0.36302895322939865,1.7008733624454149,0.7685589519650655,0.10698689956331878,0.002183406113537118,0.24017467248908297,0.706312292358804,0.6996677740863787,0.7196013289036545,0.6525505293551492,0.6390760346487007,0.6900866217516843,2,minasbate,low_resource
987,517,79,4.317214700193424,6.544303797468355,1.8897485493230175,7,1.4090909090909092,0.3652694610778443,1.7098646034816247,0.7911025145067698,0.10831721470019343,0.0,0.27852998065764023,0.6733372572101236,0.6768687463213655,0.6486168334314303,0.606655290102389,0.5810580204778157,0.6083617747440273,2,minasbate,low_resource
988,441,39,4.519274376417234,11.307692307692308,1.9954648526077097,3,1.588235294117647,0.360381861575179,1.691609977324263,0.8163265306122449,0.1383219954648526,0.0045351473922902496,0.25170068027210885,0.6847258485639687,0.660574412532637,0.6866840731070496,0.6126042632066728,0.5708989805375347,0.6190917516218721,2,minasbate,low_resource
989,747,87,4.480589022757697,8.586206896551724,1.9892904953145918,18,1.459016393442623,0.35841313269493846,1.713520749665328,0.856760374832664,0.1539491298527443,0.0013386880856760374,0.2998661311914324,0.673374613003096,0.6555727554179567,0.6671826625386997,0.5924507658643327,0.5508752735229759,0.6050328227571116,2,minasbate,low_resource
990,415,31,4.575903614457832,13.387096774193548,1.997590361445783,12,1.3666666666666667,0.3640897755610973,1.7783132530120482,0.8674698795180723,0.14457831325301204,0.007228915662650603,0.3132530120481928,0.6884353741496598,0.6918367346938775,0.7,0.663470757430489,0.6174496644295302,0.663470757430489,2,minasbate,low_resource
991,540,79,4.531481481481482,6.8354430379746836,1.9685185185185186,8,1.3035714285714286,0.3683206106870229,1.7555555555555555,0.8814814814814815,0.15185185185185185,0.001851851851851852,0.29444444444444445,0.6627845420857597,0.6373742721016411,0.6574907358390683,0.6106526631657915,0.5941485371342836,0.6151537884471118,2,minasbate,low_resource
992,327,44,4.324159021406728,7.431818181818182,1.944954128440367,8,1.5277777777777777,0.3987138263665595,1.7737003058103975,0.8470948012232415,0.12844036697247707,0.0,0.23853211009174313,0.6890756302521008,0.6704014939309056,0.6900093370681606,0.6202185792349727,0.5983606557377049,0.6229508196721312,2,minasbate,low_resource
993,814,78,4.545454545454546,10.435897435897436,2.0073710073710074,28,1.338235294117647,0.33626097867001253,1.7739557739557739,0.8648648648648649,0.12653562653562653,0.002457002457002457,0.28869778869778867,0.6807249912861624,0.6699198326943185,0.6650400836528407,0.5739471106758081,0.539177277179236,0.6459353574926543,2,minasbate,low_resource
994,569,62,4.444639718804921,9.17741935483871,1.9578207381370827,6,1.489795918367347,0.36101083032490977,1.6748681898066784,0.81195079086116,0.13005272407732865,0.0017574692442882249,0.30579964850615116,0.7131105398457583,0.6884318766066838,0.7100257069408741,0.6270190895741556,0.617474302496329,0.6607929515418502,2,minasbate,low_resource
995,244,18,4.413934426229508,13.555555555555555,1.959016393442623,4,1.6875,0.4708333333333333,1.7336065573770492,0.8401639344262295,0.13524590163934427,0.00819672131147541,0.22131147540983606,0.7237635705669482,0.7032569360675512,0.7322074788902292,0.6144578313253012,0.5800344234079173,0.6678141135972461,2,minasbate,low_resource
996,273,26,4.615384615384615,10.5,2.029304029304029,10,1.16,0.35580524344569286,1.8058608058608059,0.9120879120879121,0.14285714285714285,0.0,0.3663003663003663,0.6207951070336392,0.6218144750254841,0.6218144750254841,0.6130867709815079,0.5604551920341394,0.577524893314367,2,minasbate,low_resource
997,457,70,4.6039387308533914,6.5285714285714285,1.9803063457330417,7,1.2954545454545454,0.39149888143176736,1.7680525164113785,0.9387308533916849,0.1487964989059081,0.0087527352297593,0.3544857768052516,0.664630421502749,0.6585216860109957,0.6792913866829566,0.64133219470538,0.5602049530315969,0.6174210076857387,2,minasbate,low_resource
998,200,35,4.475,5.714285714285714,2.03,0,1.1851851851851851,0.4322916666666667,1.795,0.87,0.135,0.005,0.255,0.6375545851528385,0.5793304221251819,0.6244541484716157,0.5365344467640919,0.5073068893528184,0.615866388308977,2,minasbate,low_resource
999,38,8,5.605263157894737,4.75,2.526315789473684,0,0.0,0.4473684210526316,2.3157894736842106,1.2105263157894737,0.2894736842105263,0.0,0.3684210526315789,0.7657142857142857,0.7714285714285715,0.7314285714285714,0.8248175182481752,0.6496350364963503,0.781021897810219,2,minasbate,low_resource
1000,431,30,4.533642691415313,14.366666666666667,1.976798143851508,15,1.826086956521739,0.42822966507177035,1.740139211136891,0.7935034802784223,0.15777262180974477,0.0069605568445475635,0.35962877030162416,0.6574074074074074,0.6712962962962963,0.6686507936507936,0.5830223880597015,0.5438432835820896,0.558768656716418,2,minasbate,low_resource
1001,234,40,4.628205128205129,5.85,2.0213675213675213,4,1.4814814814814814,0.4977973568281938,1.7777777777777777,0.9273504273504274,0.1623931623931624,0.004273504273504274,0.32051282051282054,0.6876484560570071,0.668646080760095,0.6923990498812351,0.6474464579901154,0.5996705107084019,0.6507413509060955,2,minasbate,low_resource
1002,479,55,4.724425887265136,8.709090909090909,1.9979123173277662,8,1.4883720930232558,0.39787234042553193,1.7849686847599164,0.9707724425887265,0.24843423799582465,0.008350730688935281,0.36116910229645094,0.6580281690140845,0.6191549295774648,0.6467605633802817,0.5872769588828549,0.5283165244375485,0.6089992242048099,2,minasbate,low_resource
1003,1025,103,4.286829268292683,9.951456310679612,1.871219512195122,19,1.5595238095238095,0.281563126252505,1.6526829268292682,0.8497560975609756,0.13073170731707318,0.000975609756097561,0.2731707317073171,0.6867145421903053,0.6570915619389587,0.672950329144225,0.6270670147954743,0.556135770234987,0.6074847693646649,2,minasbate,low_resource
1004,753,98,4.4528552456839305,7.683673469387755,1.9322709163346614,8,1.868421052631579,0.33378016085790885,1.6892430278884463,0.848605577689243,0.12084993359893759,0.006640106241699867,0.23638778220451528,0.696104897801774,0.678364828384111,0.7107597377554956,0.6076294277929155,0.5667574931880109,0.6583106267029972,2,minasbate,low_resource
1005,296,25,4.1891891891891895,11.84,1.9493243243243243,4,1.8235294117647058,0.41754385964912283,1.635135135135135,0.7702702702702703,0.07094594594594594,0.006756756756756757,0.13175675675675674,0.7580299785867237,0.7044967880085653,0.7130620985010707,0.6910828025477707,0.6003184713375797,0.6687898089171974,2,minasbate,low_resource
1006,38,8,4.342105263157895,4.75,1.736842105263158,0,0.0,0.42105263157894735,1.394736842105263,0.9473684210526315,0.34210526315789475,0.0,0.5789473684210527,0.5590551181102362,0.5433070866141733,0.5748031496062992,0.6404494382022472,0.449438202247191,0.449438202247191,2,minasbate,low_resource
1007,330,56,4.6,5.892857142857143,1.9727272727272727,5,1.5,0.2453416149068323,1.8272727272727274,0.990909090909091,0.15757575757575756,0.024242424242424242,0.3,0.7542372881355932,0.7338983050847457,0.7288135593220338,0.7624703087885986,0.6995249406175772,0.7339667458432304,2,minasbate,low_resource
1008,117,13,3.871794871794872,9.0,1.7264957264957266,0,1.2222222222222223,0.3162393162393162,1.4700854700854702,0.6324786324786325,0.1282051282051282,0.0,0.23076923076923078,0.7410714285714286,0.7113095238095238,0.7380952380952381,0.5909090909090909,0.6363636363636364,0.6954545454545454,2,minasbate,low_resource
1009,398,39,4.4296482412060305,10.205128205128204,1.9723618090452262,2,1.6538461538461537,0.38903394255874674,1.756281407035176,0.8793969849246231,0.15829145728643215,0.005025125628140704,0.25125628140703515,0.6577777777777778,0.6244444444444445,0.6592592592592592,0.5683987274655355,0.5779427359490986,0.6076352067868505,2,minasbate,low_resource
1010,482,68,4.329875518672199,7.088235294117647,1.900414937759336,6,1.36,0.36796536796536794,1.661825726141079,0.7863070539419087,0.14107883817427386,0.002074688796680498,0.3091286307053942,0.7023959646910467,0.6941992433795713,0.6954602774274905,0.6496350364963503,0.6140510948905109,0.6341240875912408,2,minasbate,low_resource
1011,18,2,4.277777777777778,9.0,1.6111111111111112,0,0.0,0.7222222222222222,1.5,0.7777777777777778,0.0,0.0,0.3888888888888889,0.7457627118644068,0.6779661016949152,0.7627118644067796,0.8292682926829268,0.7317073170731707,0.7804878048780488,2,minasbate,low_resource
1012,59,8,3.847457627118644,7.375,1.7627118644067796,0,1.25,0.3448275862068966,1.4406779661016949,0.559322033898305,0.11864406779661017,0.0,0.3389830508474576,0.5389221556886228,0.5508982035928144,0.5748502994011976,0.4205607476635514,0.38317757009345793,0.3364485981308411,2,minasbate,low_resource
1013,154,24,4.5,6.416666666666667,2.051948051948052,5,1.1666666666666667,0.5131578947368421,1.7727272727272727,0.8441558441558441,0.15584415584415584,0.006493506493506494,0.3116883116883117,0.6294227188081937,0.6052141527001862,0.6405959031657356,0.5065616797900262,0.5538057742782152,0.5144356955380578,2,minasbate,low_resource
1014,44,10,3.8636363636363638,4.4,1.8636363636363635,0,0.0,0.4772727272727273,1.5,0.5454545454545454,0.022727272727272728,0.0,0.25,0.6031746031746031,0.5793650793650794,0.5396825396825397,0.43902439024390244,0.5365853658536586,0.45121951219512196,2,minasbate,low_resource
1015,124,15,4.717741935483871,8.266666666666667,2.1048387096774195,4,0.0,0.5819672131147541,1.8870967741935485,0.9354838709677419,0.10483870967741936,0.008064516129032258,0.23387096774193547,0.7145969498910676,0.738562091503268,0.7058823529411765,0.6865671641791045,0.6447761194029851,0.6805970149253732,2,minasbate,low_resource
1016,66,8,4.2727272727272725,8.25,1.9393939393939394,0,1.375,0.3787878787878788,1.6515151515151516,0.7575757575757576,0.19696969696969696,0.0,0.3333333333333333,0.7149532710280374,0.7009345794392523,0.7429906542056075,0.7687074829931972,0.6938775510204082,0.5918367346938775,2,minasbate,low_resource
1017,68,10,4.161764705882353,6.8,1.7941176470588236,0,1.1,0.4126984126984127,1.588235294117647,0.7352941176470589,0.08823529411764706,0.0,0.23529411764705882,0.6714285714285714,0.6571428571428571,0.6857142857142857,0.6642335766423357,0.583941605839416,0.6058394160583942,2,minasbate,low_resource
1018,208,28,4.384615384615385,7.428571428571429,1.9855769230769231,2,1.1666666666666667,0.3891625615763547,1.7644230769230769,0.8653846153846154,0.12980769230769232,0.004807692307692308,0.2548076923076923,0.6680972818311874,0.6323319027181689,0.6695278969957081,0.6319018404907976,0.5705521472392638,0.6666666666666666,2,minasbate,low_resource
1019,499,61,4.3146292585170345,8.180327868852459,1.8977955911823647,6,2.260869565217391,0.3752620545073375,1.6833667334669338,0.8136272545090181,0.12024048096192384,0.004008016032064128,0.250501002004008,0.6907854050711194,0.7043908472479901,0.6932591218305504,0.6284941388638413,0.6330027051397655,0.654643823264202,2,minasbate,low_resource
1020,378,28,4.595238095238095,13.5,2.0291005291005293,8,1.5384615384615385,0.3598901098901099,1.7513227513227514,0.8544973544973545,0.09259259259259259,0.0,0.2751322751322751,0.7347696879643388,0.7347696879643388,0.7280832095096582,0.6617801047120419,0.6282722513089005,0.6795811518324607,2,minasbate,low_resource
1021,434,72,4.456221198156682,6.027777777777778,1.9585253456221199,7,1.1555555555555554,0.375,1.6751152073732718,0.815668202764977,0.15898617511520738,0.002304147465437788,0.3456221198156682,0.6469798657718121,0.6322147651006711,0.6416107382550336,0.5477099236641222,0.5353053435114504,0.5486641221374046,2,minasbate,low_resource
1022,130,24,4.1461538461538465,5.416666666666667,2.0153846153846153,1,1.5,0.3076923076923077,1.676923076923077,0.6461538461538462,0.038461538461538464,0.0,0.14615384615384616,0.6748166259168704,0.6625916870415648,0.7310513447432763,0.7132616487455197,0.5627240143369175,0.6845878136200717,2,minasbate,low_resource
1023,650,98,4.776923076923077,6.63265306122449,1.9753846153846153,16,1.4375,0.3232484076433121,1.763076923076923,0.9461538461538461,0.2323076923076923,0.003076923076923077,0.4584615384615385,0.6739219712525667,0.6517453798767967,0.6669404517453799,0.5869688385269122,0.5637393767705382,0.6090651558073654,2,minasbate,low_resource
1024,300,33,4.23,9.090909090909092,1.8533333333333333,1,1.7333333333333334,0.43197278911564624,1.5333333333333334,0.7166666666666667,0.16333333333333333,0.006666666666666667,0.37,0.6742738589211619,0.6607883817427386,0.6732365145228216,0.5993930197268589,0.5842185128983308,0.5872534142640364,2,minasbate,low_resource
1025,336,38,4.392857142857143,8.842105263157896,1.9345238095238095,8,1.3214285714285714,0.37537537537537535,1.7351190476190477,0.8601190476190477,0.15178571428571427,0.0,0.3005952380952381,0.7062445030782761,0.7036059806508356,0.7176781002638523,0.635,0.6425,0.68875,2,minasbate,low_resource
1026,294,58,4.690476190476191,5.068965517241379,2.0850340136054424,11,1.4411764705882353,0.43448275862068964,1.9387755102040816,0.9693877551020408,0.1598639455782313,0.006802721088435374,0.24489795918367346,0.7039777983348752,0.6947271045328399,0.7076780758556892,0.7091836734693877,0.6186224489795918,0.6836734693877551,2,minasbate,low_resource
1027,76,26,4.4605263157894735,2.923076923076923,2.013157894736842,1,1.875,0.4,1.6842105263157894,0.9605263157894737,0.19736842105263158,0.0,0.2894736842105263,0.7404580152671756,0.6755725190839694,0.7022900763358778,0.6756756756756757,0.6432432432432432,0.6810810810810811,2,minasbate,low_resource
1028,597,54,4.61641541038526,11.055555555555555,2.016750418760469,14,1.5833333333333333,0.37305699481865284,1.8107202680067003,0.897822445561139,0.16917922948073702,0.005025125628140704,0.304857621440536,0.6919831223628692,0.6802625410220347,0.6840131270511017,0.6072607260726073,0.598019801980198,0.6653465346534654,2,minasbate,low_resource
1029,80,8,4.3875,10.0,1.95,3,1.6666666666666667,0.34615384615384615,1.6,0.775,0.1125,0.0,0.3375,0.6481481481481481,0.5888888888888889,0.6,0.5555555555555556,0.5026455026455027,0.5238095238095238,2,minasbate,low_resource
1030,302,35,4.082781456953643,8.628571428571428,1.8609271523178808,10,1.3846153846153846,0.40863787375415284,1.5397350993377483,0.7450331125827815,0.11258278145695365,0.013245033112582781,0.19205298013245034,0.6924731182795699,0.7010752688172043,0.7129032258064516,0.6339144215530903,0.624405705229794,0.6909667194928685,2,minasbate,low_resource
1031,80,10,3.8875,8.0,1.8125,3,1.25,0.358974358974359,1.7125,0.5875,0.075,0.0,0.1,0.777292576419214,0.7991266375545851,0.8034934497816594,0.777027027027027,0.722972972972973,0.7972972972972973,2,minasbate,low_resource
1032,206,21,4.490291262135922,9.80952380952381,1.9563106796116505,3,1.5714285714285714,0.5025125628140703,1.7378640776699028,0.8689320388349514,0.15048543689320387,0.0048543689320388345,0.2961165048543689,0.697054698457223,0.6928471248246845,0.699859747545582,0.6202783300198808,0.6282306163021869,0.6322067594433399,2,minasbate,low_resource
1033,131,25,4.267175572519084,5.24,1.900763358778626,2,1.8571428571428572,0.46875,1.6564885496183206,0.8091603053435115,0.1297709923664122,0.0,0.2748091603053435,0.6352941176470588,0.6352941176470588,0.6729411764705883,0.5463917525773195,0.5292096219931272,0.563573883161512,2,minasbate,low_resource
1034,99,12,4.121212121212121,8.25,1.7878787878787878,0,1.4615384615384615,0.38144329896907214,1.696969696969697,0.8686868686868687,0.10101010101010101,0.0,0.20202020202020202,0.7263843648208469,0.6644951140065146,0.7133550488599348,0.7427184466019418,0.7233009708737864,0.7475728155339806,2,minasbate,low_resource
1035,171,25,4.461988304093567,6.84,1.9415204678362572,7,1.2,0.503030303030303,1.719298245614035,0.9064327485380117,0.1286549707602339,0.011695906432748537,0.26900584795321636,0.674061433447099,0.6877133105802048,0.6723549488054608,0.6585365853658537,0.6317073170731707,0.6487804878048781,2,minasbate,low_resource
1036,153,27,4.437908496732026,5.666666666666667,2.0,1,1.7058823529411764,0.4632352941176471,1.7777777777777777,0.8823529411764706,0.1568627450980392,0.006535947712418301,0.24183006535947713,0.75049115913556,0.7288801571709234,0.7131630648330058,0.6588235294117647,0.611764705882353,0.6941176470588235,2,minasbate,low_resource
1037,151,15,4.847682119205298,10.066666666666666,2.052980132450331,1,2.2666666666666666,0.36363636363636365,1.8278145695364238,1.0794701986754967,0.2185430463576159,0.0,0.33774834437086093,0.6631762652705061,0.631762652705061,0.6474694589877836,0.5759036144578313,0.5590361445783133,0.5759036144578313,2,minasbate,low_resource
1038,273,42,4.531135531135531,6.5,2.0036630036630036,8,1.206896551724138,0.45054945054945056,1.8315018315018314,0.9120879120879121,0.14652014652014653,0.0,0.2454212454212454,0.6607883817427386,0.6473029045643154,0.6939834024896265,0.6497829232995659,0.6078147612156295,0.6020260492040521,2,minasbate,low_resource
1039,137,24,4.386861313868613,5.708333333333333,2.0145985401459856,6,1.1764705882352942,0.4732824427480916,1.6934306569343065,0.8029197080291971,0.0948905109489051,0.0,0.22627737226277372,0.6790393013100436,0.6724890829694323,0.6965065502183406,0.6349206349206349,0.6063492063492063,0.7015873015873015,2,minasbate,low_resource
1040,207,26,4.053140096618358,7.961538461538462,1.7971014492753623,1,1.2666666666666666,0.5049019607843137,1.502415458937198,0.7971014492753623,0.0821256038647343,0.0,0.1932367149758454,0.7138314785373608,0.6868044515103339,0.7074721780604134,0.6430260047281324,0.5839243498817966,0.6312056737588653,2,minasbate,low_resource
1041,80,8,3.75,10.0,1.675,0,2.0,0.45569620253164556,1.45,0.775,0.0375,0.0,0.1125,0.7136363636363636,0.6863636363636364,0.6818181818181818,0.75,0.5857142857142857,0.6071428571428571,2,minasbate,low_resource
1042,189,21,4.174603174603175,9.0,1.8571428571428572,5,1.0625,0.34946236559139787,1.582010582010582,0.7883597883597884,0.05291005291005291,0.0,0.15873015873015872,0.7386934673366834,0.711892797319933,0.7386934673366834,0.6567901234567901,0.6493827160493827,0.7160493827160493,2,minasbate,low_resource
1043,421,40,4.470308788598575,10.525,1.9334916864608076,7,1.5294117647058822,0.3695652173913043,1.7244655581947743,0.833729216152019,0.19477434679334918,0.0,0.37767220902612825,0.6836313617606602,0.6891334250343879,0.688445667125172,0.6280428432327166,0.5715676728334956,0.6212268743914313,2,minasbate,low_resource
1044,257,43,4.412451361867705,5.976744186046512,1.9221789883268483,3,1.0512820512820513,0.388,1.7509727626459144,0.9027237354085603,0.17898832684824903,0.0,0.311284046692607,0.6827586206896552,0.6517241379310345,0.7011494252873564,0.6463815789473685,0.5444078947368421,0.631578947368421,2,minasbate,low_resource
1045,165,29,4.157575757575757,5.689655172413793,1.8545454545454545,2,1.1,0.5705128205128205,1.6181818181818182,0.7757575757575758,0.10909090909090909,0.0,0.22424242424242424,0.6569200779727096,0.6257309941520468,0.6491228070175439,0.6075581395348837,0.5668604651162791,0.622093023255814,2,minasbate,low_resource
1046,180,26,4.572222222222222,6.923076923076923,2.011111111111111,4,1.1666666666666667,0.5988700564971752,1.75,0.8611111111111112,0.15555555555555556,0.0,0.35555555555555557,0.671875,0.640625,0.6609375,0.6514161220043573,0.6013071895424836,0.664488017429194,2,minasbate,low_resource
1047,418,59,4.6913875598086126,7.084745762711864,2.0239234449760763,12,1.0980392156862746,0.4468599033816425,1.8181818181818181,0.9784688995215312,0.13875598086124402,0.0,0.26555023923444976,0.6940639269406392,0.6862361382909328,0.7038486627527724,0.6223021582733813,0.5953237410071942,0.6726618705035972,2,minasbate,low_resource
1048,131,20,4.687022900763359,6.55,2.0916030534351147,1,1.2105263157894737,0.4365079365079365,1.9312977099236641,1.0,0.16793893129770993,0.0,0.26717557251908397,0.6911764705882353,0.6617647058823529,0.7142857142857143,0.6169590643274854,0.543859649122807,0.7543859649122807,2,minasbate,low_resource
1049,285,63,4.435087719298245,4.523809523809524,1.9263157894736842,3,1.2244897959183674,0.44363636363636366,1.6771929824561405,0.8210526315789474,0.12982456140350876,0.0,0.3263157894736842,0.653250773993808,0.6357069143446853,0.6491228070175439,0.613905325443787,0.5828402366863905,0.6272189349112426,2,minasbate,low_resource
1050,316,70,4.636075949367089,4.514285714285714,2.037974683544304,7,1.4864864864864864,0.39215686274509803,1.8132911392405062,0.9018987341772152,0.16772151898734178,0.0031645569620253164,0.2974683544303797,0.694468832309043,0.6812993854258121,0.6865671641791045,0.6687041564792175,0.6014669926650367,0.6063569682151589,2,minasbate,low_resource
1051,455,43,4.037362637362637,10.581395348837209,1.756043956043956,2,1.6388888888888888,0.3711111111111111,1.6,0.6901098901098901,0.0945054945054945,0.002197802197802198,0.3054945054945055,0.7015250544662309,0.7022512708787219,0.7087872185911401,0.6241830065359477,0.5980392156862745,0.6274509803921569,3,minasbate,low_resource
1052,158,13,4.715189873417722,12.153846153846153,2.018987341772152,6,1.4615384615384615,0.47019867549668876,1.740506329113924,0.9873417721518988,0.20253164556962025,0.0,0.33544303797468356,0.7155172413793104,0.7241379310344828,0.7086206896551724,0.5761904761904761,0.5642857142857143,0.6238095238095238,3,minasbate,low_resource
1053,882,59,4.424036281179139,14.94915254237288,1.9988662131519275,23,3.1904761904761907,0.17221584385763491,1.7290249433106577,0.9115646258503401,0.08843537414965986,0.0,0.1870748299319728,0.7342866644496175,0.6893914200199535,0.6933821084137014,0.6270705158542357,0.5593942262186464,0.637008991954567,3,minasbate,low_resource
1054,262,69,4.770992366412214,3.7971014492753623,2.0916030534351147,3,1.358974358974359,0.41472868217054265,1.900763358778626,0.9465648854961832,0.1946564885496183,0.0,0.30916030534351147,0.7184959349593496,0.7144308943089431,0.7123983739837398,0.6425591098748261,0.6063977746870653,0.631432545201669,3,minasbate,low_resource
1055,1102,101,4.578039927404719,10.910891089108912,2.000907441016334,22,1.368421052631579,0.3047530288909599,1.7921960072595282,0.8992740471869328,0.18148820326678766,0.0009074410163339383,0.33756805807622503,0.6696451365841205,0.6374776614756191,0.6566249680878223,0.5852090032154341,0.5323329760628795,0.5819935691318328,3,minasbate,low_resource
1056,855,89,4.458479532163743,9.606741573033707,1.9637426900584796,18,1.2361111111111112,0.3217286914765906,1.7660818713450293,0.8666666666666667,0.13099415204678364,0.0,0.2549707602339181,0.7035775127768313,0.6824531516183986,0.6746166950596252,0.6608527131782945,0.6036821705426356,0.6400193798449613,3,minasbate,low_resource
1057,893,92,4.572228443449048,9.706521739130435,1.9876819708846585,18,1.3375,0.34782608695652173,1.7569988801791714,0.8499440089585666,0.1601343784994401,0.004479283314669653,0.3471444568868981,0.6744479495268139,0.6712933753943218,0.670031545741325,0.6140583554376657,0.5707338638373121,0.6184792219274978,3,minasbate,low_resource
1058,477,44,4.362683438155137,10.840909090909092,1.9643605870020964,5,2.393939393939394,0.32461873638344224,1.7379454926624738,0.8238993710691824,0.14046121593291405,0.0,0.2389937106918239,0.7238335435056746,0.7276166456494325,0.7213114754098361,0.6767123287671233,0.6337899543378995,0.6557077625570776,3,minasbate,low_resource
1059,644,60,4.422360248447205,10.733333333333333,2.018633540372671,9,1.6382978723404256,0.288,1.765527950310559,0.84472049689441,0.11801242236024845,0.0015527950310559005,0.2375776397515528,0.7116704805491991,0.6979405034324943,0.7080091533180778,0.6518615284128021,0.6276943174395819,0.6394513389941215,3,minasbate,low_resource
1060,682,51,4.230205278592376,13.372549019607844,1.8416422287390029,15,1.3863636363636365,0.32238805970149254,1.651026392961877,0.8093841642228738,0.17155425219941348,0.001466275659824047,0.27419354838709675,0.6786855317206755,0.6604290278411684,0.6928343222272935,0.58,0.55,0.586,3,minasbate,low_resource
1061,323,44,4.557275541795666,7.340909090909091,2.043343653250774,11,1.4,0.380327868852459,1.7956656346749227,0.891640866873065,0.11145510835913312,0.0030959752321981426,0.22910216718266255,0.6967285587975243,0.6702033598585323,0.6887709991158267,0.6116015132408575,0.5889029003783102,0.6229508196721312,3,minasbate,low_resource
1062,855,99,4.410526315789474,8.636363636363637,1.912280701754386,18,1.4487179487179487,0.33729216152019004,1.7064327485380117,0.8584795321637427,0.15555555555555556,0.008187134502923977,0.32046783625730996,0.6763185108583247,0.6952774905205101,0.6683902102723199,0.6185567010309279,0.6043200785468826,0.6323024054982818,3,minasbate,low_resource
1063,1000,104,4.403,9.615384615384615,1.978,25,1.4941176470588236,0.3034623217922607,1.73,0.82,0.149,0.0,0.288,0.6826666666666666,0.6565925925925926,0.6494814814814814,0.6156130674586339,0.5655494272380144,0.5969452694102673,3,minasbate,low_resource
1064,544,31,4.3088235294117645,17.548387096774192,1.9136029411764706,6,1.5,0.3714821763602251,1.6654411764705883,0.8290441176470589,0.08823529411764706,0.0,0.24816176470588236,0.6972067039106146,0.6810055865921788,0.6910614525139664,0.6025848142164781,0.6106623586429726,0.6203554119547657,3,minasbate,low_resource
1065,256,25,4.4921875,10.24,2.0,4,1.7,0.4497991967871486,1.8046875,0.96484375,0.08203125,0.0,0.1484375,0.7406989853438557,0.7249154453213078,0.7023675310033822,0.6864,0.6352,0.6768,3,minasbate,low_resource
1066,414,45,4.398550724637682,9.2,2.0217391304347827,3,1.2105263157894737,0.33910891089108913,1.7777777777777777,0.8647342995169082,0.0748792270531401,0.0,0.16666666666666666,0.7329992841803865,0.6735862562634216,0.7566213314244811,0.6909650924024641,0.6447638603696099,0.7217659137577002,3,minasbate,low_resource
1067,488,54,4.379098360655738,9.037037037037036,1.959016393442623,5,1.4782608695652173,0.40764331210191085,1.7110655737704918,0.860655737704918,0.10245901639344263,0.004098360655737705,0.23565573770491804,0.7150735294117647,0.6862745098039216,0.6844362745098039,0.6781914893617021,0.6028368794326241,0.6719858156028369,3,minasbate,low_resource
1068,362,64,4.638121546961326,5.65625,1.9861878453038675,7,1.8529411764705883,0.37464788732394366,1.7596685082872927,0.9281767955801105,0.17679558011049723,0.0055248618784530384,0.31767955801104975,0.6643730886850153,0.6704892966360856,0.6804281345565749,0.6070287539936102,0.5942492012779552,0.6443024494142705,3,minasbate,low_resource
1069,192,36,4.166666666666667,5.333333333333333,1.8854166666666667,1,1.9230769230769231,0.4656084656084656,1.65625,0.78125,0.13541666666666666,0.0,0.2604166666666667,0.7008264462809918,0.6512396694214876,0.6727272727272727,0.5853658536585366,0.5560975609756098,0.6219512195121951,3,minasbate,low_resource
1070,1145,143,4.339737991266375,8.006993006993007,1.805240174672489,18,1.452991452991453,0.28205128205128205,1.5991266375545852,0.8200873362445414,0.20698689956331878,0.005240174672489083,0.4078602620087336,0.6289175664998683,0.6294442981301027,0.613905715038188,0.5553875236294896,0.5655954631379962,0.587523629489603,3,minasbate,low_resource
1071,299,21,4.48494983277592,14.238095238095237,1.9464882943143813,4,1.4444444444444444,0.4691780821917808,1.7424749163879598,0.8929765886287625,0.13712374581939799,0.0033444816053511705,0.2508361204013378,0.6801932367149759,0.6541062801932367,0.6859903381642513,0.6101231190150479,0.5759233926128591,0.6210670314637483,3,minasbate,low_resource
1072,650,64,4.236923076923077,10.15625,1.8892307692307693,9,1.6666666666666667,0.330173775671406,1.6830769230769231,0.82,0.09692307692307692,0.004615384615384616,0.22,0.702158273381295,0.6887290167865707,0.7064748201438849,0.6384180790960452,0.623587570621469,0.661723163841808,3,minasbate,low_resource
1073,446,49,4.614349775784754,9.10204081632653,1.9977578475336324,9,1.4722222222222223,0.38694638694638694,1.836322869955157,0.9551569506726457,0.1591928251121076,0.002242152466367713,0.3430493273542601,0.677115987460815,0.6589341692789968,0.677115987460815,0.6225749559082893,0.5714285714285714,0.6164021164021164,3,minasbate,low_resource
1074,461,56,4.386117136659436,8.232142857142858,2.019522776572668,18,1.5853658536585367,0.3897550111358575,1.7462039045553146,0.7982646420824295,0.09327548806941431,0.004338394793926247,0.21258134490238612,0.7585539057456423,0.7604906391220142,0.7779212395093609,0.7263450834879406,0.686456400742115,0.7309833024118738,3,minasbate,low_resource
1075,584,41,4.243150684931507,14.24390243902439,1.904109589041096,15,1.911764705882353,0.3799654576856649,1.654109589041096,0.7688356164383562,0.13184931506849315,0.0,0.2482876712328767,0.6839597670725251,0.6622551614610905,0.671784012705135,0.5970836531082118,0.5633154259401382,0.6032233307751343,3,minasbate,low_resource
1076,482,59,4.470954356846473,8.169491525423728,1.95850622406639,9,1.558139534883721,0.38311688311688313,1.7261410788381744,0.8049792531120332,0.1078838174273859,0.002074688796680498,0.2863070539419087,0.7031438935912938,0.694074969770254,0.6765417170495768,0.6134598792062123,0.5936151855047455,0.6108714408973253,3,minasbate,low_resource
1077,444,132,4.078828828828829,3.3636363636363638,1.882882882882883,7,1.3265306122448979,0.3190045248868778,1.587837837837838,0.7635135135135135,0.08783783783783784,0.0,0.16216216216216217,0.7025641025641025,0.6820512820512821,0.684981684981685,0.6369565217391304,0.5782608695652174,0.6141304347826086,3,minasbate,low_resource
1078,527,44,4.483870967741935,11.977272727272727,1.9013282732447818,9,1.1764705882352942,0.372848948374761,1.6698292220113853,0.872865275142315,0.19165085388994307,0.0,0.3870967741935484,0.6719432314410481,0.6544759825327511,0.6408296943231441,0.6359447004608295,0.5814132104454686,0.5821812596006144,3,minasbate,low_resource
1079,441,34,4.519274376417234,12.970588235294118,2.0317460317460316,26,1.2,0.3503480278422274,1.7414965986394557,0.8095238095238095,0.11564625850340136,0.0045351473922902496,0.2811791383219955,0.6958495460440985,0.6738002594033723,0.6984435797665369,0.646843549862763,0.6010978956999085,0.6514181152790485,3,minasbate,low_resource
1080,1254,114,4.23444976076555,11.0,1.9003189792663477,17,2.095890410958904,0.235,1.6594896331738438,0.7854864433811802,0.09968102073365231,0.001594896331738437,0.22727272727272727,0.6927304521608794,0.685236072945291,0.6817386959780165,0.62726935902186,0.6109670248240089,0.656168951463505,3,minasbate,low_resource
1081,460,48,4.447826086956522,9.583333333333334,2.006521739130435,10,1.4,0.36342592592592593,1.7739130434782608,0.8717391304347826,0.13260869565217392,0.002173913043478261,0.20434782608695654,0.6820512820512821,0.6339743589743589,0.6775641025641026,0.6431881371640408,0.5634847080630213,0.5922150139017609,3,minasbate,low_resource
1082,313,35,4.332268370607029,8.942857142857143,1.9520766773162939,8,1.3703703703703705,0.46254071661237783,1.7284345047923322,0.8466453674121406,0.12140575079872204,0.012779552715654952,0.2364217252396166,0.7057692307692308,0.6826923076923077,0.6951923076923077,0.6781767955801105,0.6049723756906077,0.6560773480662984,3,minasbate,low_resource
1083,346,75,3.8757225433526012,4.613333333333333,1.8323699421965318,0,1.2857142857142858,0.1936416184971098,1.6213872832369942,0.7427745664739884,0.06647398843930635,0.0,0.13005780346820808,0.675730110775428,0.6253776435045317,0.6394763343403826,0.6868217054263566,0.5922480620155038,0.627906976744186,3,minasbate,low_resource
1084,349,38,4.616045845272207,9.18421052631579,2.0773638968481376,8,1.5172413793103448,0.41420118343195267,1.7965616045845272,0.8538681948424068,0.18624641833810887,0.0,0.30659025787965616,0.6914468425259792,0.6642685851318945,0.6698641087130296,0.600896860986547,0.5571748878923767,0.6289237668161435,3,minasbate,low_resource
1085,369,34,4.650406504065041,10.852941176470589,2.032520325203252,9,2.0,0.4393063583815029,1.8048780487804879,0.907859078590786,0.19241192411924118,0.0,0.2981029810298103,0.7016616314199395,0.695619335347432,0.7152567975830816,0.6202127659574468,0.5776595744680851,0.6223404255319149,3,minasbate,low_resource
1086,1050,107,4.6780952380952385,9.813084112149532,2.084761904761905,32,1.5783132530120483,0.3116370808678501,1.841904761904762,0.8771428571428571,0.15047619047619049,0.0019047619047619048,0.31333333333333335,0.6887088342916885,0.667276529012023,0.6821745948771563,0.6276363636363637,0.5825454545454546,0.6225454545454545,3,minasbate,low_resource
1087,695,55,4.250359712230216,12.636363636363637,1.8762589928057554,7,1.975609756097561,0.2921875,1.6201438848920864,0.7971223021582734,0.0776978417266187,0.0,0.26618705035971224,0.7115646258503401,0.7192743764172336,0.7183673469387755,0.6532147742818057,0.6135430916552668,0.6299589603283173,3,minasbate,low_resource
1088,449,53,4.541202672605791,8.471698113207546,1.982182628062361,8,1.065217391304348,0.3080568720379147,1.7327394209354121,0.8619153674832962,0.111358574610245,0.0,0.267260579064588,0.7421625079974408,0.7492002559181062,0.708893154190659,0.682277318640955,0.6841138659320477,0.7043158861340679,3,minasbate,low_resource
1089,459,75,4.583877995642702,6.12,1.9281045751633987,11,1.4406779661016949,0.37472283813747226,1.7559912854030502,0.8540305010893247,0.19389978213507625,0.0,0.41830065359477125,0.660965180207697,0.613317043372022,0.6340867440439829,0.6220136518771331,0.5674061433447098,0.5947098976109215,3,minasbate,low_resource
1090,98,8,4.520408163265306,12.25,2.020408163265306,2,1.625,0.5360824742268041,1.7653061224489797,0.8469387755102041,0.19387755102040816,0.02040816326530612,0.3163265306122449,0.6802325581395349,0.688953488372093,0.6831395348837209,0.6775510204081633,0.6448979591836734,0.6816326530612244,3,minasbate,low_resource
1091,741,69,4.318488529014845,10.73913043478261,1.894736842105263,12,1.8103448275862069,0.32016925246826516,1.7098515519568152,0.865047233468286,0.11875843454790823,0.001349527665317139,0.2321187584345479,0.6853978671041837,0.6726825266611977,0.6911402789171452,0.611904761904762,0.5702380952380952,0.6363095238095238,3,minasbate,low_resource
1092,409,48,4.469437652811736,8.520833333333334,1.9706601466992666,14,1.3043478260869565,0.3795811518324607,1.6992665036674817,0.8777506112469438,0.15158924205378974,0.0,0.28117359413202936,0.7028571428571428,0.6935714285714286,0.7028571428571428,0.6219512195121951,0.584349593495935,0.6605691056910569,3,minasbate,low_resource
1093,763,88,4.503276539973788,8.670454545454545,1.9357798165137614,22,1.2962962962962963,0.3689189189189189,1.6448230668414154,0.799475753604194,0.1651376146788991,0.007863695937090432,0.4416775884665793,0.5700264250660627,0.5594563986409966,0.578708946772367,0.47835382148583644,0.5072153928380545,0.4991982896846606,3,minasbate,low_resource
1094,544,51,4.301470588235294,10.666666666666666,1.8841911764705883,9,1.3541666666666667,0.3516068052930057,1.6452205882352942,0.7830882352941176,0.11764705882352941,0.0055147058823529415,0.3125,0.6732062780269058,0.6429372197309418,0.6832959641255605,0.5892857142857143,0.588474025974026,0.6136363636363636,3,minasbate,low_resource
1095,705,86,4.150354609929078,8.19767441860465,1.8312056737588653,11,1.540983606557377,0.26865671641791045,1.578723404255319,0.7773049645390071,0.12198581560283688,0.0028368794326241137,0.28368794326241137,0.68327239488117,0.6517367458866545,0.6659049360146252,0.6725905673274094,0.6192754613807245,0.6411483253588517,3,minasbate,low_resource
1096,319,40,4.316614420062696,7.975,1.8746081504702194,7,1.76,0.43630573248407645,1.5893416927899686,0.8338557993730408,0.11912225705329153,0.0,0.2852664576802508,0.6533713200379867,0.6533713200379867,0.6676163342830009,0.6038251366120219,0.5792349726775956,0.6079234972677595,3,minasbate,low_resource
1097,211,42,4.597156398104265,5.023809523809524,2.009478672985782,3,0.0,0.5432692307692307,1.7203791469194314,0.8388625592417062,0.1848341232227488,0.0,0.32701421800947866,0.6071428571428571,0.6044973544973545,0.6283068783068783,0.5688073394495413,0.5724770642201835,0.5908256880733945,3,minasbate,low_resource
1098,538,55,4.87546468401487,9.781818181818181,2.1226765799256504,24,1.346938775510204,0.4209486166007905,1.7973977695167287,0.949814126394052,0.19144981412639406,0.0037174721189591076,0.42193308550185876,0.6121654501216545,0.5888077858880778,0.5941605839416059,0.5640509725016767,0.5412474849094567,0.5331991951710262,3,minasbate,low_resource
1099,204,23,4.764705882352941,8.869565217391305,2.0686274509803924,6,3.0,0.5459183673469388,1.7745098039215685,0.8578431372549019,0.16176470588235295,0.0,0.35294117647058826,0.6711409395973155,0.6939597315436241,0.661744966442953,0.6317757009345795,0.5962616822429907,0.5420560747663551,3,minasbate,low_resource
1100,922,109,4.158351409978308,8.458715596330276,1.8394793926247288,12,1.4074074074074074,0.3333333333333333,1.594360086767896,0.7429501084598699,0.09652928416485901,0.0032537960954446853,0.2603036876355748,0.7014873746108613,0.6803874092009685,0.7028709789000346,0.6237876467585503,0.6253190403266973,0.6753445635528331,3,minasbate,low_resource
1101,263,35,4.52851711026616,7.514285714285714,1.946768060836502,2,1.5806451612903225,0.3474903474903475,1.7300380228136882,0.9847908745247148,0.22433460076045628,0.0,0.30798479087452474,0.7288503253796096,0.7223427331887202,0.665943600867679,0.5884146341463414,0.5716463414634146,0.5899390243902439,3,minasbate,low_resource
1102,304,28,5.256578947368421,10.857142857142858,2.1710526315789473,8,2.3333333333333335,0.5680272108843537,1.957236842105263,1.118421052631579,0.2138157894736842,0.003289473684210526,0.40460526315789475,0.653125,0.65078125,0.64296875,0.5819502074688797,0.5612033195020747,0.5778008298755186,3,minasbate,low_resource
1103,511,64,4.610567514677104,7.984375,2.0215264187866926,13,1.5384615384615385,0.4294117647058823,1.7847358121330723,0.9295499021526419,0.09001956947162426,0.0,0.2622309197651663,0.7251908396946565,0.7022900763358778,0.7159214830970556,0.6309794988610479,0.5763097949886105,0.6150341685649203,3,minasbate,low_resource
1104,280,39,4.025,7.17948717948718,1.7464285714285714,3,1.3333333333333333,0.3776978417266187,1.5714285714285714,0.7535714285714286,0.11428571428571428,0.0,0.29285714285714287,0.7479289940828402,0.6840236686390533,0.7337278106508875,0.6714031971580817,0.5595026642984015,0.6074600355239786,3,minasbate,low_resource
1105,431,51,4.387470997679815,8.450980392156863,1.9582366589327147,8,1.3,0.3491686460807601,1.777262180974478,0.8631090487238979,0.09976798143851508,0.0069605568445475635,0.24129930394431554,0.6657477601654032,0.638869745003446,0.6436940041350793,0.6502463054187192,0.5980295566502463,0.6098522167487684,3,minasbate,low_resource
1106,410,52,4.529268292682927,7.884615384615385,1.9439024390243902,9,1.2926829268292683,0.4137055837563452,1.7609756097560976,0.9,0.14390243902439023,0.012195121951219513,0.33658536585365856,0.6771488469601677,0.649895178197065,0.6610761705101328,0.5573122529644269,0.5365612648221344,0.6254940711462451,3,minasbate,low_resource
1107,264,40,4.484848484848484,6.6,2.022727272727273,4,1.206896551724138,0.484251968503937,1.7803030303030303,0.8674242424242424,0.12878787878787878,0.007575757575757576,0.2196969696969697,0.736784140969163,0.6784140969162996,0.7345814977973568,0.673469387755102,0.6514913657770801,0.7032967032967034,3,minasbate,low_resource
1108,538,56,4.481412639405204,9.607142857142858,1.9479553903345725,12,1.32,0.3643410852713178,1.7732342007434945,0.8754646840148699,0.1524163568773234,0.0018587360594795538,0.27695167286245354,0.7215326497571506,0.712358337830545,0.7253103076092823,0.6697530864197531,0.6219135802469136,0.6898148148148148,3,minasbate,low_resource
1109,440,52,4.465909090909091,8.461538461538462,1.9568181818181818,4,1.375,0.3986013986013986,1.768181818181818,0.8931818181818182,0.125,0.00909090909090909,0.2636363636363636,0.6607260726072607,0.640924092409241,0.666006600660066,0.5812206572769953,0.5615023474178403,0.5953051643192488,3,minasbate,low_resource
1110,381,36,4.608923884514436,10.583333333333334,2.0341207349081363,8,2.0,0.4293628808864266,1.79002624671916,0.8293963254593176,0.12073490813648294,0.0026246719160104987,0.3543307086614173,0.6575645756457564,0.6568265682656826,0.6450184501845019,0.584375,0.5833333333333334,0.59375,3,minasbate,low_resource
1111,884,89,4.368778280542986,9.932584269662922,1.9253393665158371,18,1.4666666666666666,0.2789351851851852,1.739819004524887,0.8054298642533937,0.12217194570135746,0.006787330316742082,0.2647058823529412,0.7188768606224628,0.696211096075778,0.709742895805142,0.6399026763990268,0.6,0.6496350364963503,3,minasbate,low_resource
1112,95,16,4.168421052631579,5.9375,1.9473684210526316,0,1.1538461538461537,0.5698924731182796,1.631578947368421,0.7473684210526316,0.07368421052631578,0.0,0.18947368421052632,0.7491638795986622,0.7157190635451505,0.7424749163879598,0.6206896551724138,0.6305418719211823,0.6945812807881774,3,minasbate,low_resource
1113,763,104,4.150720838794233,7.336538461538462,1.855832241153342,10,1.388235294117647,0.276566757493188,1.618610747051114,0.7876802096985583,0.10615989515072084,0.002621231979030144,0.22018348623853212,0.7244425746739588,0.7122423222549432,0.708876735380732,0.6900438321853475,0.662492172824045,0.728240450845335,3,minasbate,low_resource
1114,576,51,4.432291666666667,11.294117647058824,1.9010416666666667,13,1.434782608695652,0.3535714285714286,1.7482638888888888,0.8368055555555556,0.13368055555555555,0.0,0.3541666666666667,0.6629270780214176,0.661907190209077,0.658847526772055,0.5847272727272728,0.5483636363636364,0.5956363636363636,3,minasbate,low_resource
1115,408,84,5.090686274509804,4.857142857142857,2.200980392156863,19,1.5961538461538463,0.4146981627296588,1.8799019607843137,1.0514705882352942,0.23774509803921567,0.004901960784313725,0.4068627450980392,0.6613885505481121,0.666869671132765,0.6492082825822169,0.6097359735973598,0.551980198019802,0.6006600660066007,3,minasbate,low_resource
1116,450,46,4.4688888888888885,9.782608695652174,1.9777777777777779,8,1.6486486486486487,0.375,1.74,0.9222222222222223,0.17333333333333334,0.0044444444444444444,0.25555555555555554,0.7537168713639302,0.6987718164188752,0.7375565610859729,0.6464646464646465,0.5904499540863177,0.7235996326905417,3,minasbate,low_resource
1117,805,65,4.6347826086956525,12.384615384615385,2.004968944099379,22,1.44,0.3359073359073359,1.763975155279503,0.9204968944099379,0.16149068322981366,0.002484472049689441,0.32919254658385094,0.680013807386952,0.7059026579219883,0.6986537797721781,0.6401350699469368,0.5846599131693199,0.6213217559093102,3,minasbate,low_resource
1118,263,52,4.349809885931559,5.0576923076923075,1.9543726235741445,3,1.7878787878787878,0.3474903474903475,1.7566539923954372,0.9011406844106464,0.12927756653992395,0.0,0.27756653992395436,0.7309007981755986,0.6898517673888256,0.6944127708095781,0.7103109656301145,0.6481178396072013,0.7250409165302782,3,minasbate,low_resource
1119,155,23,4.658064516129032,6.739130434782608,2.1032258064516127,4,1.8666666666666667,0.43790849673202614,1.7548387096774194,0.7548387096774194,0.08387096774193549,0.0,0.36129032258064514,0.7008849557522124,0.7221238938053097,0.720353982300885,0.6772616136919315,0.5819070904645477,0.6332518337408313,1,karay-a,low_resource
1120,87,14,4.425287356321839,6.214285714285714,1.9540229885057472,2,1.2727272727272727,0.4880952380952381,1.5632183908045978,0.7126436781609196,0.08045977011494253,0.0,0.4942528735632184,0.6054421768707483,0.5816326530612245,0.5986394557823129,0.4876847290640394,0.4876847290640394,0.4827586206896552,1,karay-a,low_resource
1121,40,2,4.375,20.0,1.95,0,2.6666666666666665,0.5384615384615384,1.7,0.725,0.05,0.0,0.275,0.7238805970149254,0.7014925373134329,0.664179104477612,0.5161290322580645,0.46236559139784944,0.44086021505376344,1,karay-a,low_resource
1122,138,19,4.5,7.2631578947368425,1.9492753623188406,0,1.2105263157894737,0.28888888888888886,1.5289855072463767,0.8188405797101449,0.08695652173913043,0.0,0.463768115942029,0.7458333333333333,0.7625,0.7604166666666666,0.7728613569321534,0.7404129793510325,0.7492625368731564,1,karay-a,low_resource
1123,174,18,4.103448275862069,9.666666666666666,1.6954022988505748,0,2.2666666666666666,0.367816091954023,1.4482758620689655,0.764367816091954,0.08620689655172414,0.0,0.45977011494252873,0.7185185185185186,0.7240740740740741,0.7222222222222222,0.6793478260869565,0.6086956521739131,0.6684782608695652,1,karay-a,low_resource
1124,240,27,4.6125,8.88888888888889,1.9458333333333333,6,1.391304347826087,0.38396624472573837,1.7166666666666666,0.8583333333333333,0.1125,0.0,0.425,0.777262180974478,0.7621809744779582,0.7842227378190255,0.7374392220421394,0.6677471636952999,0.7423014586709886,1,karay-a,low_resource
1125,71,10,5.211267605633803,7.1,2.23943661971831,1,1.1,0.5571428571428572,2.0140845070422535,0.971830985915493,0.16901408450704225,0.0,0.4788732394366197,0.6308724832214765,0.610738255033557,0.5973154362416108,0.5221238938053098,0.4336283185840708,0.5619469026548672,1,karay-a,low_resource
1126,108,13,3.675925925925926,8.307692307692308,1.5555555555555556,0,1.3846153846153846,0.35185185185185186,1.3055555555555556,0.6851851851851852,0.046296296296296294,0.0,0.32407407407407407,0.726643598615917,0.6816608996539792,0.6539792387543253,0.574585635359116,0.5359116022099447,0.6022099447513812,1,karay-a,low_resource
1127,87,19,4.689655172413793,4.578947368421052,1.9080459770114941,2,1.7272727272727273,0.47674418604651164,1.6781609195402298,0.8160919540229885,0.16091954022988506,0.0,0.4827586206896552,0.6510903426791277,0.6261682242990654,0.6292834890965732,0.6239316239316239,0.5512820512820513,0.5811965811965812,1,karay-a,low_resource
1128,89,13,5.662921348314606,6.846153846153846,2.49438202247191,9,1.9230769230769231,0.4605263157894737,2.2134831460674156,1.0786516853932584,0.19101123595505617,0.011235955056179775,0.4943820224719101,0.6370558375634517,0.631979695431472,0.6243654822335025,0.5985915492957746,0.5422535211267606,0.6056338028169014,1,karay-a,low_resource
1129,254,68,4.681102362204724,3.735294117647059,1.9173228346456692,6,1.4285714285714286,0.329004329004329,1.6496062992125984,0.8307086614173228,0.20078740157480315,0.0,0.5590551181102362,0.6636568848758465,0.6444695259593679,0.6828442437923251,0.6307947019867549,0.6043046357615894,0.6390728476821192,1,karay-a,low_resource
1130,64,10,4.828125,6.4,2.015625,3,0.0,0.5645161290322581,1.671875,0.828125,0.109375,0.0,0.53125,0.8065843621399177,0.7942386831275721,0.7818930041152263,0.7231638418079096,0.6384180790960452,0.6836158192090396,1,karay-a,low_resource
1131,47,9,4.9787234042553195,5.222222222222222,2.148936170212766,0,0.0,0.44680851063829785,1.8085106382978724,0.9148936170212766,0.06382978723404255,0.0,0.5106382978723404,0.6844919786096256,0.7754010695187166,0.7272727272727273,0.7071428571428572,0.6357142857142857,0.7714285714285715,1,karay-a,low_resource
1132,121,13,4.793388429752066,9.307692307692308,1.9586776859504131,2,1.2727272727272727,0.4583333333333333,1.743801652892562,0.9338842975206612,0.14049586776859505,0.0,0.5206611570247934,0.7489082969432315,0.7467248908296943,0.7183406113537117,0.7321428571428571,0.625,0.7738095238095238,1,karay-a,low_resource
1133,124,11,4.790322580645161,11.272727272727273,1.8951612903225807,1,1.2727272727272727,0.47107438016528924,1.717741935483871,1.0,0.22580645161290322,0.0,0.5725806451612904,0.7237687366167024,0.6980728051391863,0.6873661670235546,0.6176470588235294,0.5117647058823529,0.5823529411764706,1,karay-a,low_resource
1134,68,8,4.411764705882353,8.5,1.6029411764705883,0,0.0,0.4461538461538462,1.5294117647058822,0.8529411764705882,0.17647058823529413,0.0,0.6470588235294118,0.6593886462882096,0.6550218340611353,0.62882096069869,0.6012658227848101,0.5822784810126582,0.5253164556962026,1,karay-a,low_resource
1135,48,7,4.333333333333333,6.857142857142857,1.9166666666666667,0,0.0,0.6041666666666666,1.5208333333333333,0.6875,0.0625,0.0,0.3125,0.8125,0.83125,0.8125,0.6607142857142857,0.6339285714285714,0.6607142857142857,1,karay-a,low_resource
1136,105,23,5.152380952380953,4.565217391304348,2.038095238095238,6,1.125,0.5384615384615384,1.8285714285714285,0.9714285714285714,0.14285714285714285,0.0,0.6285714285714286,0.7211981566820277,0.7649769585253456,0.7304147465437788,0.7317073170731707,0.6402439024390244,0.7103658536585366,1,karay-a,low_resource
1137,102,12,4.823529411764706,8.5,1.9509803921568627,1,1.3846153846153846,0.4117647058823529,1.7843137254901962,0.8627450980392157,0.09803921568627451,0.0,0.4117647058823529,0.7282051282051282,0.7102564102564103,0.7589743589743589,0.7013888888888888,0.71875,0.84375,1,karay-a,low_resource
1138,82,19,5.097560975609756,4.315789473684211,1.9390243902439024,1,2.0,0.5925925925925926,1.7682926829268293,1.0731707317073171,0.18292682926829268,0.0,0.5609756097560976,0.6626865671641791,0.6358208955223881,0.6626865671641791,0.6428571428571429,0.5634920634920635,0.6468253968253969,1,karay-a,low_resource
1139,180,34,4.611111111111111,5.294117647058823,1.9111111111111112,2,1.5238095238095237,0.4406779661016949,1.6277777777777778,0.85,0.2111111111111111,0.005555555555555556,0.5,0.633693972179289,0.633693972179289,0.6197836166924265,0.5818965517241379,0.5107758620689655,0.5581896551724138,1,karay-a,low_resource
1140,60,17,5.483333333333333,3.5294117647058822,2.316666666666667,0,1.0588235294117647,0.4666666666666667,1.9333333333333333,0.9833333333333333,0.11666666666666667,0.0,0.48333333333333334,0.6022304832713755,0.6802973977695167,0.6728624535315985,0.6794258373205742,0.5358851674641149,0.6507177033492823,1,karay-a,low_resource
1141,46,12,4.630434782608695,3.8333333333333335,1.826086956521739,1,0.0,0.6444444444444445,1.673913043478261,0.8260869565217391,0.15217391304347827,0.0,0.6521739130434783,0.6746987951807228,0.7409638554216867,0.7228915662650602,0.6302521008403361,0.5882352941176471,0.5966386554621849,1,karay-a,low_resource
1142,93,15,4.548387096774194,6.2,1.924731182795699,0,0.0,0.23655913978494625,1.8387096774193548,0.9032258064516129,0.053763440860215055,0.0,0.2903225806451613,0.7454545454545455,0.6848484848484848,0.7212121212121212,0.6329113924050633,0.5949367088607594,0.6708860759493671,1,karay-a,low_resource
1143,100,9,5.28,11.11111111111111,2.05,2,1.7777777777777777,0.44329896907216493,1.8,1.0,0.28,0.0,0.73,0.6376470588235295,0.6164705882352941,0.6376470588235295,0.5372670807453416,0.4968944099378882,0.577639751552795,1,karay-a,low_resource
1144,97,11,5.051546391752577,8.818181818181818,2.1237113402061856,5,0.0,0.43617021276595747,1.865979381443299,0.9072164948453608,0.16494845360824742,0.0,0.44329896907216493,0.6871794871794872,0.7153846153846154,0.6820512820512821,0.5344827586206896,0.5724137931034483,0.5344827586206896,1,karay-a,low_resource
1145,179,24,4.653631284916201,7.458333333333333,1.9776536312849162,1,1.631578947368421,0.26011560693641617,1.8044692737430168,0.8379888268156425,0.12290502793296089,0.0,0.45251396648044695,0.7160493827160493,0.6944444444444444,0.7175925925925926,0.5982721382289417,0.591792656587473,0.6306695464362851,1,karay-a,low_resource
1146,71,17,5.338028169014085,4.176470588235294,2.1971830985915495,0,0.0,0.4142857142857143,1.8732394366197183,1.0422535211267605,0.11267605633802817,0.0,0.49295774647887325,0.6449511400651465,0.6482084690553745,0.6775244299674267,0.7330508474576272,0.6271186440677966,0.7033898305084746,1,karay-a,low_resource
1147,261,40,4.574712643678161,6.525,1.9386973180076628,5,1.4516129032258065,0.38372093023255816,1.6934865900383143,0.9272030651340997,0.13409961685823754,0.0,0.34099616858237547,0.6913978494623656,0.6903225806451613,0.6763440860215054,0.6831831831831832,0.5255255255255256,0.6561561561561562,1,karay-a,low_resource
1148,79,14,4.544303797468355,5.642857142857143,1.9620253164556962,1,0.0,0.3076923076923077,1.5443037974683544,0.6582278481012658,0.11392405063291139,0.0,0.5443037974683544,0.7634408602150538,0.7168458781362007,0.7311827956989247,0.6834170854271356,0.5577889447236181,0.6180904522613065,1,karay-a,low_resource
1149,112,12,4.642857142857143,9.333333333333334,1.9107142857142858,1,1.9090909090909092,0.5137614678899083,1.6607142857142858,0.8303571428571429,0.1875,0.0,0.5,0.7277227722772277,0.6856435643564357,0.7004950495049505,0.6666666666666666,0.625,0.6527777777777778,1,karay-a,low_resource
1150,110,9,5.081818181818182,12.222222222222221,1.9727272727272727,3,1.7777777777777777,0.4953271028037383,1.8636363636363635,1.1090909090909091,0.17272727272727273,0.0,0.5909090909090909,0.757847533632287,0.7399103139013453,0.7242152466367713,0.6306306306306306,0.6216216216216216,0.6546546546546547,1,karay-a,low_resource
1151,68,12,5.044117647058823,5.666666666666667,2.1029411764705883,2,1.8,0.47692307692307695,2.0,1.1176470588235294,0.27941176470588236,0.0,0.4117647058823529,0.7749077490774908,0.7896678966789668,0.7638376383763837,0.7638190954773869,0.6633165829145728,0.7135678391959799,1,karay-a,low_resource
1152,31,0,3.870967741935484,31.0,1.7096774193548387,0,0.0,0.5806451612903226,1.4838709677419355,0.5161290322580645,0.06451612903225806,0.0,0.45161290322580644,0.6404494382022472,0.6629213483146067,0.6853932584269663,0.5862068965517241,0.603448275862069,0.5862068965517241,1,karay-a,low_resource
1153,52,8,3.826923076923077,6.5,1.5769230769230769,0,0.0,0.3137254901960784,1.3076923076923077,0.7307692307692307,0.0,0.0,0.25,0.7671232876712328,0.6917808219178082,0.7465753424657534,0.6774193548387096,0.6344086021505376,0.7311827956989247,1,karay-a,low_resource
1154,59,9,6.016949152542373,6.555555555555555,2.593220338983051,2,2.4444444444444446,0.4745762711864407,2.3220338983050848,1.1694915254237288,0.1016949152542373,0.0,0.5254237288135594,0.7195945945945946,0.7837837837837838,0.7297297297297297,0.8354430379746836,0.7341772151898734,0.7721518987341772,1,karay-a,low_resource
1155,90,10,3.8,9.0,1.5222222222222221,0,0.0,0.4222222222222222,1.3666666666666667,0.8,0.14444444444444443,0.011111111111111112,0.28888888888888886,0.7420634920634921,0.746031746031746,0.7857142857142857,0.6481481481481481,0.5123456790123457,0.654320987654321,1,karay-a,low_resource
1156,67,12,4.641791044776119,5.583333333333333,2.074626865671642,1,7.0,0.639344262295082,1.671641791044776,0.7313432835820896,0.13432835820895522,0.0,0.31343283582089554,0.6291666666666667,0.6416666666666667,0.6208333333333333,0.6035502958579881,0.5266272189349113,0.621301775147929,1,karay-a,low_resource
1157,45,9,4.488888888888889,5.0,1.8888888888888888,2,0.0,0.6590909090909091,1.3777777777777778,0.6888888888888889,0.08888888888888889,0.0,0.5555555555555556,0.6730769230769231,0.6794871794871795,0.6730769230769231,0.6181818181818182,0.6,0.5636363636363636,1,karay-a,low_resource
1158,94,9,5.212765957446808,10.444444444444445,2.095744680851064,0,0.0,0.44086021505376344,1.946808510638298,1.127659574468085,0.1276595744680851,0.0,0.40425531914893614,0.8354430379746836,0.8177215189873418,0.7645569620253164,0.6833333333333333,0.6933333333333334,0.7,1,karay-a,low_resource
1159,26,8,6.076923076923077,3.25,2.5,2,0.0,0.7083333333333334,2.076923076923077,1.1153846153846154,0.19230769230769232,0.0,0.6538461538461539,0.7461538461538462,0.7384615384615385,0.7538461538461538,0.696078431372549,0.6568627450980392,0.6764705882352942,1,karay-a,low_resource
1160,70,14,4.328571428571428,5.0,2.0,0,0.0,0.4714285714285714,1.6142857142857143,0.5142857142857142,0.014285714285714285,0.0,0.3,0.703862660944206,0.6952789699570815,0.7167381974248928,0.5521472392638037,0.5828220858895705,0.656441717791411,1,karay-a,low_resource
1161,151,20,4.47682119205298,7.55,1.781456953642384,0,1.1,0.3793103448275862,1.5298013245033113,0.8013245033112583,0.12582781456953643,0.0,0.5894039735099338,0.7456647398843931,0.7610789980732178,0.7186897880539499,0.6418732782369146,0.6336088154269972,0.6391184573002755,1,karay-a,low_resource
1162,63,11,4.253968253968254,5.7272727272727275,1.8412698412698412,0,1.0833333333333333,0.5645161290322581,1.619047619047619,0.8412698412698413,0.12698412698412698,0.0,0.38095238095238093,0.6225490196078431,0.6568627450980392,0.6470588235294118,0.45,0.5214285714285715,0.5,1,karay-a,low_resource
1163,71,16,4.774647887323944,4.4375,1.9295774647887325,2,0.0,0.6461538461538462,1.704225352112676,0.9154929577464789,0.15492957746478872,0.0,0.5492957746478874,0.6374045801526718,0.6679389312977099,0.6603053435114504,0.5405405405405406,0.5297297297297298,0.5783783783783784,1,karay-a,low_resource
1164,129,25,4.922480620155039,5.16,1.945736434108527,2,1.5,0.4672131147540984,1.751937984496124,1.124031007751938,0.2558139534883721,0.0,0.5116279069767442,0.6986027944111777,0.6866267465069861,0.6906187624750499,0.5694822888283378,0.5749318801089919,0.5967302452316077,1,karay-a,low_resource
1165,55,9,5.781818181818182,6.111111111111111,2.4,1,1.2222222222222223,0.4897959183673469,1.9090909090909092,0.9090909090909091,0.3090909090909091,0.03636363636363636,0.7454545454545455,0.4708171206225681,0.48249027237354086,0.4785992217898833,0.3826530612244898,0.336734693877551,0.40816326530612246,1,karay-a,low_resource
1166,198,36,4.661616161616162,5.5,1.9545454545454546,1,1.3333333333333333,0.3979591836734694,1.803030303030303,0.9191919191919192,0.15151515151515152,0.0,0.4292929292929293,0.7164591977869986,0.7316735822959889,0.7275242047026279,0.6367112810707457,0.5927342256214149,0.6061185468451242,1,karay-a,low_resource
1167,87,34,5.482758620689655,2.5588235294117645,1.8620689655172413,10,5.0,0.3793103448275862,1.5172413793103448,0.9540229885057471,0.28735632183908044,0.0,0.7816091954022989,0.4461538461538462,0.45897435897435895,0.45897435897435895,0.36633663366336633,0.33663366336633666,0.264026402640264,1,karay-a,low_resource
1168,353,57,4.7733711048158645,6.192982456140351,1.9490084985835694,4,1.5434782608695652,0.45481049562682213,1.7507082152974505,0.9121813031161473,0.1813031161473088,0.0056657223796034,0.546742209631728,0.6717095310136157,0.6747352496217852,0.670196671709531,0.5776850886339937,0.5328467153284672,0.6006256517205423,1,karay-a,low_resource
1169,39,7,5.282051282051282,5.571428571428571,2.0256410256410255,0,0.0,0.43243243243243246,1.9487179487179487,1.0256410256410255,0.23076923076923078,0.0,0.5128205128205128,0.8121212121212121,0.806060606060606,0.8,0.75,0.7580645161290323,0.717741935483871,1,karay-a,low_resource
1170,179,32,4.4972067039106145,5.59375,1.8826815642458101,1,1.1923076923076923,0.3806818181818182,1.670391061452514,0.7988826815642458,0.18435754189944134,0.00558659217877095,0.4301675977653631,0.7415730337078652,0.7560192616372392,0.7271268057784912,0.6938775510204082,0.5941043083900227,0.6938775510204082,1,karay-a,low_resource
1171,75,8,4.586666666666667,9.375,1.96,3,1.7142857142857142,0.5733333333333334,1.6666666666666667,0.8266666666666667,0.12,0.0,0.37333333333333335,0.6617100371747212,0.6356877323420075,0.6282527881040892,0.5721649484536082,0.4948453608247423,0.5412371134020618,1,karay-a,low_resource
1172,46,9,4.956521739130435,5.111111111111111,2.0,0,0.0,0.4090909090909091,1.826086956521739,0.9347826086956522,0.17391304347826086,0.043478260869565216,0.4782608695652174,0.7,0.6777777777777778,0.6555555555555556,0.6818181818181818,0.5378787878787878,0.6515151515151515,1,karay-a,low_resource
1173,87,23,4.528735632183908,3.782608695652174,2.057471264367816,0,1.125,0.4268292682926829,1.8850574712643677,0.9080459770114943,0.11494252873563218,0.0,0.2988505747126437,0.5993377483443708,0.5927152317880795,0.5894039735099338,0.6635514018691588,0.5186915887850467,0.5841121495327103,1,karay-a,low_resource
1174,135,23,4.607407407407408,5.869565217391305,1.962962962962963,3,1.263157894736842,0.5230769230769231,1.8074074074074074,0.9333333333333333,0.14814814814814814,0.0,0.4074074074074074,0.7468879668049793,0.7261410788381742,0.7178423236514523,0.7259475218658892,0.6530612244897959,0.685131195335277,1,karay-a,low_resource
1175,161,12,4.590062111801243,13.416666666666666,1.8633540372670807,3,1.3333333333333333,0.42138364779874216,1.7267080745341614,0.9565217391304348,0.19875776397515527,0.0,0.37267080745341613,0.6545138888888888,0.6458333333333334,0.671875,0.5835351089588378,0.48426150121065376,0.6029055690072639,1,karay-a,low_resource
1176,47,2,4.51063829787234,23.5,1.9574468085106382,2,4.5,0.6739130434782609,1.7234042553191489,0.7659574468085106,0.1702127659574468,0.02127659574468085,0.44680851063829785,0.6158536585365854,0.6585365853658537,0.6219512195121951,0.5086206896551724,0.3879310344827586,0.4827586206896552,1,karay-a,low_resource
1177,54,9,4.462962962962963,6.0,1.8333333333333333,1,1.25,0.6037735849056604,1.4444444444444444,0.7407407407407407,0.05555555555555555,0.0,0.5370370370370371,0.7849462365591398,0.7204301075268817,0.7419354838709677,0.7175572519083969,0.5877862595419847,0.6106870229007634,1,karay-a,low_resource
1178,130,19,4.323076923076923,6.842105263157895,1.8,0,1.105263157894737,0.27906976744186046,1.4538461538461538,0.823076923076923,0.1,0.0,0.4846153846153846,0.728538283062645,0.6890951276102089,0.7169373549883991,0.64,0.5233333333333333,0.6433333333333333,1,karay-a,low_resource
1179,206,27,4.87378640776699,7.62962962962963,2.0097087378640777,4,1.3181818181818181,0.5148514851485149,1.7912621359223302,0.9174757281553398,0.20388349514563106,0.0048543689320388345,0.5533980582524272,0.6876574307304786,0.6889168765743073,0.6700251889168766,0.636986301369863,0.5565068493150684,0.6198630136986302,2,karay-a,low_resource
1180,190,22,4.1421052631578945,8.636363636363637,1.7210526315789474,0,0.0,0.24210526315789474,1.4789473684210526,0.6052631578947368,0.09473684210526316,0.005263157894736842,0.4789473684210526,0.8274706867671692,0.7805695142378559,0.8040201005025126,0.7444717444717445,0.6707616707616708,0.7297297297297297,2,karay-a,low_resource
1181,122,22,4.704918032786885,5.545454545454546,2.0491803278688523,3,1.25,0.5254237288135594,1.7459016393442623,0.8278688524590164,0.13114754098360656,0.0,0.5081967213114754,0.734375,0.7522321428571429,0.7321428571428571,0.7049689440993789,0.6335403726708074,0.6739130434782609,2,karay-a,low_resource
1182,97,17,4.453608247422681,5.705882352941177,1.7938144329896908,0,0.0,0.2087912087912088,1.7216494845360826,0.8762886597938144,0.12371134020618557,0.0,0.5773195876288659,0.5045592705167173,0.44376899696048633,0.5562310030395137,0.6150442477876106,0.5398230088495575,0.5442477876106194,2,karay-a,low_resource
1183,99,12,4.111111111111111,8.25,1.7878787878787878,0,1.4615384615384615,0.36082474226804123,1.595959595959596,0.6666666666666666,0.0707070707070707,0.0,0.32323232323232326,0.6568627450980392,0.6274509803921569,0.6797385620915033,0.6731707317073171,0.551219512195122,0.624390243902439,2,karay-a,low_resource
1184,62,26,5.080645161290323,2.3846153846153846,2.2580645161290325,1,1.75,0.5161290322580645,1.6774193548387097,0.8387096774193549,0.11290322580645161,0.0,0.5645161290322581,0.7509881422924901,0.7628458498023716,0.7035573122529645,0.7486910994764397,0.6492146596858639,0.7172774869109948,2,karay-a,low_resource
1185,401,29,4.698254364089776,13.827586206896552,1.9201995012468829,7,1.3793103448275863,0.34120734908136485,1.71571072319202,0.8354114713216958,0.1571072319201995,0.0,0.5660847880299252,0.7441860465116279,0.7291381668946648,0.7120383036935705,0.7367915465898175,0.6263208453410183,0.6897214217098944,2,karay-a,low_resource
1186,183,31,4.595628415300546,5.903225806451613,1.9453551912568305,3,1.2272727272727273,0.45555555555555555,1.721311475409836,0.819672131147541,0.16393442622950818,0.0,0.4644808743169399,0.6396946564885496,0.6381679389312978,0.6320610687022901,0.5543710021321961,0.5628997867803838,0.5501066098081023,2,karay-a,low_resource
1187,414,65,4.8019323671497585,6.369230769230769,1.9806763285024154,12,1.4634146341463414,0.3759213759213759,1.7342995169082125,0.9468599033816425,0.2028985507246377,0.0,0.5265700483091788,0.7204850031908104,0.7211231652839821,0.7134652201659222,0.7578397212543554,0.5888501742160279,0.6385017421602788,2,karay-a,low_resource
1188,576,100,4.743055555555555,5.76,1.9947916666666667,12,1.775,0.3855855855855856,1.7413194444444444,0.8993055555555556,0.15625,0.0,0.3940972222222222,0.6852459016393443,0.6838407494145199,0.6941451990632318,0.5828460038986355,0.48927875243664715,0.5977907732293697,2,karay-a,low_resource
1189,914,108,4.568927789934355,8.462962962962964,1.87308533916849,21,1.4382022471910112,0.2842696629213483,1.6816192560175054,0.8698030634573304,0.16849015317286653,0.002188183807439825,0.45185995623632386,0.7010500308832612,0.6951822112415071,0.7013588634959852,0.6384180790960452,0.5523685354193829,0.6410256410256411,2,karay-a,low_resource
1190,122,15,5.10655737704918,8.133333333333333,2.0655737704918034,7,1.5333333333333334,0.4628099173553719,1.860655737704918,1.098360655737705,0.1885245901639344,0.0,0.48360655737704916,0.77,0.794,0.768,0.6640211640211641,0.6402116402116402,0.6613756613756614,2,karay-a,low_resource
1191,172,19,5.1686046511627906,9.052631578947368,2.191860465116279,11,1.6666666666666667,0.5723270440251572,1.9709302325581395,1.0116279069767442,0.1511627906976744,0.0,0.42441860465116277,0.6988636363636364,0.6917613636363636,0.6889204545454546,0.6423076923076924,0.6115384615384616,0.6519230769230769,2,karay-a,low_resource
1192,176,34,4.3522727272727275,5.176470588235294,1.7897727272727273,2,1.5,0.47674418604651164,1.5511363636363635,0.8068181818181818,0.16477272727272727,0.0,0.4375,0.6040955631399317,0.6006825938566553,0.5972696245733788,0.44963144963144963,0.4152334152334152,0.44717444717444715,2,karay-a,low_resource
1193,644,80,4.8602484472049685,8.05,2.032608695652174,17,1.3333333333333333,0.3469721767594108,1.8322981366459627,0.906832298136646,0.17080745341614906,0.003105590062111801,0.5031055900621118,0.6893599673868732,0.672645739910314,0.6714227476559315,0.6325267304445695,0.5475520540236354,0.6122678671918964,2,karay-a,low_resource
1194,10,0,4.9,10.0,1.8,1,0.0,0.9,1.7,0.9,0.2,0.0,0.9,0.6666666666666666,0.6666666666666666,0.6666666666666666,0.5172413793103449,0.4827586206896552,0.5862068965517241,2,karay-a,low_resource
1195,257,44,5.023346303501945,5.840909090909091,2.046692607003891,2,1.68,0.4701195219123506,1.8132295719844358,0.9844357976653697,0.25680933852140075,0.0,0.5875486381322957,0.6511175898931001,0.6676384839650146,0.6277939747327502,0.6453715775749674,0.5514993481095176,0.5801825293350718,2,karay-a,low_resource
1196,296,31,5.14527027027027,9.548387096774194,2.125,13,2.769230769230769,0.4731182795698925,1.9087837837837838,1.0168918918918919,0.20270270270270271,0.02364864864864865,0.5472972972972973,0.6388429752066116,0.6247933884297521,0.6289256198347107,0.5351170568561873,0.5183946488294314,0.5273132664437012,2,karay-a,low_resource
1197,181,44,4.629834254143646,4.113636363636363,1.9392265193370166,2,1.2608695652173914,0.49714285714285716,1.701657458563536,0.9558011049723757,0.13812154696132597,0.0055248618784530384,0.4143646408839779,0.7142857142857143,0.7096774193548387,0.7127496159754224,0.709051724137931,0.6293103448275862,0.6637931034482759,2,karay-a,low_resource
1198,287,35,4.846689895470384,8.2,2.076655052264808,10,1.3928571428571428,0.4014336917562724,1.8606271777003485,0.8885017421602788,0.11498257839721254,0.0,0.3832752613240418,0.7052919708029197,0.7217153284671532,0.7217153284671532,0.7116104868913857,0.6379525593008739,0.7191011235955056,2,karay-a,low_resource
1199,82,16,4.560975609756097,5.125,2.0121951219512195,0,1.0833333333333333,0.475,1.5975609756097562,0.8292682926829268,0.13414634146341464,0.0,0.36585365853658536,0.7491408934707904,0.7525773195876289,0.7663230240549829,0.6923076923076923,0.5961538461538461,0.6490384615384616,2,karay-a,low_resource
1200,93,15,5.129032258064516,6.2,2.139784946236559,2,1.2857142857142858,0.5058823529411764,1.978494623655914,1.032258064516129,0.15053763440860216,0.021505376344086023,0.5161290322580645,0.6976127320954907,0.713527851458886,0.7108753315649867,0.6714801444043321,0.6209386281588448,0.6750902527075813,2,karay-a,low_resource
1201,158,21,4.2405063291139244,7.523809523809524,1.8417721518987342,2,1.8,0.45394736842105265,1.5,0.7088607594936709,0.08227848101265822,0.0,0.379746835443038,0.6449704142011834,0.6725838264299803,0.6706114398422091,0.6934097421203438,0.5787965616045845,0.6848137535816619,2,karay-a,low_resource
1202,272,45,4.573529411764706,6.044444444444444,1.9522058823529411,1,1.606060606060606,0.32950191570881227,1.8235294117647058,0.9044117647058824,0.16176470588235295,0.0,0.38235294117647056,0.6871741397288843,0.6412930135557873,0.6538060479666319,0.6275964391691394,0.5667655786350149,0.5816023738872403,2,karay-a,low_resource
1203,10,0,4.4,10.0,1.7,1,0.0,0.9,1.6,0.7,0.1,0.0,0.7,0.6470588235294118,0.6176470588235294,0.6176470588235294,0.5416666666666666,0.5,0.7083333333333334,2,karay-a,low_resource
1204,107,12,4.485981308411215,8.916666666666666,1.897196261682243,0,0.0,0.3644859813084112,1.7289719626168225,0.8411214953271028,0.102803738317757,0.0,0.40186915887850466,0.707774798927614,0.7533512064343163,0.7211796246648794,0.6616541353383458,0.6127819548872181,0.6052631578947368,2,karay-a,low_resource
1205,73,10,4.506849315068493,7.3,2.0547945205479454,3,1.25,0.36619718309859156,1.726027397260274,0.7671232876712328,0.0958904109589041,0.0,0.2602739726027397,0.7244094488188977,0.7204724409448819,0.7401574803149606,0.6722222222222223,0.6111111111111112,0.7555555555555555,2,karay-a,low_resource
1206,169,23,4.715976331360947,7.3478260869565215,1.9763313609467457,2,0.0,0.3392857142857143,1.6863905325443787,0.7810650887573964,0.07100591715976332,0.0,0.4378698224852071,0.6746411483253588,0.6586921850079744,0.6618819776714514,0.5951859956236324,0.5557986870897156,0.6039387308533917,2,karay-a,low_resource
1207,335,46,4.576119402985075,7.282608695652174,1.9343283582089552,4,2.081081081081081,0.24251497005988024,1.6477611940298507,0.844776119402985,0.16716417910447762,0.0029850746268656717,0.4626865671641791,0.5914786967418546,0.5714285714285714,0.5939849624060151,0.5365853658536586,0.4692218350754936,0.5203252032520326,2,karay-a,low_resource
1208,55,18,4.545454545454546,3.0555555555555554,1.9454545454545455,2,1.3,0.7090909090909091,1.7454545454545454,0.9636363636363636,0.10909090909090909,0.0,0.38181818181818183,0.7025641025641025,0.7230769230769231,0.7230769230769231,0.6785714285714286,0.6214285714285714,0.6214285714285714,2,karay-a,low_resource
1209,763,98,4.770642201834862,7.785714285714286,2.011795543905636,20,1.303030303030303,0.340878828229028,1.8099606815203146,0.8964613368283093,0.1651376146788991,0.0,0.43119266055045874,0.7240055826936497,0.7096999302163294,0.7163293789253314,0.6768496420047733,0.5880668257756563,0.6606205250596658,2,karay-a,low_resource
1210,171,33,4.391812865497076,5.181818181818182,1.871345029239766,2,1.25,0.4601226993865031,1.6140350877192982,0.8362573099415205,0.14035087719298245,0.011695906432748537,0.3567251461988304,0.6289198606271778,0.6254355400696864,0.6149825783972126,0.5575,0.485,0.565,2,karay-a,low_resource
1211,526,47,4.745247148288973,11.191489361702128,1.9961977186311788,20,1.5,0.41325536062378165,1.8041825095057034,0.8288973384030418,0.1520912547528517,0.0,0.5228136882129277,0.7248081841432225,0.7406649616368286,0.7248081841432225,0.6600706713780918,0.6120141342756183,0.6720848056537102,3,karay-a,low_resource
1212,145,13,4.558620689655172,11.153846153846153,1.8758620689655172,2,1.4615384615384615,0.4236111111111111,1.5241379310344827,0.903448275862069,0.2,0.0,0.5241379310344828,0.6796116504854369,0.7087378640776699,0.6621359223300971,0.5853658536585366,0.5230352303523035,0.6639566395663956,3,karay-a,low_resource
1213,294,37,4.727891156462585,7.945945945945946,2.057823129251701,4,1.4705882352941178,0.3554006968641115,1.846938775510204,0.935374149659864,0.14285714285714285,0.0,0.3435374149659864,0.7249310027598896,0.7332106715731371,0.702851885924563,0.6543367346938775,0.6364795918367347,0.701530612244898,3,karay-a,low_resource
1214,206,29,4.922330097087379,7.103448275862069,2.0679611650485437,10,1.4615384615384615,0.5510204081632653,1.8495145631067962,0.9660194174757282,0.12135922330097088,0.0,0.4174757281553398,0.7343358395989975,0.7305764411027569,0.731829573934837,0.6701030927835051,0.6116838487972509,0.6649484536082474,3,karay-a,low_resource
1215,683,90,4.790629575402636,7.588888888888889,1.979502196193265,18,1.507936507936508,0.3773006134969325,1.7408491947291362,0.87701317715959,0.22840409956076135,0.004392386530014641,0.5900439238653001,0.684765625,0.6890625,0.67734375,0.6567728008634647,0.5580140313005937,0.5914732865623313,3,karay-a,low_resource
1216,387,51,4.832041343669251,7.588235294117647,2.043927648578811,13,1.35,0.42782152230971127,1.8578811369509043,0.9534883720930233,0.19121447028423771,0.0,0.48320413436692505,0.7183480027081923,0.7244414353419093,0.7325660121868652,0.6764976958525346,0.5870967741935483,0.6571428571428571,3,karay-a,low_resource
1217,484,49,4.603305785123967,9.877551020408163,1.9318181818181819,8,1.2380952380952381,0.3404710920770878,1.7396694214876034,0.8636363636363636,0.16322314049586778,0.002066115702479339,0.4318181818181818,0.7070063694267515,0.7012159814707586,0.7029530978575564,0.6737012987012987,0.588474025974026,0.6241883116883117,3,karay-a,low_resource
1218,632,70,4.507911392405063,9.028571428571428,1.9161392405063291,10,1.6481481481481481,0.33554817275747506,1.6756329113924051,0.8085443037974683,0.125,0.0,0.4477848101265823,0.7466849565614998,0.751257430269776,0.7302240512117055,0.71026814911707,0.6599084368868542,0.6919555264879006,3,karay-a,low_resource
1219,444,54,4.531531531531532,8.222222222222221,1.9436936936936937,9,1.725,0.4059633027522936,1.65990990990991,0.7680180180180181,0.12387387387387387,0.0022522522522522522,0.4099099099099099,0.677336747759283,0.6715749039692702,0.6542893725992317,0.5530575539568345,0.5404676258992805,0.572841726618705,3,karay-a,low_resource
1220,247,61,4.465587044534413,4.049180327868853,1.8218623481781377,4,1.08,0.5102880658436214,1.5263157894736843,0.8380566801619433,0.20242914979757085,0.004048582995951417,0.4817813765182186,0.6983568075117371,0.6889671361502347,0.704225352112676,0.6289517470881864,0.5690515806988353,0.5873544093178037,3,karay-a,low_resource
1221,470,32,4.6617021276595745,14.6875,1.9638297872340424,11,1.78125,0.3665943600867679,1.7468085106382978,0.851063829787234,0.1723404255319149,0.002127659574468085,0.5127659574468085,0.6777583187390543,0.6777583187390543,0.663164039696439,0.6129554655870445,0.5781376518218624,0.6105263157894737,3,karay-a,low_resource
1222,533,53,4.934333958724203,10.056603773584905,2.071294559099437,8,1.9111111111111112,0.3326732673267327,1.8818011257035647,0.9549718574108818,0.20825515947467166,0.001876172607879925,0.4540337711069418,0.7114548090865153,0.6911551474142098,0.7138714354760753,0.6123260437375746,0.5447316103379721,0.5891318754141815,3,karay-a,low_resource
1223,353,33,5.09915014164306,10.696969696969697,2.101983002832861,17,1.5185185185185186,0.4327485380116959,1.9575070821529745,1.0,0.18413597733711048,0.0,0.5014164305949008,0.7123955431754875,0.7200557103064067,0.6949860724233984,0.6713221601489758,0.6424581005586593,0.6852886405959032,3,karay-a,low_resource
1224,709,98,4.8702397743300425,7.23469387755102,1.9464033850493654,24,1.6133333333333333,0.36988304093567254,1.7531734837799717,0.9689703808180536,0.22425952045133993,0.00846262341325811,0.5486600846262342,0.674504041146216,0.674504041146216,0.6664217487141807,0.5987963891675026,0.5356068204613842,0.5732196589769308,3,karay-a,low_resource
1225,317,53,4.589905362776025,5.981132075471698,1.861198738170347,8,1.3142857142857143,0.46794871794871795,1.6593059936908516,0.9274447949526814,0.23974763406940064,0.0,0.5236593059936908,0.7073386383731212,0.7099911582670203,0.7108753315649867,0.6955445544554455,0.5841584158415841,0.6460396039603961,3,karay-a,low_resource
1226,589,54,4.247877758913413,10.907407407407407,1.8064516129032258,9,2.0526315789473686,0.3391304347826087,1.599320882852292,0.7249575551782682,0.08149405772495756,0.0,0.3395585738539898,0.7122567069963177,0.7075223566543924,0.7001578116780641,0.64,0.58,0.6423076923076924,3,karay-a,low_resource
1227,514,46,4.464980544747082,11.173913043478262,1.8910505836575875,6,1.9772727272727273,0.3425742574257426,1.6770428015564203,0.8073929961089494,0.11867704280155641,0.0,0.42412451361867703,0.7476002258610954,0.7634105025409373,0.7295313382269905,0.6837469975980784,0.6349079263410728,0.6565252201761409,3,karay-a,low_resource
1228,385,39,4.571428571428571,9.871794871794872,1.7818181818181817,4,2.2,0.4015748031496063,1.516883116883117,0.9012987012987013,0.17662337662337663,0.0,0.4961038961038961,0.5959153902261123,0.5842450765864332,0.5922684172137126,0.4775967413441955,0.44908350305498984,0.5030549898167006,3,karay-a,low_resource
1229,396,32,4.873737373737374,12.375,1.9368686868686869,7,1.5,0.3756476683937824,1.7398989898989898,0.9722222222222222,0.23232323232323232,0.0025252525252525255,0.6035353535353535,0.7296587926509186,0.7257217847769029,0.7152230971128609,0.6535714285714286,0.5696428571428571,0.6446428571428572,3,karay-a,low_resource
1230,452,63,4.508849557522124,7.174603174603175,1.9004424778761062,8,2.404255319148936,0.363013698630137,1.7345132743362832,0.8827433628318584,0.16592920353982302,0.0022123893805309734,0.4026548672566372,0.7374839537869063,0.7496790757381258,0.7150192554557124,0.6406533575317604,0.5980036297640653,0.6569872958257713,3,karay-a,low_resource
1231,496,75,4.663306451612903,6.613333333333333,1.903225806451613,10,1.206896551724138,0.3510204081632653,1.6108870967741935,0.9314516129032258,0.17943548387096775,0.004032258064516129,0.5241935483870968,0.7068870523415978,0.7305785123966942,0.70633608815427,0.644916540212443,0.5880121396054628,0.6342943854324734,3,karay-a,low_resource
1232,458,46,4.681222707423581,9.956521739130435,1.9519650655021834,10,1.575,0.3967889908256881,1.722707423580786,0.9213973799126638,0.16812227074235808,0.004366812227074236,0.4126637554585153,0.7312086590499098,0.7366205652435358,0.7185808779314492,0.6601859678782755,0.5680473372781065,0.7041420118343196,3,karay-a,low_resource
1233,540,83,4.853703703703704,6.506024096385542,2.0314814814814817,22,1.3333333333333333,0.3793103448275862,1.7962962962962963,0.9185185185185185,0.17222222222222222,0.0,0.4703703703703704,0.671837130392632,0.6665050896752303,0.6737760542898691,0.6292358803986711,0.5780730897009967,0.6272425249169435,3,karay-a,low_resource
1234,345,41,5.130434782608695,8.414634146341463,2.0695652173913044,15,1.6451612903225807,0.41194029850746267,1.863768115942029,1.0115942028985507,0.2318840579710145,0.0,0.6173913043478261,0.7333804809052333,0.7376237623762376,0.7178217821782178,0.6446124763705104,0.6304347826086957,0.6190926275992439,3,karay-a,low_resource
1235,301,24,4.8903654485049834,12.541666666666666,2.0166112956810633,13,1.8,0.4421768707482993,1.8205980066445182,0.9169435215946844,0.22591362126245848,0.006644518272425249,0.5813953488372093,0.6849785407725322,0.6901287553648069,0.6738197424892703,0.6130536130536131,0.5337995337995338,0.5757575757575758,3,karay-a,low_resource
1236,450,31,4.517777777777778,14.516129032258064,1.9533333333333334,17,1.8076923076923077,0.38235294117647056,1.7244444444444444,0.7333333333333333,0.12222222222222222,0.0,0.4622222222222222,0.6727964489537096,0.673430564362714,0.6601141407736208,0.5941123996431757,0.559322033898305,0.5985727029438002,3,karay-a,low_resource
1237,763,73,4.8676277850589775,10.452054794520548,2.0249017038007864,28,2.425,0.38791946308724834,1.7745740498034075,0.8492791612057667,0.17693315858453473,0.03669724770642202,0.5478374836173001,0.7142857142857143,0.724855097170133,0.7084896010910331,0.6416318961520631,0.5957348168752897,0.6624942049142327,3,karay-a,low_resource
1238,753,79,4.758300132802125,9.531645569620252,2.0159362549800797,29,1.4666666666666666,0.30381471389645776,1.7622841965471447,0.8114209827357237,0.13545816733067728,0.0,0.5577689243027888,0.6516934046345811,0.6595365418894831,0.6502673796791444,0.5760709010339734,0.5548990645002462,0.5583456425406204,3,karay-a,low_resource
1239,509,26,5.100196463654224,19.576923076923077,2.0589390962671907,21,1.88,0.4382716049382716,1.8231827111984282,0.9489194499017681,0.23772102161100198,0.003929273084479371,0.6267190569744597,0.6577799321376636,0.6543868153174988,0.6543868153174988,0.6018276762402088,0.5587467362924282,0.5822454308093995,3,karay-a,low_resource
1240,231,24,4.792207792207792,9.625,1.9523809523809523,3,1.588235294117647,0.5132743362831859,1.748917748917749,0.935064935064935,0.17316017316017315,0.0,0.49783549783549785,0.677382319173364,0.6578645235361653,0.6521239954075775,0.6031496062992125,0.5165354330708661,0.6062992125984252,3,karay-a,low_resource
1241,426,49,4.877934272300469,8.693877551020408,1.9812206572769953,10,1.65625,0.38004750593824227,1.7769953051643192,0.9577464788732394,0.18309859154929578,0.0,0.5774647887323944,0.6332726168791742,0.6174863387978142,0.6265938069216758,0.5583881578947368,0.49588815789473684,0.5592105263157895,3,karay-a,low_resource
1242,646,75,4.718266253869969,8.613333333333333,1.9272445820433437,6,1.6379310344827587,0.4181523500810373,1.7461300309597523,0.9226006191950464,0.13777089783281735,0.0,0.4504643962848297,0.7265065318162663,0.7193426042983565,0.7096502317741256,0.6647058823529411,0.5858823529411765,0.6570588235294118,3,karay-a,low_resource
1243,421,59,4.72209026128266,7.135593220338983,2.009501187648456,14,1.5116279069767442,0.3870192307692308,1.812351543942993,0.9026128266033254,0.1330166270783848,0.0023752969121140144,0.40380047505938244,0.7506410256410256,0.7711538461538462,0.7666666666666667,0.7257495590828924,0.644620811287478,0.691358024691358,3,karay-a,low_resource
1244,901,100,5.0299667036625975,9.01,2.130965593784684,24,1.7252747252747254,0.27177700348432055,1.872364039955605,0.9844617092119867,0.1609322974472808,0.0,0.4483906770255272,0.7365636313004734,0.7346143135616819,0.722639933166249,0.6714393368500376,0.6096458176337604,0.6574981160512434,3,karay-a,low_resource
1245,513,64,4.674463937621832,8.015625,1.8830409356725146,5,1.0943396226415094,0.3142292490118577,1.6198830409356726,0.9044834307992202,0.1793372319688109,0.001949317738791423,0.5321637426900585,0.7183173588924388,0.7018104366347178,0.7145899893503728,0.6605301914580265,0.5876288659793815,0.6590574374079529,3,karay-a,low_resource
1246,180,27,4.716666666666667,6.666666666666667,2.05,8,1.3571428571428572,0.5348837209302325,1.7,0.8777777777777778,0.18888888888888888,0.005555555555555556,0.37777777777777777,0.6717095310136157,0.6686838124054463,0.6414523449319214,0.6088794926004228,0.5433403805496829,0.5792811839323467,3,karay-a,low_resource
1247,491,38,4.676171079429735,12.921052631578947,1.9877800407331976,17,2.206896551724138,0.43983402489626555,1.7454175152749491,0.8737270875763747,0.14867617107942974,0.002036659877800407,0.4378818737270876,0.6588628762541806,0.6460423634336678,0.6460423634336678,0.6143740340030912,0.5834621329211747,0.6020092735703245,3,karay-a,low_resource
1248,262,42,5.095419847328245,6.238095238095238,2.2519083969465647,9,1.7857142857142858,0.40384615384615385,1.8969465648854962,0.8778625954198473,0.1984732824427481,0.003816793893129771,0.4541984732824427,0.6190028222013171,0.6349952963311383,0.6067732831608654,0.5486725663716814,0.47281921618204803,0.5259165613147914,3,karay-a,low_resource
1249,521,55,4.652591170825336,9.472727272727273,1.982725527831094,10,1.5,0.4164989939637827,1.7696737044145874,0.8406909788867563,0.14971209213051823,0.0,0.44337811900191937,0.7035657264502395,0.6945183608302289,0.6780202235231506,0.5883233532934131,0.5531437125748503,0.593562874251497,3,karay-a,low_resource
1250,390,41,4.68974358974359,9.512195121951219,1.9871794871794872,9,1.9310344827586208,0.4186666666666667,1.7384615384615385,0.8128205128205128,0.1641025641025641,0.002564102564102564,0.5128205128205128,0.7008426966292135,0.6882022471910112,0.6741573033707865,0.6107843137254902,0.5666666666666667,0.6049019607843137,3,karay-a,low_resource
1251,408,29,4.762254901960785,14.068965517241379,1.9754901960784315,22,1.8888888888888888,0.3944723618090452,1.7303921568627452,0.8063725490196079,0.15441176470588236,0.004901960784313725,0.553921568627451,0.6736566186107471,0.6939711664482306,0.6730013106159896,0.5716862037871957,0.5473399458972047,0.5653742110009017,3,karay-a,low_resource
1252,420,59,4.854761904761904,7.11864406779661,2.0285714285714285,16,1.7222222222222223,0.44525547445255476,1.7738095238095237,0.8833333333333333,0.25476190476190474,0.002380952380952381,0.5523809523809524,0.6159105034182722,0.5935363579863269,0.6047234307022996,0.549831081081081,0.47719594594594594,0.5295608108108109,3,karay-a,low_resource
1253,517,55,4.911025145067698,9.4,2.025145067698259,16,2.324324324324324,0.35700197238658776,1.806576402321083,0.9361702127659575,0.21470019342359767,0.0038684719535783366,0.48549323017408125,0.7415506958250497,0.7122266401590457,0.7251491053677932,0.6630800268997983,0.5891055817081372,0.6657700067249496,3,karay-a,low_resource
1254,377,41,4.901856763925729,9.195121951219512,2.0318302387267906,11,1.8484848484848484,0.396011396011396,1.806366047745358,0.9230769230769231,0.21750663129973474,0.002652519893899204,0.5305039787798409,0.6920943134535368,0.6927877947295423,0.658113730929265,0.6074856046065259,0.5403071017274472,0.5863723608445297,3,karay-a,low_resource
1255,370,38,4.3432432432432435,9.736842105263158,1.8486486486486486,3,1.2777777777777777,0.36464088397790057,1.662162162162162,0.8108108108108109,0.13243243243243244,0.005405405405405406,0.34324324324324323,0.7445077298616761,0.7379983726606998,0.7217249796582588,0.6674500587544065,0.6145710928319624,0.6897767332549941,3,karay-a,low_resource
1256,724,70,4.602209944751381,10.342857142857143,1.8977900552486189,15,1.7307692307692308,0.3547008547008547,1.5441988950276244,0.7458563535911602,0.22099447513812154,0.006906077348066298,0.6284530386740331,0.6152064839830181,0.6009262832883057,0.5908915476649942,0.5342318059299191,0.5067385444743935,0.5148247978436657,3,karay-a,low_resource
1257,208,43,5.168269230769231,4.837209302325581,2.0961538461538463,9,1.3333333333333333,0.39593908629441626,1.9230769230769231,1.1682692307692308,0.3076923076923077,0.009615384615384616,0.6346153846153846,0.6997663551401869,0.6658878504672897,0.6764018691588785,0.5525902668759811,0.47095761381475665,0.521193092621664,3,karay-a,low_resource
1258,432,52,4.789351851851852,8.307692307692308,1.962962962962963,9,1.3333333333333333,0.41784037558685444,1.8009259259259258,0.9189814814814815,0.19212962962962962,0.0,0.46064814814814814,0.683629675045984,0.674432863274065,0.6646229307173513,0.6261525565800503,0.5691533948030176,0.6093880972338642,3,karay-a,low_resource
1259,723,67,4.6846473029045645,10.791044776119403,1.9253112033195021,17,1.7818181818181817,0.28936170212765955,1.7538035961272476,0.8962655601659751,0.18533886583679116,0.0013831258644536654,0.46749654218533887,0.6882086167800453,0.6768707482993197,0.690098261526833,0.6098584163607761,0.5411641321447299,0.6151022548505506,3,karay-a,low_resource
1260,423,69,5.01418439716312,6.130434782608695,2.0260047281323876,0,1.5614035087719298,0.40389294403892945,1.8486997635933806,1.0094562647754137,0.2198581560283688,0.004728132387706856,0.524822695035461,0.6959098992294013,0.6698280972139893,0.6573799644339063,0.6327503974562798,0.5548489666136724,0.6176470588235294,3,karay-a,low_resource
1261,296,31,4.820945945945946,9.548387096774194,2.02027027027027,9,1.32,0.458041958041958,1.7736486486486487,0.8175675675675675,0.16216216216216217,0.013513513513513514,0.5405405405405406,0.7133928571428572,0.6964285714285714,0.7223214285714286,0.6273062730627307,0.5461254612546126,0.6162361623616236,3,karay-a,low_resource
1262,82,8,4.560975609756097,10.25,1.9878048780487805,3,1.75,0.6125,1.7439024390243902,0.9390243902439024,0.10975609756097561,0.0,0.3170731707317073,0.7206896551724138,0.7551724137931034,0.6827586206896552,0.6844660194174758,0.6116504854368932,0.6844660194174758,3,karay-a,low_resource
1263,469,55,4.631130063965885,8.527272727272727,1.9424307036247335,17,1.4705882352941178,0.375,1.7057569296375266,0.8592750533049041,0.1535181236673774,0.0,0.4349680170575693,0.6727594339622641,0.6751179245283019,0.6692216981132075,0.6073770491803279,0.5450819672131147,0.6270491803278688,3,karay-a,low_resource
1264,548,57,5.135036496350365,9.614035087719298,2.133211678832117,19,1.510204081632653,0.39433962264150946,1.927007299270073,0.9616788321167883,0.2208029197080292,0.0072992700729927005,0.5656934306569343,0.6864142538975501,0.6654788418708241,0.6570155902004454,0.5762812872467223,0.5417163289630512,0.5840286054827175,3,karay-a,low_resource
1265,378,64,5.0,5.90625,2.007936507936508,19,1.28,0.40934065934065933,1.7989417989417988,0.9973544973544973,0.18518518518518517,0.0,0.49206349206349204,0.692256341789052,0.6822429906542056,0.6895861148197597,0.604882459312839,0.5253164556962026,0.569620253164557,3,karay-a,low_resource
1266,677,106,4.807976366322009,6.386792452830188,1.9527326440177253,18,1.3295454545454546,0.380517503805175,1.654357459379616,0.8670605612998523,0.17872968980797638,0.008862629246676515,0.5435745937961596,0.6421875,0.64453125,0.6375,0.5805243445692884,0.5548421615837347,0.5890850722311396,3,karay-a,low_resource
1267,327,42,4.513761467889908,7.785714285714286,1.8807339449541285,10,1.6785714285714286,0.4143302180685358,1.614678899082569,0.8440366972477065,0.12538226299694188,0.0030581039755351682,0.42507645259938837,0.6754155730533683,0.673665791776028,0.6640419947506562,0.6428571428571429,0.5603448275862069,0.625615763546798,3,karay-a,low_resource
1268,574,56,5.2125435540069684,10.25,2.202090592334495,34,1.4901960784313726,0.43807763401109057,1.8797909407665505,0.9895470383275261,0.19686411149825783,0.0017421602787456446,0.5818815331010453,0.6718357082984073,0.6634534786253143,0.6466890192791283,0.6186203028603477,0.5558048233314639,0.5872125630959057,3,karay-a,low_resource
1269,359,27,5.022284122562674,13.296296296296296,2.0389972144846795,9,1.6538461538461537,0.3901734104046243,1.7743732590529249,0.9749303621169917,0.17827298050139276,0.0,0.5877437325905293,0.7610062893081762,0.7658979734451432,0.742837176799441,0.7252124645892352,0.6270066100094429,0.6921624173748819,3,karay-a,low_resource
1270,809,63,4.8974042027194065,12.841269841269842,2.0321384425216316,14,1.3877551020408163,0.3333333333333333,1.8133498145859086,0.965389369592089,0.21508034610630408,0.004944375772558714,0.519159456118665,0.6597576530612245,0.6744260204081632,0.657844387755102,0.6075129533678757,0.5354058721934369,0.5889464594127807,3,karay-a,low_resource
1271,743,84,4.557200538358008,8.845238095238095,1.899057873485868,11,1.621212121212121,0.3080110497237569,1.6352624495289367,0.8129205921938089,0.15746971736204576,0.0,0.5020188425302826,0.683047619047619,0.6956190476190476,0.688,0.6495176848874598,0.5509110396570204,0.597534833869239,3,karay-a,low_resource
1272,419,60,4.577565632458234,6.983333333333333,1.9355608591885443,1,1.1875,0.36097560975609755,1.7446300715990453,0.8186157517899761,0.11933174224343675,0.0,0.477326968973747,0.6503355704697986,0.6677852348993288,0.6570469798657718,0.6396989651928504,0.5851364063969896,0.6161806208842897,3,karay-a,low_resource
1273,511,55,4.688845401174168,9.290909090909091,1.9667318982387476,9,1.5555555555555556,0.38716356107660455,1.7632093933463797,0.9080234833659491,0.18395303326810175,0.0,0.4324853228962818,0.7319698600645855,0.721205597416577,0.7158234660925726,0.6394557823129252,0.5767195767195767,0.6303854875283447,3,karay-a,low_resource
1274,272,43,4.345588235294118,6.325581395348837,1.786764705882353,6,1.2121212121212122,0.43820224719101125,1.5514705882352942,0.8014705882352942,0.1801470588235294,0.0,0.4632352941176471,0.6409691629955947,0.6607929515418502,0.6167400881057269,0.5338582677165354,0.49291338582677163,0.5228346456692914,3,karay-a,low_resource
1275,546,59,4.576923076923077,9.254237288135593,1.8754578754578755,9,1.3529411764705883,0.4011090573012939,1.7344322344322345,0.8534798534798534,0.15018315018315018,0.0,0.4468864468864469,0.7206185567010309,0.722680412371134,0.7030927835051546,0.6555716353111433,0.5962373371924746,0.6534008683068018,3,karay-a,low_resource
1276,821,100,4.697929354445797,8.21,2.020706455542022,19,1.5238095238095237,0.33208020050125314,1.8002436053593178,0.8855054811205847,0.17661388550548113,0.0,0.42021924482338613,0.7206370272063702,0.7166556071665561,0.7013934970139349,0.6395027624309392,0.5791896869244936,0.6348987108655617,3,karay-a,low_resource
1277,301,49,4.714285714285714,6.142857142857143,1.9966777408637875,7,1.2,0.4711864406779661,1.813953488372093,0.9235880398671097,0.12956810631229235,0.0,0.4119601328903654,0.7562949640287769,0.7598920863309353,0.7464028776978417,0.7105590062111802,0.6372670807453417,0.7018633540372671,3,karay-a,low_resource
1278,322,35,5.043478260869565,9.2,2.1149068322981366,11,1.5185185185185186,0.40192926045016075,1.8695652173913044,0.906832298136646,0.2111801242236025,0.0,0.531055900621118,0.6942724458204335,0.6857585139318886,0.6818885448916409,0.6272066458982347,0.5545171339563862,0.6334371754932503,3,karay-a,low_resource
1279,335,41,4.811940298507463,8.170731707317072,1.991044776119403,9,1.78125,0.4329268292682927,1.8059701492537314,0.9552238805970149,0.21194029850746268,0.0,0.44776119402985076,0.7606299212598425,0.752755905511811,0.7503937007874015,0.6519396551724138,0.5614224137931034,0.7478448275862069,3,karay-a,low_resource
1280,405,43,4.57037037037037,9.418604651162791,1.9259259259259258,7,1.631578947368421,0.39086294416243655,1.7160493827160495,0.837037037037037,0.14814814814814814,0.0024691358024691358,0.37530864197530867,0.7732962447844228,0.7684283727399166,0.739221140472879,0.7404878048780488,0.6117073170731707,0.68,3,karay-a,low_resource
1281,494,39,4.605263157894737,12.666666666666666,1.937246963562753,21,1.1891891891891893,0.3444676409185804,1.736842105263158,0.8744939271255061,0.1417004048582996,0.0020242914979757085,0.4534412955465587,0.7515563101301641,0.7232597623089984,0.7504244482173175,0.6309148264984227,0.5796529968454258,0.6317034700315457,3,karay-a,low_resource
1282,569,53,4.910369068541301,10.735849056603774,1.9912126537785588,17,1.7674418604651163,0.37294332723948814,1.8295254833040422,0.9191564147627417,0.1757469244288225,0.0035149384885764497,0.5448154657293497,0.675589836660617,0.6787658802177858,0.6519963702359347,0.5901234567901235,0.5030864197530864,0.5753086419753086,3,karay-a,low_resource
1283,545,53,5.011009174311926,10.283018867924529,2.0495412844036696,15,1.8461538461538463,0.3683206106870229,1.8201834862385322,0.9596330275229358,0.2036697247706422,0.0,0.6018348623853211,0.7279445727482678,0.7404157043879908,0.7117782909930715,0.6629213483146067,0.5936329588014981,0.6360799001248439,3,karay-a,low_resource
1284,481,26,4.9002079002079,18.5,2.0415800415800414,24,2.45,0.4326086956521739,1.7505197505197505,0.8045738045738046,0.15176715176715178,0.002079002079002079,0.5945945945945946,0.6163793103448276,0.6163793103448276,0.6012931034482759,0.5301914580265096,0.5,0.5169366715758469,3,karay-a,low_resource
1285,666,45,4.591591591591592,14.8,1.8918918918918919,20,2.088235294117647,0.3984615384615385,1.7282282282282282,0.8828828828828829,0.16816816816816818,0.0045045045045045045,0.45795795795795796,0.6632996632996633,0.6691919191919192,0.6620370370370371,0.5807783018867925,0.5341981132075472,0.5919811320754716,3,karay-a,low_resource
1286,327,60,4.409785932721713,5.45,1.8746177370030581,0,2.1333333333333333,0.2147239263803681,1.7155963302752293,0.9051987767584098,0.1559633027522936,0.0,0.3302752293577982,0.6663677130044843,0.610762331838565,0.6197309417040359,0.5901015228426396,0.4606598984771574,0.5279187817258884,3,karay-a,low_resource
1287,442,63,4.6877828054298645,7.015873015873016,1.9660633484162895,7,1.3421052631578947,0.4088785046728972,1.737556561085973,0.8484162895927602,0.16968325791855204,0.0,0.48642533936651583,0.6806670784434836,0.6485484867201976,0.6609017912291538,0.5974358974358974,0.5307692307692308,0.6162393162393163,3,karay-a,low_resource
1288,246,43,4.788617886178862,5.72093023255814,2.0569105691056913,5,1.4838709677419355,0.4380165289256198,1.8333333333333333,0.975609756097561,0.16666666666666666,0.0,0.4105691056910569,0.7370689655172413,0.7198275862068966,0.7079741379310345,0.6784660766961652,0.6061946902654868,0.6814159292035398,3,karay-a,low_resource
1289,528,50,4.5018939393939394,10.56,1.8484848484848484,3,2.088235294117647,0.2688588007736944,1.678030303030303,0.8882575757575758,0.12878787878787878,0.001893939393939394,0.42992424242424243,0.7067464635473341,0.7067464635473341,0.6789989118607181,0.6728252501924558,0.6004618937644342,0.634334103156274,3,karay-a,low_resource
1290,247,27,4.720647773279352,9.148148148148149,2.08502024291498,8,1.7619047619047619,0.4895397489539749,1.8582995951417005,0.8906882591093117,0.18218623481781376,0.004048582995951417,0.38461538461538464,0.6695938529088913,0.6706915477497256,0.6706915477497256,0.6534954407294833,0.6458966565349544,0.6443768996960486,1,rinconada,low_resource
1291,38,7,4.684210526315789,5.428571428571429,2.026315789473684,2,0.0,0.5263157894736842,1.6578947368421053,0.9736842105263158,0.15789473684210525,0.0,0.3684210526315789,0.5928571428571429,0.6428571428571429,0.6071428571428571,0.5462962962962963,0.6666666666666666,0.46296296296296297,1,rinconada,low_resource
1292,422,45,4.777251184834123,9.377777777777778,2.042654028436019,15,2.0,0.4393203883495146,1.7985781990521328,0.9502369668246445,0.22037914691943128,0.0,0.4549763033175355,0.660770688566014,0.6361339229311433,0.6304485154769425,0.6042735042735042,0.5914529914529915,0.5803418803418804,1,rinconada,low_resource
1293,315,29,5.12063492063492,10.862068965517242,2.193650793650794,6,2.3636363636363638,0.5933333333333334,1.9555555555555555,0.9873015873015873,0.21904761904761905,0.0031746031746031746,0.45396825396825397,0.6430241621200312,0.6601714731098987,0.6539360872954014,0.6095534787123572,0.5970924195223261,0.5742471443406023,1,rinconada,low_resource
1294,256,59,5.078125,4.338983050847458,2.24609375,6,1.1951219512195121,0.49193548387096775,1.9921875,0.94140625,0.1953125,0.0078125,0.41796875,0.638996138996139,0.6341698841698842,0.6148648648648649,0.5773195876288659,0.5644329896907216,0.5154639175257731,1,rinconada,low_resource
1295,369,39,4.712737127371274,9.461538461538462,1.983739837398374,9,2.1379310344827585,0.4111111111111111,1.7506775067750677,0.940379403794038,0.15447154471544716,0.0,0.37398373983739835,0.6169117647058824,0.5977941176470588,0.6110294117647059,0.5955510616784631,0.5975733063700708,0.5813953488372093,1,rinconada,low_resource
1296,541,85,4.639556377079482,6.364705882352941,2.0406654343807764,8,1.8,0.3883677298311445,1.8096118299445472,0.8354898336414048,0.14602587800369685,0.0,0.38817005545286504,0.6140888208269525,0.6324655436447167,0.6125574272588055,0.5886925795053004,0.6268551236749117,0.5731448763250884,1,rinconada,low_resource
1297,36,8,5.777777777777778,4.5,2.8055555555555554,7,0.0,0.4857142857142857,2.5,1.25,0.05555555555555555,0.0,0.19444444444444445,0.7485380116959064,0.7543859649122807,0.783625730994152,0.8285714285714286,0.6928571428571428,0.7428571428571429,1,rinconada,low_resource
1298,63,10,5.111111111111111,6.3,2.111111111111111,0,0.0,0.5932203389830508,2.0634920634920637,1.0,0.2698412698412698,0.0,0.5079365079365079,0.6627450980392157,0.6666666666666666,0.6627450980392157,0.6542553191489362,0.6648936170212766,0.6702127659574468,1,rinconada,low_resource
1299,435,65,4.809195402298851,6.6923076923076925,2.066666666666667,12,1.4318181818181819,0.37825059101654845,1.9172413793103449,0.9241379310344827,0.19540229885057472,0.016091954022988506,0.4528735632183908,0.6263669501822601,0.6354799513973268,0.6190765492102066,0.6227197346600332,0.5729684908789386,0.5439469320066335,1,rinconada,low_resource
1300,107,14,4.700934579439252,7.642857142857143,2.0,1,1.3333333333333333,0.5327102803738317,1.7757009345794392,0.8691588785046729,0.1308411214953271,0.0,0.3644859813084112,0.6767676767676768,0.6818181818181818,0.6919191919191919,0.6494845360824743,0.6701030927835051,0.6529209621993127,1,rinconada,low_resource
1301,173,25,4.641618497109826,6.92,2.0809248554913293,2,1.375,0.5085714285714286,1.7572254335260116,0.7745664739884393,0.13872832369942195,0.0,0.3468208092485549,0.6990445859872612,0.7245222929936306,0.714968152866242,0.7083333333333334,0.625,0.6644736842105263,1,rinconada,low_resource
1302,172,39,4.540697674418604,4.410256410256411,1.994186046511628,5,1.2608695652173914,0.3727810650887574,1.8662790697674418,0.9186046511627907,0.13372093023255813,0.0,0.2558139534883721,0.6204620462046204,0.6402640264026402,0.636963696369637,0.5522041763341067,0.6519721577726219,0.5220417633410673,1,rinconada,low_resource
1303,58,7,4.103448275862069,8.285714285714286,1.8103448275862069,0,0.0,0.45614035087719296,1.5344827586206897,0.8448275862068966,0.10344827586206896,0.0,0.1896551724137931,0.7486033519553073,0.7094972067039106,0.7094972067039106,0.5206611570247934,0.47107438016528924,0.5454545454545454,1,rinconada,low_resource
1304,573,77,4.4258289703315885,7.441558441558442,1.9022687609075044,7,1.411764705882353,0.34767025089605735,1.7225130890052356,0.8673647469458988,0.18324607329842932,0.010471204188481676,0.35776614310645727,0.6454592098512058,0.638276038994356,0.6218573627501283,0.6188046647230321,0.6260932944606414,0.5685131195335277,1,rinconada,low_resource
1305,449,49,4.685968819599109,9.16326530612245,2.0267260579064588,7,1.7692307692307692,0.41723356009070295,1.8797327394209353,0.888641425389755,0.1447661469933185,0.0022271714922048997,0.38084632516703787,0.6692961165048543,0.6692961165048543,0.6535194174757282,0.6342477140482128,0.6076475477971738,0.6134663341645885,1,rinconada,low_resource
1306,183,49,5.5136612021857925,3.7346938775510203,2.278688524590164,5,1.8333333333333333,0.480225988700565,2.0437158469945356,1.1092896174863387,0.34972677595628415,0.0273224043715847,0.6557377049180327,0.6031746031746031,0.6031746031746031,0.6092796092796092,0.4881889763779528,0.5039370078740157,0.4582677165354331,1,rinconada,low_resource
1307,41,7,4.926829268292683,5.857142857142857,2.268292682926829,0,0.0,0.5365853658536586,1.7073170731707317,0.7560975609756098,0.2926829268292683,0.0,0.4634146341463415,0.7515527950310559,0.7639751552795031,0.7515527950310559,0.7416666666666667,0.7833333333333333,0.7833333333333333,1,rinconada,low_resource
1308,139,19,4.028776978417266,7.315789473684211,1.9712230215827338,3,1.2,0.27007299270072993,1.5827338129496402,0.5899280575539568,0.06474820143884892,0.0,0.2158273381294964,0.7279236276849642,0.7589498806682577,0.7422434367541766,0.7348993288590604,0.7684563758389261,0.7953020134228188,1,rinconada,low_resource
1309,393,46,4.544529262086514,8.543478260869565,2.045801526717557,11,1.4545454545454546,0.44072164948453607,1.7989821882951653,0.8524173027989822,0.1628498727735369,0.0,0.3384223918575064,0.6334776334776335,0.6298701298701299,0.6507936507936508,0.625,0.601,0.573,1,rinconada,low_resource
1310,71,10,4.408450704225352,7.1,2.0422535211267605,2,1.2222222222222223,0.7571428571428571,1.6901408450704225,0.8028169014084507,0.04225352112676056,0.0,0.23943661971830985,0.6846473029045643,0.7053941908713693,0.7468879668049793,0.6802325581395349,0.6918604651162791,0.6453488372093024,1,rinconada,low_resource
1311,43,8,3.7674418604651163,5.375,1.813953488372093,0,0.0,0.46511627906976744,1.255813953488372,0.5581395348837209,0.06976744186046512,0.0,0.20930232558139536,0.6386554621848739,0.5714285714285714,0.5630252100840336,0.4578313253012048,0.43373493975903615,0.39759036144578314,1,rinconada,low_resource
1312,208,18,4.6923076923076925,11.555555555555555,2.110576923076923,8,1.6666666666666667,0.5073891625615764,1.8605769230769231,0.8701923076923077,0.12980769230769232,0.0,0.28365384615384615,0.6946264744429882,0.6710353866317169,0.6985583224115334,0.6564195298372514,0.6636528028933092,0.6075949367088608,1,rinconada,low_resource
1313,89,9,5.134831460674158,9.88888888888889,2.146067415730337,0,1.6666666666666667,0.40229885057471265,1.9550561797752808,1.0786516853932584,0.2247191011235955,0.0,0.42696629213483145,0.6092896174863388,0.6256830601092896,0.6092896174863388,0.5418181818181819,0.6327272727272727,0.5418181818181819,1,rinconada,low_resource
1314,46,8,4.673913043478261,5.75,2.152173913043478,4,1.25,0.7608695652173914,1.826086956521739,0.8478260869565217,0.2391304347826087,0.0,0.34782608695652173,0.650887573964497,0.6390532544378699,0.6331360946745562,0.59375,0.625,0.6484375,1,rinconada,low_resource
1315,207,32,4.120772946859903,6.46875,1.7536231884057971,0,1.5789473684210527,0.4213197969543147,1.541062801932367,0.7294685990338164,0.2028985507246377,0.0,0.42028985507246375,0.5871271585557299,0.5934065934065934,0.5855572998430141,0.46588235294117647,0.43529411764705883,0.4329411764705882,1,rinconada,low_resource
1316,57,9,5.912280701754386,6.333333333333333,2.719298245614035,10,0.0,0.3157894736842105,2.43859649122807,1.1929824561403508,0.21052631578947367,0.0,0.3508771929824561,0.7178571428571429,0.7392857142857143,0.7571428571428571,0.7309417040358744,0.7085201793721974,0.6367713004484304,1,rinconada,low_resource
1317,128,16,4.5546875,8.0,2.0546875,1,1.7142857142857142,0.47540983606557374,1.7578125,0.90625,0.1484375,0.0,0.296875,0.6837416481069042,0.6859688195991092,0.643652561247216,0.6561514195583596,0.6624605678233438,0.6498422712933754,1,rinconada,low_resource
1318,266,44,4.827067669172933,6.045454545454546,2.1203007518796992,6,1.3333333333333333,0.4659090909090909,1.9248120300751879,0.943609022556391,0.16541353383458646,0.0,0.38721804511278196,0.5988200589970502,0.6057030481809242,0.5811209439528023,0.5676392572944297,0.5676392572944297,0.5490716180371353,1,rinconada,low_resource
1319,373,39,4.694369973190349,9.564102564102564,2.03485254691689,13,1.7741935483870968,0.48753462603878117,1.737265415549598,0.8364611260053619,0.1769436997319035,0.0,0.4745308310991957,0.6491228070175439,0.6535087719298246,0.6345029239766082,0.5793172690763052,0.5893574297188755,0.5341365461847389,1,rinconada,low_resource
1320,184,35,4.336956521739131,5.257142857142857,1.8804347826086956,1,1.2777777777777777,0.5027322404371585,1.608695652173913,0.7989130434782609,0.16847826086956522,0.0,0.3641304347826087,0.6058631921824105,0.5993485342019544,0.5977198697068404,0.5540229885057472,0.5379310344827586,0.47586206896551725,1,rinconada,low_resource
1321,275,37,4.585454545454546,7.4324324324324325,1.9636363636363636,2,1.6296296296296295,0.3948339483394834,1.7672727272727273,0.9090909090909091,0.21818181818181817,0.0,0.4218181818181818,0.6876907426246185,0.6948118006103764,0.681586978636826,0.6586402266288952,0.6685552407932012,0.660056657223796,1,rinconada,low_resource
1322,175,21,4.062857142857143,8.333333333333334,1.8171428571428572,1,1.0625,0.39655172413793105,1.5771428571428572,0.6857142857142857,0.12571428571428572,0.005714285714285714,0.28,0.594392523364486,0.5869158878504673,0.594392523364486,0.5929919137466307,0.6172506738544474,0.6091644204851752,1,rinconada,low_resource
1323,98,14,4.36734693877551,7.0,1.9081632653061225,2,0.0,0.27058823529411763,1.8265306122448979,0.9285714285714286,0.11224489795918367,0.0,0.15306122448979592,0.6624605678233438,0.580441640378549,0.668769716088328,0.6019417475728155,0.6116504854368932,0.616504854368932,1,rinconada,low_resource
1324,424,60,4.377358490566038,7.066666666666666,2.0141509433962264,9,1.5510204081632653,0.43950617283950616,1.740566037735849,0.7735849056603774,0.13679245283018868,0.0,0.25943396226415094,0.6683309557774608,0.6583452211126961,0.6597717546362339,0.6160164271047228,0.6149897330595483,0.5903490759753593,1,rinconada,low_resource
1325,77,19,4.12987012987013,4.052631578947368,1.8831168831168832,4,0.0,0.4189189189189189,1.4415584415584415,0.7402597402597403,0.12987012987012986,0.0,0.24675324675324675,0.5504201680672269,0.5588235294117647,0.5294117647058824,0.5125,0.51875,0.54375,1,rinconada,low_resource
1326,55,12,5.636363636363637,4.583333333333333,2.418181818181818,0,1.4166666666666667,0.4716981132075472,1.981818181818182,1.0363636363636364,0.2545454545454545,0.01818181818181818,0.5454545454545454,0.6837944664031621,0.6877470355731226,0.6719367588932806,0.700507614213198,0.6954314720812182,0.6802030456852792,1,rinconada,low_resource
1327,178,32,4.567415730337078,5.5625,2.039325842696629,1,1.5625,0.48295454545454547,1.8089887640449438,0.848314606741573,0.14606741573033707,0.0,0.3146067415730337,0.665086887835703,0.6824644549763034,0.6666666666666666,0.5786026200873362,0.6157205240174672,0.5633187772925764,1,rinconada,low_resource
1328,74,11,4.95945945945946,6.7272727272727275,2.108108108108108,3,1.1818181818181819,0.581081081081081,1.837837837837838,0.9864864864864865,0.16216216216216217,0.0,0.4594594594594595,0.6689419795221843,0.6996587030716723,0.7133105802047781,0.6742081447963801,0.6515837104072398,0.6244343891402715,1,rinconada,low_resource
1329,212,67,4.735849056603773,3.1641791044776117,2.0047169811320753,9,1.1428571428571428,0.32524271844660196,1.6745283018867925,0.8207547169811321,0.2688679245283019,0.0,0.5330188679245284,0.5602564102564103,0.5256410256410257,0.5333333333333333,0.553763440860215,0.5304659498207885,0.5304659498207885,1,rinconada,low_resource
1330,186,43,4.220430107526882,4.325581395348837,1.913978494623656,2,1.3125,0.5054945054945055,1.6989247311827957,0.7956989247311828,0.0913978494623656,0.0,0.1989247311827957,0.6100840336134454,0.5697478991596638,0.5831932773109244,0.6078431372549019,0.5833333333333334,0.5367647058823529,1,rinconada,low_resource
1331,231,39,4.5064935064935066,5.923076923076923,2.121212121212121,3,1.4137931034482758,0.39823008849557523,1.8051948051948052,0.8181818181818182,0.19047619047619047,0.0,0.27705627705627706,0.6530359355638166,0.6220570012391574,0.6294919454770755,0.6499133448873483,0.6239168110918544,0.6169844020797227,1,rinconada,low_resource
1332,166,35,4.759036144578313,4.742857142857143,2.0542168674698793,3,1.3571428571428572,0.569620253164557,1.8614457831325302,0.9518072289156626,0.2289156626506024,0.012048192771084338,0.37349397590361444,0.689935064935065,0.6915584415584416,0.6785714285714286,0.6441441441441441,0.6621621621621622,0.6441441441441441,1,rinconada,low_resource
1333,131,24,4.282442748091603,5.458333333333333,1.9312977099236641,0,1.5238095238095237,0.432,1.6259541984732824,0.7938931297709924,0.11450381679389313,0.0,0.29770992366412213,0.65807962529274,0.6416861826697893,0.6159250585480094,0.6033333333333334,0.6766666666666666,0.6066666666666667,1,rinconada,low_resource
1334,94,15,4.117021276595745,6.266666666666667,1.7234042553191489,0,1.0909090909090908,0.3404255319148936,1.5957446808510638,0.7340425531914894,0.06382978723404255,0.0,0.3723404255319149,0.4812286689419795,0.447098976109215,0.5460750853242321,0.5665024630541872,0.5172413793103449,0.4975369458128079,1,rinconada,low_resource
1335,90,11,4.722222222222222,8.181818181818182,2.1555555555555554,1,1.0909090909090908,0.4125,1.788888888888889,0.9222222222222223,0.16666666666666666,0.0,0.3333333333333333,0.6307692307692307,0.6523076923076923,0.6215384615384615,0.510548523206751,0.620253164556962,0.4978902953586498,1,rinconada,low_resource
1336,79,16,4.468354430379747,4.9375,2.0126582278481013,0,1.4,0.5443037974683544,1.6835443037974684,0.7974683544303798,0.12658227848101267,0.0,0.31645569620253167,0.5547445255474452,0.5255474452554745,0.5620437956204379,0.5126903553299492,0.5685279187817259,0.5482233502538071,1,rinconada,low_resource
1337,186,42,4.887096774193548,4.428571428571429,2.161290322580645,8,1.368421052631579,0.5055555555555555,1.978494623655914,0.9516129032258065,0.1989247311827957,0.010752688172043012,0.4731182795698925,0.6262203626220363,0.6220362622036262,0.6220362622036262,0.5207547169811321,0.5452830188679245,0.5113207547169811,1,rinconada,low_resource
1338,95,10,3.642105263157895,9.5,1.631578947368421,0,1.4,0.3473684210526316,1.431578947368421,0.6631578947368421,0.031578947368421054,0.0,0.18947368421052632,0.5816733067729084,0.6135458167330677,0.6454183266932271,0.5897435897435898,0.6346153846153846,0.5961538461538461,1,rinconada,low_resource
1339,58,10,4.741379310344827,5.8,2.189655172413793,1,1.1,0.509090909090909,1.8793103448275863,0.896551724137931,0.13793103448275862,0.0,0.25862068965517243,0.7336448598130841,0.6728971962616822,0.6682242990654206,0.673202614379085,0.6535947712418301,0.6797385620915033,1,rinconada,low_resource
1340,81,11,4.37037037037037,7.363636363636363,1.9382716049382716,1,0.0,0.5375,1.5555555555555556,0.7283950617283951,0.07407407407407407,0.0,0.41975308641975306,0.6727941176470589,0.6323529411764706,0.6213235294117647,0.6282722513089005,0.6230366492146597,0.5916230366492147,1,rinconada,low_resource
1341,150,27,4.42,5.555555555555555,1.92,1,1.625,0.5034013605442177,1.74,0.86,0.16666666666666666,0.006666666666666667,0.36,0.6588235294117647,0.6470588235294118,0.6313725490196078,0.5754189944134078,0.5726256983240223,0.5698324022346368,1,rinconada,low_resource
1342,88,11,4.5227272727272725,8.0,2.0454545454545454,2,1.2,0.4939759036144578,1.7727272727272727,0.6931818181818182,0.11363636363636363,0.0,0.3181818181818182,0.6557377049180327,0.6295081967213115,0.6459016393442623,0.6132075471698113,0.6179245283018868,0.6320754716981132,1,rinconada,low_resource
1343,118,11,4.61864406779661,10.727272727272727,2.0,1,1.2727272727272727,0.47863247863247865,1.7457627118644068,0.940677966101695,0.17796610169491525,0.0,0.3898305084745763,0.7122641509433962,0.7216981132075472,0.7004716981132075,0.7142857142857143,0.6590909090909091,0.7077922077922078,1,rinconada,low_resource
1344,385,35,4.92987012987013,11.0,2.148051948051948,10,1.4,0.4074074074074074,2.0025974025974027,0.9792207792207792,0.15844155844155844,0.0,0.35844155844155845,0.704515272244356,0.6899070385126163,0.701859229747676,0.7132616487455197,0.6827956989247311,0.6953405017921147,1,rinconada,low_resource
1345,237,17,4.6835443037974684,13.941176470588236,2.0042194092827006,2,5.25,0.5738396624472574,1.780590717299578,0.9367088607594937,0.18565400843881857,0.0,0.379746835443038,0.6620847651775487,0.6437571592210768,0.6311569301260023,0.6326530612244898,0.6106750392464678,0.6028257456828885,1,rinconada,low_resource
1346,66,16,5.318181818181818,4.125,2.4696969696969697,15,0.0,0.4461538461538462,2.1818181818181817,1.2575757575757576,0.06060606060606061,0.0,0.12121212121212122,0.7359154929577465,0.6795774647887324,0.7323943661971831,0.7543103448275862,0.7413793103448276,0.7198275862068966,1,rinconada,low_resource
1347,27,3,5.0,9.0,2.1481481481481484,0,0.0,0.6296296296296297,1.8148148148148149,0.8888888888888888,0.07407407407407407,0.0,0.4444444444444444,0.6944444444444444,0.6574074074074074,0.6944444444444444,0.7037037037037037,0.691358024691358,0.6666666666666666,1,rinconada,low_resource
1348,198,20,4.666666666666667,9.9,2.111111111111111,7,1.4705882352941178,0.6082474226804123,1.797979797979798,0.8181818181818182,0.17676767676767677,0.0,0.3838383838383838,0.6343490304709142,0.6218836565096952,0.6232686980609419,0.5654648956356736,0.5256166982922201,0.5218216318785579,1,rinconada,low_resource
1349,51,12,4.509803921568627,4.25,1.7843137254901962,1,1.1818181818181819,0.5294117647058824,1.6666666666666667,0.9607843137254902,0.2549019607843137,0.0,0.5490196078431373,0.6983240223463687,0.7988826815642458,0.7877094972067039,0.7054263565891473,0.7286821705426356,0.6821705426356589,1,rinconada,low_resource
1350,97,9,4.536082474226804,10.777777777777779,1.9896907216494846,2,0.0,0.44565217391304346,1.8350515463917525,0.9690721649484536,0.20618556701030927,0.0,0.26804123711340205,0.7928994082840237,0.7781065088757396,0.742603550295858,0.7208333333333333,0.6666666666666666,0.6833333333333333,1,rinconada,low_resource
1351,70,10,5.042857142857143,7.0,2.1142857142857143,1,0.0,0.5671641791044776,1.8714285714285714,0.8285714285714286,0.2571428571428571,0.0,0.6142857142857143,0.6285714285714286,0.65,0.6464285714285715,0.5528846153846154,0.6201923076923077,0.5865384615384616,1,rinconada,low_resource
1352,54,10,4.203703703703703,5.4,1.8148148148148149,1,1.875,0.5192307692307693,1.6481481481481481,0.6666666666666666,0.16666666666666666,0.0,0.35185185185185186,0.5847953216374269,0.5380116959064327,0.5614035087719298,0.48695652173913045,0.5652173913043478,0.4608695652173913,1,rinconada,low_resource
1353,180,20,5.2,9.0,2.2666666666666666,10,1.5294117647058822,0.47368421052631576,1.9777777777777779,0.8777777777777778,0.1388888888888889,0.0,0.46111111111111114,0.6827309236947792,0.6706827309236948,0.6947791164658634,0.6690391459074733,0.6672597864768683,0.6441281138790036,1,rinconada,low_resource
1354,98,14,4.26530612244898,7.0,1.7959183673469388,2,1.1818181818181819,0.35106382978723405,1.6224489795918366,0.7959183673469388,0.061224489795918366,0.0,0.3163265306122449,0.7341772151898734,0.759493670886076,0.7879746835443038,0.7255813953488373,0.7116279069767442,0.7302325581395349,1,rinconada,low_resource
1355,60,10,4.666666666666667,6.0,2.1666666666666665,10,0.0,0.1,2.0,0.8333333333333334,0.16666666666666666,0.0,0.16666666666666666,0.8636363636363636,0.8181818181818182,0.7727272727272727,0.8125,0.75,0.75,1,rinconada,low_resource
1356,332,32,4.325301204819277,10.375,1.9879518072289157,3,1.9583333333333333,0.43425076452599387,1.7560240963855422,0.8162650602409639,0.06626506024096386,0.0,0.18674698795180722,0.7365542388331814,0.7283500455788514,0.7110300820419325,0.6968503937007874,0.6955380577427821,0.6837270341207349,1,rinconada,low_resource
1357,127,10,4.251968503937008,12.7,1.7716535433070866,9,0.0,0.4094488188976378,1.6377952755905512,0.8346456692913385,0.16535433070866143,0.0,0.4094488188976378,0.6755447941888619,0.6828087167070218,0.6682808716707022,0.6301369863013698,0.6643835616438356,0.5993150684931506,1,rinconada,low_resource
1358,169,20,4.4733727810650885,8.45,2.0118343195266273,1,1.8,0.31547619047619047,1.698224852071006,0.8520710059171598,0.07100591715976332,0.0,0.3136094674556213,0.7504273504273504,0.7692307692307693,0.770940170940171,0.703016241299304,0.654292343387471,0.62877030162413,1,rinconada,low_resource
1359,82,13,4.682926829268292,6.3076923076923075,1.975609756097561,0,1.1666666666666667,0.5897435897435898,1.7804878048780488,0.8780487804878049,0.2073170731707317,0.0,0.4268292682926829,0.6711409395973155,0.6644295302013423,0.6879194630872483,0.6121495327102804,0.6355140186915887,0.5841121495327103,1,rinconada,low_resource
1360,169,15,4.254437869822485,11.266666666666667,1.863905325443787,1,2.25,0.4251497005988024,1.6745562130177514,0.7928994082840237,0.15976331360946747,0.0,0.2958579881656805,0.5900735294117647,0.5882352941176471,0.5477941176470589,0.5741239892183289,0.6091644204851752,0.568733153638814,1,rinconada,low_resource
1361,11,0,3.909090909090909,11.0,1.5454545454545454,1,0.0,0.9090909090909091,1.1818181818181819,0.45454545454545453,0.18181818181818182,0.0,0.6363636363636364,0.75,0.6875,0.71875,0.6666666666666666,0.5238095238095238,0.5714285714285714,1,rinconada,low_resource
1362,61,7,4.19672131147541,8.714285714285714,1.7049180327868851,0,0.0,0.4576271186440678,1.6229508196721312,0.8360655737704918,0.2459016393442623,0.0,0.3770491803278688,0.6580310880829016,0.6735751295336787,0.6217616580310881,0.5615384615384615,0.6615384615384615,0.5923076923076923,1,rinconada,low_resource
1363,423,113,4.309692671394799,3.743362831858407,1.9196217494089836,7,1.3728813559322033,0.3616504854368932,1.673758865248227,0.789598108747045,0.09929078014184398,0.0,0.26004728132387706,0.6796256299496041,0.6673866090712743,0.673866090712743,0.5841170323928945,0.5956112852664577,0.5757575757575758,1,rinconada,low_resource
1364,75,13,3.973333333333333,5.769230769230769,1.8133333333333332,0,0.0,0.4266666666666667,1.44,0.64,0.2,0.02666666666666667,0.38666666666666666,0.6771300448430493,0.5964125560538116,0.6233183856502242,0.5126582278481012,0.4810126582278481,0.5443037974683544,1,rinconada,low_resource
1365,81,20,4.1234567901234565,4.05,1.8641975308641976,0,1.1,0.37037037037037035,1.5185185185185186,0.7530864197530864,0.14814814814814814,0.0,0.19753086419753085,0.7351778656126482,0.7075098814229249,0.6956521739130435,0.6978021978021978,0.5824175824175825,0.6758241758241759,1,rinconada,low_resource
1366,191,15,4.340314136125654,12.733333333333333,1.8167539267015707,2,4.666666666666667,0.28651685393258425,1.6806282722513088,0.7958115183246073,0.21465968586387435,0.0,0.4607329842931937,0.5627980922098569,0.5532591414944356,0.5166931637519873,0.46403712296983757,0.39211136890951276,0.4245939675174014,1,rinconada,low_resource
1367,128,10,4.46875,12.8,1.9453125,0,1.8,0.376,1.796875,0.9140625,0.171875,0.0,0.4140625,0.5895691609977324,0.6575963718820862,0.6757369614512472,0.6387096774193548,0.6290322580645161,0.6129032258064516,1,rinconada,low_resource
1368,133,10,4.503759398496241,13.3,2.007518796992481,2,1.5,0.42105263157894735,1.8045112781954886,0.8120300751879699,0.07518796992481203,0.0,0.2781954887218045,0.7124463519313304,0.6781115879828327,0.7103004291845494,0.6426426426426426,0.6246246246246246,0.5975975975975976,1,rinconada,low_resource
1369,166,20,4.295180722891566,8.3,1.9156626506024097,0,1.1,0.3333333333333333,1.6626506024096386,0.6987951807228916,0.0963855421686747,0.0,0.3493975903614458,0.5966850828729282,0.5985267034990792,0.6187845303867403,0.46419098143236076,0.6551724137931034,0.5225464190981433,1,rinconada,low_resource
1370,65,7,4.569230769230769,9.285714285714286,2.046153846153846,1,1.1428571428571428,0.5076923076923077,1.7692307692307692,0.9538461538461539,0.15384615384615385,0.0,0.16923076923076924,0.7456896551724138,0.7025862068965517,0.7025862068965517,0.6726190476190477,0.7202380952380952,0.6428571428571429,1,rinconada,low_resource
1371,180,32,4.683333333333334,5.625,2.0388888888888888,9,1.4,0.5428571428571428,1.8611111111111112,0.85,0.2111111111111111,0.0,0.3888888888888889,0.6519756838905775,0.6595744680851063,0.6413373860182371,0.6484210526315789,0.6610526315789473,0.5873684210526315,1,rinconada,low_resource
1372,83,16,4.349397590361446,5.1875,1.9518072289156627,1,1.2,0.4939759036144578,1.7710843373493976,0.8192771084337349,0.12048192771084337,0.0,0.21686746987951808,0.5863309352517986,0.6115107913669064,0.5683453237410072,0.6530612244897959,0.5714285714285714,0.5408163265306123,1,rinconada,low_resource
1373,136,25,4.727941176470588,5.44,2.1176470588235294,8,1.2222222222222223,0.5461538461538461,1.8455882352941178,0.8676470588235294,0.19852941176470587,0.0,0.40441176470588236,0.6367265469061876,0.6506986027944112,0.654690618762475,0.6120218579234973,0.5983606557377049,0.5765027322404371,1,rinconada,low_resource
1374,93,15,4.118279569892473,6.2,1.8494623655913978,1,1.2,0.391304347826087,1.6666666666666667,0.6989247311827957,0.0967741935483871,0.0,0.1935483870967742,0.6747404844290658,0.6816608996539792,0.6539792387543253,0.6615384615384615,0.6717948717948717,0.6717948717948717,1,rinconada,low_resource
1375,125,17,4.272,7.352941176470588,1.984,1,1.125,0.5161290322580645,1.704,0.696,0.112,0.0,0.296,0.678921568627451,0.6911764705882353,0.6936274509803921,0.6219081272084805,0.6360424028268551,0.5830388692579506,1,rinconada,low_resource
1376,80,16,4.5125,5.0,2.0875,4,0.0,0.3698630136986301,1.8625,0.9625,0.1,0.0,0.2,0.7116788321167883,0.6313868613138686,0.6788321167883211,0.6615384615384615,0.6666666666666666,0.5384615384615384,1,rinconada,low_resource
1377,61,12,4.491803278688525,5.083333333333333,1.9344262295081966,3,1.1111111111111112,0.3392857142857143,1.5737704918032787,0.6721311475409836,0.08196721311475409,0.0,0.45901639344262296,0.5865384615384616,0.5913461538461539,0.5913461538461539,0.5563380281690141,0.5774647887323944,0.5704225352112676,1,rinconada,low_resource
1378,78,17,4.0256410256410255,4.588235294117647,1.8846153846153846,1,1.5,0.5897435897435898,1.6923076923076923,0.7564102564102564,0.0641025641025641,0.0,0.16666666666666666,0.597457627118644,0.614406779661017,0.538135593220339,0.620253164556962,0.5886075949367089,0.44936708860759494,1,rinconada,low_resource
1379,82,18,4.402439024390244,4.555555555555555,1.9146341463414633,2,1.8,0.5555555555555556,1.6097560975609757,0.7317073170731707,0.10975609756097561,0.0,0.3902439024390244,0.5949820788530465,0.5878136200716846,0.5555555555555556,0.6040609137055838,0.5329949238578681,0.4873096446700508,1,rinconada,low_resource
1380,483,53,4.966873706004141,9.11320754716981,2.1946169772256727,22,1.3488372093023255,0.4282655246252677,1.9420289855072463,0.9109730848861284,0.16977225672877846,0.002070393374741201,0.42650103519668736,0.6373684210526316,0.6305263157894737,0.6347368421052632,0.57416607523066,0.5947480482611781,0.5798438608942512,1,rinconada,low_resource
1381,15,0,4.533333333333333,15.0,1.9333333333333333,1,0.0,0.8666666666666667,1.5333333333333334,0.8,0.2,0.0,0.4666666666666667,0.5849056603773585,0.6415094339622641,0.6037735849056604,0.5128205128205128,0.717948717948718,0.5384615384615384,1,rinconada,low_resource
1382,14,0,4.857142857142857,14.0,2.0714285714285716,1,0.0,0.8571428571428571,1.7142857142857142,0.7142857142857143,0.21428571428571427,0.0,0.6428571428571429,0.5370370370370371,0.6111111111111112,0.5740740740740741,0.475,0.675,0.475,1,rinconada,low_resource
1383,405,50,4.622222222222222,8.1,2.034567901234568,12,1.1555555555555554,0.3880208333333333,1.8839506172839506,0.9135802469135802,0.16049382716049382,0.0024691358024691358,0.31851851851851853,0.7102351313969572,0.6874135546334716,0.6991701244813278,0.6982591876208898,0.7156673114119922,0.7011605415860735,1,rinconada,low_resource
1384,40,9,5.45,4.444444444444445,2.25,6,0.0,0.475,2.125,1.075,0.175,0.05,0.5,0.6741573033707865,0.6741573033707865,0.6292134831460674,0.5797101449275363,0.5797101449275363,0.5579710144927537,1,rinconada,low_resource
1385,396,52,4.547979797979798,7.615384615384615,1.9974747474747474,10,1.5319148936170213,0.4162303664921466,1.8308080808080809,0.8939393939393939,0.14646464646464646,0.0,0.3333333333333333,0.6175413371675054,0.6096333572969087,0.6225736879942487,0.5809716599190283,0.582995951417004,0.5728744939271255,1,rinconada,low_resource
1386,146,23,4.438356164383562,6.3478260869565215,2.041095890410959,2,1.1764705882352942,0.5774647887323944,1.7191780821917808,0.815068493150685,0.0821917808219178,0.0,0.2465753424657534,0.6405622489959839,0.6124497991967871,0.6124497991967871,0.5959885386819485,0.5587392550143266,0.5300859598853869,1,rinconada,low_resource
1387,234,53,4.598290598290598,4.415094339622642,1.935897435897436,6,1.28,0.5244444444444445,1.688034188034188,0.8888888888888888,0.25213675213675213,0.004273504273504274,0.4230769230769231,0.6486810551558753,0.6390887290167866,0.6474820143884892,0.6436974789915967,0.6134453781512605,0.5579831932773109,1,rinconada,low_resource
1388,314,42,4.75796178343949,7.476190476190476,2.121019108280255,9,1.48,0.44983818770226536,1.872611464968153,0.8503184713375797,0.17197452229299362,0.0,0.37898089171974525,0.6221276595744681,0.6170212765957447,0.6272340425531915,0.5675990675990676,0.5582750582750583,0.5885780885780886,1,rinconada,low_resource
1389,241,37,4.518672199170124,6.513513513513513,1.991701244813278,0,1.2424242424242424,0.35269709543568467,1.7468879668049793,0.8879668049792531,0.1037344398340249,0.0,0.2946058091286307,0.7700471698113207,0.7794811320754716,0.7818396226415094,0.7660626029654036,0.729818780889621,0.7495881383855024,1,rinconada,low_resource
1390,151,16,4.357615894039735,9.4375,1.8609271523178808,0,1.1428571428571428,0.4429530201342282,1.5165562913907285,0.7880794701986755,0.19205298013245034,0.0,0.4768211920529801,0.5992063492063492,0.5952380952380952,0.6091269841269841,0.5210084033613446,0.5378151260504201,0.4257703081232493,1,rinconada,low_resource
1391,27,7,5.37037037037037,3.857142857142857,2.3333333333333335,1,0.0,0.76,2.185185185185185,1.0740740740740742,0.3333333333333333,0.0,0.4444444444444444,0.6379310344827587,0.6293103448275862,0.6551724137931034,0.6896551724137931,0.7241379310344828,0.6896551724137931,1,rinconada,low_resource
1392,174,23,4.275862068965517,7.565217391304348,1.9310344827586208,0,2.0,0.3684210526315789,1.735632183908046,0.7701149425287356,0.11494252873563218,0.005747126436781609,0.25287356321839083,0.6649029982363316,0.6631393298059964,0.6631393298059964,0.5525,0.5475,0.5625,1,rinconada,low_resource
1393,119,21,5.084033613445378,5.666666666666667,2.2605042016806722,5,1.105263157894737,0.6283185840707964,2.1092436974789917,1.0,0.13445378151260504,0.0,0.3025210084033613,0.6833333333333333,0.68125,0.65625,0.6554621848739496,0.6246498599439776,0.6050420168067226,1,rinconada,low_resource
1394,126,25,4.825396825396825,5.04,2.015873015873016,2,1.1333333333333333,0.4523809523809524,1.873015873015873,0.9523809523809523,0.1349206349206349,0.0,0.3888888888888889,0.7199170124481328,0.7800829875518672,0.7240663900414938,0.7584269662921348,0.800561797752809,0.6432584269662921,1,rinconada,low_resource
1395,37,6,5.162162162162162,6.166666666666667,2.2162162162162162,3,0.0,0.8055555555555556,1.972972972972973,1.027027027027027,0.24324324324324326,0.0,0.43243243243243246,0.6209150326797386,0.6013071895424836,0.6209150326797386,0.5478260869565217,0.43478260869565216,0.48695652173913045,1,rinconada,low_resource
1396,307,51,4.543973941368078,6.019607843137255,1.9674267100977199,5,1.4102564102564104,0.37333333333333335,1.726384364820847,0.8403908794788274,0.18566775244299674,0.006514657980456026,0.39087947882736157,0.6546296296296297,0.6555555555555556,0.625,0.5987012987012987,0.5701298701298702,0.5896103896103896,1,rinconada,low_resource
1397,145,19,4.937931034482759,7.631578947368421,2.1379310344827585,9,0.0,0.4326241134751773,1.8344827586206895,1.013793103448276,0.21379310344827587,0.0,0.4689655172413793,0.6878306878306878,0.708994708994709,0.7125220458553791,0.7465116279069768,0.7534883720930232,0.7302325581395349,1,rinconada,low_resource
1398,102,16,4.4411764705882355,6.375,1.9509803921568627,1,0.0,0.21212121212121213,1.8627450980392157,0.6666666666666666,0.11764705882352941,0.0,0.4117647058823529,0.5287356321839081,0.4511494252873563,0.5833333333333334,0.5185185185185185,0.5432098765432098,0.5349794238683128,1,rinconada,low_resource
1399,57,8,6.421052631578948,7.125,2.982456140350877,14,2.5,0.5555555555555556,2.526315789473684,1.4035087719298245,0.21052631578947367,0.0,0.3508771929824561,0.7156862745098039,0.7581699346405228,0.7745098039215687,0.758893280632411,0.7747035573122529,0.6996047430830039,1,rinconada,low_resource
1400,216,34,4.5,6.352941176470588,1.9768518518518519,4,1.35,0.5432692307692307,1.6851851851851851,0.8101851851851852,0.14351851851851852,0.0,0.36574074074074076,0.6381842456608812,0.6248331108144193,0.6421895861148198,0.6119402985074627,0.6138059701492538,0.5876865671641791,1,rinconada,low_resource
1401,99,23,4.404040404040404,4.304347826086956,2.1313131313131315,1,1.2,0.5360824742268041,1.6868686868686869,0.7070707070707071,0.1111111111111111,0.020202020202020204,0.24242424242424243,0.5589123867069486,0.5468277945619335,0.5830815709969789,0.4805194805194805,0.5238095238095238,0.39826839826839827,1,rinconada,low_resource
1402,79,10,4.341772151898734,7.9,1.9113924050632911,1,1.2,0.4868421052631579,1.759493670886076,0.759493670886076,0.08860759493670886,0.0,0.35443037974683544,0.6436781609195402,0.6628352490421456,0.6015325670498084,0.6298342541436464,0.6298342541436464,0.6077348066298343,1,rinconada,low_resource
1403,54,12,4.037037037037037,4.5,1.8703703703703705,1,0.0,0.6666666666666666,1.5185185185185186,0.6666666666666666,0.09259259259259259,0.0,0.24074074074074073,0.6585365853658537,0.676829268292683,0.6402439024390244,0.6756756756756757,0.6396396396396397,0.5675675675675675,1,rinconada,low_resource
1404,438,63,4.7465753424657535,6.9523809523809526,2.0913242009132422,7,1.3191489361702127,0.41843971631205673,1.82648401826484,0.8744292237442922,0.1963470319634703,0.0,0.3995433789954338,0.6389913899138991,0.6236162361623616,0.6254612546125461,0.5803722504230119,0.5617597292724196,0.5439932318104906,2,rinconada,low_resource
1405,698,88,4.941260744985673,7.931818181818182,2.1189111747851004,23,1.53125,0.42074074074074075,1.9097421203438396,0.9713467048710601,0.22349570200573066,0.008595988538681949,0.4799426934097421,0.6494505494505495,0.6347985347985348,0.6413919413919414,0.5979228486646885,0.5964391691394659,0.5731948565776459,2,rinconada,low_resource
1406,181,22,4.071823204419889,8.227272727272727,1.7900552486187846,0,0.0,0.26519337016574585,1.4640883977900552,0.6574585635359116,0.19889502762430938,0.0,0.39779005524861877,0.7571942446043165,0.75,0.7410071942446043,0.6372795969773299,0.6045340050377834,0.5768261964735516,2,rinconada,low_resource
1407,104,15,5.269230769230769,6.933333333333334,2.3461538461538463,7,1.4666666666666666,0.5825242718446602,2.0865384615384617,1.1346153846153846,0.2403846153846154,0.0,0.38461538461538464,0.7155756207674944,0.6749435665914221,0.6952595936794582,0.6803519061583577,0.6920821114369502,0.6598240469208211,2,rinconada,low_resource
1408,569,62,4.442882249560633,9.17741935483871,1.9578207381370827,6,1.489795918367347,0.3628158844765343,1.6748681898066784,0.81195079086116,0.13005272407732865,0.0017574692442882249,0.30579964850615116,0.7129629629629629,0.6882716049382716,0.7098765432098766,0.6267450404114622,0.6179279941219692,0.6605437178545187,2,rinconada,low_resource
1409,453,53,4.792494481236203,8.547169811320755,2.1147902869757176,14,1.4489795918367347,0.41797752808988764,1.8454746136865343,0.9580573951434879,0.2251655629139073,0.0,0.3620309050772627,0.687170474516696,0.7018160515524312,0.6719390743995314,0.6724683544303798,0.6590189873417721,0.6352848101265823,2,rinconada,low_resource
1410,725,115,4.627586206896551,6.304347826086956,2.0289655172413794,17,1.576271186440678,0.3592644978783593,1.8275862068965518,0.8841379310344828,0.16275862068965516,0.0,0.32275862068965516,0.673320537428023,0.6648752399232246,0.6633397312859884,0.6049973418394471,0.5784157363104732,0.5874534821903243,2,rinconada,low_resource
1411,807,90,4.671623296158612,8.966666666666667,2.0830235439900866,26,1.2727272727272727,0.34102564102564104,1.8711276332094176,0.8847583643122676,0.15861214374225527,0.0,0.3184634448574969,0.6948228882833788,0.6866485013623979,0.6822207084468664,0.6666666666666666,0.6473634651600754,0.6431261770244822,2,rinconada,low_resource
1412,476,64,4.531512605042017,7.4375,2.0315126050420167,14,1.5319148936170213,0.4270386266094421,1.7584033613445378,0.8277310924369747,0.15756302521008403,0.0021008403361344537,0.3172268907563025,0.6381578947368421,0.632177033492823,0.5944976076555024,0.5945273631840796,0.5862354892205639,0.5240464344941956,2,rinconada,low_resource
1413,657,71,4.523592085235921,9.253521126760564,1.9817351598173516,12,1.6721311475409837,0.3192488262910798,1.8158295281582952,0.8858447488584474,0.1689497716894977,0.0045662100456621,0.30441400304414,0.6301131418624891,0.6231505657093125,0.6331592689295039,0.576427255985267,0.6052793124616329,0.576427255985267,2,rinconada,low_resource
1414,558,80,4.598566308243727,6.975,2.0519713261648747,8,1.3384615384615384,0.3812154696132597,1.8279569892473118,0.8548387096774194,0.15949820788530467,0.0,0.32974910394265233,0.6710130391173521,0.6504513540621866,0.6664994984954865,0.628133704735376,0.6176880222841226,0.6114206128133705,2,rinconada,low_resource
1415,476,31,4.668067226890757,15.35483870967742,2.05672268907563,12,1.6774193548387097,0.35033259423503327,1.8676470588235294,0.8529411764705882,0.11134453781512606,0.004201680672268907,0.3487394957983193,0.6612434631028472,0.6717024985473562,0.6600813480534573,0.6699186991869919,0.6723577235772358,0.6308943089430894,2,rinconada,low_resource
1416,241,54,4.365145228215767,4.462962962962963,1.8132780082987552,3,1.2333333333333334,0.4449152542372881,1.5518672199170125,0.7095435684647303,0.15767634854771784,0.008298755186721992,0.46887966804979253,0.5824039653035935,0.5526641883519207,0.5625774473358116,0.5271453590192644,0.4746059544658494,0.5569176882661997,2,rinconada,low_resource
1417,466,110,4.424892703862661,4.236363636363636,2.0,7,1.2950819672131149,0.4266666666666667,1.701716738197425,0.796137339055794,0.18025751072961374,0.004291845493562232,0.3497854077253219,0.6344086021505376,0.6135357368753953,0.6078431372549019,0.631858407079646,0.6141592920353982,0.5539823008849557,2,rinconada,low_resource
1418,699,68,4.80829756795422,10.279411764705882,2.1130185979971388,25,1.3770491803278688,0.4,1.848354792560801,0.8798283261802575,0.18741058655221746,0.004291845493562232,0.40486409155937053,0.6520257478227944,0.6648996592199924,0.6455887921241954,0.637396694214876,0.6317148760330579,0.6167355371900827,2,rinconada,low_resource
1419,455,61,5.054945054945055,7.459016393442623,2.1362637362637362,19,1.7380952380952381,0.4413793103448276,1.9362637362637363,0.9626373626373627,0.23956043956043957,0.0,0.4967032967032967,0.6167763157894737,0.6118421052631579,0.6255482456140351,0.5823529411764706,0.5830882352941177,0.5419117647058823,2,rinconada,low_resource
1420,101,9,4.712871287128713,11.222222222222221,2.00990099009901,1,0.0,0.42391304347826086,1.7920792079207921,0.9405940594059405,0.1188118811881188,0.0,0.38613861386138615,0.6557377049180327,0.6420765027322405,0.6502732240437158,0.5968992248062015,0.6666666666666666,0.6550387596899225,2,rinconada,low_resource
1421,191,41,4.492146596858639,4.658536585365853,1.9790575916230366,2,1.2258064516129032,0.5027624309392266,1.7172774869109948,0.8481675392670157,0.1518324607329843,0.005235602094240838,0.35602094240837695,0.60790273556231,0.5942249240121581,0.6276595744680851,0.6190476190476191,0.6190476190476191,0.564935064935065,2,rinconada,low_resource
1422,495,63,4.575757575757576,7.857142857142857,2.036363636363636,7,2.511111111111111,0.3949579831932773,1.7818181818181817,0.8828282828282829,0.1494949494949495,0.0,0.3515151515151515,0.7149425287356321,0.7224137931034482,0.7,0.6567524115755627,0.6422829581993569,0.6430868167202572,2,rinconada,low_resource
1423,67,22,5.164179104477612,3.0454545454545454,2.4477611940298507,13,1.875,0.46153846153846156,2.0597014925373136,1.1343283582089552,0.11940298507462686,0.014925373134328358,0.22388059701492538,0.7111913357400722,0.6967509025270758,0.6967509025270758,0.7027027027027027,0.7162162162162162,0.7522522522522522,2,rinconada,low_resource
1424,661,92,4.726172465960666,7.184782608695652,1.9561270801815431,16,1.467741935483871,0.3210445468509985,1.7428139183055975,0.9288956127080181,0.2329803328290469,0.0030257186081694403,0.4689863842662632,0.657562168772931,0.6432939258051366,0.651039543416225,0.5594837261503928,0.5370370370370371,0.5881032547699214,2,rinconada,low_resource
1425,124,25,4.661290322580645,4.96,2.0806451612903225,2,1.4444444444444444,0.3790322580645161,1.8709677419354838,0.8951612903225806,0.12903225806451613,0.0,0.25,0.7158590308370044,0.73568281938326,0.73568281938326,0.6746268656716418,0.6656716417910448,0.6985074626865672,2,rinconada,low_resource
1426,463,46,4.695464362850972,10.065217391304348,2.08207343412527,14,1.4,0.4100877192982456,1.8509719222462202,0.8488120950323974,0.15550755939524838,0.004319654427645789,0.3952483801295896,0.6255868544600939,0.6015258215962441,0.6396713615023474,0.6081730769230769,0.6001602564102564,0.594551282051282,2,rinconada,low_resource
1427,615,61,4.907317073170732,10.081967213114755,2.1447154471544714,34,1.6603773584905661,0.40640809443507586,1.9300813008130082,0.9398373983739837,0.1772357723577236,0.0,0.383739837398374,0.6595208070617906,0.6359815048339639,0.6473308112652375,0.6171067738231917,0.6199770378874856,0.6050516647531573,2,rinconada,low_resource
1428,158,26,4.639240506329114,6.076923076923077,2.0569620253164556,5,1.625,0.4722222222222222,1.7974683544303798,0.8544303797468354,0.189873417721519,0.0,0.33544303797468356,0.6857142857142857,0.6910714285714286,0.6589285714285714,0.599483204134367,0.6253229974160207,0.5426356589147286,2,rinconada,low_resource
1429,377,45,5.031830238726791,8.377777777777778,2.212201591511936,13,1.4102564102564104,0.46195652173913043,1.9920424403183024,1.0026525198938991,0.22546419098143236,0.002652519893899204,0.38726790450928383,0.6679920477137177,0.6600397614314115,0.6746189529489728,0.6323268206039077,0.6074600355239786,0.61101243339254,2,rinconada,low_resource
1430,77,19,5.142857142857143,4.052631578947368,2.311688311688312,10,1.2105263157894737,0.4675324675324675,2.064935064935065,1.2467532467532467,0.14285714285714285,0.0,0.24675324675324675,0.6081504702194357,0.5956112852664577,0.4890282131661442,0.556420233463035,0.5058365758754864,0.5214007782101168,2,rinconada,low_resource
1431,100,10,4.04,10.0,1.81,1,1.7272727272727273,0.4421052631578947,1.68,0.72,0.11,0.0,0.3,0.6421404682274248,0.6755852842809364,0.6622073578595318,0.6185567010309279,0.6030927835051546,0.5773195876288659,2,rinconada,low_resource
1432,840,85,4.621428571428571,9.882352941176471,2.0547619047619046,16,1.6507936507936507,0.31143552311435524,1.813095238095238,0.8595238095238096,0.16904761904761906,0.0035714285714285713,0.3333333333333333,0.677792465300727,0.6665565102445472,0.6470588235294118,0.6344480073293632,0.6106275767292716,0.6161245991754466,2,rinconada,low_resource
1433,619,60,4.747980613893376,10.316666666666666,2.050080775444265,18,1.4528301886792452,0.3777038269550749,1.875605815831987,0.8901453957996769,0.17124394184168013,0.0,0.4184168012924071,0.6426400347372991,0.6387320885801129,0.6378636561007381,0.6252969121140143,0.586104513064133,0.5967933491686461,2,rinconada,low_resource
1434,702,87,4.786324786324786,8.068965517241379,2.1481481481481484,24,1.3287671232876712,0.380466472303207,1.8632478632478633,0.8404558404558404,0.12535612535612536,0.0,0.3717948717948718,0.655420773313116,0.6527672479150872,0.6561789234268385,0.6353246753246753,0.6218181818181818,0.6477922077922078,2,rinconada,low_resource
1435,224,31,4.428571428571429,7.225806451612903,1.9821428571428572,6,1.3846153846153846,0.5116279069767442,1.6607142857142858,0.75,0.12053571428571429,0.0,0.32142857142857145,0.689064558629776,0.6653491436100132,0.6745718050065876,0.6446124763705104,0.6691871455576559,0.6086956521739131,2,rinconada,low_resource
1436,203,17,4.729064039408867,11.941176470588236,2.1379310344827585,9,1.8,0.5257731958762887,1.8423645320197044,0.9113300492610837,0.18226600985221675,0.0,0.2955665024630542,0.6925133689839572,0.6617647058823529,0.696524064171123,0.640074211502783,0.614100185528757,0.7087198515769945,2,rinconada,low_resource
1437,190,29,4.726315789473684,6.551724137931035,2.0105263157894737,6,1.1071428571428572,0.5454545454545454,1.7947368421052632,0.9473684210526315,0.18421052631578946,0.0,0.43157894736842106,0.699290780141844,0.6851063829787234,0.6964539007092199,0.6961538461538461,0.6692307692307692,0.65,2,rinconada,low_resource
1438,973,103,4.621788283658788,9.446601941747574,1.9825282631038026,24,1.5060240963855422,0.31663113006396587,1.7985611510791366,0.8663926002055499,0.17163412127440905,0.0010277492291880781,0.3658787255909558,0.6569217540842648,0.6520492977930639,0.6411579249068501,0.6105557776889244,0.5973610555777689,0.5889644142343062,2,rinconada,low_resource
1439,133,13,4.601503759398496,10.23076923076923,2.0150375939849625,4,1.5384615384615385,0.4296875,1.7067669172932332,0.8947368421052632,0.24812030075187969,0.0,0.40601503759398494,0.679324894514768,0.6645569620253164,0.6413502109704642,0.5431034482758621,0.5919540229885057,0.5517241379310345,3,rinconada,low_resource
1440,613,85,4.773246329526917,7.211764705882353,2.1174551386623164,26,1.3389830508474576,0.40298507462686567,1.8238172920065252,0.835236541598695,0.16639477977161501,0.0,0.4469820554649266,0.5891003460207612,0.5908304498269896,0.6012110726643599,0.530338389731622,0.5752625437572929,0.5081680280046674,3,rinconada,low_resource
1441,305,29,4.701639344262295,10.517241379310345,2.0491803278688523,11,1.3461538461538463,0.4808362369337979,1.839344262295082,0.8557377049180328,0.16721311475409836,0.003278688524590164,0.36065573770491804,0.6196043165467626,0.6573741007194245,0.6178057553956835,0.5545796737766625,0.6248431618569636,0.5156838143036386,3,rinconada,low_resource
1442,289,21,4.743944636678201,13.761904761904763,2.0622837370242215,6,1.736842105263158,0.5331010452961672,1.8754325259515572,0.9204152249134948,0.14878892733564014,0.0034602076124567475,0.35986159169550175,0.687037037037037,0.687962962962963,0.6722222222222223,0.6456494325346784,0.6254728877679697,0.6292559899117276,3,rinconada,low_resource
1443,1244,101,4.590032154340836,12.316831683168317,2.04983922829582,29,2.593220338983051,0.29252259654889073,1.777331189710611,0.8094855305466238,0.15032154340836013,0.001607717041800643,0.3327974276527331,0.6876971608832808,0.6739522307345651,0.6710229833258224,0.6543248288736777,0.642190416925949,0.6132545115121344,3,rinconada,low_resource
1444,493,44,4.622718052738337,11.204545454545455,2.0101419878296145,23,1.7777777777777777,0.463768115942029,1.7545638945233266,0.821501014198783,0.1724137931034483,0.0,0.4077079107505071,0.6015756893640968,0.6055149127743388,0.5841305571187394,0.5660672400312744,0.5684128225175918,0.5301016419077405,3,rinconada,low_resource
1445,462,52,4.792207792207792,8.884615384615385,2.0844155844155843,10,1.6341463414634145,0.41629955947136565,1.9393939393939394,0.961038961038961,0.1471861471861472,0.006493506493506494,0.36363636363636365,0.6662844036697247,0.6519495412844036,0.6473623853211009,0.677115987460815,0.6355799373040752,0.5924764890282131,3,rinconada,low_resource
1446,705,109,4.499290780141844,6.467889908256881,1.9971631205673759,7,1.6785714285714286,0.34502923976608185,1.7687943262411348,0.8624113475177305,0.12624113475177304,0.00425531914893617,0.2822695035460993,0.6543008560945781,0.6718304117407257,0.6738687321646963,0.6500283607487237,0.6698808848553602,0.5933068633011912,3,rinconada,low_resource
1447,307,39,4.944625407166124,7.871794871794871,2.1563517915309447,6,1.4137931034482758,0.52,1.9348534201954397,0.9413680781758957,0.22149837133550487,0.0,0.4006514657980456,0.6453488372093024,0.6187707641196013,0.6104651162790697,0.5923852183650616,0.5778275475923852,0.5666293393057111,3,rinconada,low_resource
1448,305,65,4.242622950819672,4.6923076923076925,1.8688524590163935,2,1.4782608695652173,0.21782178217821782,1.5836065573770493,0.7934426229508197,0.22950819672131148,0.0,0.36065573770491804,0.6149949341438703,0.6190476190476191,0.6261398176291794,0.6623931623931624,0.6282051282051282,0.5470085470085471,3,rinconada,low_resource
1449,106,18,4.622641509433962,5.888888888888889,2.0660377358490565,0,1.1428571428571428,0.6442307692307693,1.830188679245283,0.8018867924528302,0.1320754716981132,0.0,0.36792452830188677,0.7284595300261096,0.7127937336814621,0.7154046997389034,0.6441281138790036,0.6298932384341637,0.6512455516014235,3,rinconada,low_resource
1450,499,44,5.002004008016032,11.340909090909092,2.1683366733466936,19,1.8918918918918919,0.44654088050314467,1.937875751503006,0.9539078156312625,0.1903807615230461,0.012024048096192385,0.3927855711422846,0.6781550937658388,0.6705524581855044,0.6796756208819057,0.6643882433356118,0.6384142173615858,0.6233766233766234,3,rinconada,low_resource
1451,252,36,4.4523809523809526,7.0,2.0436507936507935,4,1.4375,0.3805668016194332,1.8015873015873016,0.75,0.1388888888888889,0.0,0.2619047619047619,0.5551684088269454,0.5900116144018583,0.5528455284552846,0.5346534653465347,0.5792079207920792,0.5214521452145214,3,rinconada,low_resource
1452,398,53,5.090452261306533,7.509433962264151,2.2311557788944723,23,1.2765957446808511,0.4108527131782946,2.022613065326633,0.957286432160804,0.13316582914572864,0.002512562814070352,0.3442211055276382,0.6376004947433519,0.6703772418058133,0.6338899196042053,0.6138613861386139,0.6427392739273927,0.6311881188118812,3,rinconada,low_resource
1453,355,44,4.847887323943662,8.068181818181818,2.123943661971831,11,1.2857142857142858,0.456973293768546,1.9014084507042253,1.0028169014084507,0.2084507042253521,0.0,0.36056338028169016,0.6433308769344142,0.6263817243920413,0.6190125276344879,0.6170634920634921,0.6081349206349206,0.6160714285714286,3,rinconada,low_resource
1454,367,44,4.356948228882834,8.340909090909092,1.9509536784741144,6,1.5,0.4297752808988764,1.7111716621253406,0.8092643051771117,0.13896457765667575,0.0027247956403269754,0.3106267029972752,0.7027027027027027,0.683046683046683,0.7084357084357085,0.6741176470588235,0.6552941176470588,0.6458823529411765,3,rinconada,low_resource
1455,274,28,4.912408759124087,9.785714285714286,2.124087591240876,7,1.5833333333333333,0.48507462686567165,1.8503649635036497,0.9306569343065694,0.2116788321167883,0.029197080291970802,0.44525547445255476,0.5883458646616542,0.5864661654135338,0.5874060150375939,0.5253807106598984,0.567258883248731,0.5266497461928934,3,rinconada,low_resource
1456,343,27,4.705539358600583,12.703703703703704,2.043731778425656,12,1.5925925925925926,0.3560371517027864,1.7084548104956268,0.8483965014577259,0.15160349854227406,0.0,0.42857142857142855,0.6442845723421263,0.6778577138289369,0.662669864108713,0.6391061452513966,0.646927374301676,0.6011173184357542,3,rinconada,low_resource
1457,478,72,4.859832635983263,6.638888888888889,2.1841004184100417,20,1.3015873015873016,0.3252212389380531,1.9456066945606694,0.9497907949790795,0.12343096234309624,0.0,0.2719665271966527,0.6804407713498623,0.6958677685950413,0.6859504132231405,0.6643990929705216,0.6848072562358276,0.6424792139077853,3,rinconada,low_resource
1458,363,68,4.537190082644628,5.338235294117647,1.9283746556473829,10,1.5789473684210527,0.40336134453781514,1.6887052341597797,0.8484848484848485,0.23415977961432508,0.0027548209366391185,0.43526170798898073,0.6737089201877934,0.6737089201877934,0.6674491392801252,0.6666666666666666,0.6524122807017544,0.6414473684210527,3,rinconada,low_resource
1459,1129,74,4.8813108945969885,15.256756756756756,2.1302037201062887,50,1.6129032258064515,0.3333333333333333,1.8476527900797166,0.9326837909654562,0.22763507528786536,0.002657218777679362,0.48095659875996455,0.6613051470588235,0.6799172794117647,0.6647518382352942,0.6640122511485452,0.6324655436447167,0.6098009188361408,3,rinconada,low_resource
1460,492,70,5.0060975609756095,7.0285714285714285,2.207317073170732,26,1.5476190476190477,0.474025974025974,1.8780487804878048,0.926829268292683,0.18699186991869918,0.0,0.4410569105691057,0.6959215281362933,0.6773360867320599,0.6701084150748581,0.6442105263157895,0.608421052631579,0.5943859649122807,3,rinconada,low_resource
1461,438,33,4.655251141552512,13.272727272727273,2.0433789954337898,13,1.2352941176470589,0.34507042253521125,1.8356164383561644,0.8904109589041096,0.1643835616438356,0.0,0.365296803652968,0.6847073631214601,0.645689112649465,0.6740088105726872,0.6623376623376623,0.6372294372294373,0.6424242424242425,3,rinconada,low_resource
1462,221,40,4.538461538461538,5.525,2.004524886877828,3,1.3225806451612903,0.42452830188679247,1.751131221719457,0.8280542986425339,0.18099547511312217,0.0,0.3574660633484163,0.7068741893644618,0.7003891050583657,0.6459143968871596,0.7032374100719424,0.6079136690647482,0.6223021582733813,3,rinconada,low_resource
1463,473,54,4.505285412262157,8.75925925925926,1.970401691331924,3,1.475,0.4080338266384778,1.7906976744186047,0.8477801268498943,0.18604651162790697,0.0021141649048625794,0.37420718816067655,0.644927536231884,0.6479468599033816,0.6346618357487923,0.5903716216216216,0.6452702702702703,0.5988175675675675,3,rinconada,low_resource
1464,547,57,4.848263254113346,9.596491228070175,2.104204753199269,11,1.4509803921568627,0.44571428571428573,1.906764168190128,0.9341864716636198,0.17915904936014626,0.0,0.36745886654478976,0.699951992318771,0.6941910705712914,0.6874699951992319,0.6335526315789474,0.625,0.6210526315789474,3,rinconada,low_resource
1465,525,99,4.447619047619048,5.303030303030303,1.9676190476190476,18,1.5344827586206897,0.3942307692307692,1.6876190476190476,0.8438095238095238,0.14095238095238094,0.0,0.33714285714285713,0.6745987825124515,0.6640841173215274,0.646928610957388,0.6425269645608629,0.6409861325115562,0.6209553158705701,3,rinconada,low_resource
1466,448,24,5.089285714285714,18.666666666666668,2.1875,25,2.0,0.45601851851851855,1.9665178571428572,1.0022321428571428,0.16294642857142858,0.0,0.46651785714285715,0.6303030303030303,0.6203856749311295,0.6396694214876033,0.5959153902261123,0.6061269146608315,0.5754923413566739,3,rinconada,low_resource
1467,408,46,4.678921568627451,8.869565217391305,2.0441176470588234,6,1.5897435897435896,0.41959798994974873,1.8235294117647058,0.8480392156862745,0.1715686274509804,0.0024509803921568627,0.3897058823529412,0.6910187667560321,0.6776139410187667,0.6890080428954424,0.6428571428571429,0.6428571428571429,0.6261595547309833,3,rinconada,low_resource
1468,523,88,4.55640535372849,5.943181818181818,2.0152963671128106,16,1.4150943396226414,0.3969171483622351,1.8221797323135756,0.8011472275334608,0.1682600382409178,0.0,0.3365200764818356,0.5980498374864572,0.5861321776814734,0.5866738894907909,0.5508345978755691,0.5493171471927162,0.5402124430955993,3,rinconada,low_resource
1469,758,79,4.62664907651715,9.594936708860759,2.0263852242744065,11,2.979591836734694,0.16666666666666666,1.787598944591029,0.9010554089709762,0.15567282321899736,0.0,0.3245382585751979,0.6862170087976539,0.6495601173020528,0.6418621700879765,0.6673458991339786,0.6220071319409067,0.6250636780438105,3,rinconada,low_resource
1470,466,45,4.630901287553648,10.355555555555556,2.070815450643777,5,2.0277777777777777,0.4267241379310345,1.8004291845493563,0.8648068669527897,0.15665236051502146,0.0,0.31759656652360513,0.6863905325443787,0.665680473372781,0.6828402366863905,0.5998376623376623,0.5746753246753247,0.5673701298701299,3,rinconada,low_resource
1471,456,35,4.857456140350878,13.028571428571428,2.1535087719298245,16,1.9090909090909092,0.42342342342342343,1.9385964912280702,0.9210526315789473,0.14473684210526316,0.0,0.375,0.6216370921579851,0.6422438465941614,0.6336576989124213,0.608424336973479,0.5982839313572543,0.5733229329173167,3,rinconada,low_resource
1472,678,57,4.505899705014749,11.894736842105264,1.9823008849557522,10,1.7857142857142858,0.42920353982300885,1.7787610619469028,0.8466076696165191,0.1696165191740413,0.0058997050147492625,0.3421828908554572,0.678030303030303,0.6574074074074074,0.6662457912457912,0.6430246189917936,0.6354044548651817,0.5890973036342321,3,rinconada,low_resource
1473,451,29,5.015521064301552,15.551724137931034,2.190687361419069,26,1.5172413793103448,0.4943820224719101,1.9201773835920177,0.9246119733924612,0.2328159645232816,0.0066518847006651885,0.43458980044345896,0.6204986149584487,0.6204986149584487,0.6210526315789474,0.584491587417703,0.5954645208485735,0.5632772494513534,3,rinconada,low_resource
1474,322,35,4.767080745341615,9.2,2.0434782608695654,11,1.3103448275862069,0.38263665594855306,1.860248447204969,0.9565217391304348,0.2360248447204969,0.0,0.40372670807453415,0.6663900414937759,0.6879668049792531,0.6398340248962655,0.6104783599088838,0.6594533029612756,0.5546697038724373,3,rinconada,low_resource
1475,467,40,5.072805139186295,11.675,2.107066381156317,12,1.3636363636363635,0.42857142857142855,1.8715203426124196,1.0149892933618843,0.27194860813704497,0.004282655246252677,0.5396145610278372,0.691820580474934,0.6633245382585752,0.6569920844327177,0.6657303370786517,0.6355337078651685,0.6278089887640449,3,rinconada,low_resource
1476,461,56,4.520607375271149,8.232142857142858,2.067245119305857,10,1.625,0.4260089686098655,1.8134490238611713,0.806941431670282,0.10629067245119306,0.0,0.279826464208243,0.7110973341599504,0.7241165530068195,0.7203967761934283,0.675392670157068,0.6745200698080279,0.650087260034904,3,rinconada,low_resource
1477,169,19,5.0828402366863905,8.894736842105264,2.2189349112426036,2,1.5833333333333333,0.6167664670658682,1.9881656804733727,1.0,0.17159763313609466,0.0,0.378698224852071,0.6627906976744186,0.6584302325581395,0.6671511627906976,0.5788461538461539,0.5942307692307692,0.5826923076923077,3,rinconada,low_resource
1478,333,60,4.633633633633633,5.55,2.078078078078078,4,1.7142857142857142,0.3385579937304075,1.7927927927927927,0.8888888888888888,0.1831831831831832,0.0,0.3183183183183183,0.6577405857740586,0.6577405857740586,0.6535564853556486,0.6595995288574794,0.6819787985865724,0.6584216725559482,3,rinconada,low_resource
1479,434,45,4.433179723502304,9.644444444444444,1.9907834101382489,8,2.0,0.31542056074766356,1.6935483870967742,0.8317972350230415,0.12903225806451613,0.0,0.33410138248847926,0.6558922558922559,0.6531986531986532,0.6262626262626263,0.7034220532319392,0.6967680608365019,0.629277566539924,3,rinconada,low_resource
