book_title,word_count,sentence_count,phrase_count_per_sentence,average_word_len,average_sentence_len,average_syllable_count,polysyll_count,consonant_cluster_density,v_density,cv_density,vc_density,cvc_density,vcc_density,cvcc_density,ccvc_density,ccv_density,ccvcc_density,ccvccc_density,tagalog_bigram_sim,bikol_bigram_sim,cebuano_bigram_sim,tagalog_trigram_sim,bikol_trigram_sim,cebuano_trigam_sim,grade_level
tag_l1_000,30,6,0.0,3.6,5.0,1.7,0,0.2,1.7,1.5,0.9,0.6,0.2,0.0,0.0,0.0,0.0,0.0,0.9230769230769231,0.7948717948717948,0.8205128205128205,0.8125,0.4791666666666667,0.75,1
tag_l1_001,151,22,1.6,4.920529801324503,6.863636363636363,2.1390728476821192,3,0.44370860927152317,2.1390728476821192,1.8079470198675496,1.4569536423841059,0.8675496688741722,0.3443708609271523,0.2781456953642384,0.11920529801324503,0.2185430463576159,0.033112582781456956,0.0,0.7381756756756757,0.7297297297297297,0.7280405405405406,0.7891156462585034,0.6326530612244898,0.6689342403628118,1
tag_l1_002,194,23,1.3043478260869565,5.360824742268041,8.434782608695652,2.2989690721649483,14,0.5154639175257731,2.2989690721649483,1.902061855670103,1.7628865979381443,0.9175257731958762,0.36597938144329895,0.25773195876288657,0.12371134020618557,0.211340206185567,0.015463917525773196,0.0,0.749400479616307,0.7242206235011991,0.7386091127098321,0.8022151898734177,0.6455696202531646,0.6629746835443038,1
tag_l1_003,178,15,1.4,5.196629213483146,11.866666666666667,2.146067415730337,11,0.5168539325842697,2.146067415730337,1.848314606741573,1.702247191011236,0.9325842696629213,0.38764044943820225,0.3089887640449438,0.14606741573033707,0.21910112359550563,0.011235955056179775,0.0,0.7506702412868632,0.7144772117962467,0.7117962466487936,0.7574692442882249,0.616871704745167,0.6115992970123023,1
tag_l1_004,228,21,1.4761904761904763,4.793859649122807,10.857142857142858,2.017543859649123,7,0.38596491228070173,2.017543859649123,1.763157894736842,1.5833333333333333,0.9035087719298246,0.32894736842105265,0.2631578947368421,0.10964912280701754,0.16228070175438597,0.013157894736842105,0.0,0.7389277389277389,0.7132867132867133,0.6841491841491841,0.7792,0.6272,0.6768,1
tag_l1_005,80,21,0.0,3.725,3.8095238095238093,1.875,0,0.2375,1.875,1.2875,1.0625,0.45,0.1875,0.05,0.05,0.1,0.0,0.0,0.8194444444444444,0.8287037037037037,0.8055555555555556,0.7835820895522388,0.6865671641791045,0.746268656716418,1
tag_l1_006,42,6,1.3333333333333333,5.071428571428571,7.0,2.1666666666666665,2,0.4523809523809524,2.1666666666666665,1.880952380952381,1.6428571428571428,0.9285714285714286,0.40476190476190477,0.35714285714285715,0.14285714285714285,0.19047619047619047,0.047619047619047616,0.0,0.7941176470588235,0.7411764705882353,0.788235294117647,0.905511811023622,0.7480314960629921,0.7874015748031497,1
tag_l1_007,72,10,1.2,4.736111111111111,7.2,2.0277777777777777,3,0.5694444444444444,2.0277777777777777,1.5694444444444444,1.5,0.8194444444444444,0.4861111111111111,0.2916666666666667,0.16666666666666666,0.2916666666666667,0.08333333333333333,0.0,0.7620817843866171,0.7286245353159851,0.7286245353159851,0.7208121827411168,0.6345177664974619,0.6649746192893401,1
tag_l1_008,69,8,1.125,4.405797101449275,8.625,1.8115942028985508,1,0.5507246376811594,1.8115942028985508,1.4202898550724639,1.3768115942028984,0.7536231884057971,0.4057971014492754,0.2318840579710145,0.13043478260869565,0.2463768115942029,0.057971014492753624,0.0,0.8042553191489362,0.774468085106383,0.8212765957446808,0.8012048192771084,0.6987951807228916,0.6927710843373494,1
tag_l1_009,136,21,1.1111111111111112,4.419117647058823,6.476190476190476,1.9852941176470589,4,0.3602941176470588,1.9852941176470589,1.6029411764705883,1.4044117647058822,0.7058823529411765,0.2867647058823529,0.15441176470588236,0.0661764705882353,0.1323529411764706,0.014705882352941176,0.0,0.7741935483870968,0.7354838709677419,0.7526881720430108,0.8601823708206687,0.6474164133738601,0.6778115501519757,1
tag_l1_010,67,18,1.2222222222222223,4.044776119402985,3.7222222222222223,1.7611940298507462,0,0.29850746268656714,1.7611940298507462,1.4776119402985075,1.1492537313432836,0.6865671641791045,0.26865671641791045,0.11940298507462686,0.08955223880597014,0.13432835820895522,0.0,0.0,0.6764705882352942,0.6519607843137255,0.6617647058823529,0.5774647887323944,0.5352112676056338,0.5492957746478874,1
tag_l1_011,40,5,0.0,4.45,8.0,1.9,0,0.25,1.9,1.575,1.55,0.875,0.175,0.15,0.075,0.075,0.0,0.0,0.7956204379562044,0.7737226277372263,0.7591240875912408,0.78125,0.59375,0.7395833333333334,1
tag_l1_012,95,11,1.0909090909090908,5.252631578947368,8.636363636363637,2.1789473684210527,4,0.5263157894736842,2.1789473684210527,1.8842105263157896,1.7578947368421052,1.0105263157894737,0.4421052631578947,0.3157894736842105,0.16842105263157894,0.25263157894736843,0.05263157894736842,0.0,0.7935323383084577,0.7487562189054726,0.753731343283582,0.8721311475409836,0.6852459016393443,0.7114754098360656,1
tag_l1_013,246,40,1.2857142857142858,5.134146341463414,6.15,2.138211382113821,10,0.4634146341463415,2.138211382113821,1.934959349593496,1.670731707317073,1.0447154471544715,0.4105691056910569,0.3333333333333333,0.17886178861788618,0.21951219512195122,0.012195121951219513,0.0,0.7724137931034483,0.7182266009852217,0.7369458128078817,0.8220779220779221,0.6454545454545455,0.6844155844155844,1
tag_l1_014,122,9,1.4444444444444444,5.278688524590164,13.555555555555555,2.1639344262295084,9,0.5327868852459017,2.1639344262295084,1.8360655737704918,1.7459016393442623,0.9344262295081968,0.3770491803278688,0.319672131147541,0.18032786885245902,0.22131147540983606,0.01639344262295082,0.0,0.7269230769230769,0.698076923076923,0.6884615384615385,0.7437185929648241,0.6206030150753769,0.6005025125628141,1
tag_l1_015,91,20,1.4444444444444444,3.769230769230769,4.55,1.6263736263736264,0,0.25274725274725274,1.6263736263736264,1.3516483516483517,1.065934065934066,0.6703296703296703,0.1978021978021978,0.12087912087912088,0.07692307692307693,0.10989010989010989,0.01098901098901099,0.01098901098901099,0.6031746031746031,0.5873015873015873,0.6031746031746031,0.5783132530120482,0.536144578313253,0.4759036144578313,1
tag_l1_016,265,34,1.2333333333333334,4.720754716981132,7.794117647058823,1.9433962264150944,6,0.4075471698113208,1.9433962264150944,1.7169811320754718,1.5547169811320756,0.9283018867924528,0.33962264150943394,0.24528301886792453,0.12452830188679245,0.16226415094339622,0.01509433962264151,0.0,0.8042596348884381,0.7718052738336714,0.7768762677484787,0.8502080443828016,0.6879334257975035,0.7350901525658807,1
tag_l1_017,268,39,1.3333333333333333,4.641791044776119,6.871794871794871,1.873134328358209,4,0.48134328358208955,1.873134328358209,1.6753731343283582,1.4365671641791045,0.8805970149253731,0.3880597014925373,0.332089552238806,0.1455223880597015,0.1865671641791045,0.0,0.0,0.8073770491803278,0.7612704918032787,0.8012295081967213,0.8361344537815126,0.7072829131652661,0.7408963585434174,1
tag_l1_018,214,22,1.3333333333333333,5.009345794392523,9.727272727272727,2.060747663551402,10,0.5186915887850467,2.060747663551402,1.7289719626168225,1.658878504672897,0.9205607476635514,0.4532710280373832,0.29906542056074764,0.18691588785046728,0.2570093457943925,0.06542056074766354,0.004672897196261682,0.7641509433962265,0.7110849056603774,0.7334905660377359,0.8112324492979719,0.6708268330733229,0.6989079563182528,1
tag_l1_019,241,31,1.5517241379310345,4.912863070539419,7.774193548387097,2.0497925311203318,6,0.5269709543568465,2.0497925311203318,1.7136929460580912,1.5726141078838174,0.8547717842323651,0.4107883817427386,0.2863070539419087,0.11203319502074689,0.27385892116182575,0.029045643153526972,0.0,0.7281449893390192,0.6865671641791045,0.697228144989339,0.7402597402597403,0.5670995670995671,0.6075036075036075,1
tag_l1_020,437,51,1.4047619047619047,5.247139588100686,8.568627450980392,2.125858123569794,18,0.5881006864988558,2.125858123569794,1.919908466819222,1.6453089244851258,0.9816933638443935,0.4645308924485126,0.3340961098398169,0.2128146453089245,0.2951945080091533,0.06178489702517163,0.0,0.7166035694970254,0.6857760951865873,0.69118442401298,0.7480482611781405,0.6011355571327183,0.6110716820440029,1
tag_l1_021,270,19,1.6666666666666667,4.788888888888889,14.210526315789474,1.9777777777777779,8,0.45555555555555555,1.9777777777777779,1.7222222222222223,1.5333333333333334,0.8962962962962963,0.3592592592592593,0.25925925925925924,0.15185185185185185,0.21851851851851853,0.044444444444444446,0.0,0.793743890518084,0.7575757575757576,0.7634408602150538,0.8183023872679045,0.656498673740053,0.6750663129973474,1
tag_l1_022,228,34,1.4285714285714286,5.197368421052632,6.705882352941177,2.162280701754386,9,0.47368421052631576,2.162280701754386,1.9429824561403508,1.7280701754385965,1.0087719298245614,0.3815789473684211,0.2675438596491228,0.15350877192982457,0.25,0.03508771929824561,0.0,0.8109243697478992,0.792016806722689,0.7815126050420168,0.8347222222222223,0.7083333333333334,0.7166666666666667,1
tag_l1_023,96,8,1.4285714285714286,4.635416666666667,12.0,1.9479166666666667,0,0.4479166666666667,1.9479166666666667,1.6875,1.4479166666666667,0.8541666666666666,0.34375,0.25,0.125,0.16666666666666666,0.03125,0.0,0.8218390804597702,0.7557471264367817,0.7701149425287356,0.8446215139442231,0.6932270916334662,0.7091633466135459,1
tag_l1_024,128,13,1.3333333333333333,4.5625,9.846153846153847,1.90625,0,0.4609375,1.90625,1.625,1.421875,0.8828125,0.375,0.2421875,0.1328125,0.1640625,0.0546875,0.0,0.7472527472527473,0.7208791208791209,0.7230769230769231,0.7699386503067485,0.5797546012269938,0.6288343558282209,1
tag_l1_025,266,27,1.2222222222222223,4.879699248120301,9.851851851851851,2.045112781954887,13,0.5225563909774437,2.045112781954887,1.7105263157894737,1.5338345864661653,0.868421052631579,0.41729323308270677,0.3233082706766917,0.13157894736842105,0.24060150375939848,0.018796992481203006,0.0,0.7541302235179786,0.7016520894071915,0.7103984450923226,0.7483617300131061,0.6068152031454783,0.6500655307994757,1
tag_l1_026,386,43,1.2222222222222223,4.8782383419689115,8.976744186046512,2.0595854922279795,14,0.4896373056994819,2.0595854922279795,1.7642487046632125,1.5259067357512954,0.8678756476683938,0.38860103626943004,0.28756476683937826,0.11398963730569948,0.21761658031088082,0.04145077720207254,0.0025906735751295338,0.7726967047747142,0.7020847343644923,0.7404169468728985,0.7902930402930403,0.6510989010989011,0.673992673992674,1
tag_l1_027,193,26,1.173913043478261,5.357512953367876,7.423076923076923,2.2124352331606216,15,0.6424870466321243,2.2124352331606216,1.8652849740932642,1.7564766839378239,0.9533678756476683,0.5233160621761658,0.35751295336787564,0.16062176165803108,0.3471502590673575,0.05699481865284974,0.02072538860103627,0.7129186602870813,0.7009569377990431,0.6770334928229665,0.7421875,0.5875,0.61875,1
tag_l1_028,122,11,1.9,4.590163934426229,11.090909090909092,1.8770491803278688,4,0.45081967213114754,1.8770491803278688,1.5737704918032787,1.5163934426229508,0.8360655737704918,0.32786885245901637,0.23770491803278687,0.13114754098360656,0.1557377049180328,0.00819672131147541,0.0,0.7321016166281755,0.6605080831408776,0.7090069284064665,0.7850162866449512,0.5830618892508144,0.6286644951140065,1
tag_l1_029,96,15,1.4666666666666666,4.21875,6.4,1.8229166666666667,2,0.28125,1.8229166666666667,1.59375,1.3125,0.7604166666666666,0.19791666666666666,0.10416666666666667,0.041666666666666664,0.10416666666666667,0.0,0.0,0.7734627831715211,0.7087378640776699,0.6763754045307443,0.7793427230046949,0.6150234741784038,0.7276995305164319,1
tag_l1_030,272,34,1.6666666666666667,4.908088235294118,8.0,2.0698529411764706,5,0.45588235294117646,2.0698529411764706,1.7610294117647058,1.5919117647058822,0.8639705882352942,0.39338235294117646,0.33455882352941174,0.09558823529411764,0.15073529411764705,0.011029411764705883,0.0,0.7752596789423984,0.6902738432483475,0.7412653446647781,0.7918263090676884,0.6296296296296297,0.6602809706257982,1
tag_l1_031,254,28,1.2857142857142858,5.086614173228346,9.071428571428571,2.0984251968503935,6,0.484251968503937,2.0984251968503935,1.8543307086614174,1.625984251968504,0.9960629921259843,0.39763779527559057,0.3110236220472441,0.15354330708661418,0.2204724409448819,0.015748031496062992,0.003937007874015748,0.7676669893514037,0.7115198451113263,0.7405614714424008,0.7906976744186046,0.6201550387596899,0.665374677002584,1
tag_l1_032,445,101,1.2923076923076924,4.647191011235955,4.405940594059406,1.9550561797752808,10,0.41797752808988764,1.9550561797752808,1.6719101123595506,1.4786516853932585,0.8044943820224719,0.31685393258426964,0.20898876404494382,0.07191011235955057,0.12808988764044943,0.02247191011235955,0.0,0.7345297029702971,0.7060643564356436,0.6949257425742574,0.7527896995708154,0.6369098712446352,0.6592274678111588,1
tag_l1_033,89,9,0.0,5.179775280898877,9.88888888888889,2.191011235955056,4,0.7078651685393258,2.191011235955056,1.6404494382022472,1.7752808988764044,0.8314606741573034,0.651685393258427,0.39325842696629215,0.15730337078651685,0.4157303370786517,0.033707865168539325,0.0,0.7903225806451613,0.7741935483870968,0.7526881720430108,0.7915194346289752,0.6466431095406361,0.7314487632508834,1
tag_l1_034,70,8,1.375,4.485714285714286,8.75,1.9,3,0.4857142857142857,1.9,1.4285714285714286,1.5,0.7714285714285715,0.42857142857142855,0.3142857142857143,0.08571428571428572,0.14285714285714285,0.014285714285714285,0.0,0.889344262295082,0.8565573770491803,0.8647540983606558,0.9367816091954023,0.8103448275862069,0.8103448275862069,1
tag_l1_035,309,20,1.5789473684210527,4.7799352750809065,15.45,1.941747572815534,11,0.511326860841424,1.941747572815534,1.6893203883495145,1.4983818770226538,0.8705501618122977,0.42071197411003236,0.3365695792880259,0.1488673139158576,0.21359223300970873,0.025889967637540454,0.0,0.7698961937716263,0.7275086505190311,0.7318339100346021,0.7556615017878426,0.6245530393325387,0.6090584028605482,1
tag_l1_036,221,29,1.8333333333333333,4.502262443438914,7.620689655172414,1.8687782805429864,4,0.5294117647058824,1.8687782805429864,1.583710407239819,1.257918552036199,0.7828054298642534,0.3755656108597285,0.2850678733031674,0.18099547511312217,0.3167420814479638,0.03619909502262444,0.0,0.666232073011734,0.6271186440677966,0.6349413298565841,0.6691312384473198,0.5767097966728281,0.5804066543438078,1
tag_l1_037,152,17,1.8,4.822368421052632,8.941176470588236,2.026315789473684,3,0.5,2.026315789473684,1.7236842105263157,1.5460526315789473,0.868421052631579,0.39473684210526316,0.24342105263157895,0.1513157894736842,0.21052631578947367,0.06578947368421052,0.0,0.8382099827882961,0.7865748709122203,0.7779690189328744,0.8951048951048951,0.710955710955711,0.7365967365967366,1
tag_l1_038,84,2,0.0,4.226190476190476,42.0,1.8928571428571428,1,0.38095238095238093,1.8928571428571428,1.4642857142857142,1.1785714285714286,0.6309523809523809,0.3333333333333333,0.17857142857142858,0.09523809523809523,0.13095238095238096,0.0,0.0,0.7195571955719557,0.6752767527675276,0.7269372693726938,0.8342245989304813,0.5989304812834224,0.7272727272727273,1
tag_l1_039,187,21,1.2352941176470589,4.759358288770054,8.904761904761905,1.9893048128342246,3,0.45989304812834225,1.9893048128342246,1.6684491978609626,1.5508021390374331,0.8823529411764706,0.3850267379679144,0.28342245989304815,0.09090909090909091,0.12834224598930483,0.0213903743315508,0.0,0.8002853067047075,0.7546362339514978,0.7817403708987162,0.8326848249027238,0.6750972762645915,0.745136186770428,1
tag_l1_040,604,105,1.1904761904761905,4.91887417218543,5.752380952380952,2.0596026490066226,18,0.49503311258278143,2.0596026490066226,1.814569536423841,1.5264900662251655,0.9105960264900662,0.402317880794702,0.29304635761589404,0.1837748344370861,0.2682119205298013,0.03642384105960265,0.0,0.7320898685883849,0.6930902924968206,0.7147096227214922,0.793496862521392,0.6229321163719338,0.623502567027952,1
tag_l1_041,163,20,1.4285714285714286,4.638036809815951,8.15,1.9754601226993864,4,0.5153374233128835,1.9754601226993864,1.6257668711656441,1.4233128834355828,0.7975460122699386,0.4233128834355828,0.27607361963190186,0.18404907975460122,0.27607361963190186,0.049079754601226995,0.0,0.7483108108108109,0.7094594594594594,0.7111486486486487,0.7604651162790698,0.6534883720930232,0.672093023255814,1
tag_l1_042,168,20,2.9,4.488095238095238,8.4,1.9642857142857142,4,0.375,1.9642857142857142,1.5595238095238095,1.3869047619047619,0.7321428571428571,0.30952380952380953,0.25,0.05357142857142857,0.1488095238095238,0.023809523809523808,0.0,0.7491408934707904,0.7439862542955327,0.7096219931271478,0.8585365853658536,0.6780487804878049,0.6902439024390243,1
tag_l1_043,254,34,1.0344827586206897,5.2362204724409445,7.470588235294118,2.145669291338583,12,0.5590551181102362,2.145669291338583,1.8858267716535433,1.7007874015748032,0.9645669291338582,0.43700787401574803,0.3031496062992126,0.14566929133858267,0.27165354330708663,0.031496062992125984,0.0,0.7611940298507462,0.7453358208955224,0.7518656716417911,0.7825552825552825,0.6498771498771498,0.6756756756756757,1
tag_l1_044,169,24,1.4545454545454546,4.863905325443787,7.041666666666667,2.059171597633136,5,0.40236686390532544,2.059171597633136,1.8461538461538463,1.5562130177514792,0.8994082840236687,0.3076923076923077,0.21893491124260356,0.10059171597633136,0.15384615384615385,0.011834319526627219,0.0,0.777947932618683,0.7366003062787136,0.7396630934150077,0.8409090909090909,0.6632231404958677,0.6735537190082644,1
tag_l1_045,259,38,1.3666666666666667,4.980694980694981,6.815789473684211,2.111969111969112,11,0.4826254826254826,2.111969111969112,1.7992277992277992,1.5675675675675675,0.8764478764478765,0.3745173745173745,0.2625482625482625,0.12355212355212356,0.2084942084942085,0.03088803088803089,0.003861003861003861,0.7589893100097181,0.7317784256559767,0.7298347910592808,0.8333333333333334,0.68359375,0.7096354166666666,1
tag_l1_046,122,10,1.6,5.040983606557377,12.2,1.9098360655737705,1,0.6885245901639344,1.9098360655737705,1.7622950819672132,1.5,0.9918032786885246,0.6229508196721312,0.5327868852459017,0.2459016393442623,0.319672131147541,0.03278688524590164,0.0,0.7545638945233266,0.7038539553752535,0.7200811359026369,0.7816711590296496,0.6684636118598383,0.7115902964959568,1
tag_l1_047,234,30,1.125,5.064102564102564,7.8,2.0213675213675213,4,0.5341880341880342,2.0213675213675213,1.7478632478632479,1.7136752136752136,0.9358974358974359,0.36324786324786323,0.2264957264957265,0.13247863247863248,0.24786324786324787,0.03418803418803419,0.004273504273504274,0.7726315789473684,0.7494736842105263,0.7452631578947368,0.7972027972027972,0.6601398601398601,0.7048951048951049,1
tag_l1_048,26,6,0.0,3.6538461538461537,4.333333333333333,1.7307692307692308,0,0.15384615384615385,1.7307692307692308,1.3846153846153846,1.0,0.5384615384615384,0.11538461538461539,0.038461538461538464,0.0,0.038461538461538464,0.0,0.0,0.7681159420289855,0.7971014492753623,0.7391304347826086,0.7209302325581395,0.6511627906976745,0.6744186046511628,1
tag_l1_049,79,15,1.5,4.151898734177215,5.266666666666667,1.9367088607594938,0,0.27848101265822783,1.9367088607594938,1.5696202531645569,1.2278481012658229,0.5949367088607594,0.22784810126582278,0.0759493670886076,0.02531645569620253,0.12658227848101267,0.0,0.0,0.7871485943775101,0.7630522088353414,0.751004016064257,0.7764705882352941,0.6,0.6647058823529411,1
tag_l1_050,222,31,1.2857142857142858,4.576576576576577,7.161290322580645,1.8963963963963963,3,0.545045045045045,1.8963963963963963,1.5045045045045045,1.4414414414414414,0.7567567567567568,0.38288288288288286,0.23873873873873874,0.0990990990990991,0.23423423423423423,0.013513513513513514,0.0,0.7680608365019012,0.7401774397972116,0.7477820025348543,0.8085106382978723,0.6861702127659575,0.7322695035460993,1
tag_l1_051,55,11,1.2,4.327272727272727,5.0,1.9272727272727272,1,0.3090909090909091,1.9272727272727272,1.4363636363636363,1.5272727272727273,0.7636363636363637,0.16363636363636364,0.09090909090909091,0.01818181818181818,0.16363636363636364,0.0,0.0,0.7472527472527473,0.7362637362637363,0.7197802197802198,0.905511811023622,0.6850393700787402,0.7007874015748031,1
tag_l1_052,405,38,1.2058823529411764,4.866666666666666,10.657894736842104,1.9925925925925927,15,0.48641975308641977,1.9925925925925927,1.7580246913580246,1.545679012345679,0.8765432098765432,0.4123456790123457,0.3012345679012346,0.11851851851851852,0.2222222222222222,0.0345679012345679,0.0049382716049382715,0.7911595131326074,0.7335041639974376,0.7411915438821268,0.793939393939394,0.6181818181818182,0.69004329004329,1
tag_l1_053,333,28,2.142857142857143,5.018018018018018,11.892857142857142,2.093093093093093,25,0.5045045045045045,2.093093093093093,1.837837837837838,1.6186186186186187,0.918918918918919,0.34534534534534533,0.24024024024024024,0.12012012012012012,0.2042042042042042,0.042042042042042045,0.006006006006006006,0.7531882970742686,0.72768192048012,0.7239309827456865,0.7632898696088265,0.6188565697091274,0.6479438314944834,1
tag_l1_054,177,23,1.173913043478261,5.288135593220339,7.695652173913044,2.135593220338983,13,0.6271186440677966,2.135593220338983,1.8305084745762712,1.7401129943502824,1.0112994350282485,0.4971751412429379,0.3559322033898305,0.192090395480226,0.3333333333333333,0.05084745762711865,0.005649717514124294,0.7410832232496698,0.7093791281373845,0.7186261558784677,0.7305699481865285,0.6407599309153713,0.6701208981001727,1
tag_l1_055,257,36,1.1724137931034482,5.023346303501945,7.138888888888889,2.105058365758755,11,0.45525291828793774,2.105058365758755,1.88715953307393,1.6381322957198443,0.9844357976653697,0.38132295719844356,0.31906614785992216,0.1245136186770428,0.19455252918287938,0.011673151750972763,0.0,0.8208373904576436,0.7974683544303798,0.804284323271665,0.8702490170380078,0.7208387942332897,0.745740498034076,1
tag_l1_056,273,28,2.1363636363636362,4.736263736263736,9.75,1.9487179487179487,10,0.46886446886446886,1.9487179487179487,1.706959706959707,1.47985347985348,0.9120879120879121,0.38095238095238093,0.2600732600732601,0.19047619047619047,0.2893772893772894,0.05860805860805861,0.0,0.7322834645669292,0.7007874015748031,0.7106299212598425,0.7239512855209743,0.6156968876860622,0.6089309878213802,1
tag_l1_057,324,40,1.2258064516129032,5.055555555555555,8.1,2.1049382716049383,13,0.5370370370370371,2.1049382716049383,1.8055555555555556,1.6358024691358024,0.9012345679012346,0.39197530864197533,0.2839506172839506,0.11728395061728394,0.25,0.043209876543209874,0.0,0.7374045801526717,0.7190839694656489,0.7068702290076336,0.7878172588832487,0.6335025380710659,0.682233502538071,1
tag_l1_058,46,5,0.0,4.478260869565218,9.2,1.9130434782608696,1,0.4782608695652174,1.9130434782608696,1.608695652173913,1.2391304347826086,0.6956521739130435,0.391304347826087,0.34782608695652173,0.15217391304347827,0.2391304347826087,0.043478260869565216,0.043478260869565216,0.7375,0.725,0.7375,0.8771929824561403,0.631578947368421,0.7192982456140351,1
tag_l1_059,97,22,1.2,3.9587628865979383,4.409090909090909,1.7835051546391754,0,0.29896907216494845,1.7835051546391754,1.443298969072165,1.1649484536082475,0.5567010309278351,0.18556701030927836,0.10309278350515463,0.020618556701030927,0.08247422680412371,0.0,0.0,0.8362369337979094,0.7839721254355401,0.794425087108014,0.8578947368421053,0.7368421052631579,0.6947368421052632,1
tag_l1_060,152,28,1.1904761904761905,4.375,5.428571428571429,1.9736842105263157,1,0.2236842105263158,1.9736842105263157,1.6776315789473684,1.4144736842105263,0.7631578947368421,0.17105263157894737,0.08552631578947369,0.05921052631578947,0.09210526315789473,0.006578947368421052,0.0,0.771484375,0.708984375,0.736328125,0.7938718662952646,0.5988857938718662,0.6824512534818942,1
tag_l1_061,505,43,1.4871794871794872,4.893069306930693,11.744186046511627,2.0,9,0.46534653465346537,2.0,1.7683168316831683,1.5920792079207922,0.9683168316831683,0.3564356435643564,0.297029702970297,0.1603960396039604,0.2297029702970297,0.013861386138613862,0.0,0.7568807339449541,0.7125382262996942,0.7426095820591233,0.7817433081674674,0.6595744680851063,0.665751544269046,1
tag_l1_062,367,44,1.6666666666666667,4.8501362397820165,8.340909090909092,2.0544959128065394,15,0.4114441416893733,2.0544959128065394,1.8092643051771118,1.5286103542234333,0.9291553133514986,0.329700272479564,0.23978201634877383,0.1335149863760218,0.19618528610354224,0.02452316076294278,0.0,0.7735042735042735,0.7236467236467237,0.7435897435897436,0.8067961165048544,0.6679611650485436,0.6912621359223301,1
tag_l1_063,112,18,1.2857142857142858,4.0,6.222222222222222,1.7946428571428572,1,0.36607142857142855,1.7946428571428572,1.4196428571428572,1.1339285714285714,0.5535714285714286,0.25,0.11607142857142858,0.044642857142857144,0.16071428571428573,0.017857142857142856,0.0,0.7410714285714286,0.7291666666666666,0.7202380952380952,0.7777777777777778,0.5822222222222222,0.6222222222222222,1
tag_l1_064,103,12,1.6666666666666667,5.310679611650485,8.583333333333334,2.1553398058252426,2,0.5436893203883495,2.1553398058252426,1.9514563106796117,1.7475728155339805,1.0097087378640777,0.4368932038834951,0.3592233009708738,0.1553398058252427,0.2621359223300971,0.05825242718446602,0.009708737864077669,0.7647058823529411,0.746606334841629,0.7760180995475113,0.8224852071005917,0.7041420118343196,0.7011834319526628,1
tag_l1_065,90,9,1.2222222222222223,4.733333333333333,10.0,1.9555555555555555,3,0.5,1.9555555555555555,1.6333333333333333,1.511111111111111,0.8222222222222222,0.34444444444444444,0.23333333333333334,0.12222222222222222,0.2222222222222222,0.044444444444444446,0.0,0.7537537537537538,0.7687687687687688,0.7057057057057057,0.8708333333333333,0.6375,0.6125,1
tag_l1_066,96,17,1.0833333333333333,4.03125,5.647058823529412,1.7604166666666667,1,0.3020833333333333,1.7604166666666667,1.4375,1.21875,0.6875,0.19791666666666666,0.08333333333333333,0.03125,0.10416666666666667,0.0,0.0,0.7319587628865979,0.7079037800687286,0.7010309278350515,0.7040816326530612,0.5561224489795918,0.6020408163265306,1
tag_l1_067,123,20,1.3529411764705883,4.365853658536586,6.15,1.975609756097561,2,0.23577235772357724,1.975609756097561,1.7804878048780488,1.3089430894308942,0.8211382113821138,0.17073170731707318,0.13821138211382114,0.06504065040650407,0.12195121951219512,0.016260162601626018,0.0,0.8091787439613527,0.748792270531401,0.7801932367149759,0.8934707903780069,0.6632302405498282,0.7044673539518901,1
tag_l1_068,303,37,1.3636363636363635,4.795379537953796,8.18918918918919,2.0165016501650164,7,0.4389438943894389,2.0165016501650164,1.6402640264026402,1.6435643564356435,0.8712871287128713,0.36633663366336633,0.27722772277227725,0.1353135313531353,0.17491749174917492,0.019801980198019802,0.0,0.8085664335664335,0.7526223776223776,0.7587412587412588,0.8240850059031877,0.6635182998819362,0.7083825265643447,1
tag_l1_069,226,34,1.3,5.146017699115045,6.647058823529412,2.234513274336283,10,0.37610619469026546,2.234513274336283,2.0442477876106193,1.668141592920354,1.008849557522124,0.3230088495575221,0.2610619469026549,0.12831858407079647,0.19911504424778761,0.01327433628318584,0.0,0.7997858672376874,0.7537473233404711,0.7376873661670236,0.8170212765957446,0.6539007092198581,0.6936170212765957,1
tag_l1_070,393,35,1.5454545454545454,4.765903307888041,11.228571428571428,2.0330788804071247,9,0.366412213740458,2.0330788804071247,1.7989821882951653,1.5368956743002544,0.8982188295165394,0.30788804071246817,0.23918575063613232,0.09414758269720101,0.1450381679389313,0.015267175572519083,0.0,0.7830508474576271,0.7593220338983051,0.7796610169491526,0.8118628359592215,0.6895273401297498,0.6533827618164968,1
tag_l2_000,826,85,1.2253521126760563,4.780871670702179,9.717647058823529,2.0254237288135593,26,0.44552058111380144,2.0254237288135593,1.7130750605326877,1.4794188861985471,0.8305084745762712,0.31476997578692495,0.2288135593220339,0.09806295399515738,0.1937046004842615,0.025423728813559324,0.0,0.7370275464445868,0.6899423446508648,0.6934657270980141,0.7732811140121845,0.6201044386422977,0.639686684073107,2
tag_l2_001,495,32,2.5555555555555554,5.280808080808081,15.46875,2.1434343434343432,19,0.5777777777777777,2.1434343434343432,1.8202020202020202,1.7454545454545454,1.0101010101010102,0.503030303030303,0.36767676767676766,0.1919191919191919,0.27070707070707073,0.052525252525252523,0.00202020202020202,0.7919239904988123,0.7529691211401425,0.7558194774346794,0.8354192740926157,0.6739674593241552,0.700250312891114,2
tag_l2_002,194,21,1.2777777777777777,4.798969072164948,9.238095238095237,2.015463917525773,5,0.42783505154639173,2.015463917525773,1.7577319587628866,1.5,0.8247422680412371,0.35051546391752575,0.26804123711340205,0.14432989690721648,0.20103092783505155,0.03608247422680412,0.0,0.7771739130434783,0.7418478260869565,0.7228260869565217,0.7707948243992606,0.6432532347504621,0.66728280961183,2
tag_l2_003,113,13,1.7692307692307692,4.460176991150442,8.692307692307692,1.8849557522123894,0,0.39823008849557523,1.8849557522123894,1.5486725663716814,1.3982300884955752,0.8053097345132744,0.2831858407079646,0.168141592920354,0.07079646017699115,0.13274336283185842,0.02654867256637168,0.0,0.7902813299232737,0.7647058823529411,0.7647058823529411,0.8273381294964028,0.6942446043165468,0.6870503597122302,2
tag_l2_004,277,35,1.2413793103448276,4.382671480144404,7.914285714285715,1.7833935018050542,4,0.4981949458483754,1.7833935018050542,1.444043321299639,1.4007220216606497,0.7906137184115524,0.3935018050541516,0.23465703971119134,0.10830324909747292,0.23465703971119134,0.036101083032490974,0.0036101083032490976,0.7353255069370331,0.7257203842049093,0.7374599786552828,0.8045454545454546,0.6590909090909091,0.6363636363636364,2
tag_l2_005,42,6,1.3333333333333333,5.071428571428571,7.0,2.1666666666666665,2,0.4523809523809524,2.1666666666666665,1.880952380952381,1.6428571428571428,0.9285714285714286,0.40476190476190477,0.35714285714285715,0.14285714285714285,0.19047619047619047,0.047619047619047616,0.0,0.7941176470588235,0.7411764705882353,0.788235294117647,0.905511811023622,0.7480314960629921,0.7874015748031497,2
tag_l2_006,72,10,1.2,4.736111111111111,7.2,2.0277777777777777,3,0.5694444444444444,2.0277777777777777,1.5694444444444444,1.5,0.8194444444444444,0.4861111111111111,0.2916666666666667,0.16666666666666666,0.2916666666666667,0.08333333333333333,0.0,0.7620817843866171,0.7286245353159851,0.7286245353159851,0.7208121827411168,0.6345177664974619,0.6649746192893401,2
tag_l2_007,61,6,0.0,5.475409836065574,10.166666666666666,2.278688524590164,4,0.6065573770491803,2.278688524590164,1.9836065573770492,1.7540983606557377,1.0163934426229508,0.4262295081967213,0.2786885245901639,0.14754098360655737,0.32786885245901637,0.04918032786885246,0.01639344262295082,0.7132075471698113,0.720754716981132,0.7018867924528301,0.8324873096446701,0.7208121827411168,0.6700507614213198,2
tag_l2_008,69,8,1.125,4.405797101449275,8.625,1.8115942028985508,1,0.5507246376811594,1.8115942028985508,1.4202898550724639,1.3768115942028984,0.7536231884057971,0.4057971014492754,0.2318840579710145,0.13043478260869565,0.2463768115942029,0.057971014492753624,0.0,0.8042553191489362,0.774468085106383,0.8212765957446808,0.8012048192771084,0.6987951807228916,0.6927710843373494,2
tag_l2_009,40,5,0.0,4.45,8.0,1.9,0,0.25,1.9,1.575,1.55,0.875,0.175,0.15,0.075,0.075,0.0,0.0,0.7956204379562044,0.7737226277372263,0.7591240875912408,0.78125,0.59375,0.7395833333333334,2
tag_l2_010,174,19,1.7777777777777777,4.689655172413793,9.157894736842104,1.9252873563218391,3,0.46551724137931033,1.9252873563218391,1.5977011494252873,1.5114942528735633,0.896551724137931,0.3850574712643678,0.29310344827586204,0.16666666666666666,0.21839080459770116,0.017241379310344827,0.0,0.703125,0.6546875,0.646875,0.7139784946236559,0.6,0.632258064516129,2
tag_l2_011,62,9,1.1111111111111112,4.967741935483871,6.888888888888889,2.1451612903225805,6,0.3870967741935484,2.1451612903225805,1.9193548387096775,1.6612903225806452,0.8709677419354839,0.3709677419354839,0.3225806451612903,0.08064516129032258,0.20967741935483872,0.0,0.0,0.8353909465020576,0.7942386831275721,0.831275720164609,0.8707865168539326,0.7191011235955056,0.7528089887640449,2
tag_l2_012,49,5,1.6,4.551020408163265,9.8,1.9387755102040816,3,0.42857142857142855,1.9387755102040816,1.6122448979591837,1.489795918367347,0.7959183673469388,0.2857142857142857,0.1836734693877551,0.061224489795918366,0.14285714285714285,0.04081632653061224,0.0,0.815028901734104,0.7745664739884393,0.8208092485549133,0.8617886178861789,0.7398373983739838,0.6991869918699187,2
tag_l2_013,51,11,0.0,5.196078431372549,4.636363636363637,2.2941176470588234,4,0.47058823529411764,2.2941176470588234,2.0392156862745097,1.5490196078431373,0.9607843137254902,0.37254901960784315,0.3137254901960784,0.09803921568627451,0.23529411764705882,0.0196078431372549,0.0,0.7681159420289855,0.7294685990338164,0.7342995169082126,0.8187919463087249,0.6577181208053692,0.6644295302013423,2
tag_l2_014,195,29,1.0344827586206897,4.943589743589744,6.724137931034483,2.18974358974359,12,0.3641025641025641,2.18974358974359,1.8358974358974358,1.6256410256410256,0.8871794871794871,0.3333333333333333,0.2564102564102564,0.07692307692307693,0.13333333333333333,0.005128205128205128,0.0,0.7973856209150327,0.7254901960784313,0.7934640522875817,0.8201058201058201,0.6631393298059964,0.7054673721340388,2
tag_l2_015,137,10,1.6,5.124087591240876,13.7,2.102189781021898,11,0.5182481751824818,2.102189781021898,1.8467153284671534,1.6569343065693432,0.9343065693430657,0.40145985401459855,0.32116788321167883,0.13138686131386862,0.2116788321167883,0.0072992700729927005,0.0,0.7397504456327986,0.7308377896613191,0.7272727272727273,0.7559241706161137,0.6137440758293838,0.6753554502369669,2
tag_l2_016,60,8,1.125,5.433333333333334,7.5,2.2666666666666666,3,0.5666666666666667,2.2666666666666666,1.9,1.8,1.0,0.45,0.35,0.2,0.3,0.03333333333333333,0.0,0.7938931297709924,0.7709923664122137,0.7519083969465649,0.8383838383838383,0.6565656565656566,0.7373737373737373,2
tag_l2_017,58,5,1.4,4.758620689655173,11.6,2.0689655172413794,1,0.3620689655172414,2.0689655172413794,1.7586206896551724,1.5517241379310345,0.8793103448275862,0.3275862068965517,0.25862068965517243,0.06896551724137931,0.15517241379310345,0.017241379310344827,0.0,0.7083333333333334,0.6805555555555556,0.6851851851851852,0.89171974522293,0.6815286624203821,0.6878980891719745,2
tag_l2_018,164,17,1.2,4.4573170731707314,9.647058823529411,1.853658536585366,1,0.4634146341463415,1.853658536585366,1.524390243902439,1.4085365853658536,0.7804878048780488,0.35365853658536583,0.21341463414634146,0.10365853658536585,0.1524390243902439,0.054878048780487805,0.0,0.7301587301587301,0.708994708994709,0.7178130511463845,0.8465346534653465,0.6955445544554455,0.7128712871287128,2
tag_l2_019,50,5,2.2,4.52,10.0,1.92,0,0.24,1.92,1.64,1.56,0.86,0.12,0.12,0.14,0.18,0.0,0.0,0.8011363636363636,0.7102272727272727,0.7386363636363636,0.7380952380952381,0.49206349206349204,0.6507936507936508,2
tag_l2_020,39,6,0.0,4.230769230769231,6.5,1.7692307692307692,1,0.3076923076923077,1.7692307692307692,1.564102564102564,1.358974358974359,0.7692307692307693,0.28205128205128205,0.20512820512820512,0.1282051282051282,0.15384615384615385,0.02564102564102564,0.0,0.8174603174603174,0.7698412698412699,0.7698412698412699,0.7931034482758621,0.5862068965517241,0.6896551724137931,2
tag_l2_021,1451,198,1.6277372262773722,4.53618194348725,7.328282828282828,1.9331495520330806,76,0.4148862853204686,1.9331495520330806,1.6574776016540318,1.388697450034459,0.8097863542384562,0.33563059958649205,0.23294279807029636,0.11164713990351481,0.18332184700206755,0.024121295658166782,0.0006891798759476223,0.7688245648347349,0.7187561118716996,0.7271660473303344,0.8064162325198794,0.6525911708253359,0.6706882369070469,2
tag_l2_022,79,11,1.125,4.3164556962025316,7.181818181818182,1.8860759493670887,2,0.35443037974683544,1.8860759493670887,1.5063291139240507,1.3544303797468353,0.6962025316455697,0.21518987341772153,0.16455696202531644,0.08860759493670886,0.11392405063291139,0.012658227848101266,0.0,0.7701149425287356,0.7203065134099617,0.7011494252873564,0.8011049723756906,0.6408839779005525,0.6850828729281768,2
tag_l2_023,684,40,2.0,4.8201754385964914,17.1,2.008771929824561,11,0.47368421052631576,2.008771929824561,1.7222222222222223,1.5935672514619883,0.8961988304093568,0.40789473684210525,0.3201754385964912,0.11842105263157894,0.17690058479532164,0.02631578947368421,0.0,0.8108419838523645,0.7820069204152249,0.778162245290273,0.8211678832116789,0.6824817518248175,0.7022940563086548,2
tag_l2_024,339,50,1.1944444444444444,4.867256637168142,6.78,2.03834808259587,12,0.4837758112094395,2.03834808259587,1.7905604719764012,1.5044247787610618,0.8849557522123894,0.3421828908554572,0.2448377581120944,0.15634218289085547,0.2359882005899705,0.02359882005899705,0.0,0.74079754601227,0.7024539877300614,0.6947852760736196,0.7559958289885297,0.6246089676746611,0.6903023983315955,2
tag_l2_025,52,6,0.0,5.480769230769231,8.666666666666666,2.173076923076923,1,0.7115384615384616,2.173076923076923,1.9807692307692308,1.7692307692307692,1.1346153846153846,0.6346153846153846,0.38461538461538464,0.25,0.34615384615384615,0.15384615384615385,0.0,0.658008658008658,0.6320346320346321,0.6363636363636364,0.6949152542372882,0.5480225988700564,0.5141242937853108,2
tag_l2_026,89,8,0.0,4.393258426966292,11.125,1.8876404494382022,0,0.3707865168539326,1.8876404494382022,1.6067415730337078,1.247191011235955,0.7528089887640449,0.34831460674157305,0.3146067415730337,0.10112359550561797,0.21348314606741572,0.02247191011235955,0.0,0.7762711864406779,0.6915254237288135,0.7288135593220338,0.9095477386934674,0.7587939698492462,0.7185929648241206,2
tag_l2_027,433,61,1.1666666666666667,4.561200923787529,7.098360655737705,1.9145496535796767,8,0.42494226327944573,1.9145496535796767,1.6697459584295613,1.3972286374133949,0.7713625866050808,0.3371824480369515,0.23325635103926096,0.10623556581986143,0.20092378752886836,0.046189376443418015,0.0,0.7945383615084526,0.7542262678803641,0.7743823146944083,0.827742520398912,0.6527651858567544,0.6971894832275612,2
tag_l2_028,131,16,0.0,5.0534351145038165,8.1875,2.068702290076336,4,0.6335877862595419,2.068702290076336,1.9389312977099236,1.4274809160305344,0.9618320610687023,0.4198473282442748,0.31297709923664124,0.2824427480916031,0.42748091603053434,0.09923664122137404,0.0,0.7296786389413988,0.6899810964083176,0.6843100189035917,0.702020202020202,0.5883838383838383,0.5782828282828283,2
tag_l2_029,50,8,0.0,3.7,6.25,1.5,0,0.56,1.5,1.0,1.14,0.54,0.34,0.16,0.06,0.26,0.0,0.0,0.725925925925926,0.6666666666666666,0.7037037037037037,0.8588235294117647,0.6705882352941176,0.6941176470588235,2
tag_l2_030,272,34,1.7916666666666667,4.705882352941177,8.0,1.9816176470588236,3,0.4742647058823529,1.9816176470588236,1.6580882352941178,1.4375,0.8529411764705882,0.3897058823529412,0.27205882352941174,0.15073529411764705,0.26838235294117646,0.09191176470588236,0.0,0.647,0.616,0.612,0.6456908344733242,0.5554035567715458,0.5677154582763337,2
tag_l2_031,44,11,1.6,4.454545454545454,4.0,2.0,0,0.22727272727272727,2.0,1.7727272727272727,1.3863636363636365,0.8863636363636364,0.20454545454545456,0.1590909090909091,0.045454545454545456,0.09090909090909091,0.022727272727272728,0.0,0.6776315789473685,0.5855263157894737,0.6578947368421053,0.8240740740740741,0.5462962962962963,0.7037037037037037,2
tag_l2_032,245,37,2.05,5.1755102040816325,6.621621621621622,2.16734693877551,19,0.4857142857142857,2.16734693877551,1.8775510204081634,1.7306122448979593,0.9918367346938776,0.4163265306122449,0.32653061224489793,0.1673469387755102,0.2530612244897959,0.02857142857142857,0.004081632653061225,0.7714285714285715,0.7369458128078817,0.734975369458128,0.7986928104575164,0.6248366013071895,0.6601307189542484,2
tag_l2_033,126,42,0.0,4.698412698412699,3.0,1.9047619047619047,1,0.4365079365079365,1.9047619047619047,1.7380952380952381,1.3968253968253967,0.8492063492063492,0.35714285714285715,0.21428571428571427,0.15079365079365079,0.19047619047619047,0.05555555555555555,0.007936507936507936,0.556989247311828,0.5096774193548387,0.5505376344086022,0.5680473372781065,0.46153846153846156,0.5118343195266272,2
tag_l2_034,529,59,1.4038461538461537,4.66351606805293,8.966101694915254,1.835538752362949,9,0.5784499054820416,1.835538752362949,1.5822306238185255,1.4253308128544424,0.8355387523629489,0.43289224952741023,0.28733459357277885,0.14366729678638943,0.2835538752362949,0.04158790170132325,0.001890359168241966,0.7172449508026929,0.6918694976696013,0.6784049715173486,0.7621776504297995,0.6239255014326648,0.6375358166189111,2
tag_l2_035,371,50,1.4615384615384615,4.592991913746631,7.42,1.9164420485175202,5,0.4528301886792453,1.9164420485175202,1.6361185983827493,1.4420485175202156,0.816711590296496,0.3450134770889488,0.2398921832884097,0.0889487870619946,0.16711590296495957,0.03504043126684636,0.0,0.7518796992481203,0.7022556390977444,0.7097744360902256,0.7615062761506276,0.6600418410041841,0.6715481171548117,2
tag_l2_036,502,45,1.8518518518518519,4.627490039840637,11.155555555555555,1.9760956175298805,8,0.3904382470119522,1.9760956175298805,1.6792828685258965,1.4760956175298805,0.8247011952191236,0.3187250996015936,0.23705179282868527,0.09561752988047809,0.13147410358565736,0.0099601593625498,0.0,0.7671986791414419,0.7149146945514584,0.7275729223995597,0.7842987804878049,0.6684451219512195,0.7012195121951219,2
tag_l2_037,184,34,1.125,5.059782608695652,5.411764705882353,2.114130434782609,9,0.4673913043478261,2.114130434782609,1.9184782608695652,1.5923913043478262,0.967391304347826,0.4076086956521739,0.30978260869565216,0.1956521739130435,0.266304347826087,0.04891304347826087,0.0,0.7876344086021505,0.7446236559139785,0.7580645161290323,0.7612208258527827,0.6157989228007181,0.6157989228007181,2
tag_l2_038,475,53,1.0943396226415094,4.585263157894737,8.962264150943396,1.8989473684210527,6,0.4905263157894737,1.8989473684210527,1.6610526315789473,1.3852631578947368,0.84,0.3389473684210526,0.2505263157894737,0.12421052631578948,0.26526315789473687,0.023157894736842106,0.002105263157894737,0.7716303708063567,0.7345497351383167,0.7522071806945262,0.819672131147541,0.6368852459016393,0.6893442622950819,2
tag_l2_039,12,3,1.5,4.5,4.0,1.9166666666666667,0,0.3333333333333333,1.9166666666666667,1.6666666666666667,1.4166666666666667,0.75,0.25,0.25,0.08333333333333333,0.08333333333333333,0.0,0.0,0.8536585365853658,0.7804878048780488,0.7073170731707317,0.7931034482758621,0.5862068965517241,0.5517241379310345,2
tag_l2_040,324,44,1.1818181818181819,4.694444444444445,7.363636363636363,1.9197530864197532,5,0.45987654320987653,1.9197530864197532,1.6481481481481481,1.4722222222222223,0.8672839506172839,0.3950617283950617,0.2839506172839506,0.16358024691358025,0.23765432098765432,0.027777777777777776,0.0,0.7232441471571907,0.6613712374581939,0.6864548494983278,0.8025258323765786,0.6234213547646383,0.6704936854190585,2
tag_l2_041,162,33,1.1764705882352942,5.3765432098765435,4.909090909090909,2.067901234567901,2,0.7037037037037037,2.067901234567901,1.7777777777777777,1.691358024691358,1.0432098765432098,0.5493827160493827,0.4074074074074074,0.30864197530864196,0.4074074074074074,0.08024691358024691,0.0,0.7052186177715092,0.6572637517630465,0.6614950634696756,0.6837294332723949,0.5429616087751371,0.5557586837294333,2
tag_l2_042,143,26,1.5,4.111888111888112,5.5,1.8181818181818181,3,0.2727272727272727,1.8181818181818181,1.5734265734265733,1.1888111888111887,0.7552447552447552,0.22377622377622378,0.15384615384615385,0.06993006993006994,0.13986013986013987,0.013986013986013986,0.0,0.6749435665914221,0.6117381489841986,0.6139954853273137,0.7290969899665551,0.5886287625418061,0.5585284280936454,2
tag_l2_043,260,37,1.1612903225806452,4.792307692307692,7.027027027027027,1.9692307692307693,2,0.5153846153846153,1.9692307692307693,1.7423076923076923,1.4615384615384615,0.8769230769230769,0.38076923076923075,0.31153846153846154,0.18461538461538463,0.3,0.10384615384615385,0.0,0.7331975560081466,0.7189409368635438,0.7087576374745418,0.7799442896935933,0.5766016713091922,0.6504178272980501,2
tag_l2_044,212,30,1.3076923076923077,4.679245283018868,7.066666666666666,2.0377358490566038,2,0.3915094339622642,2.0377358490566038,1.6981132075471699,1.4952830188679245,0.8207547169811321,0.28773584905660377,0.18867924528301888,0.12264150943396226,0.2169811320754717,0.02358490566037736,0.0,0.791025641025641,0.7294871794871794,0.764102564102564,0.7623239436619719,0.6390845070422535,0.6654929577464789,2
tag_l2_045,868,112,1.7011494252873562,4.957373271889401,7.75,2.108294930875576,38,0.44815668202764974,2.108294930875576,1.846774193548387,1.5783410138248848,0.9274193548387096,0.3652073732718894,0.2557603686635945,0.14400921658986174,0.24078341013824886,0.02880184331797235,0.002304147465437788,0.7798408488063661,0.7368110816386678,0.7453580901856764,0.8122743682310469,0.6438026474127557,0.6963497793822704,2
tag_l2_046,297,71,1.5172413793103448,4.32996632996633,4.183098591549296,1.8249158249158248,2,0.367003367003367,1.8249158249158248,1.5420875420875422,1.3198653198653199,0.7474747474747475,0.2727272727272727,0.18855218855218855,0.09764309764309764,0.15488215488215487,0.02356902356902357,0.003367003367003367,0.7386018237082067,0.6930091185410334,0.7021276595744681,0.7753623188405797,0.6260869565217392,0.6710144927536232,2
tag_l2_047,1114,93,1.4078947368421053,4.696588868940754,11.978494623655914,1.9551166965888689,37,0.4281867145421903,1.9551166965888689,1.7136445242369838,1.4739676840215439,0.8518850987432675,0.33213644524236985,0.25763016157989227,0.11041292639138241,0.1822262118491921,0.01615798922800718,0.0017953321364452424,0.7704517704517705,0.726984126984127,0.7409035409035409,0.8145270270270271,0.643581081081081,0.6621621621621622,2
tag_l2_048,771,88,1.6615384615384616,5.163424124513619,8.761363636363637,2.1504539559014266,38,0.496757457846952,2.1504539559014266,1.9169909208819715,1.66147859922179,1.0012970168612192,0.41245136186770426,0.3138780804150454,0.14915693904020752,0.23735408560311283,0.041504539559014265,0.0,0.7355889724310777,0.693609022556391,0.7114661654135338,0.7739527167150559,0.6055578598092078,0.659062629614268,2
tag_l2_049,344,41,1.5757575757575757,4.491279069767442,8.390243902439025,1.9040697674418605,2,0.4186046511627907,1.9040697674418605,1.6511627906976745,1.3313953488372092,0.7936046511627907,0.313953488372093,0.23255813953488372,0.09011627906976744,0.18895348837209303,0.03488372093023256,0.0,0.8006672226855713,0.7689741451209341,0.7731442869057548,0.7988304093567251,0.6900584795321637,0.7286549707602339,2
tag_l2_050,182,25,1.6666666666666667,4.917582417582418,7.28,1.967032967032967,4,0.6813186813186813,1.967032967032967,1.6923076923076923,1.4945054945054945,0.9010989010989011,0.5769230769230769,0.4010989010989011,0.21978021978021978,0.3901098901098901,0.07142857142857142,0.0,0.7028169014084507,0.6957746478873239,0.6492957746478873,0.7180952380952381,0.579047619047619,0.6076190476190476,2
tag_l2_051,166,20,2.9,4.481927710843373,8.3,1.9698795180722892,4,0.3614457831325301,1.9698795180722892,1.5662650602409638,1.3855421686746987,0.7289156626506024,0.30120481927710846,0.2469879518072289,0.04819277108433735,0.13855421686746988,0.018072289156626505,0.0,0.7560975609756098,0.7491289198606271,0.7160278745644599,0.8663366336633663,0.6856435643564357,0.698019801980198,2
tag_l2_052,307,24,1.2727272727272727,4.811074918566775,12.791666666666666,1.977198697068404,5,0.46254071661237783,1.977198697068404,1.6416938110749186,1.5993485342019544,0.8859934853420195,0.36156351791530944,0.26384364820846906,0.1270358306188925,0.20521172638436483,0.009771986970684038,0.0,0.7636986301369864,0.7208904109589042,0.7311643835616438,0.7986030267753201,0.6204889406286379,0.7043073341094296,2
tag_l2_053,322,25,1.0434782608695652,4.590062111801243,12.88,1.8354037267080745,5,0.46273291925465837,1.8354037267080745,1.5993788819875776,1.2701863354037266,0.7701863354037267,0.41304347826086957,0.3105590062111801,0.13043478260869565,0.30124223602484473,0.021739130434782608,0.003105590062111801,0.6855400696864111,0.6506968641114983,0.6472125435540069,0.6259168704156479,0.4779951100244499,0.5281173594132029,2
tag_l2_054,202,28,1.4285714285714286,5.242574257425742,7.214285714285714,2.202970297029703,6,0.49504950495049505,2.202970297029703,1.8663366336633664,1.801980198019802,0.9554455445544554,0.3910891089108911,0.3069306930693069,0.12376237623762376,0.24257425742574257,0.009900990099009901,0.0,0.7289719626168224,0.7079439252336449,0.7009345794392523,0.7840735068912711,0.6401225114854517,0.6753445635528331,2
tag_l2_055,22,1,0.0,5.681818181818182,22.0,2.272727272727273,0,0.5,2.272727272727273,2.227272727272727,1.8636363636363635,1.1818181818181819,0.4090909090909091,0.36363636363636365,0.22727272727272727,0.2727272727272727,0.0,0.0,0.7669902912621359,0.7572815533980582,0.7864077669902912,0.7901234567901234,0.6790123456790124,0.6666666666666666,2
tag_l2_056,192,29,1.1875,4.666666666666667,6.620689655172414,1.9427083333333333,1,0.4791666666666667,1.9427083333333333,1.5677083333333333,1.5,0.8385416666666666,0.390625,0.2604166666666667,0.13541666666666666,0.23958333333333334,0.07291666666666667,0.0,0.7556818181818182,0.7301136363636364,0.7230113636363636,0.720703125,0.59765625,0.591796875,2
tag_l2_057,214,21,1.2380952380952381,4.626168224299065,10.19047619047619,1.925233644859813,1,0.49065420560747663,1.925233644859813,1.644859813084112,1.439252336448598,0.8037383177570093,0.32242990654205606,0.205607476635514,0.1261682242990654,0.22897196261682243,0.08411214953271028,0.0,0.7332474226804123,0.6932989690721649,0.6984536082474226,0.7953736654804271,0.6387900355871886,0.6352313167259787,2
tag_l2_058,206,22,1.5,4.805825242718447,9.363636363636363,1.9805825242718447,5,0.4854368932038835,1.9805825242718447,1.7427184466019416,1.5097087378640777,0.8737864077669902,0.4077669902912621,0.32038834951456313,0.13106796116504854,0.2087378640776699,0.03398058252427184,0.0,0.789002557544757,0.7480818414322251,0.7608695652173914,0.8240418118466899,0.6672473867595818,0.7195121951219512,2
tag_l2_059,241,27,1.3478260869565217,4.742738589211618,8.925925925925926,2.0,4,0.4730290456431535,2.0,1.7634854771784232,1.4439834024896265,0.8547717842323651,0.3941908713692946,0.2987551867219917,0.1078838174273859,0.23651452282157676,0.03319502074688797,0.0,0.7697441601779755,0.7163515016685206,0.7530589543937709,0.7637195121951219,0.6371951219512195,0.6890243902439024,2
tag_l2_060,214,24,1.4736842105263157,4.705607476635514,8.916666666666666,1.97196261682243,3,0.4439252336448598,1.97196261682243,1.7710280373831775,1.4299065420560748,0.8691588785046729,0.37383177570093457,0.2897196261682243,0.1261682242990654,0.2616822429906542,0.056074766355140186,0.0,0.7604035308953342,0.7023959646910467,0.7301387137452712,0.7633851468048359,0.6044905008635578,0.6338514680483592,2
tag_l2_061,53,7,0.0,5.320754716981132,7.571428571428571,2.2264150943396226,1,0.4716981132075472,2.2264150943396226,2.018867924528302,1.7358490566037736,1.0566037735849056,0.39622641509433965,0.32075471698113206,0.1320754716981132,0.2641509433962264,0.09433962264150944,0.018867924528301886,0.762114537444934,0.6960352422907489,0.7136563876651982,0.7558139534883721,0.6511627906976745,0.6162790697674418,2
tag_l2_062,46,8,0.0,4.5,5.75,1.891304347826087,1,0.5,1.891304347826087,1.5869565217391304,1.3695652173913044,0.6739130434782609,0.34782608695652173,0.13043478260869565,0.08695652173913043,0.21739130434782608,0.0,0.0,0.7267080745341615,0.7018633540372671,0.7391304347826086,0.6521739130434783,0.5652173913043478,0.5826086956521739,2
tag_l2_063,61,11,1.1818181818181819,4.39344262295082,5.545454545454546,2.0,1,0.26229508196721313,2.0,1.7868852459016393,1.2459016393442623,0.7868852459016393,0.2459016393442623,0.19672131147540983,0.06557377049180328,0.18032786885245902,0.01639344262295082,0.0,0.9117647058823529,0.8970588235294118,0.9019607843137255,0.9214285714285714,0.7642857142857142,0.85,2
tag_l2_064,341,54,1.5,4.818181818181818,6.314814814814815,2.0439882697947214,13,0.4340175953079179,2.0439882697947214,1.7595307917888563,1.5366568914956011,0.9090909090909091,0.3548387096774194,0.22580645161290322,0.12316715542521994,0.17595307917888564,0.02932551319648094,0.0,0.7875288683602771,0.7582755966127791,0.7736720554272517,0.8178010471204189,0.6492146596858639,0.694240837696335,2
tag_l2_065,275,44,1.3461538461538463,4.338181818181818,6.25,1.7345454545454546,3,0.49818181818181817,1.7345454545454546,1.469090909090909,1.2618181818181817,0.7381818181818182,0.26545454545454544,0.1709090909090909,0.14909090909090908,0.2690909090909091,0.05454545454545454,0.0036363636363636364,0.6954148471615721,0.665938864628821,0.6943231441048034,0.7390625,0.6046875,0.6984375,2
tag_l2_066,46,5,0.0,4.478260869565218,9.2,1.9130434782608696,1,0.4782608695652174,1.9130434782608696,1.608695652173913,1.2391304347826086,0.6956521739130435,0.391304347826087,0.34782608695652173,0.15217391304347827,0.2391304347826087,0.043478260869565216,0.043478260869565216,0.7375,0.725,0.7375,0.8771929824561403,0.631578947368421,0.7192982456140351,2
tag_l2_067,36,6,0.0,4.916666666666667,6.0,2.111111111111111,2,0.5,2.111111111111111,1.7222222222222223,1.5833333333333333,0.8333333333333334,0.4166666666666667,0.2777777777777778,0.3055555555555556,0.3333333333333333,0.027777777777777776,0.0,0.7428571428571429,0.6714285714285714,0.7285714285714285,0.7572815533980582,0.5631067961165048,0.6407766990291263,2
tag_l2_068,158,21,1.5294117647058822,4.7784810126582276,7.523809523809524,1.9936708860759493,3,0.45569620253164556,1.9936708860759493,1.6645569620253164,1.5569620253164558,0.8481012658227848,0.4240506329113924,0.36075949367088606,0.08860759493670886,0.17088607594936708,0.02531645569620253,0.0,0.839527027027027,0.7871621621621622,0.7972972972972973,0.8558139534883721,0.672093023255814,0.6837209302325581,2
tag_l2_069,90,9,1.2222222222222223,4.733333333333333,10.0,1.9555555555555555,3,0.5,1.9555555555555555,1.6333333333333333,1.511111111111111,0.8222222222222222,0.34444444444444444,0.23333333333333334,0.12222222222222222,0.2222222222222222,0.044444444444444446,0.0,0.7537537537537538,0.7687687687687688,0.7057057057057057,0.8708333333333333,0.6375,0.6125,2
tag_l2_070,184,20,1.55,4.668478260869565,9.2,2.0380434782608696,2,0.3641304347826087,2.0380434782608696,1.6195652173913044,1.625,0.8260869565217391,0.33152173913043476,0.2608695652173913,0.10869565217391304,0.14130434782608695,0.021739130434782608,0.0,0.8266666666666667,0.7703703703703704,0.7748148148148148,0.8455284552845529,0.6707317073170732,0.7215447154471545,2
tag_l2_071,710,85,1.1666666666666667,5.053521126760564,8.352941176470589,2.1056338028169015,43,0.4915492957746479,2.1056338028169015,1.8647887323943662,1.6267605633802817,0.952112676056338,0.4084507042253521,0.2802816901408451,0.14929577464788732,0.2267605633802817,0.028169014084507043,0.0,0.7766888344417221,0.728386419320966,0.7423871193559678,0.8326281147155619,0.685472496473907,0.7277856135401974,2
tag_l2_072,548,80,1.5714285714285714,4.899635036496351,6.85,2.0547445255474455,20,0.45072992700729925,2.0547445255474455,1.7791970802919708,1.5875912408759123,0.8868613138686131,0.32116788321167883,0.23722627737226276,0.11496350364963503,0.19343065693430658,0.025547445255474453,0.0018248175182481751,0.7750588235294118,0.7185882352941176,0.7378823529411764,0.8238672622846203,0.6445437141033823,0.6885768985322271,2
tag_l2_073,42,8,1.125,4.5,5.25,1.8571428571428572,0,0.40476190476190477,1.8571428571428572,1.5952380952380953,1.4761904761904763,0.8571428571428571,0.2857142857142857,0.11904761904761904,0.09523809523809523,0.16666666666666666,0.047619047619047616,0.0,0.8163265306122449,0.7619047619047619,0.7619047619047619,0.8952380952380953,0.638095238095238,0.7619047619047619,2
tag_l2_074,380,34,1.5806451612903225,4.931578947368421,11.176470588235293,2.068421052631579,16,0.45789473684210524,2.068421052631579,1.7842105263157895,1.631578947368421,0.8868421052631579,0.35,0.2631578947368421,0.10263157894736842,0.15789473684210525,0.013157894736842105,0.0,0.8088531187122736,0.7578806170355467,0.7920858484238766,0.8492779783393501,0.6796028880866426,0.7120938628158845,2
tag_l2_075,182,32,1.5384615384615385,3.978021978021978,5.6875,1.7252747252747254,1,0.34615384615384615,1.7252747252747254,1.510989010989011,1.054945054945055,0.6318681318681318,0.24725274725274726,0.1813186813186813,0.038461538461538464,0.15934065934065933,0.005494505494505495,0.005494505494505495,0.6586715867158671,0.6476014760147601,0.6180811808118081,0.7722222222222223,0.5666666666666667,0.5638888888888889,2
tag_l2_076,149,17,1.2666666666666666,5.02013422818792,8.764705882352942,2.040268456375839,10,0.5033557046979866,2.040268456375839,1.8523489932885906,1.6241610738255035,0.8859060402684564,0.3422818791946309,0.2348993288590604,0.12751677852348994,0.2214765100671141,0.020134228187919462,0.0,0.7236180904522613,0.7018425460636516,0.7018425460636516,0.7802690582959642,0.6031390134529148,0.6748878923766816,2
tag_l2_077,580,44,1.475,4.951724137931034,13.181818181818182,2.0879310344827586,21,0.49310344827586206,2.0879310344827586,1.7482758620689656,1.6120689655172413,0.9224137931034483,0.3810344827586207,0.28793103448275864,0.11896551724137931,0.2120689655172414,0.03103448275862069,0.0,0.7717678100263852,0.7286719437115216,0.7409850483729111,0.7807486631016043,0.6678550207961973,0.6922162804515746,2
tag_l2_078,107,17,1.7142857142857142,4.11214953271028,6.294117647058823,1.719626168224299,1,0.411214953271028,1.719626168224299,1.2616822429906542,1.2429906542056075,0.616822429906542,0.29906542056074764,0.19626168224299065,0.08411214953271028,0.14018691588785046,0.037383177570093455,0.0,0.7289156626506024,0.7349397590361446,0.6746987951807228,0.8526785714285714,0.6607142857142857,0.6116071428571429,2
tag_l2_079,815,88,1.7837837837837838,4.769325153374234,9.261363636363637,2.0208588957055214,27,0.44785276073619634,2.0208588957055214,1.7361963190184049,1.4957055214723927,0.8809815950920246,0.3791411042944785,0.2871165644171779,0.13374233128834356,0.20368098159509201,0.018404907975460124,0.0,0.7736773350751143,0.7322011757021555,0.7413455258001306,0.8209021884769987,0.6712818222420723,0.6864671728450201,2
tag_l2_080,93,36,1.0909090909090908,5.623655913978495,2.5833333333333335,2.3763440860215055,0,0.4838709677419355,2.3763440860215055,2.043010752688172,2.053763440860215,1.1290322580645162,0.40860215053763443,0.3225806451612903,0.20430107526881722,0.26881720430107525,0.03225806451612903,0.0,0.8051643192488263,0.7582159624413145,0.7769953051643192,0.7837837837837838,0.5945945945945946,0.6666666666666666,2
tag_l2_081,205,34,1.3333333333333333,4.741463414634146,6.029411764705882,1.975609756097561,6,0.4292682926829268,1.975609756097561,1.7707317073170732,1.4195121951219511,0.8878048780487805,0.32682926829268294,0.25365853658536586,0.14146341463414633,0.2146341463414634,0.00975609756097561,0.0,0.7467191601049868,0.7178477690288714,0.7191601049868767,0.8134057971014492,0.625,0.7028985507246377,2
tag_l2_082,102,16,2.8,4.803921568627451,6.375,2.019607843137255,2,0.3431372549019608,2.019607843137255,1.7450980392156863,1.6470588235294117,0.9509803921568627,0.30392156862745096,0.24509803921568626,0.10784313725490197,0.1568627450980392,0.00980392156862745,0.0,0.7668393782383419,0.7383419689119171,0.7435233160621761,0.8191489361702128,0.6737588652482269,0.723404255319149,2
tag_l2_083,200,27,1.45,5.06,7.407407407407407,2.05,5,0.485,2.05,1.805,1.72,1.015,0.385,0.3,0.12,0.175,0.025,0.0,0.8286066584463625,0.7669543773119606,0.7731196054254007,0.860655737704918,0.6721311475409836,0.6983606557377049,2
tag_l2_084,226,21,1.368421052631579,4.8628318584070795,10.761904761904763,2.0575221238938055,6,0.43805309734513276,2.0575221238938055,1.7920353982300885,1.5176991150442478,0.911504424778761,0.3584070796460177,0.27876106194690264,0.06637168141592921,0.18141592920353983,0.017699115044247787,0.0,0.7716262975778547,0.7393310265282583,0.76239907727797,0.860062893081761,0.6886792452830188,0.7327044025157232,2
tag_l2_085,991,95,1.5822784810126582,4.785065590312815,10.43157894736842,1.9969727547931382,28,0.49848637739656915,1.9969727547931382,1.7376387487386478,1.4752774974772958,0.8950554994954592,0.42179616548940463,0.3057517658930373,0.14934409687184663,0.2613521695257316,0.04944500504540868,0.0,0.7473262032085561,0.7114973262032086,0.7085561497326203,0.7655222790357925,0.6154127100073046,0.6537618699780862,2
tag_l2_086,463,54,1.391304347826087,4.4838012958963285,8.574074074074074,1.958963282937365,6,0.37365010799136067,1.958963282937365,1.632829373650108,1.4146868250539957,0.7926565874730022,0.31317494600431967,0.24622030237580994,0.11231101511879049,0.1900647948164147,0.03455723542116631,0.0,0.7929324240545568,0.7365158090514569,0.7724736515809052,0.8173913043478261,0.6443478260869565,0.6956521739130435,2
tag_l2_087,310,43,1.4285714285714286,4.509677419354839,7.209302325581396,1.9548387096774194,1,0.4161290322580645,1.9548387096774194,1.738709677419355,1.3064516129032258,0.8290322580645161,0.33548387096774196,0.27419354838709675,0.11612903225806452,0.23870967741935484,0.01935483870967742,0.0,0.7391705069124423,0.6894009216589861,0.695852534562212,0.7930142302716688,0.5782664941785253,0.6545924967658473,2
tag_l2_088,20,3,1.3333333333333333,3.4,6.666666666666667,1.5,0,0.35,1.5,1.2,0.8,0.5,0.3,0.1,0.05,0.15,0.05,0.0,0.625,0.5833333333333334,0.5625,0.4642857142857143,0.4642857142857143,0.39285714285714285,2
tag_l2_089,43,8,0.0,5.27906976744186,5.375,2.0697674418604652,0,0.6976744186046512,2.0697674418604652,1.8604651162790697,1.6511627906976745,1.0232558139534884,0.6976744186046512,0.5581395348837209,0.09302325581395349,0.3488372093023256,0.023255813953488372,0.0,0.6902173913043478,0.5760869565217391,0.6739130434782609,0.8014184397163121,0.5815602836879432,0.7021276595744681,2
tag_l2_090,363,39,1.4285714285714286,4.7162534435261705,9.307692307692308,2.046831955922865,12,0.3884297520661157,2.046831955922865,1.699724517906336,1.4738292011019283,0.8016528925619835,0.29201101928374656,0.19008264462809918,0.09366391184573003,0.14600550964187328,0.01928374655647383,0.0,0.7535263548626577,0.7223459539717891,0.7245731254639941,0.8105906313645621,0.6313645621181263,0.6659877800407332,2
tag_l2_091,434,46,1.5833333333333333,4.7050691244239635,9.434782608695652,1.9654377880184333,9,0.4930875576036866,1.9654377880184333,1.6705069124423964,1.4700460829493087,0.8663594470046083,0.41244239631336405,0.2764976958525346,0.17050691244239632,0.24423963133640553,0.06912442396313365,0.002304147465437788,0.7696629213483146,0.7234706616729089,0.7284644194756554,0.8223175965665236,0.6377682403433477,0.6600858369098712,2
tag_l2_092,140,14,1.0714285714285714,4.1,10.0,1.7357142857142858,1,0.34285714285714286,1.7357142857142858,1.4142857142857144,1.3142857142857143,0.6642857142857143,0.2642857142857143,0.17142857142857143,0.04285714285714286,0.09285714285714286,0.0,0.0,0.8236658932714617,0.7958236658932715,0.7865429234338747,0.8137931034482758,0.696551724137931,0.7620689655172413,2
tag_l2_093,150,24,1.0833333333333333,4.486666666666666,6.25,1.9266666666666667,0,0.4866666666666667,1.9266666666666667,1.56,1.3533333333333333,0.8133333333333334,0.36666666666666664,0.2866666666666667,0.2,0.3,0.04,0.0,0.7337164750957854,0.6685823754789272,0.6704980842911877,0.6881720430107527,0.6129032258064516,0.6263440860215054,2
tag_l2_094,60,8,1.25,4.916666666666667,7.5,2.05,0,0.65,2.05,1.6833333333333333,1.4666666666666666,0.8166666666666667,0.5666666666666667,0.35,0.25,0.4,0.15,0.0,0.6808510638297872,0.6680851063829787,0.6595744680851063,0.7485714285714286,0.6285714285714286,0.5828571428571429,2
tag_l2_095,320,35,1.9,4.5875,9.142857142857142,1.884375,7,0.459375,1.884375,1.59375,1.3875,0.79375,0.3625,0.275,0.13125,0.2,0.040625,0.0,0.7388646288209607,0.7109170305676856,0.7013100436681222,0.7846715328467153,0.6545012165450121,0.6654501216545012,2
tag_l3_000,584,45,2.051282051282051,4.9520547945205475,12.977777777777778,2.083904109589041,22,0.4674657534246575,2.083904109589041,1.768835616438356,1.6455479452054795,0.9041095890410958,0.3544520547945205,0.238013698630137,0.1232876712328767,0.21575342465753425,0.02910958904109589,0.008561643835616438,0.7792321116928447,0.737783595113438,0.7443280977312391,0.824468085106383,0.648936170212766,0.7163120567375887,3
tag_l3_001,332,38,1.5757575757575757,5.033132530120482,8.736842105263158,2.141566265060241,18,0.42771084337349397,2.141566265060241,1.8343373493975903,1.7048192771084338,0.9608433734939759,0.3493975903614458,0.28313253012048195,0.13855421686746988,0.1897590361445783,0.02108433734939759,0.0,0.7621540762902019,0.7157816005983545,0.7382198952879581,0.759682224428997,0.6573982125124131,0.6981132075471698,3
tag_l3_002,571,41,1.4054054054054055,5.064798598949212,13.926829268292684,2.052539404553415,26,0.6444833625218914,2.052539404553415,1.6444833625218913,1.6199649737302977,0.8791593695271454,0.4851138353765324,0.31523642732049034,0.2469352014010508,0.3520140105078809,0.04553415061295972,0.0017513134851138354,0.675885911840968,0.6603284356093345,0.6452031114952463,0.6182548794489093,0.5120551090700345,0.5493685419058554,3
tag_l3_003,558,89,1.7391304347826086,4.634408602150538,6.269662921348314,1.956989247311828,13,0.46953405017921146,1.956989247311828,1.6720430107526882,1.342293906810036,0.8064516129032258,0.40860215053763443,0.32616487455197135,0.12544802867383512,0.2777777777777778,0.03225806451612903,0.0,0.7094861660079052,0.6867588932806324,0.6803359683794467,0.7216916780354706,0.6002728512960437,0.6350613915416098,3
tag_l3_004,683,78,1.3888888888888888,4.803806734992679,8.756410256410257,1.8521229868228404,11,0.6661786237188873,1.8521229868228404,1.6339677891654465,1.404099560761347,0.9004392386530015,0.5095168374816984,0.363103953147877,0.18740849194729137,0.32503660322108346,0.0951683748169839,0.0,0.7460439984561945,0.7124662292551138,0.7055191045928213,0.7980010520778538,0.6301946344029458,0.658074697527617,3
tag_l3_005,479,38,1.1842105263157894,4.670146137787056,12.605263157894736,1.9457202505219207,11,0.5427974947807933,1.9457202505219207,1.5991649269311066,1.4196242171189979,0.8016701461377871,0.4154488517745303,0.24425887265135698,0.16701461377870563,0.27139874739039666,0.06889352818371608,0.0,0.7353443369379624,0.71371656232214,0.7080250426863973,0.7856025039123631,0.6494522691705791,0.6314553990610329,3
tag_l3_006,454,56,1.5365853658536586,4.601321585903084,8.107142857142858,2.002202643171806,12,0.36123348017621143,2.002202643171806,1.6850220264317182,1.4647577092511013,0.8215859030837004,0.28193832599118945,0.22026431718061673,0.0947136563876652,0.16519823788546256,0.00881057268722467,0.0,0.7911818738518065,0.7575015309246785,0.7709736680955297,0.8360237892948174,0.6771452846219201,0.6762956669498725,3
tag_l3_007,585,62,1.6170212765957446,4.90940170940171,9.435483870967742,2.023931623931624,17,0.4683760683760684,2.023931623931624,1.8188034188034188,1.4974358974358974,0.9384615384615385,0.3606837606837607,0.26495726495726496,0.17435897435897435,0.24102564102564103,0.03418803418803419,0.0017094017094017094,0.7666959578207382,0.7122144112478032,0.7214411247803163,0.7704626334519573,0.6192170818505338,0.6488730723606169,3
tag_l3_008,794,74,1.5797101449275361,4.821158690176323,10.72972972972973,2.026448362720403,25,0.44836272040302266,2.026448362720403,1.8085642317380353,1.487405541561713,0.8677581863979849,0.380352644836272,0.3022670025188917,0.12846347607052896,0.2052896725440806,0.03526448362720403,0.0012594458438287153,0.791005291005291,0.7602513227513228,0.7741402116402116,0.8170786516853933,0.6984269662921349,0.6966292134831461,3
tag_l3_009,384,39,1.2972972972972974,5.122395833333333,9.846153846153847,2.0989583333333335,19,0.46875,2.0989583333333335,1.8567708333333333,1.7135416666666667,0.9869791666666666,0.3854166666666667,0.3125,0.1640625,0.2109375,0.036458333333333336,0.0,0.7674714104193139,0.7306226175349428,0.7198221092757306,0.7957805907172996,0.6168776371308017,0.6683544303797468,3
tag_l3_010,579,41,1.8888888888888888,4.841105354058722,14.121951219512194,2.0345423143350603,22,0.4421416234887737,2.0345423143350603,1.7512953367875648,1.5647668393782384,0.8635578583765112,0.3316062176165803,0.229706390328152,0.10189982728842832,0.20725388601036268,0.017271157167530225,0.0,0.7769751693002257,0.7367945823927765,0.7539503386004515,0.8439803439803439,0.6713759213759214,0.6977886977886978,3
tag_l3_011,641,67,1.3636363636363635,4.739469578783151,9.567164179104477,1.9921996879875195,18,0.514820592823713,1.9921996879875195,1.7129485179407176,1.421216848673947,0.8549141965678627,0.42277691107644305,0.2917316692667707,0.1357254290171607,0.2917316692667707,0.057722308892355696,0.0015600624024961,0.7399665551839465,0.7015050167224081,0.7286789297658863,0.7980549199084668,0.6212814645308925,0.6721967963386728,3
tag_l3_012,453,27,1.4230769230769231,4.799116997792495,16.77777777777778,1.9602649006622517,10,0.5121412803532008,1.9602649006622517,1.7019867549668874,1.4944812362030906,0.9072847682119205,0.4194260485651214,0.31346578366445915,0.16556291390728478,0.24061810154525387,0.0640176600441501,0.0,0.7898126463700235,0.7576112412177985,0.7628805620608899,0.82,0.676,0.692,3
tag_l3_013,269,29,1.7391304347826086,4.710037174721189,9.275862068965518,2.037174721189591,12,0.3680297397769517,2.037174721189591,1.7026022304832713,1.5576208178438662,0.8810408921933085,0.31226765799256506,0.22676579925650558,0.11895910780669144,0.1895910780669145,0.011152416356877323,0.0,0.7759838546922301,0.7487386478304743,0.7436932391523713,0.7621621621621621,0.6013513513513513,0.6635135135135135,3
tag_l3_014,591,59,1.4166666666666667,5.05414551607445,10.016949152542374,2.1150592216582065,25,0.4957698815566836,2.1150592216582065,1.8138747884940778,1.626057529610829,0.937394247038917,0.38747884940778343,0.2927241962774958,0.15736040609137056,0.24027072758037224,0.028764805414551606,0.0,0.7498950902224087,0.7159043222828367,0.7146454049517414,0.7762788083192805,0.6346261944912872,0.6475548060708263,3
tag_l3_015,683,80,1.3103448275862069,5.020497803806735,8.5375,2.0790629575402635,23,0.4670571010248902,2.0790629575402635,1.828696925329429,1.6281112737920937,0.95900439238653,0.40263543191800877,0.30307467057101023,0.1581259150805271,0.2240117130307467,0.043923865300146414,0.0014641288433382138,0.7733918128654971,0.7236842105263158,0.7375730994152047,0.8052580331061344,0.6295034079844206,0.6777020447906524,3
tag_l3_016,1041,91,1.5789473684210527,4.934678194044189,11.43956043956044,2.0566762728146015,25,0.43804034582132567,2.0566762728146015,1.8270893371757926,1.6042267050912584,0.9606147934678194,0.36407300672430354,0.27761767531219983,0.14505283381364073,0.1873198847262248,0.03170028818443804,0.0,0.7570413911339701,0.7340191036002939,0.7293656625030615,0.7957769712966017,0.6298251402177499,0.6773342131309799,3
tag_l3_017,945,82,1.391304347826087,4.520634920634921,11.524390243902438,1.8708994708994708,18,0.44761904761904764,1.8708994708994708,1.617989417989418,1.3873015873015873,0.801058201058201,0.3396825396825397,0.26031746031746034,0.13015873015873017,0.20952380952380953,0.04656084656084656,0.0,0.732487922705314,0.7258454106280193,0.7092391304347826,0.7496871088861077,0.6236962870254484,0.6266166040884439,3
tag_l3_018,350,36,1.5555555555555556,4.854285714285714,9.722222222222221,2.0028571428571427,12,0.49142857142857144,2.0028571428571427,1.72,1.5057142857142858,0.8771428571428571,0.42,0.3,0.18285714285714286,0.2257142857142857,0.03428571428571429,0.0,0.759493670886076,0.7103499627699181,0.727475800446761,0.7834008097165992,0.6346153846153846,0.6497975708502024,3
tag_l3_019,242,27,1.2916666666666667,4.6652892561983474,8.962962962962964,1.8884297520661157,8,0.5082644628099173,1.8884297520661157,1.6446280991735538,1.475206611570248,0.8966942148760331,0.40082644628099173,0.2768595041322314,0.1487603305785124,0.2231404958677686,0.04132231404958678,0.0,0.7627695800227015,0.7332576617480137,0.7491486946651532,0.8125984251968504,0.6708661417322834,0.6866141732283465,3
tag_l3_020,576,73,1.5535714285714286,4.532986111111111,7.890410958904109,1.9479166666666667,7,0.3697916666666667,1.9479166666666667,1.6996527777777777,1.3385416666666667,0.8333333333333334,0.3315972222222222,0.23958333333333334,0.1076388888888889,0.1545138888888889,0.020833333333333332,0.0,0.6806308526367669,0.6441596845736817,0.6520453425332676,0.6963423050379572,0.559696342305038,0.587991718426501,3
tag_l3_021,632,91,1.3066666666666666,4.6835443037974684,6.945054945054945,1.9683544303797469,5,0.40189873417721517,1.9683544303797469,1.7136075949367089,1.4968354430379747,0.8354430379746836,0.34335443037974683,0.2610759493670886,0.08227848101265822,0.15664556962025317,0.0189873417721519,0.0,0.8216286083584662,0.7759586385178803,0.7949159844894442,0.8680926916221033,0.6892453951277481,0.7492572786690433,3
tag_l3_022,620,70,1.6226415094339623,4.627419354838709,8.857142857142858,1.979032258064516,9,0.42096774193548386,1.979032258064516,1.7129032258064516,1.4387096774193548,0.8129032258064516,0.3709677419354839,0.2870967741935484,0.10483870967741936,0.17903225806451614,0.02258064516129032,0.0032258064516129032,0.8046387154326494,0.7618198037466548,0.768064228367529,0.8354978354978355,0.712430426716141,0.7464440321583179,3
tag_l3_023,674,92,1.710144927536232,4.618694362017804,7.326086956521739,1.946587537091988,7,0.413946587537092,1.946587537091988,1.7403560830860534,1.4065281899109792,0.8471810089020771,0.3456973293768546,0.2789317507418398,0.08902077151335312,0.2062314540059347,0.013353115727002967,0.0,0.7371663244353183,0.6960985626283368,0.7026694045174537,0.770193401592719,0.5967007963594995,0.646188850967008,3
tag_l3_024,336,31,2.1904761904761907,4.654761904761905,10.838709677419354,2.0,10,0.40773809523809523,2.0,1.7023809523809523,1.3898809523809523,0.8095238095238095,0.34523809523809523,0.25,0.11904761904761904,0.20238095238095238,0.01488095238095238,0.0,0.6867862969004894,0.664763458401305,0.6525285481239804,0.7199100112485939,0.5613048368953881,0.5860517435320585,3
tag_l3_025,803,94,1.5813953488372092,5.183063511830635,8.542553191489361,2.175591531755915,32,0.45703611457036114,2.175591531755915,1.9053549190535493,1.6425902864259028,1.00373599003736,0.3848069738480697,0.3175591531755915,0.1706102117061021,0.21793275217932753,0.048567870485678705,0.0012453300124533001,0.7787503773015394,0.7283428916389979,0.7328705101116813,0.7737226277372263,0.6285482562854826,0.6463909164639091,3
tag_l3_026,582,73,1.484375,5.094501718213058,7.972602739726027,2.0738831615120277,28,0.5120274914089347,2.0738831615120277,1.8058419243986255,1.647766323024055,0.9604810996563574,0.43986254295532645,0.281786941580756,0.20790378006872853,0.25945017182130586,0.048109965635738834,0.001718213058419244,0.7375105842506351,0.712108382726503,0.7066045723962744,0.8015873015873016,0.623015873015873,0.6456916099773242,3
tag_l3_027,465,52,1.75,4.688172043010753,8.942307692307692,1.89247311827957,8,0.5548387096774193,1.89247311827957,1.5978494623655914,1.4279569892473118,0.832258064516129,0.4172043010752688,0.2946236559139785,0.17204301075268819,0.2623655913978495,0.07741935483870968,0.01935483870967742,0.7180539273153576,0.6852286049237983,0.6910902696365768,0.7550689375506894,0.6058394160583942,0.6277372262773723,3
tag_l3_028,2021,166,1.4423076923076923,4.6882731321128155,12.174698795180722,1.9757545769421079,48,0.45225136071251854,1.9757545769421079,1.7001484413656605,1.4448292924294903,0.8258287976249381,0.33993072736269175,0.24195942602671944,0.11677387431964374,0.22018802572983673,0.03364670954972786,0.0014844136566056407,0.7394697887229175,0.7055577984120576,0.7071726550935271,0.7882440200259596,0.6170962358613017,0.6502874096050436,3
tag_l3_029,702,54,1.288888888888889,4.688034188034188,13.0,1.9857549857549857,24,0.39316239316239315,1.9857549857549857,1.7264957264957266,1.502849002849003,0.8803418803418803,0.349002849002849,0.28205128205128205,0.11396011396011396,0.16096866096866097,0.02564102564102564,0.0,0.7876791941108098,0.7458349476946919,0.7485470747772182,0.8504273504273504,0.6875,0.7264957264957265,3
tag_l3_030,449,50,1.2352941176470589,4.552338530066815,8.98,1.9242761692650334,4,0.44766146993318484,1.9242761692650334,1.6837416481069043,1.3830734966592428,0.8195991091314031,0.3273942093541203,0.24498886414253898,0.1447661469933185,0.24721603563474387,0.031180400890868598,0.0,0.7183186951066499,0.6888331242158093,0.6756587202007528,0.7421328671328671,0.6153846153846154,0.6040209790209791,3
tag_l3_031,633,57,1.7142857142857142,4.478672985781991,11.105263157894736,1.8783570300157977,8,0.4439178515007899,1.8783570300157977,1.6208530805687205,1.3048973143759874,0.7819905213270142,0.31911532385466035,0.22906793048973143,0.12480252764612954,0.23064770932069512,0.0315955766192733,0.0,0.7530695770804912,0.726693951796271,0.717144156434743,0.7710997442455243,0.637468030690537,0.6240409207161125,3
tag_l3_032,279,29,2.238095238095238,4.634408602150538,9.620689655172415,1.8673835125448028,5,0.5053763440860215,1.8673835125448028,1.5949820788530467,1.3297491039426523,0.7992831541218638,0.4336917562724014,0.32974910394265233,0.1003584229390681,0.17921146953405018,0.043010752688172046,0.007168458781362007,0.722879684418146,0.6903353057199211,0.6923076923076923,0.7537414965986394,0.6,0.6353741496598639,3
tag_l3_033,2056,235,1.454054054054054,4.68920233463035,8.748936170212765,2.02431906614786,63,0.39299610894941633,2.02431906614786,1.7071984435797665,1.5063229571984436,0.8336575875486382,0.33608949416342415,0.2714007782101167,0.08463035019455253,0.14980544747081712,0.014105058365758755,0.0009727626459143969,0.8014598540145985,0.7455872594558726,0.7702720637027206,0.8367947068553575,0.6888439625068921,0.7340562396618269,3
tag_l3_034,813,111,1.4852941176470589,4.728167281672817,7.324324324324325,2.007380073800738,23,0.46863468634686345,2.007380073800738,1.6506765067650677,1.4612546125461254,0.8093480934809348,0.35547355473554737,0.25953259532595324,0.12300123001230012,0.2140221402214022,0.023370233702337023,0.0,0.7279973430753902,0.6821653935569578,0.6818332779807373,0.7273978889398807,0.6135842129417164,0.648462597521799,3
tag_l3_035,436,46,1.3488372093023255,4.717889908256881,9.478260869565217,1.951834862385321,9,0.47477064220183485,1.951834862385321,1.7201834862385321,1.4403669724770642,0.8463302752293578,0.3463302752293578,0.25,0.10779816513761468,0.231651376146789,0.03211009174311927,0.0045871559633027525,0.7797655768044417,0.7384330660086367,0.7279457125231339,0.8121314237573716,0.6554338668913227,0.6899747262005055,3
tag_l3_036,2463,336,1.4212328767123288,5.071051563134389,7.330357142857143,2.1481932602517255,102,0.5172553796183516,2.1481932602517255,1.8566788469346325,1.5757206658546488,0.9301664636622006,0.42143727161997563,0.28136419001218027,0.17661388550548113,0.2570036540803898,0.0341047503045067,0.0016240357287860333,0.6941105769230769,0.6513421474358975,0.6662660256410257,0.7053881034942652,0.578287543344892,0.599493198186183,3
tag_l3_037,1758,246,1.4272300469483568,5.103526734926052,7.146341463414634,2.176905574516496,83,0.5045506257110353,2.176905574516496,1.8742889647326508,1.5944254835039817,0.931740614334471,0.40955631399317405,0.2707622298065984,0.17235494880546076,0.24800910125142206,0.0335608646188851,0.0022753128555176336,0.6920829275080006,0.6499234729372478,0.665368025601781,0.7024381233838197,0.5773919468045807,0.6001108237901737,3
tag_l3_038,3922,501,1.5696202531645569,4.7924528301886795,7.828343313373254,2.017593064762876,125,0.45181030086690466,2.017593064762876,1.8018867924528301,1.4538500764915858,0.9051504334523203,0.38781234064252934,0.29117797042325344,0.12340642529321774,0.2345741968383478,0.02779194288628251,0.0005099439061703213,0.730329477031324,0.688451390298356,0.693051890941073,0.7339008142116951,0.6085307179866766,0.6176905995558846,3
tag_l3_039,2943,382,1.59,4.805980292218824,7.704188481675392,2.0258239891267413,92,0.4492014950730547,2.0258239891267413,1.8107373428474345,1.4597349643221202,0.9130139313625553,0.3853211009174312,0.29221882432891605,0.12572205232755693,0.23615358477743797,0.026843357118586476,0.0003397893306150187,0.7265702219426723,0.6856860454667985,0.6880222841225627,0.7292458614347026,0.6072348252605764,0.6121397915389332,3
tag_l3_040,939,123,1.504950495049505,4.891373801916933,7.634146341463414,2.0298189563365283,25,0.4728434504792332,2.0298189563365283,1.8242811501597445,1.523961661341853,0.9275825346112886,0.36315228966986157,0.27263045793397234,0.19488817891373802,0.2673056443024494,0.026624068157614485,0.0010649627263045794,0.7732782369146005,0.7195592286501378,0.7371900826446282,0.7568377669539154,0.6144623454477333,0.6496815286624203,3
tag_l3_041,1867,256,1.6267281105990783,4.941081949651848,7.29296875,2.032137118371719,64,0.5356186395286556,2.032137118371719,1.7884306373861811,1.5168719871451526,0.9041242635243707,0.42903053026245314,0.31655061596143547,0.1783610069630423,0.29137653990358864,0.03053026245313337,0.004284949116229245,0.6949013157894737,0.665296052631579,0.6684484649122807,0.716153987843065,0.5967949898692209,0.615030392337447,3
tag_l3_042,2218,258,1.7487179487179487,4.7312894499549145,8.5968992248062,1.9963931469792606,66,0.4625788999098287,1.9963931469792606,1.7164111812443643,1.4558160504959423,0.8363390441839496,0.37285843101893595,0.28088367899008115,0.1339044183949504,0.2254283137962128,0.022091974752028856,0.002254283137962128,0.7308299914934986,0.7000850650139749,0.7038522299185807,0.7565811396201266,0.625624791736088,0.633622125958014,3
tag_l3_043,1953,201,1.5,4.960061443932411,9.716417910447761,2.078853046594982,76,0.48540706605222733,2.078853046594982,1.8274449564772146,1.55657962109575,0.9170506912442397,0.39272913466461856,0.29595494111623144,0.12032770097286226,0.22990271377368152,0.025089605734767026,0.0010240655401945725,0.7747431395500065,0.7314345168422421,0.7423592144622188,0.8002455278849526,0.6517011574886005,0.6864258155033321,3
tag_l3_044,1486,165,1.5033112582781456,4.958950201884253,9.006060606060606,2.08950201884253,60,0.48183041722745623,2.08950201884253,1.82907133243607,1.5524899057873487,0.9172274562584118,0.39502018842530284,0.29946164199192465,0.11507402422611036,0.23216689098250337,0.02288021534320323,0.002018842530282638,0.7710040983606558,0.7283128415300546,0.737363387978142,0.7983908045977012,0.6457471264367816,0.6809195402298851,3
tag_l3_045,2854,349,1.7391304347826086,4.635949544498949,8.177650429799426,1.9740714786264892,70,0.3987386124737211,1.9740714786264892,1.7224947442186405,1.4369306236860546,0.8591450595655221,0.33672039243167484,0.2620882971268395,0.10686755430974071,0.19166082690960057,0.0255781359495445,0.000700770847932726,0.747675319643549,0.7144517628826036,0.7164858581944983,0.7795360064369049,0.645165616199544,0.6857985785168298,3
tag_l3_046,3568,425,1.5939226519337018,4.779708520179372,8.395294117647058,2.0291479820627805,105,0.4366591928251121,2.0291479820627805,1.7530829596412556,1.4910313901345291,0.8719170403587444,0.35257847533632286,0.2623318385650224,0.11995515695067265,0.2054372197309417,0.02298206278026906,0.003082959641255605,0.7545142516042381,0.7143709894045664,0.7274287419788091,0.7770518579011841,0.6352592895059208,0.6811964066966109,3
tag_l3_047,416,72,1.411764705882353,4.6298076923076925,5.777777777777778,1.9471153846153846,2,0.4855769230769231,1.9471153846153846,1.6418269230769231,1.3942307692307692,0.7980769230769231,0.38461538461538464,0.31009615384615385,0.13701923076923078,0.23557692307692307,0.036057692307692304,0.004807692307692308,0.7285998672859987,0.7086927670869276,0.6695421366954214,0.8,0.6357798165137615,0.6486238532110091,3
tag_l3_048,116,9,1.4444444444444444,5.198275862068965,12.88888888888889,2.1293103448275863,7,0.5258620689655172,2.1293103448275863,1.793103448275862,1.7327586206896552,0.9051724137931034,0.3706896551724138,0.31896551724137934,0.16379310344827586,0.21551724137931033,0.008620689655172414,0.0,0.728952772073922,0.6960985626283368,0.6919917864476386,0.7439353099730458,0.6199460916442049,0.601078167115903,3
tag_l3_049,339,35,1.8461538461538463,4.902654867256637,9.685714285714285,2.061946902654867,8,0.46017699115044247,2.061946902654867,1.7846607669616519,1.59882005899705,0.9351032448377581,0.40117994100294985,0.30973451327433627,0.19469026548672566,0.2713864306784661,0.02654867256637168,0.0,0.7654698242933538,0.7272727272727273,0.7402597402597403,0.7291666666666666,0.6052083333333333,0.65,3
tag_l3_050,1098,94,1.3243243243243243,5.143897996357013,11.680851063829786,2.109289617486339,38,0.546448087431694,2.109289617486339,1.8479052823315119,1.680327868852459,0.9562841530054644,0.43169398907103823,0.3114754098360656,0.16484517304189436,0.23588342440801457,0.030965391621129327,0.0,0.7626707800793301,0.7263111502864699,0.7293962097840458,0.7948195576251456,0.6373690337601863,0.6772409778812573,3
tag_l3_051,400,41,1.4210526315789473,5.0225,9.75609756097561,2.0575,10,0.495,2.0575,1.78,1.6325,0.985,0.4,0.295,0.165,0.22,0.0425,0.0,0.7826899128268991,0.7415940224159402,0.7391033623910336,0.857379767827529,0.6741293532338308,0.714759535655058,3
tag_l3_052,657,72,1.5606060606060606,4.856925418569254,9.125,2.0304414003044142,21,0.4748858447488584,2.0304414003044142,1.704718417047184,1.5920852359208524,0.8949771689497716,0.4124809741248097,0.2831050228310502,0.1202435312024353,0.2024353120243531,0.0441400304414003,0.0030441400304414,0.7973133148952983,0.7487159225602529,0.7625444488344528,0.8169690501600854,0.688367129135539,0.7049092849519744,3
tag_l3_053,777,100,1.6818181818181819,4.702702702702703,7.77,1.906048906048906,15,0.4980694980694981,1.906048906048906,1.6602316602316602,1.4054054054054055,0.851994851994852,0.36293436293436293,0.277992277992278,0.17503217503217502,0.26898326898326896,0.018018018018018018,0.002574002574002574,0.7175438596491228,0.6817543859649123,0.6761403508771929,0.7526881720430108,0.6070381231671554,0.6295210166177908,3
tag_l3_054,1063,138,1.5826771653543308,5.134524929444967,7.702898550724638,2.1599247412982128,33,0.4816556914393227,2.1599247412982128,1.9106302916274693,1.651928504233302,0.967074317968015,0.4308560677328316,0.3301975540921919,0.1561618062088429,0.2116650987770461,0.04421448730009407,0.0009407337723424271,0.7593313487520037,0.7128463476070529,0.7261277765056102,0.7810975609756098,0.6329268292682927,0.6737804878048781,3
tag_l3_055,432,47,1.6,4.5717592592592595,9.191489361702128,1.9814814814814814,11,0.36342592592592593,1.9814814814814814,1.7361111111111112,1.3935185185185186,0.8194444444444444,0.25462962962962965,0.18287037037037038,0.08101851851851852,0.1875,0.018518518518518517,0.0,0.759090909090909,0.7298701298701299,0.7285714285714285,0.8164556962025317,0.6518987341772152,0.674502712477396,3
tag_l3_056,221,19,1.3333333333333333,4.828054298642534,11.631578947368421,1.9592760180995474,1,0.5565610859728507,1.9592760180995474,1.737556561085973,1.4479638009049773,0.9004524886877828,0.4343891402714932,0.3031674208144796,0.2398190045248869,0.3257918552036199,0.05429864253393665,0.0,0.7328605200945626,0.6879432624113475,0.6855791962174941,0.7232,0.6032,0.624,3
tag_l3_057,441,79,1.4375,4.619047619047619,5.582278481012659,1.909297052154195,7,0.4467120181405896,1.909297052154195,1.691609977324263,1.3696145124716552,0.8253968253968254,0.3378684807256236,0.21315192743764172,0.13151927437641722,0.2290249433106576,0.07256235827664399,0.0,0.7471769134253451,0.7032622333751568,0.7189460476787954,0.8032786885245902,0.6479723899913719,0.6557377049180327,3
tag_l3_058,444,52,1.3333333333333333,4.808558558558558,8.538461538461538,1.9864864864864864,5,0.42792792792792794,1.9864864864864864,1.740990990990991,1.5495495495495495,0.8873873873873874,0.36711711711711714,0.2635135135135135,0.11936936936936937,0.18468468468468469,0.033783783783783786,0.0,0.7732937685459941,0.7252225519287834,0.7240356083086054,0.8236245954692557,0.6707119741100324,0.7022653721682848,3
tag_l3_059,606,79,1.4509803921568627,4.900990099009901,7.670886075949367,2.004950495049505,17,0.5478547854785478,2.004950495049505,1.6221122112211221,1.627062706270627,0.8993399339933993,0.4158415841584158,0.29372937293729373,0.15676567656765678,0.2508250825082508,0.034653465346534656,0.0016501650165016502,0.7503179313268334,0.7248834251801611,0.7274268757948283,0.7818389491719018,0.6384922901199315,0.6573386636207881,3
tag_l3_060,458,64,1.4,4.2663755458515285,7.15625,1.794759825327511,9,0.36681222707423583,1.794759825327511,1.502183406113537,1.3406113537117903,0.7729257641921398,0.28602620087336245,0.22707423580786026,0.10698689956331878,0.18995633187772926,0.03056768558951965,0.0,0.7960969044414535,0.7362045760430687,0.7375504710632571,0.8617121354656632,0.6368767638758231,0.7064910630291628,3
tag_l3_061,119,17,1.5384615384615385,4.61344537815126,7.0,1.9327731092436975,1,0.4369747899159664,1.9327731092436975,1.6302521008403361,1.4705882352941178,0.8907563025210085,0.36134453781512604,0.25210084033613445,0.16806722689075632,0.23529411764705882,0.03361344537815126,0.0,0.7738927738927739,0.7505827505827506,0.7226107226107226,0.8284789644012945,0.6116504854368932,0.6601941747572816,3
tag_l3_062,1006,71,2.0140845070422535,5.083499005964215,14.169014084507042,2.084493041749503,51,0.5397614314115308,2.084493041749503,1.8141153081510935,1.6182902584493042,0.9234592445328031,0.378727634194831,0.2783300198807157,0.18588469184890655,0.30019880715705766,0.032803180914512925,0.0009940357852882703,0.7082924435721295,0.6840039254170756,0.6992149165848871,0.7245567957977675,0.587327642810243,0.6375574523965857,3
tag_l3_063,946,100,1.4634146341463414,4.780126849894292,9.46,2.004228329809725,27,0.4450317124735729,2.004228329809725,1.813953488372093,1.4756871035940804,0.9365750528541226,0.3752642706131078,0.2758985200845666,0.14587737843551796,0.2219873150105708,0.039112050739957716,0.0021141649048625794,0.7501403705783268,0.7004491858506458,0.7074677147669849,0.782642089093702,0.6332565284178188,0.6582181259600615,3
tag_l3_064,1408,73,1.1111111111111112,1.5276988636363635,19.28767123287671,0.6264204545454546,2,0.05823863636363636,0.6264204545454546,0.24289772727272727,0.21306818181818182,0.125,0.044744318181818184,0.030539772727272728,0.019176136363636364,0.026988636363636364,0.004971590909090909,0.0014204545454545455,0.7598371777476255,0.7109905020352781,0.6987788331071914,0.7715355805243446,0.6179775280898876,0.6329588014981273,3
tag_l3_065,704,68,1.328358208955224,5.066761363636363,10.352941176470589,2.075284090909091,31,0.5326704545454546,2.075284090909091,1.78125,1.671875,0.9630681818181818,0.43607954545454547,0.328125,0.15056818181818182,0.23295454545454544,0.03409090909090909,0.0014204545454545455,0.7794169301018616,0.7530734106076572,0.7478047067088163,0.7925856405443453,0.655091506335054,0.6912247770999531,3
tag_l3_066,702,82,1.5714285714285714,4.615384615384615,8.560975609756097,1.9686609686609686,20,0.4444444444444444,1.9686609686609686,1.6595441595441596,1.3803418803418803,0.7877492877492878,0.3475783475783476,0.23931623931623933,0.10683760683760683,0.21082621082621084,0.01566951566951567,0.0,0.7430830039525692,0.7217391304347827,0.724901185770751,0.7947310647639956,0.6322722283205269,0.6673984632272228,3
tag_l3_067,342,50,1.6785714285714286,4.842105263157895,6.84,2.0672514619883042,9,0.4239766081871345,2.0672514619883042,1.8567251461988303,1.5146198830409356,0.9035087719298246,0.39473684210526316,0.28362573099415206,0.13742690058479531,0.195906432748538,0.07602339181286549,0.008771929824561403,0.727901614142967,0.7009992313604919,0.684857801691007,0.7510548523206751,0.6286919831223629,0.6360759493670886,3
tag_l3_068,947,113,1.31,4.845828933474129,8.380530973451327,2.050686378035903,32,0.4371700105596621,2.050686378035903,1.8162618796198522,1.4973600844772967,0.8711721224920802,0.36958817317845827,0.2925026399155227,0.1119324181626188,0.23231256599788808,0.03801478352692714,0.0021119324181626186,0.761049723756906,0.7339779005524862,0.742817679558011,0.8002261590652092,0.6317376554843573,0.6630229928382962,3
tag_l3_069,862,73,1.1774193548387097,4.7540603248259865,11.808219178082192,1.9605568445475638,21,0.4988399071925754,1.9605568445475638,1.6693735498839908,1.4849187935034802,0.894431554524362,0.419953596287703,0.3039443155452436,0.16009280742459397,0.23781902552204176,0.052204176334106726,0.002320185614849188,0.7537359900373599,0.7154420921544209,0.7254047322540473,0.755793991416309,0.6266094420600858,0.6420600858369099,3
tag_l3_070,587,78,1.46875,4.976149914821124,7.5256410256410255,2.1260647359454854,20,0.39182282793867124,2.1260647359454854,1.867120954003407,1.6388415672913117,0.9369676320272572,0.3645655877342419,0.25894378194207834,0.10732538330494037,0.18057921635434412,0.03236797274275979,0.0017035775127768314,0.8173614095401804,0.771809196390202,0.7902879243661367,0.8547550432276657,0.6645533141210375,0.7314121037463976,3
tag_l3_071,1112,131,1.2621359223300972,4.785071942446043,8.488549618320612,2.004496402877698,31,0.4460431654676259,2.004496402877698,1.7904676258992807,1.4739208633093526,0.8723021582733813,0.38669064748201437,0.30485611510791366,0.11061151079136691,0.2221223021582734,0.02787769784172662,0.0,0.7507163323782235,0.6957975167144221,0.7246895893027698,0.7685518143184047,0.6152337365152011,0.6606734226871527,3
tag_l3_072,206,25,1.380952380952381,4.611650485436893,8.24,1.9077669902912622,7,0.44660194174757284,1.9077669902912622,1.6941747572815533,1.4368932038834952,0.8883495145631068,0.33980582524271846,0.2524271844660194,0.14563106796116504,0.2524271844660194,0.019417475728155338,0.0,0.7889784946236559,0.7540322580645161,0.7782258064516129,0.8404452690166976,0.6846011131725418,0.7068645640074211,3
tag_l3_073,682,71,1.5846153846153845,5.064516129032258,9.605633802816902,2.1187683284457477,28,0.4574780058651026,2.1187683284457477,1.847507331378299,1.6290322580645162,0.9002932551319648,0.36070381231671556,0.2624633431085044,0.12463343108504399,0.20381231671554254,0.026392961876832845,0.002932551319648094,0.7888605751729159,0.754641427011285,0.7706589006188569,0.8190709046454768,0.6836185819070905,0.7095354523227384,3
tag_l3_074,417,47,1.6428571428571428,4.788968824940048,8.872340425531915,2.0071942446043165,9,0.42685851318944845,2.0071942446043165,1.8273381294964028,1.4796163069544364,0.8848920863309353,0.36211031175059955,0.3069544364508393,0.10311750599520383,0.2038369304556355,0.014388489208633094,0.002398081534772182,0.8096753660089115,0.7702100572883513,0.7568427753023552,0.8288209606986899,0.6820960698689956,0.7222707423580786,3
tag_l3_075,537,64,1.9333333333333333,4.8361266294227185,8.390625,2.0577281191806334,20,0.42830540037243947,2.0577281191806334,1.728119180633147,1.601489757914339,0.88268156424581,0.3426443202979516,0.25884543761638734,0.12290502793296089,0.19366852886405958,0.0260707635009311,0.0,0.7605083088954057,0.7165200391006843,0.718475073313783,0.7558372248165444,0.6157438292194797,0.6404269513008672,3
tag_l3_076,336,25,2.1,4.979166666666667,13.44,2.0922619047619047,19,0.4732142857142857,2.0922619047619047,1.7738095238095237,1.6488095238095237,0.9136904761904762,0.38392857142857145,0.27380952380952384,0.12202380952380952,0.22023809523809523,0.03273809523809524,0.002976190476190476,0.7712565838976674,0.7389014296463506,0.7155756207674944,0.8129423660262892,0.6359959555106168,0.6825075834175935,3
tag_l3_077,681,87,1.3888888888888888,5.001468428781204,7.827586206896552,2.130690161527166,16,0.3641703377386197,2.130690161527166,1.8839941262848752,1.6681350954478709,0.973568281938326,0.2834067547723935,0.22026431718061673,0.11013215859030837,0.18208516886930984,0.01908957415565345,0.002936857562408223,0.788135593220339,0.7196020633750921,0.7442888725128961,0.8062283737024222,0.6119624320316361,0.6880869995056846,3
tag_l3_078,469,79,1.4680851063829787,4.938166311300639,5.936708860759493,2.068230277185501,12,0.4690831556503198,2.068230277185501,1.791044776119403,1.5735607675906182,0.8678038379530917,0.3859275053304904,0.27505330490405117,0.11087420042643924,0.19616204690831557,0.03411513859275053,0.0,0.7241566920565833,0.7002176278563657,0.6953210010881393,0.8,0.663235294117647,0.6463235294117647,3
tag_l3_079,393,84,1.6470588235294117,4.959287531806615,4.678571428571429,2.104325699745547,14,0.41475826972010177,2.104325699745547,1.7735368956743003,1.6641221374045803,0.9745547073791349,0.3511450381679389,0.2366412213740458,0.1297709923664122,0.21882951653944022,0.015267175572519083,0.002544529262086514,0.7853910795087266,0.7485455720749838,0.7472527472527473,0.7958115183246073,0.6369982547993019,0.6980802792321117,3
tag_l3_080,475,38,1.4722222222222223,4.404210526315789,12.5,1.8294736842105264,19,0.4168421052631579,1.8294736842105264,1.5389473684210526,1.3873684210526316,0.8294736842105264,0.36,0.28,0.13473684210526315,0.2,0.042105263157894736,0.0,0.8081936685288641,0.7653631284916201,0.7777777777777778,0.8419732441471572,0.6831103678929766,0.7023411371237458,3
tag_l3_081,495,55,1.346938775510204,4.907070707070707,9.0,2.014141414141414,11,0.5353535353535354,2.014141414141414,1.7353535353535354,1.5737373737373737,0.9313131313131313,0.4303030303030303,0.29292929292929293,0.16767676767676767,0.22424242424242424,0.030303030303030304,0.0,0.7571206628689798,0.7219057483169342,0.7265665458311755,0.8040446304044631,0.6415620641562064,0.6548117154811716,3
tag_l3_082,472,46,1.1666666666666667,4.997881355932203,10.26086956521739,2.1038135593220337,20,0.4470338983050847,2.1038135593220337,1.8368644067796611,1.6334745762711864,0.9110169491525424,0.3453389830508475,0.2817796610169492,0.1292372881355932,0.211864406779661,0.01059322033898305,0.0,0.7780149413020278,0.7508004268943437,0.7411953041622199,0.8198133524766691,0.6661880832735104,0.6884422110552764,3
tag_l3_083,1375,111,1.6428571428571428,5.095272727272727,12.387387387387387,2.128,66,0.48363636363636364,2.128,1.8407272727272728,1.6632727272727272,0.9352727272727273,0.3861818181818182,0.2887272727272727,0.15927272727272726,0.22545454545454546,0.04363636363636364,0.0,0.7758651604805451,0.7360588129818899,0.7330105791644254,0.7987044145873321,0.6281190019193857,0.6725047984644914,3
tag_l3_084,619,70,1.4242424242424243,4.995153473344104,8.842857142857143,2.0339256865912763,17,0.5105008077544426,2.0339256865912763,1.7948303715670437,1.615508885298869,0.9563812600969306,0.43295638126009695,0.3360258481421648,0.14539579967689822,0.2084006462035541,0.045234248788368334,0.0016155088852988692,0.815478615071283,0.7625254582484725,0.7702647657841141,0.839472237493128,0.6882902693787796,0.7289719626168224,3
tag_l3_085,493,41,1.6857142857142857,4.776876267748479,12.024390243902438,2.002028397565923,14,0.4746450304259635,2.002028397565923,1.6815415821501014,1.5436105476673427,0.8417849898580122,0.3671399594320487,0.23123732251521298,0.13793103448275862,0.23529411764705882,0.034482758620689655,0.002028397565922921,0.7775377969762419,0.7451403887688985,0.744060475161987,0.8118518518518518,0.6570370370370371,0.7022222222222222,3
tag_l3_086,557,59,1.4423076923076923,4.515260323159785,9.440677966101696,1.8761220825852782,11,0.4614003590664273,1.8761220825852782,1.6481149012567324,1.333931777378815,0.7845601436265709,0.3357271095152603,0.24775583482944344,0.13285457809694792,0.2746858168761221,0.0718132854578097,0.0,0.7430769230769231,0.7164102564102565,0.7128205128205128,0.7236652236652237,0.5815295815295816,0.6118326118326118,3
tag_l3_087,267,26,1.4736842105263157,4.876404494382022,10.26923076923077,2.0112359550561796,6,0.4794007490636704,2.0112359550561796,1.7453183520599251,1.5655430711610487,0.9325842696629213,0.4232209737827715,0.32209737827715357,0.12734082397003746,0.21348314606741572,0.03745318352059925,0.0,0.7696030977734754,0.718296224588577,0.7163601161665053,0.8036649214659686,0.6570680628272252,0.6780104712041884,3
tag_l3_088,153,12,1.5,4.712418300653595,12.75,1.9869281045751634,3,0.43137254901960786,1.9869281045751634,1.5490196078431373,1.6470588235294117,0.869281045751634,0.3790849673202614,0.23529411764705882,0.0915032679738562,0.1895424836601307,0.0196078431372549,0.0,0.7724867724867724,0.7160493827160493,0.6860670194003528,0.7753623188405797,0.6183574879227053,0.6521739130434783,3
tag_l3_089,582,58,1.510204081632653,5.077319587628866,10.03448275862069,2.0996563573883162,21,0.506872852233677,2.0996563573883162,1.8350515463917525,1.6529209621993126,0.9742268041237113,0.4261168384879725,0.30927835051546393,0.1958762886597938,0.281786941580756,0.058419243986254296,0.005154639175257732,0.7253907900295733,0.697084917617237,0.6810308407266582,0.7620650953984287,0.5920314253647587,0.6599326599326599,3
tag_l3_090,469,40,1.911764705882353,4.552238805970149,11.725,1.9147121535181237,13,0.42857142857142855,1.9147121535181237,1.5692963752665245,1.492537313432836,0.8422174840085288,0.3304904051172708,0.24520255863539445,0.12366737739872068,0.21321961620469082,0.017057569296375266,0.0,0.7791116446578632,0.7472989195678271,0.7352941176470589,0.8262322472848789,0.6558061821219716,0.6858813700918964,3
