doc_id,mean_sentence_len,mean_word_len,polysyll_freq,type_token_ratio,syll_cv,syll_cvc,syll_ccvc,syll_ccvccc,tag_bi,tag_tri,bik_bi,bik_tri,ceb_bi,ceb_tri,label,language,split_role
0,3.3529411764705883,3.3859649122807016,0.05263157894736842,0.17543859649122806,0.19298245614035087,0.0,0.0,0.0,0.11582614379764505,0.08232785932960007,0.07513217764088392,0.04114925354489111,0.10822189041015792,0.09137426361483666,1,tagalog,high_resource
1,8.5,4.9411764705882355,0.2549019607843137,0.5751633986928104,0.13725490196078433,0.013071895424836602,0.0,0.0,0.42486167560504046,0.35050355441112707,0.34833652058889414,0.29876300121960075,0.37013066838624226,0.3505215340807004,1,tagalog,high_resource
2,9.0,5.380952380952381,0.2857142857142857,0.7619047619047619,0.1111111111111111,0.031746031746031744,0.0,0.0,0.3221433065182205,0.21525785557051277,0.32633984715843417,0.21762911038190966,0.3187369757673256,0.1774576752888772,1,tagalog,high_resource
3,9.038461538461538,5.05531914893617,0.3617021276595745,0.39574468085106385,0.07234042553191489,0.02553191489361702,0.00425531914893617,0.0,0.38326210045202663,0.4394825219513034,0.34648770751592517,0.30637248771610603,0.3844353976547596,0.3943893141069882,1,tagalog,high_resource
4,11.875,5.178947368421053,0.3684210526315789,0.5157894736842106,0.12631578947368421,0.0,0.0,0.0,0.46617060259601356,0.4329025244983307,0.4255618508929718,0.3230430868516399,0.44187227512927996,0.38398131953160647,1,tagalog,high_resource
5,11.547619047619047,4.7917525773195875,0.25773195876288657,0.5072164948453608,0.12371134020618557,0.01443298969072165,0.0,0.0,0.48050678441670674,0.4735601971422632,0.38973098698636,0.3345992929352498,0.4281144648824615,0.3850145988896005,1,tagalog,high_resource
6,3.8,3.744360902255639,0.17293233082706766,0.19548872180451127,0.12781954887218044,0.03759398496240601,0.0,0.0,0.285450521350079,0.1717738689219484,0.29524158117719107,0.16867801553595976,0.27785694430156704,0.1312540801314213,1,tagalog,high_resource
7,7.0,5.214285714285714,0.42857142857142855,0.6428571428571429,0.14285714285714285,0.0,0.0,0.0,0.24956134254965343,0.14032492976250768,0.23634553471822728,0.12129902107158627,0.24297280459785764,0.17710194867376317,1,tagalog,high_resource
8,19.0,4.526315789473684,0.10526315789473684,0.5789473684210527,0.0,0.10526315789473684,0.0,0.0,0.19897606143706703,0.1315871618070951,0.200903411181254,0.12214270878352541,0.19526022244726088,0.19249232038380135,1,tagalog,high_resource
9,7.0,3.9904761904761905,0.18095238095238095,0.4095238095238095,0.14285714285714285,0.009523809523809525,0.0,0.0,0.3642802612179249,0.34734359185869235,0.367254944589156,0.2686031208684035,0.387035629231059,0.3558131468676111,1,tagalog,high_resource
10,3.0588235294117645,3.673076923076923,0.11538461538461539,0.19230769230769232,0.09615384615384616,0.19230769230769232,0.0,0.0,0.15758670881502657,0.08899971229260012,0.14732079815876048,0.07133365555629041,0.15563558812645964,0.05138799563938,1,tagalog,high_resource
11,37.0,4.972972972972973,0.10810810810810811,0.5675675675675675,0.05405405405405406,0.05405405405405406,0.05405405405405406,0.0,0.11673023162248569,0.010393937903883281,0.09802107873760496,0.007645388971739779,0.13906289538940364,0.0183317487238807,1,tagalog,high_resource
12,8.818181818181818,5.144329896907217,0.27835051546391754,0.6804123711340206,0.09278350515463918,0.041237113402061855,0.0,0.0,0.4508925932137791,0.42581690962160373,0.4210698250733523,0.32299752444594115,0.4535066858919275,0.3936154299169214,1,tagalog,high_resource
13,7.72,5.0880829015544045,0.30569948186528495,0.5129533678756477,0.13989637305699482,0.031088082901554404,0.0,0.0,0.4181557748243838,0.38923382452313127,0.4000653444844167,0.2940467974254107,0.4176535140063837,0.3818710661999805,1,tagalog,high_resource
14,15.4,5.194805194805195,0.34415584415584416,0.564935064935065,0.11688311688311688,0.006493506493506494,0.0,0.0,0.45222649488633543,0.413148564569999,0.419101731367279,0.3352556701333683,0.4248552559087223,0.3725012998251474,1,tagalog,high_resource
15,3.764705882352941,3.53125,0.03125,0.21875,0.140625,0.140625,0.0,0.0,0.19822434147559106,0.0886675229626133,0.16727214013271294,0.07291087238926519,0.2198112767395323,0.0739942391014687,1,tagalog,high_resource
16,7.576923076923077,4.730964467005077,0.28426395939086296,0.4416243654822335,0.1319796954314721,0.08121827411167512,0.0,0.0,0.4359077976178885,0.432063595826266,0.3967678886213384,0.2914639123118909,0.43299223582188123,0.39513019807345356,1,tagalog,high_resource
17,7.961538461538462,4.661835748792271,0.28019323671497587,0.4444444444444444,0.14492753623188406,0.004830917874396135,0.0,0.0,0.4549479403247244,0.36113218674704134,0.4139697360178108,0.3392098129022594,0.4086652717591108,0.3068727950915971,1,tagalog,high_resource
18,8.296296296296296,4.883928571428571,0.26339285714285715,0.4955357142857143,0.08482142857142858,0.03125,0.0,0.0,0.46223468020194264,0.36059501341423905,0.35095260040521,0.2983735420228591,0.37743737344749395,0.3263147426904825,1,tagalog,high_resource
19,3.3333333333333335,5.0,0.2,0.5,0.2,0.0,0.0,0.0,0.17559243029372418,0.08069970666523718,0.1257761913078398,0.0802070823960299,0.13777242427388875,0.08069970666523718,1,tagalog,high_resource
20,17.428571428571427,5.590163934426229,0.38524590163934425,0.6557377049180327,0.09836065573770492,0.03278688524590164,0.0,0.0,0.39693813370778364,0.3400491903566728,0.3829683982147008,0.2601168887883278,0.39700055503232495,0.33040239730678017,1,tagalog,high_resource
21,9.8,4.63265306122449,0.21428571428571427,0.6326530612244898,0.1326530612244898,0.02040816326530612,0.0,0.0,0.43593816105538563,0.41789044053781754,0.4114479955122966,0.3044602406004552,0.40852648541953707,0.3446752559915819,1,tagalog,high_resource
22,4.620689655172414,4.865671641791045,0.26119402985074625,0.6343283582089553,0.1044776119402985,0.029850746268656716,0.0,0.0,0.4233353017928181,0.39521505306940163,0.40330315734521704,0.3039860689632749,0.4354623119719356,0.37060793819471416,1,tagalog,high_resource
23,5.5,4.363636363636363,0.18181818181818182,0.6363636363636364,0.18181818181818182,0.09090909090909091,0.0,0.0,0.11782258455601914,0.06599266711320026,0.10389969856459308,0.050097856150658295,0.10236018159958757,0.05141410728630645,1,tagalog,high_resource
24,3.2,5.5,0.375,0.375,0.0,0.1875,0.0,0.0,0.17593369062265446,0.07720299388951575,0.1778085215459601,0.09786711710010523,0.17424012579712425,0.08188687584530666,1,tagalog,high_resource
25,7.027027027027027,4.846153846153846,0.25961538461538464,0.46923076923076923,0.1596153846153846,0.019230769230769232,0.0,0.0,0.463978308643851,0.5387616349261618,0.42449205834696274,0.4280951800798603,0.4594398961880748,0.4581829294810297,1,tagalog,high_resource
26,8.238095238095237,5.219653179190751,0.31213872832369943,0.5375722543352601,0.07514450867052024,0.04046242774566474,0.0,0.0,0.4531660164998033,0.362997427434445,0.4139268760948607,0.31717825645034176,0.4083936059709722,0.31044404960423694,1,tagalog,high_resource
27,7.0,4.5,0.14285714285714285,0.7142857142857143,0.0,0.0,0.0,0.0,0.19189630952128595,0.11405766124421997,0.16391730068193794,0.11632675890008234,0.18410609445463444,0.10063355378585824,1,tagalog,high_resource
28,7.5,4.142857142857143,0.1523809523809524,0.3904761904761905,0.19047619047619047,0.0,0.0,0.0,0.3340745683228857,0.2339293091604425,0.308985427622899,0.21234210165001136,0.32561243454341887,0.21564248117518783,1,tagalog,high_resource
29,18.0,4.805555555555555,0.3055555555555556,0.5694444444444444,0.125,0.06944444444444445,0.0,0.0,0.41355852572646035,0.38588914280693726,0.3522095743579048,0.27846335198338895,0.34924542354655813,0.2740020156375932,1,tagalog,high_resource
30,8.8,4.575757575757576,0.25757575757575757,0.6818181818181818,0.12121212121212122,0.015151515151515152,0.007575757575757576,0.0,0.4186378903411803,0.41145771153255495,0.40413978899445396,0.33337751231858587,0.40572976148201195,0.3709152769947517,1,tagalog,high_resource
31,9.0,5.155555555555556,0.35555555555555557,0.4666666666666667,0.07777777777777778,0.022222222222222223,0.0,0.0,0.34659062222233716,0.3412004188211464,0.308559207352273,0.27885038129643835,0.3437384270573399,0.3350127803084658,1,tagalog,high_resource
32,9.1,4.714285714285714,0.18681318681318682,0.5604395604395604,0.07692307692307693,0.03296703296703297,0.01098901098901099,0.0,0.35635908402935673,0.329085818240646,0.350462308816845,0.3171961449509157,0.3657069701923022,0.28727687105914945,1,tagalog,high_resource
33,3.0,7.0,0.6666666666666666,1.0,0.3333333333333333,0.0,0.0,0.0,0.10902306224289102,0.015715906859774257,0.09234361527943516,0.02051839514663264,0.10266429407149819,0.00691791083692766,1,tagalog,high_resource
34,12.578947368421053,4.389121338912134,0.1589958158995816,0.5397489539748954,0.14644351464435146,0.008368200836820083,0.008368200836820083,0.0,0.4250454478708312,0.4123535390752238,0.39813271024943275,0.373933249631591,0.4110399587516278,0.3443645589827249,1,tagalog,high_resource
35,14.545454545454545,4.88125,0.31875,0.475,0.075,0.03125,0.0,0.0,0.3951648476345621,0.3914106138141337,0.3572528219150353,0.34833794662054085,0.32757209288661493,0.30479440435184263,1,tagalog,high_resource
36,23.333333333333332,4.228571428571429,0.24285714285714285,0.44285714285714284,0.2,0.0,0.0,0.0,0.2907142730703597,0.2216664000893708,0.27836783900278045,0.16411001345125417,0.28812682427509606,0.18287036043236385,1,tagalog,high_resource
37,9.75,4.748717948717949,0.24102564102564103,0.5230769230769231,0.11794871794871795,0.010256410256410256,0.0,0.0,0.4662996288109648,0.45248620106313087,0.3712197574707693,0.30098255533632773,0.3972447682541297,0.3647878505471612,1,tagalog,high_resource
38,17.6,4.863636363636363,0.32954545454545453,0.6363636363636364,0.1590909090909091,0.03409090909090909,0.0,0.0,0.37336810080913235,0.28712352773798805,0.3245825495375577,0.2557439039067334,0.3545116724954486,0.23629862582713937,1,tagalog,high_resource
39,9.666666666666666,4.603448275862069,0.1810344827586207,0.5603448275862069,0.21551724137931033,0.008620689655172414,0.0,0.0,0.3918514142776247,0.40294548287422927,0.382064841482118,0.3623319841013387,0.3908088277312573,0.34829383848143397,1,tagalog,high_resource
40,22.0,4.7727272727272725,0.22727272727272727,0.7272727272727273,0.18181818181818182,0.0,0.0,0.0,0.21322207106554417,0.07093180444610514,0.1929361174182823,0.0799443921926496,0.1856959137544849,0.060122074550069966,1,tagalog,high_resource
41,7.642857142857143,5.219626168224299,0.34579439252336447,0.514018691588785,0.0794392523364486,0.037383177570093455,0.0,0.0,0.4178276838397024,0.4241813063192684,0.36735964455804726,0.3462787990917444,0.40389543561725716,0.3792759350558588,1,tagalog,high_resource
42,7.954545454545454,4.851428571428571,0.28,0.5885714285714285,0.14857142857142858,0.02857142857142857,0.0,0.0,0.4484138731295123,0.4566366691506518,0.43221734907629705,0.3712214773946993,0.4487804523785805,0.41078499978502464,1,tagalog,high_resource
43,7.3478260869565215,5.088757396449704,0.2781065088757396,0.6094674556213018,0.10059171597633136,0.029585798816568046,0.0,0.0,0.47565507731485435,0.5060493839821334,0.4331793675003586,0.3853170407446314,0.43723636699088225,0.38197922007704,1,tagalog,high_resource
44,14.666666666666666,4.9772727272727275,0.30303030303030304,0.5606060606060606,0.18181818181818182,0.007575757575757576,0.0,0.0,0.4049012624570014,0.33157043186801566,0.3537470579254794,0.2708710427244628,0.3777285077278192,0.3055479745868979,1,tagalog,high_resource
45,7.5,5.066666666666666,0.30303030303030304,0.4666666666666667,0.06060606060606061,0.012121212121212121,0.0,0.0,0.43064146163770256,0.40271973051880905,0.3514842379992699,0.3235560978034585,0.37726035366952243,0.3276385550985063,1,tagalog,high_resource
46,5.1,3.3137254901960786,0.058823529411764705,0.23529411764705882,0.21568627450980393,0.17647058823529413,0.0,0.0,0.09858215516016253,0.041148291364702765,0.09379203193326224,0.03874140633114361,0.10002177289689197,0.018981105858511184,1,tagalog,high_resource
47,6.454545454545454,3.9859154929577465,0.23943661971830985,0.5070422535211268,0.16901408450704225,0.014084507042253521,0.0,0.0,0.2882038190968825,0.18384455577345857,0.2527249242133656,0.19615303639852139,0.27136515495237823,0.15730338950116043,1,tagalog,high_resource
48,7.884615384615385,4.4731707317073175,0.15609756097560976,0.4292682926829268,0.04390243902439024,0.014634146341463415,0.0,0.0,0.4019323661921721,0.35957786542851583,0.3347699175647882,0.2993415439755888,0.34811541064525764,0.32252099310464927,1,tagalog,high_resource
49,4.583333333333333,4.2727272727272725,0.16363636363636364,0.5636363636363636,0.03636363636363636,0.01818181818181818,0.0,0.0,0.3405841247663567,0.23434701994680648,0.3169146759577393,0.16060518265821414,0.336485071808094,0.2193901401334964,1,tagalog,high_resource
50,1.3333333333333333,3.875,0.125,1.0,0.125,0.125,0.0,0.0,0.12434866435923457,0.022486687521324947,0.13421648752405632,0.022486687521324947,0.12418922053822756,0.022486687521324947,1,tagalog,high_resource
51,14.375,4.956521739130435,0.28405797101449276,0.3681159420289855,0.10434782608695652,0.014492753623188406,0.0,0.0,0.4313932103617816,0.4243379451945998,0.37864666001332176,0.3005729420618085,0.41859852682966336,0.39042191215113936,1,tagalog,high_resource
52,7.735294117647059,5.163498098859316,0.28517110266159695,0.49049429657794674,0.11787072243346007,0.030418250950570342,0.0,0.0,0.46046819947830847,0.42571238098101927,0.39596143283685664,0.36078541733844605,0.3945391790031968,0.38517748651835915,1,tagalog,high_resource
53,8.305555555555555,4.8595317725752505,0.26755852842809363,0.44481605351170567,0.11705685618729098,0.08695652173913043,0.0,0.0,0.49010936530470384,0.4479083945354651,0.41492926162150684,0.3791373581297891,0.41763490631326305,0.338499696702868,1,tagalog,high_resource
54,13.379310344827585,4.752577319587629,0.2268041237113402,0.49742268041237114,0.16752577319587628,0.03608247422680412,0.0,0.0,0.4497249434587789,0.4283938028804699,0.41883510166747956,0.3584790329772951,0.4381430353011931,0.3889626828897785,1,tagalog,high_resource
55,7.592592592592593,5.048780487804878,0.3073170731707317,0.5073170731707317,0.06829268292682927,0.01951219512195122,0.0,0.0,0.42695555853953887,0.3998879521390624,0.3983179089484721,0.3245876645641365,0.4009331420852567,0.302655743571143,1,tagalog,high_resource
56,41.0,5.853658536585366,0.36585365853658536,0.6341463414634146,0.04878048780487805,0.0,0.0,0.0,0.27452878733891445,0.13636715817064846,0.2803166363246613,0.1444164853317865,0.27004957093633414,0.12232038331053247,1,tagalog,high_resource
57,4.230769230769231,3.4363636363636365,0.07272727272727272,0.32727272727272727,0.2545454545454545,0.03636363636363636,0.0,0.0,0.20211778896350616,0.11789412879680604,0.18316095212813158,0.09917239702395411,0.17042101521651287,0.07968082674690895,1,tagalog,high_resource
58,7.2,4.194444444444445,0.19444444444444445,0.4444444444444444,0.25,0.0,0.0,0.0,0.31782667403360915,0.2588665238538832,0.3170411207330681,0.18392471053840972,0.332114028213383,0.2590306822084303,1,tagalog,high_resource
59,1.7142857142857142,3.75,0.25,0.6666666666666666,0.25,0.0,0.0,0.0,0.1382098359948228,0.028132891475858818,0.13204753438619848,0.01753257738122239,0.1251054855862715,0.0060601807591621915,1,tagalog,high_resource
60,6.354838709677419,4.060913705583756,0.19796954314720813,0.37055837563451777,0.15228426395939088,0.015228426395939087,0.0,0.0,0.36671609960099677,0.3199464395590195,0.3171738061190468,0.24768958904909824,0.364875135080187,0.3282687988209069,1,tagalog,high_resource
61,10.0,4.75,0.25,0.95,0.1,0.0,0.0,0.0,0.29654738409309606,0.1571372647182601,0.2812757341318865,0.06743638412422785,0.2794080686355045,0.12833837135156198,1,tagalog,high_resource
62,12.0,4.658333333333333,0.25833333333333336,0.5416666666666666,0.15,0.008333333333333333,0.0,0.0,0.4007322526556344,0.28887504970299144,0.3795896157195947,0.2588093685068973,0.406534263377388,0.27111500372933667,1,tagalog,high_resource
63,5.2,3.8461538461538463,0.16153846153846155,0.4076923076923077,0.2153846153846154,0.038461538461538464,0.0,0.0,0.3047588243650825,0.21614687688403142,0.2779419844031166,0.1757475531650989,0.30618183340127175,0.1965430817481704,1,tagalog,high_resource
64,7.5,4.0476190476190474,0.1619047619047619,0.47619047619047616,0.19047619047619047,0.01904761904761905,0.0,0.0,0.334275197816403,0.22963056247152536,0.2841994027700471,0.1550197919681865,0.3247659709706915,0.23796355499571079,1,tagalog,high_resource
65,9.263157894736842,4.630681818181818,0.23863636363636365,0.5909090909090909,0.09659090909090909,0.022727272727272728,0.0,0.0,0.4884465814181948,0.5043911778638597,0.37594654745065237,0.35916566358201374,0.40695370933928204,0.4245922406933226,1,tagalog,high_resource
66,7.733333333333333,4.75,0.3275862068965517,0.5431034482758621,0.14655172413793102,0.017241379310344827,0.0,0.0,0.3939714228479133,0.36585973948983463,0.3734665032763933,0.2912253391826793,0.36423157069092005,0.34111300322707944,1,tagalog,high_resource
67,5.739726027397261,4.708830548926015,0.2840095465393795,0.36754176610978523,0.18138424821002386,0.021479713603818614,0.002386634844868735,0.0,0.4129202078320962,0.40803951637823077,0.3932333786420608,0.335126951766528,0.40877773370716547,0.3444144001366188,1,tagalog,high_resource
68,10.881578947368421,4.77509068923821,0.2370012091898428,0.35308343409915355,0.15840386940749698,0.02781136638452237,0.0,0.0,0.4994007013594375,0.4993296608696018,0.4144781168247894,0.3657338701594039,0.41523470993260175,0.4431937175090878,2,tagalog,high_resource
69,15.794117647058824,5.145251396648045,0.2718808193668529,0.4897579143389199,0.10800744878957169,0.027932960893854747,0.0037243947858473,0.0,0.48804568195883674,0.5382334972033596,0.4358589364476239,0.40704633732803386,0.4591533137940108,0.45972658156734986,2,tagalog,high_resource
70,9.75,4.774358974358974,0.23076923076923078,0.5128205128205128,0.17435897435897435,0.03076923076923077,0.0,0.0,0.48856352043166773,0.4177628471498141,0.43009570855786594,0.36777360506595075,0.4135999551574016,0.3140501742115808,2,tagalog,high_resource
71,8.357142857142858,4.512820512820513,0.21367521367521367,0.41025641025641024,0.07692307692307693,0.0,0.0,0.0,0.41038890450222043,0.3100663456440291,0.3667482443323181,0.25874543199343414,0.3559895136931872,0.28152997418857834,2,tagalog,high_resource
72,6.631578947368421,4.373015873015873,0.18518518518518517,0.2777777777777778,0.10846560846560846,0.06613756613756613,0.0,0.0,0.40733733378221476,0.35573069980577127,0.3259815016424453,0.2829920869538692,0.3817688719986024,0.3480821399804254,2,tagalog,high_resource
73,6.285714285714286,4.954545454545454,0.22727272727272727,0.8863636363636364,0.11363636363636363,0.045454545454545456,0.0,0.0,0.3762497394520853,0.4130246197346373,0.350913228800187,0.31293315833878144,0.3891766113481697,0.3793107728417681,2,tagalog,high_resource
74,6.636363636363637,4.739726027397261,0.2465753424657534,0.6438356164383562,0.1095890410958904,0.0273972602739726,0.0,0.0,0.4189567947382517,0.3733569278530632,0.35560354157966106,0.3145839522113851,0.36798696988934243,0.3682469858326745,2,tagalog,high_resource
75,10.0,4.8428571428571425,0.2714285714285714,0.7,0.05714285714285714,0.02857142857142857,0.0,0.0,0.40142691394023045,0.4174443233842154,0.3479702904252516,0.34038954891241163,0.36197939245243266,0.34752945478130876,2,tagalog,high_resource
76,7.777777777777778,4.414285714285715,0.1,0.5714285714285714,0.05714285714285714,0.014285714285714285,0.014285714285714285,0.0,0.39406695176330586,0.34873868837484356,0.3582380536925412,0.3191393231510187,0.38813121310739973,0.4037641728331639,2,tagalog,high_resource
77,7.2,4.25,0.16666666666666666,0.5833333333333334,0.16666666666666666,0.0,0.0,0.0,0.2670827186366699,0.10418375552458514,0.20688455095608135,0.06028745518197302,0.2532080719126888,0.09058556503054441,2,tagalog,high_resource
78,9.238095238095237,4.520618556701031,0.23195876288659795,0.5979381443298969,0.10309278350515463,0.04639175257731959,0.0,0.0,0.4510558785287428,0.3712567687302459,0.3798662777533669,0.3112373798410082,0.3719709421231758,0.2952121758240536,2,tagalog,high_resource
79,6.6,4.742424242424242,0.25757575757575757,0.5757575757575758,0.16666666666666666,0.015151515151515152,0.0,0.0,0.3650909772556744,0.2920837748972583,0.3327703091811658,0.25103162507018595,0.3346469298420776,0.24395824463315563,2,tagalog,high_resource
80,8.5,4.470588235294118,0.21568627450980393,0.7647058823529411,0.0784313725490196,0.0392156862745098,0.0,0.0,0.40091485044065484,0.4299629663508202,0.3653944819644347,0.34562564001506435,0.3965251657794401,0.40595473848346714,2,tagalog,high_resource
81,4.916666666666667,4.576271186440678,0.2033898305084746,0.6949152542372882,0.1864406779661017,0.05084745762711865,0.0,0.0,0.3352872961723005,0.32182880183389195,0.32698535144201557,0.28247352330637654,0.32463883140439154,0.2851821834729879,2,tagalog,high_resource
82,6.9655172413793105,4.841584158415841,0.297029702970297,0.5198019801980198,0.12376237623762376,0.024752475247524754,0.0,0.0,0.45999800443737454,0.5011113187395357,0.3882803803483484,0.3384964056021663,0.4219051305256422,0.4281973515063722,2,tagalog,high_resource
83,15.4,5.064935064935065,0.2727272727272727,0.6103896103896104,0.11688311688311688,0.025974025974025976,0.01948051948051948,0.0,0.4515307336022411,0.39077937134614066,0.4356321272520137,0.3524863931874593,0.4578910001568397,0.36401010374639714,2,tagalog,high_resource
84,7.222222222222222,5.092307692307692,0.23076923076923078,0.7076923076923077,0.09230769230769231,0.015384615384615385,0.0,0.0,0.42388456423163534,0.3861329671894082,0.3858608575744463,0.30238638484347297,0.4121417790690238,0.3053881239081902,2,tagalog,high_resource
85,10.833333333333334,4.6,0.18461538461538463,0.6615384615384615,0.18461538461538463,0.046153846153846156,0.0,0.0,0.38676960318475434,0.3401568164395311,0.390240227602096,0.2853740629769909,0.3676900033443756,0.30285170710364817,2,tagalog,high_resource
86,10.25,4.4573170731707314,0.18902439024390244,0.49390243902439024,0.0975609756097561,0.012195121951219513,0.0,0.0,0.3949183653552473,0.3836731155469249,0.379697984938937,0.30429689244265584,0.40741538759039375,0.4302698441915135,2,tagalog,high_resource
87,8.5,4.529411764705882,0.2549019607843137,0.6666666666666666,0.1568627450980392,0.0392156862745098,0.058823529411764705,0.0,0.2697800660321551,0.14893884730172854,0.20973313040900832,0.1077264398302527,0.2360031397232891,0.12510039834975373,2,tagalog,high_resource
88,5.714285714285714,4.25,0.125,0.6,0.225,0.025,0.0,0.0,0.3466612209717135,0.15634793372235084,0.3126152898956974,0.14473549139349756,0.32981015827301835,0.14054754697250235,2,tagalog,high_resource
89,10.198630136986301,4.482874412357287,0.19879113498992612,0.2981867024848892,0.1914036265950302,0.03290799194089993,0.001343183344526528,0.0,0.47244130011087926,0.5114868623179104,0.4530672436348892,0.3991313515245664,0.4392856645696033,0.4340415370934071,2,tagalog,high_resource
90,8.0,4.2625,0.2375,0.6375,0.15,0.025,0.0,0.0,0.4105951454182467,0.30887514971988117,0.3458622901612295,0.21825324353549722,0.3674790076242261,0.26134913741239924,2,tagalog,high_resource
91,21.303030303030305,4.738264580369844,0.2503556187766714,0.3883357041251778,0.16927453769559034,0.011379800853485065,0.0,0.0,0.47113001972074775,0.4584291699975789,0.42882861974428255,0.37001241894469156,0.4443156931266168,0.4625757094612457,2,tagalog,high_resource
92,7.688888888888889,4.76878612716763,0.29190751445086704,0.48265895953757226,0.11560693641618497,0.02023121387283237,0.0,0.0,0.4703286837248815,0.49326836070491104,0.3898554876811112,0.3706670072797532,0.3920330123122094,0.36968639513053436,2,tagalog,high_resource
93,7.857142857142857,5.2727272727272725,0.32727272727272727,0.6181818181818182,0.12727272727272726,0.0,0.0,0.0,0.3282282980716551,0.2921974783446565,0.2682717586126659,0.25692906767782053,0.282906080426703,0.2433045303350274,2,tagalog,high_resource
94,10.777777777777779,4.082474226804123,0.16494845360824742,0.5773195876288659,0.23711340206185566,0.020618556701030927,0.0,0.0,0.4023428159783927,0.32199128865814525,0.3204176261180838,0.26148372668732073,0.33728663493536404,0.29537277805292705,2,tagalog,high_resource
95,8.938775510204081,4.5228310502283104,0.2146118721461187,0.3675799086757991,0.20776255707762556,0.0228310502283105,0.0,0.0,0.47028396004127593,0.45580211024891054,0.4197995126660671,0.3471049112367161,0.4573955551113201,0.3832761074426754,2,tagalog,high_resource
96,8.3125,4.977443609022556,0.3007518796992481,0.6015037593984962,0.15789473684210525,0.03759398496240601,0.0,0.0,0.37974291005223165,0.3447581025318917,0.36998912944591367,0.3166385232728431,0.3943552488325031,0.3384348621334791,2,tagalog,high_resource
97,6.25,3.7,0.1,0.36,0.08,0.02,0.0,0.0,0.2777780036728059,0.16684128527376355,0.2100897578033398,0.15017430689676525,0.2640166846091231,0.17512936304988558,2,tagalog,high_resource
98,9.935483870967742,4.5941558441558445,0.22077922077922077,0.4025974025974026,0.12012987012987013,0.045454545454545456,0.0,0.0,0.4186095505083571,0.3269787794191919,0.35882714547405753,0.2764289239901976,0.38320850346814417,0.29910439859491456,2,tagalog,high_resource
99,4.8125,4.5064935064935066,0.22077922077922077,0.5714285714285714,0.22077922077922077,0.025974025974025976,0.025974025974025976,0.0,0.32317653672791524,0.21685922237739794,0.3201613743899124,0.15928463903135603,0.32323984721610655,0.21766428413339708,2,tagalog,high_resource
100,7.470588235294118,5.011811023622047,0.2637795275590551,0.5787401574803149,0.14960629921259844,0.027559055118110236,0.0,0.0,0.4517004031817264,0.4870628766089932,0.4375860580765633,0.3731221109288532,0.4193150596232099,0.41047178686462893,2,tagalog,high_resource
101,4.962962962962963,4.485074626865671,0.21641791044776118,0.5074626865671642,0.20149253731343283,0.022388059701492536,0.0,0.0,0.32091129590808487,0.24220020693223857,0.3037727175017929,0.19706520167216116,0.3101168680773136,0.2527414861217193,2,tagalog,high_resource
102,9.241379310344827,4.602611940298507,0.21828358208955223,0.3917910447761194,0.11194029850746269,0.018656716417910446,0.0,0.0,0.4471583443043418,0.43199563380706046,0.42117160362191963,0.36054253788001733,0.4394997054274088,0.4135229344427463,2,tagalog,high_resource
103,8.928571428571429,4.557333333333333,0.24266666666666667,0.408,0.11733333333333333,0.021333333333333333,0.0,0.0,0.4406017365891812,0.38866733464942066,0.36325963694999824,0.3151231240267944,0.3830406399264746,0.3498831914139098,2,tagalog,high_resource
104,12.439024390243903,4.592156862745098,0.2607843137254902,0.4294117647058823,0.14705882352941177,0.021568627450980392,0.00196078431372549,0.0,0.4662515051709402,0.5122297908813559,0.4172528337797769,0.4169119840759219,0.44611750546705164,0.427446493447427,2,tagalog,high_resource
105,7.833333333333333,4.98936170212766,0.324468085106383,0.4946808510638298,0.2127659574468085,0.015957446808510637,0.0,0.0,0.4311842047002508,0.39772810300232725,0.41522293265293286,0.3074572859191091,0.41950230530674426,0.35506217233155835,2,tagalog,high_resource
106,8.767857142857142,4.594704684317719,0.23217922606924643,0.39918533604887985,0.109979633401222,0.03665987780040733,0.0,0.0,0.44254384098137256,0.48190149637264446,0.39870989155738856,0.37012085756886254,0.41850982225869604,0.47766688710654237,2,tagalog,high_resource
107,5.5,4.681818181818182,0.3181818181818182,0.9090909090909091,0.18181818181818182,0.045454545454545456,0.0,0.0,0.3075824878256749,0.21823819607227363,0.3321274196043028,0.20943578705266105,0.29728641464221844,0.15620114504522542,2,tagalog,high_resource
108,7.2444444444444445,4.690184049079755,0.23006134969325154,0.450920245398773,0.1656441717791411,0.02147239263803681,0.0,0.0,0.47775725211171105,0.42453419191531677,0.38820692966803405,0.2968751944020645,0.4035473480234104,0.32570613506330637,2,tagalog,high_resource
109,5.0,5.329411764705882,0.2647058823529412,0.4823529411764706,0.08235294117647059,0.058823529411764705,0.01764705882352941,0.0,0.41353880938843424,0.32353833821618255,0.3926314145014131,0.2583722551141303,0.3991091719853248,0.32664917672460503,2,tagalog,high_resource
110,5.774193548387097,4.134078212290503,0.11731843575418995,0.5195530726256983,0.20670391061452514,0.0670391061452514,0.00558659217877095,0.0,0.3886428869861692,0.29977241278017247,0.3258517389832541,0.22339249738635833,0.3533607318188927,0.1924789529714015,2,tagalog,high_resource
111,8.8,4.71969696969697,0.23863636363636365,0.3939393939393939,0.1590909090909091,0.026515151515151516,0.0,0.0,0.42275315476462516,0.37805797927023516,0.39840232703655837,0.30706656539633326,0.4230926672981007,0.32445575884434286,2,tagalog,high_resource
112,7.851851851851852,4.679245283018868,0.2358490566037736,0.4339622641509434,0.10377358490566038,0.014150943396226415,0.0,0.0,0.4169820953142748,0.4648466785684857,0.38587712926530643,0.3565136254383244,0.3874382604184152,0.4099336578569587,2,tagalog,high_resource
113,9.048076923076923,4.719447396386823,0.24760892667375134,0.35812964930924546,0.12646121147715197,0.012752391073326248,0.0,0.0,0.4854536763703303,0.5458829589338052,0.4347975852278259,0.4166530027660339,0.46223723359665014,0.4968023554085434,2,tagalog,high_resource
114,7.261904761904762,4.295081967213115,0.1737704918032787,0.46557377049180326,0.16065573770491803,0.01639344262295082,0.003278688524590164,0.0,0.42884089040501766,0.3852394435818332,0.41251403669413583,0.2959890910949014,0.41978111469869783,0.28140550365905076,2,tagalog,high_resource
115,13.698795180722891,4.601583113456464,0.22867194371152155,0.3289357959542656,0.16534740545294635,0.06068601583113457,0.01759014951627089,0.0,0.5057869280374648,0.5204033157933564,0.4555807802230643,0.37837319313236156,0.4751013701822323,0.4564042291978906,2,tagalog,high_resource
116,10.233766233766234,5.031725888324873,0.2779187817258883,0.434010152284264,0.1446700507614213,0.01649746192893401,0.0,0.0,0.4837126642450243,0.5199583008525963,0.43276231858042125,0.40359599198728596,0.46214417435951677,0.4674961057158139,2,tagalog,high_resource
117,9.35135135135135,4.465317919075145,0.23410404624277456,0.4797687861271676,0.17052023121387283,0.017341040462427744,0.0,0.0,0.4798788875989219,0.5424554298806096,0.45025230267585575,0.3948752580960405,0.4505964115002132,0.4473366372778224,2,tagalog,high_resource
118,10.882352941176471,4.837837837837838,0.23783783783783785,0.4540540540540541,0.13513513513513514,0.005405405405405406,0.0,0.0,0.43489071856632544,0.3407316298332009,0.37088181867165054,0.2749498620057536,0.37205132879053227,0.32774653442018387,2,tagalog,high_resource
119,21.25,4.376470588235295,0.15294117647058825,0.34705882352941175,0.17058823529411765,0.0,0.0,0.0,0.39962362284706593,0.31782701891372594,0.3925139519263051,0.2736826740416098,0.34705222008503595,0.2768424780459272,2,tagalog,high_resource
120,13.434782608695652,4.7799352750809065,0.2750809061488673,0.42718446601941745,0.11650485436893204,0.016181229773462782,0.0,0.0,0.44889527463820705,0.48330725436881133,0.3984930426149464,0.31098170922456564,0.4304136361586416,0.40383796799595295,2,tagalog,high_resource
121,13.25,4.534591194968553,0.2138364779874214,0.39622641509433965,0.22327044025157233,0.06289308176100629,0.0,0.0,0.3344619274530237,0.2618986636631577,0.29497992288968206,0.2137190700085922,0.30427959329126264,0.22037051211850547,2,tagalog,high_resource
122,7.0,5.190476190476191,0.3380952380952381,0.5047619047619047,0.11904761904761904,0.009523809523809525,0.0,0.0,0.40405525691921057,0.3759749085438568,0.3337355061994685,0.3043250495228407,0.3813938073956807,0.29199832159250744,2,tagalog,high_resource
123,13.0,5.076923076923077,0.27692307692307694,0.7076923076923077,0.07692307692307693,0.03076923076923077,0.0,0.0,0.38126373968468646,0.3412271231255863,0.3537898050420457,0.2853034569803702,0.38858602706050765,0.3496623663366695,2,tagalog,high_resource
124,6.4,4.666666666666667,0.19270833333333334,0.4270833333333333,0.13020833333333334,0.09375,0.0,0.0,0.39610477814937967,0.40355745860944675,0.39155060922903634,0.30640801478156426,0.3837510218943295,0.2987212434958449,2,tagalog,high_resource
125,9.863636363636363,4.649769585253456,0.2626728110599078,0.4470046082949309,0.12442396313364056,0.009216589861751152,0.0,0.0,0.41777623780292844,0.401240615582655,0.4071138211787508,0.3327326315213565,0.41374396069926256,0.37228318183366244,2,tagalog,high_resource
126,12.19047619047619,4.79296875,0.25390625,0.45703125,0.17578125,0.015625,0.0,0.0,0.43430861819977645,0.4460868844231657,0.40591574475627035,0.3504539600079801,0.420707232739931,0.4023992284353543,2,tagalog,high_resource
127,11.090909090909092,4.684426229508197,0.27049180327868855,0.4959016393442623,0.1557377049180328,0.020491803278688523,0.0,0.0,0.45005761663536076,0.43580139640466636,0.40603918403822553,0.35122016212450946,0.42884459068646963,0.3617703512914899,2,tagalog,high_resource
128,8.916666666666666,4.705607476635514,0.2570093457943925,0.5186915887850467,0.19626168224299065,0.028037383177570093,0.0,0.0,0.4383817589464154,0.4073964294270591,0.4210404347085909,0.32292310235299965,0.41377135859013786,0.3441681558036919,2,tagalog,high_resource
129,7.0,5.125,0.30357142857142855,0.7321428571428571,0.10714285714285714,0.05357142857142857,0.0,0.0,0.42139872927059874,0.2709035203451997,0.3342207499185896,0.20492167391682192,0.33463405378746014,0.21106431970705858,2,tagalog,high_resource
130,5.222222222222222,4.51063829787234,0.2978723404255319,0.5319148936170213,0.1702127659574468,0.0,0.0,0.0,0.3286371319462004,0.24030816528626006,0.3277296644860232,0.22699585786709597,0.3063276792165321,0.23770173700255237,2,tagalog,high_resource
131,5.416666666666667,4.2,0.16923076923076924,0.5846153846153846,0.13846153846153847,0.046153846153846156,0.0,0.0,0.35715661103008434,0.27846444751546195,0.3297244832451226,0.23696051795613687,0.3479705477900503,0.2522130493843564,2,tagalog,high_resource
132,7.954545454545454,4.78,0.23714285714285716,0.44571428571428573,0.13714285714285715,0.025714285714285714,0.002857142857142857,0.0,0.43781201694795596,0.4274406071737303,0.4094419692923233,0.36684979020219183,0.43450511011433224,0.39320019752882257,2,tagalog,high_resource
133,6.925,4.306859205776173,0.11552346570397112,0.4007220216606498,0.11552346570397112,0.036101083032490974,0.02888086642599278,0.0,0.4003733199791703,0.32939020006077896,0.33031345798354245,0.307203767394242,0.3944510414951487,0.30624625889087437,2,tagalog,high_resource
134,7.833333333333333,4.48936170212766,0.19148936170212766,0.723404255319149,0.2127659574468085,0.0,0.0,0.0425531914893617,0.3802428949687462,0.2875065130735389,0.37258275392618667,0.26696138629163363,0.39140527673330033,0.3200905162365557,2,tagalog,high_resource
135,5.375,4.953488372093023,0.23255813953488372,0.7209302325581395,0.16279069767441862,0.023255813953488372,0.0,0.0,0.3393543649366309,0.2453615180201741,0.31891224432588045,0.19078621798510012,0.3435829886329064,0.204784291787358,2,tagalog,high_resource
136,7.681818181818182,4.644970414201183,0.22485207100591717,0.5798816568047337,0.1834319526627219,0.03550295857988166,0.0,0.0,0.4430269453363343,0.44694677194227195,0.3786041927594834,0.32096827100939895,0.40720908169904624,0.40389800220794053,2,tagalog,high_resource
137,9.4,4.585106382978723,0.24468085106382978,0.5319148936170213,0.13829787234042554,0.010638297872340425,0.0,0.0,0.39630520940817715,0.2921898802136703,0.3803372811956366,0.2730329777688507,0.4072220525046529,0.26561018670121544,2,tagalog,high_resource
138,9.3,4.672043010752688,0.24193548387096775,0.5913978494623656,0.10215053763440861,0.021505376344086023,0.0,0.0,0.4824625636263867,0.5267065251885318,0.3712480527521799,0.3724610290961504,0.40367215261128875,0.4209565697749228,2,tagalog,high_resource
139,9.1375,4.890560875512996,0.25170998632010944,0.36388508891928867,0.15047879616963064,0.019151846785225718,0.0,0.0,0.44084342027238443,0.4706705601956145,0.42284000346356204,0.3892043795626435,0.46060444764668196,0.43770270289592556,2,tagalog,high_resource
140,8.90625,4.791228070175438,0.2719298245614035,0.44035087719298244,0.11754385964912281,0.008771929824561403,0.0,0.0,0.4717786667044734,0.47839415673289204,0.4372533369483337,0.37912240646515155,0.4584819618732654,0.4160646136959708,2,tagalog,high_resource
141,4.888888888888889,4.568181818181818,0.2727272727272727,0.7727272727272727,0.09090909090909091,0.022727272727272728,0.0,0.0,0.4371349395991736,0.4147680170118929,0.3840445862888223,0.2939118126915515,0.4080710035287799,0.34827176907234325,2,tagalog,high_resource
142,14.73076923076923,4.892950391644908,0.2950391644908616,0.4490861618798956,0.1409921671018277,0.018276762402088774,0.0,0.0,0.46669490165247457,0.5030824870101639,0.4348357380655382,0.38625706580959557,0.48263967921567213,0.4577950449248792,2,tagalog,high_resource
143,7.791666666666667,3.983957219251337,0.12299465240641712,0.3422459893048128,0.18716577540106952,0.03208556149732621,0.0,0.0,0.3188086828176364,0.24990922337955634,0.3209865479049849,0.23603715229781067,0.2951656887413248,0.22914814142865342,2,tagalog,high_resource
144,9.4375,4.953642384105961,0.2913907284768212,0.41721854304635764,0.13245033112582782,0.006622516556291391,0.0,0.0,0.4038715864225063,0.3098419538458963,0.3299415038569097,0.2673462241902103,0.3598995954914383,0.26872173265778365,2,tagalog,high_resource
145,15.333333333333334,4.802675585284281,0.2842809364548495,0.41471571906354515,0.11204013377926421,0.01839464882943144,0.0016722408026755853,0.0,0.46298731135472193,0.5014884851639881,0.46311884912272877,0.4077454632166358,0.45683197330941444,0.4744425674548704,2,tagalog,high_resource
146,7.714285714285714,4.074074074074074,0.12037037037037036,0.48148148148148145,0.1574074074074074,0.027777777777777776,0.0,0.0,0.3516342712312552,0.27654711256910636,0.30135866029752884,0.230771129292663,0.31266496498717206,0.23414574414635683,2,tagalog,high_resource
147,10.923076923076923,4.708920187793427,0.24882629107981222,0.31338028169014087,0.1784037558685446,0.008215962441314555,0.0035211267605633804,0.0,0.48859998126392973,0.5162562551550033,0.4271934896951948,0.40118773232345056,0.4210817783370211,0.4528204373216356,2,tagalog,high_resource
148,2.2708333333333335,5.623853211009174,0.5504587155963303,0.42201834862385323,0.03669724770642202,0.0,0.0,0.0,0.2965948563777763,0.2559678112475302,0.23933557702364197,0.16985028365058946,0.2561099976256051,0.22752646478577832,2,tagalog,high_resource
149,8.708333333333334,4.626794258373206,0.22009569377990432,0.5023923444976076,0.15789473684210525,0.019138755980861243,0.009569377990430622,0.0,0.44821988616294794,0.41776016527740595,0.3553369767410166,0.29214431933018115,0.41285951963570233,0.35021001299636384,2,tagalog,high_resource
150,6.166666666666667,4.8558558558558556,0.25225225225225223,0.5675675675675675,0.1891891891891892,0.036036036036036036,0.0,0.0,0.3729694065229151,0.3521599053192615,0.3120365585690115,0.27103259761843657,0.3322051900730423,0.2804870792152152,2,tagalog,high_resource
151,9.571428571428571,5.034825870646766,0.29850746268656714,0.46766169154228854,0.08955223880597014,0.01990049751243781,0.0,0.0,0.4618608866230417,0.4086738213941068,0.34714493738872954,0.2941193876621988,0.3840084984445385,0.3517514696432816,2,tagalog,high_resource
152,12.88888888888889,4.737068965517241,0.25,0.5,0.14224137931034483,0.05603448275862069,0.0,0.0,0.4662467642873041,0.46605994037016407,0.38168019871322456,0.3359781505373786,0.39328621796498026,0.3900600914911245,2,tagalog,high_resource
153,16.857142857142858,4.516949152542373,0.211864406779661,0.5508474576271186,0.19491525423728814,0.05084745762711865,0.0,0.0,0.42166076509758954,0.36001180795600723,0.41748253354101017,0.3364142106780091,0.3996214534634165,0.31346513815484434,2,tagalog,high_resource
154,9.645833333333334,4.4838012958963285,0.20302375809935205,0.4298056155507559,0.15334773218142547,0.019438444924406047,0.0,0.0,0.46137858547555993,0.4770969493157294,0.42206589904516245,0.3517035505036883,0.43539703612465824,0.44623838845501484,2,tagalog,high_resource
155,10.733333333333333,4.472049689440993,0.2453416149068323,0.4472049689440994,0.17701863354037267,0.024844720496894408,0.0,0.0,0.4462914205653491,0.40772049973069907,0.4091517020764743,0.35179212412167093,0.4334209704132535,0.3823666434105872,2,tagalog,high_resource
156,7.5,3.7333333333333334,0.13333333333333333,0.35,0.25,0.016666666666666666,0.0,0.0,0.2827148646497228,0.1660725784744314,0.25589330347686884,0.19343160250023475,0.26775822839597613,0.18770987987767718,2,tagalog,high_resource
157,5.375,5.27906976744186,0.2558139534883721,0.4186046511627907,0.06976744186046512,0.0,0.0,0.0,0.262325052207208,0.1361899800210385,0.26613217760857544,0.09655421273653965,0.2365478367928329,0.11550556911461456,2,tagalog,high_resource
158,9.125,4.69041095890411,0.2493150684931507,0.42191780821917807,0.11506849315068493,0.019178082191780823,0.0,0.0,0.4437537467885267,0.4349503949355581,0.4417582367891447,0.3439990923580245,0.41901726568039144,0.35578352631674964,2,tagalog,high_resource
159,10.707317073170731,4.651480637813211,0.23917995444191345,0.4305239179954442,0.1480637813211845,0.015945330296127564,0.0,0.0,0.44316354416682263,0.43909068864388084,0.4169291600728433,0.4121479730274995,0.4235608510837145,0.3489346847814134,2,tagalog,high_resource
160,9.5,4.105263157894737,0.17105263157894737,0.40789473684210525,0.16447368421052633,0.02631578947368421,0.0,0.0,0.3964879145051773,0.35023524704518333,0.3375853248485838,0.27220371107485153,0.37248044237003924,0.3363550982986168,2,tagalog,high_resource
161,6.208333333333333,4.476510067114094,0.2080536912751678,0.5436241610738255,0.11409395973154363,0.026845637583892617,0.013422818791946308,0.0,0.3569100661585556,0.3246021705157775,0.3250422773507438,0.25727820527293527,0.3573960132018072,0.3152219902323387,2,tagalog,high_resource
162,8.571428571428571,4.916666666666667,0.26666666666666666,0.36666666666666664,0.2,0.0,0.0,0.0,0.3341364886844676,0.23525166613317783,0.3263683041555496,0.21079178519036082,0.33778835081655434,0.2109857892819109,2,tagalog,high_resource
163,14.681818181818182,4.544891640866873,0.20123839009287925,0.4984520123839009,0.16408668730650156,0.030959752321981424,0.0,0.0,0.43871410938953603,0.4257000302594039,0.4275917332919759,0.36738239767987657,0.43820521277064967,0.3719741221580294,2,tagalog,high_resource
164,15.384615384615385,4.82,0.28,0.37,0.11333333333333333,0.011666666666666667,0.0,0.0,0.4771354468437278,0.5105520187838709,0.44090601517732364,0.40638864718022816,0.45465313393625406,0.44625058706945187,3,tagalog,high_resource
165,10.6,4.920754716981132,0.33962264150943394,0.47547169811320755,0.16226415094339622,0.007547169811320755,0.0,0.0,0.4726784810286788,0.4633448740144089,0.43331842822144684,0.38897323541036977,0.44584265049172606,0.4306813811412591,3,tagalog,high_resource
166,15.55,5.112540192926045,0.2652733118971061,0.4533762057877814,0.10932475884244373,0.01607717041800643,0.0,0.0,0.44264489810991664,0.4534145972277175,0.4048476437095496,0.35460574995862115,0.4386869534944095,0.43008745997678505,3,tagalog,high_resource
167,7.631578947368421,4.61551724137931,0.20517241379310344,0.4241379310344828,0.1879310344827586,0.01896551724137931,0.0,0.0,0.4744666979765679,0.4080857936789805,0.4050226053502393,0.3210126703209791,0.41086284455299477,0.3453881104831416,3,tagalog,high_resource
168,9.84,4.737127371273712,0.1897018970189702,0.3997289972899729,0.12737127371273713,0.01084010840108401,0.0027100271002710027,0.0,0.45975392849015867,0.44519608756104156,0.3981044873718024,0.39718052223031025,0.3940961438808997,0.3928584217993762,3,tagalog,high_resource
169,12.268292682926829,4.693836978131213,0.2485089463220676,0.43141153081510936,0.12326043737574553,0.015904572564612324,0.0,0.0,0.45969404125870716,0.4341471789488276,0.4132719760681876,0.35310476243731054,0.44446383521493954,0.40781808116806795,3,tagalog,high_resource
170,8.218181818181819,4.603982300884955,0.23672566371681417,0.45132743362831856,0.168141592920354,0.008849557522123894,0.0,0.0,0.4724031336723625,0.5197677038601715,0.42391299490027234,0.34037907678389384,0.4320145197693344,0.43183822379030606,3,tagalog,high_resource
171,11.196428571428571,4.829346092503987,0.22966507177033493,0.3923444976076555,0.16586921850079744,0.030303030303030304,0.007974481658692184,0.0,0.4636166505844253,0.48910031889405486,0.422200822161423,0.34484336854459635,0.43931728427068184,0.4038218917716746,3,tagalog,high_resource
172,10.891566265060241,4.785398230088496,0.23119469026548672,0.4026548672566372,0.18141592920353983,0.011061946902654867,0.0022123893805309734,0.0,0.47572946990472437,0.5344889723454476,0.4476815321325579,0.45105892569373335,0.4524502388184382,0.49185982232752934,3,tagalog,high_resource
173,11.0,4.787878787878788,0.3333333333333333,0.7575757575757576,0.09090909090909091,0.0,0.0,0.0,0.348594958146631,0.2201940252810254,0.34969015898571176,0.20057863349078908,0.3571618260155359,0.19928651187041363,3,tagalog,high_resource
174,1.5,4.888888888888889,0.2222222222222222,1.0,0.0,0.0,0.0,0.0,0.1862894142797062,0.05064250532686551,0.17713642604496496,0.03923400336419884,0.17604877071351308,0.05732717770879636,3,tagalog,high_resource
175,11.333333333333334,5.4411764705882355,0.3235294117647059,0.7647058823529411,0.11764705882352941,0.0,0.0,0.0,0.40580549530248583,0.3172537208491732,0.37686794362583576,0.25801376647318364,0.40696066688005944,0.29139168767411877,3,tagalog,high_resource
176,17.310344827586206,4.6414342629482075,0.21912350597609562,0.5099601593625498,0.16135458167330677,0.04780876494023904,0.0,0.0,0.4909881695798451,0.5607489857159653,0.4524759367701852,0.4386880538507834,0.44986184398062695,0.4469794416951793,3,tagalog,high_resource
177,9.166666666666666,4.4467532467532465,0.24935064935064935,0.5376623376623376,0.0987012987012987,0.015584415584415584,0.005194805194805195,0.0,0.46136729020658884,0.4874868317510309,0.4092144554336779,0.35702488512060404,0.4413582260150753,0.40300074275120923,3,tagalog,high_resource
178,4.0,5.5,0.5,1.0,0.25,0.0,0.0,0.0,0.018589424166031116,0.002371383426767233,0.030962655028188388,0.0,0.01852396858304,0.0015198566966584139,3,tagalog,high_resource
179,14.142857142857142,4.38475665748393,0.18732782369146006,0.3774104683195592,0.16069788797061524,0.024793388429752067,0.0018365472910927456,0.0,0.502869155507176,0.5189782290966741,0.4457187409207085,0.47877739194763996,0.4241576499013089,0.4279805296845562,3,tagalog,high_resource
180,13.833333333333334,5.072289156626506,0.3253012048192771,0.6626506024096386,0.12048192771084337,0.04819277108433735,0.0,0.0,0.4063218301307288,0.38525467025671495,0.3884775317944569,0.30212494901649173,0.3994288553661633,0.3804614730212848,3,tagalog,high_resource
181,12.0,5.5,0.42424242424242425,0.6590909090909091,0.12121212121212122,0.015151515151515152,0.0,0.0,0.45394459057060593,0.42894491278079905,0.3991022624160127,0.3290346419602963,0.39935688379267253,0.3976461441639506,3,tagalog,high_resource
182,19.857142857142858,5.043165467625899,0.31654676258992803,0.5899280575539568,0.07913669064748201,0.02158273381294964,0.0,0.0,0.41725259290434635,0.360427735907172,0.3734362346832892,0.2636981918489752,0.4142829073681678,0.3674074672517295,3,tagalog,high_resource
183,8.375,5.223880597014926,0.31343283582089554,0.746268656716418,0.07462686567164178,0.04477611940298507,0.0,0.0,0.4226403029664538,0.27453454774002145,0.35034214689241455,0.2294035247218765,0.4042503425711304,0.2633538783416685,3,tagalog,high_resource
184,7.0,4.523809523809524,0.23809523809523808,0.9047619047619048,0.047619047619047616,0.0,0.0,0.0,0.29357348060007027,0.21667536972781593,0.28573141008483005,0.16303325268110494,0.3000903012077239,0.20100616791084452,3,tagalog,high_resource
185,8.863013698630137,4.653786707882535,0.22720247295208656,0.37712519319938176,0.16846986089644514,0.02009273570324575,0.0,0.0,0.4570550288716669,0.4915082753302611,0.41347231337464735,0.3864201224452236,0.44657881286669576,0.4616986920552048,3,tagalog,high_resource
186,12.09433962264151,4.594383775351014,0.24804992199687986,0.37597503900156004,0.17004680187207488,0.015600624024960999,0.0,0.0,0.47883361627513943,0.5196353316277301,0.444286260663113,0.406180982381863,0.4632234772593858,0.4729305985081126,3,tagalog,high_resource
187,8.390243902439025,4.6061046511627906,0.22965116279069767,0.37209302325581395,0.1613372093023256,0.014534883720930232,0.0,0.0,0.47044700639879955,0.49243077739610797,0.45494626621139617,0.39055106029745723,0.43838809026237,0.43477341629073596,3,tagalog,high_resource
188,10.333333333333334,4.397849462365591,0.22580645161290322,0.7204301075268817,0.07526881720430108,0.021505376344086023,0.021505376344086023,0.0,0.35988089889552516,0.3110285129996145,0.31060800986296877,0.29591235346676065,0.3277590920087062,0.26218235062922784,3,tagalog,high_resource
189,10.117647058823529,4.9186046511627906,0.24651162790697675,0.3558139534883721,0.1558139534883721,0.018604651162790697,0.0,0.0,0.4983375557612669,0.4934270498118262,0.4293928341739016,0.4080371116478584,0.4252615375832346,0.4381699900760105,3,tagalog,high_resource
190,5.9375,4.957894736842105,0.22105263157894736,0.6526315789473685,0.05263157894736842,0.010526315789473684,0.0,0.0,0.39401603603229957,0.3057375833097029,0.36732588434847274,0.2391677534213203,0.40179312393266126,0.30901279787435304,3,tagalog,high_resource
191,11.476190476190476,4.556016597510373,0.1825726141078838,0.4170124481327801,0.14315352697095435,0.022821576763485476,0.0,0.01037344398340249,0.4830010219178854,0.4619911834962843,0.44457959851295337,0.4197182622871193,0.450983124854262,0.40712178132411125,3,tagalog,high_resource
192,12.835616438356164,4.6200640341515475,0.24919957310565635,0.3046958377801494,0.144076840981857,0.018676627534685165,0.0,0.0,0.49494482605352796,0.5910005749894188,0.43991667321669303,0.4352295644968143,0.45667313530723813,0.5081968776344306,3,tagalog,high_resource
193,9.741176470588234,4.705314009661835,0.2741545893719807,0.4082125603864734,0.20048309178743962,0.04710144927536232,0.0,0.0,0.4714288945036462,0.544918869783656,0.43856334821765375,0.4318235481057117,0.44546518942597685,0.47166772290638215,3,tagalog,high_resource
194,11.425,4.564551422319475,0.24726477024070023,0.3982494529540481,0.19037199124726478,0.01312910284463895,0.0,0.0,0.45099276650870485,0.32984077880732443,0.4252090839596845,0.2894856832065319,0.439811101760811,0.2982578982915955,3,tagalog,high_resource
195,13.256410256410257,4.433268858800774,0.21470019342359767,0.3965183752417795,0.16054158607350097,0.04448742746615087,0.0019342359767891683,0.0,0.49383347178015696,0.4738170317666583,0.4501019285988299,0.4095235760911076,0.44936757526286364,0.39419452561899876,3,tagalog,high_resource
196,15.526315789473685,4.6305084745762715,0.15254237288135594,0.39661016949152544,0.18305084745762712,0.01694915254237288,0.013559322033898305,0.0,0.4513344136180042,0.36281603907626053,0.36990936742772873,0.2936624318698603,0.38884957307991086,0.322256133089489,3,tagalog,high_resource
197,10.097674418604651,4.630124366651312,0.23169046522339937,0.32243205895900506,0.1630584983878397,0.026715799170888992,0.0,0.0,0.5149105810928816,0.6227736585514878,0.44981274363001755,0.4451108293241302,0.4743900740763912,0.4683160598699645,3,tagalog,high_resource
198,9.75,5.0256410256410255,0.23931623931623933,0.5982905982905983,0.13675213675213677,0.0,0.0,0.0,0.47083044490380027,0.4129684415720608,0.418436238162071,0.34025927374126425,0.39613971883488047,0.36558992290510833,3,tagalog,high_resource
199,10.515151515151516,4.734870317002882,0.2478386167146974,0.5043227665706052,0.1037463976945245,0.023054755043227664,0.002881844380403458,0.002881844380403458,0.4555247362383637,0.48783399276259204,0.4356808989122546,0.4110382507819657,0.43370141204988777,0.4161716281454907,3,tagalog,high_resource
200,5.819444444444445,4.5966587112171835,0.2171837708830549,0.3818615751789976,0.13365155131264916,0.011933174224343675,0.0,0.0,0.454516729394917,0.3795255505409961,0.4009394165307852,0.31920812949819605,0.410865948988611,0.34563459385238054,3,tagalog,high_resource
201,12.363636363636363,5.147058823529412,0.34558823529411764,0.5661764705882353,0.08823529411764706,0.022058823529411766,0.0,0.0,0.46412013853927836,0.4517968280287117,0.4262199374767127,0.33770899424629697,0.4320035396352278,0.36687116033762057,3,tagalog,high_resource
202,9.972222222222221,4.729805013927576,0.22841225626740946,0.479108635097493,0.16991643454038996,0.04178272980501393,0.005571030640668524,0.0,0.41055026451441623,0.38132610607386147,0.38661946781742784,0.31561359485284396,0.4092341572877959,0.3280755755104766,3,tagalog,high_resource
203,9.0,5.555555555555555,0.4444444444444444,0.8888888888888888,0.2222222222222222,0.0,0.0,0.0,0.16549390994687596,0.015414956010836717,0.15098900441088914,0.02079410068381222,0.1596204147336711,0.004120485354663638,3,tagalog,high_resource
204,10.820512820512821,5.002369668246446,0.24407582938388625,0.4549763033175355,0.11137440758293839,0.014218009478672985,0.002369668246445498,0.0,0.4926360230576798,0.5346420833635055,0.39707021728798353,0.3376825894756748,0.4187752265296375,0.411192197643328,3,tagalog,high_resource
205,8.019417475728156,4.842615012106537,0.2506053268765133,0.45036319612590797,0.11743341404358354,0.031476997578692496,0.002421307506053269,0.0,0.4842042163384946,0.522893864598375,0.4284402548747254,0.38853465905201007,0.4617758126220678,0.46487857234889923,3,tagalog,high_resource
206,9.39080459770115,4.5593635250918,0.1909424724602203,0.3047735618115055,0.13708690330477355,0.01835985312117503,0.02937576499388005,0.0,0.4451135671846608,0.45454182270664006,0.4294049779367096,0.349512538238186,0.4212536119269393,0.4113817690503094,3,tagalog,high_resource
207,1.8333333333333333,4.454545454545454,0.36363636363636365,0.6363636363636364,0.0,0.0,0.0,0.0,0.09604139900412806,0.005677691205215594,0.10655274012540707,0.011242342308150216,0.09329336943501075,0.006854453485683055,3,tagalog,high_resource
208,8.2625,4.795763993948563,0.2481089258698941,0.45537065052950076,0.11800302571860817,0.03479576399394856,0.0015128593040847202,0.0,0.48047050769679217,0.5342923640256244,0.4346630810871662,0.39982130927615395,0.4673968406815331,0.4531290048171209,3,tagalog,high_resource
209,12.210526315789474,4.870689655172414,0.28879310344827586,0.4353448275862069,0.1206896551724138,0.021551724137931036,0.0,0.0,0.39296386990944143,0.3561657047329393,0.3648316040773186,0.32880648502746435,0.3819478837384012,0.2771719389278172,3,tagalog,high_resource
210,5.573170731707317,4.586433260393873,0.2100656455142232,0.43982494529540483,0.17286652078774617,0.037199124726477024,0.002188183807439825,0.0,0.4707559778483015,0.5061231114195123,0.44748056127999103,0.3918147597610398,0.4388645875248274,0.4421855727372338,3,tagalog,high_resource
211,9.904761904761905,4.762019230769231,0.25721153846153844,0.44711538461538464,0.17067307692307693,0.028846153846153848,0.0,0.0,0.47174771043583896,0.4656615337158097,0.3972683460988935,0.37615522256672296,0.4334274915212588,0.4466656905939877,3,tagalog,high_resource
212,7.609756097560975,4.854166666666667,0.2692307692307692,0.40224358974358976,0.07692307692307693,0.04006410256410257,0.0016025641025641025,0.0,0.4750288303998315,0.4823377987712111,0.3880673283632416,0.3459633980254357,0.4324558460666291,0.49245623581788994,3,tagalog,high_resource
213,9.729166666666666,4.177730192719486,0.145610278372591,0.42398286937901497,0.145610278372591,0.021413276231263382,0.0021413276231263384,0.0,0.48457463075334795,0.4732951107666002,0.40068051395215,0.4071461252372486,0.40981765463533537,0.38195394552345513,3,tagalog,high_resource
214,12.0,5.166666666666667,0.25,0.9166666666666666,0.25,0.0,0.0,0.0,0.3012702493807659,0.1143746603925637,0.26453051315502035,0.09250077625214907,0.2896007963503763,0.10290698359277098,3,tagalog,high_resource
215,19.25,5.525974025974026,0.35064935064935066,0.6233766233766234,0.06493506493506493,0.03896103896103896,0.0,0.0,0.4195994305076505,0.34267600116961905,0.3784797470152272,0.2535179117578478,0.38158656330469504,0.3099506661647859,3,tagalog,high_resource
216,11.875,5.368421052631579,0.3157894736842105,0.6526315789473685,0.09473684210526316,0.07368421052631578,0.0,0.0,0.3957983310808488,0.3483721444998339,0.35132664227154015,0.24535742369832844,0.39798747891518943,0.32367588760873517,3,tagalog,high_resource
217,10.608695652173912,4.564207650273224,0.226775956284153,0.3524590163934426,0.1557377049180328,0.01639344262295082,0.001366120218579235,0.0,0.4832792734080757,0.468732006703416,0.4386974768322091,0.3453591066615775,0.4712913237920659,0.43943130426271904,3,tagalog,high_resource
218,8.0,4.791666666666667,0.3333333333333333,0.7916666666666666,0.08333333333333333,0.041666666666666664,0.0,0.0,0.3394052916987969,0.21796945282057215,0.37007628431494005,0.17344870913683672,0.3383147771737866,0.2085806729530501,3,tagalog,high_resource
219,14.666666666666666,5.090909090909091,0.3068181818181818,0.625,0.125,0.045454545454545456,0.0,0.0,0.44672695204734153,0.4206515482325321,0.38085013714204113,0.3615615247081889,0.4127855488871325,0.4110877806701946,3,tagalog,high_resource
220,8.23076923076923,4.640186915887851,0.19626168224299065,0.48130841121495327,0.17289719626168223,0.014018691588785047,0.0,0.0,0.4303188664221603,0.4106143785554791,0.4035388238227614,0.32820153280983155,0.4413432306419877,0.3305685628004867,3,tagalog,high_resource
221,8.90677966101695,4.965746907706945,0.29305423406279735,0.41294005708848713,0.12940057088487156,0.024738344433872503,0.0,0.0019029495718363464,0.4987106258381717,0.5688512621638409,0.46334967015175305,0.4588051359243326,0.4879202704052402,0.511690651076767,3,tagalog,high_resource
222,6.32,4.746835443037975,0.2320675105485232,0.4472573839662447,0.18565400843881857,0.023206751054852322,0.0,0.0,0.4808444888438445,0.48305492306801656,0.38896243122772856,0.3831810689679372,0.4074373765775575,0.41269146022285585,3,tagalog,high_resource
223,9.375,5.1866666666666665,0.4,0.68,0.14666666666666667,0.013333333333333334,0.0,0.0,0.34475083750768387,0.2536664761408426,0.293947047516396,0.2231239764763617,0.3431478214998422,0.23147926193901688,3,tagalog,high_resource
224,12.790697674418604,4.709090909090909,0.2309090909090909,0.4163636363636364,0.16363636363636364,0.014545454545454545,0.0036363636363636364,0.0,0.4564307003851413,0.4938462745800955,0.41708566352829496,0.36380424246467347,0.43622984898948325,0.4354754896259909,3,tagalog,high_resource
225,14.16,4.88135593220339,0.2627118644067797,0.4576271186440678,0.11864406779661017,0.01977401129943503,0.0,0.0,0.4566629915561748,0.4663536141878825,0.41677634124443913,0.3543786338560412,0.443324390382242,0.42015039751062133,3,tagalog,high_resource
226,28.333333333333332,4.870588235294117,0.24705882352941178,0.6352941176470588,0.1411764705882353,0.023529411764705882,0.0,0.0,0.40383153898149965,0.3824481514845929,0.38910286919697484,0.33447519925179225,0.4040230760338408,0.3508509451040705,3,tagalog,high_resource
227,6.622641509433962,4.737891737891738,0.25071225071225073,0.3732193732193732,0.1282051282051282,0.03418803418803419,0.0,0.0,0.44592983080958337,0.47151102081191304,0.3887778592468998,0.3757788925101932,0.4090262996322967,0.38747587695570906,3,tagalog,high_resource
228,4.816091954022989,4.90453460620525,0.2386634844868735,0.45823389021479716,0.10023866348448687,0.03341288782816229,0.0,0.002386634844868735,0.4643093426800602,0.5098946459857071,0.41066879402155965,0.38234791266792034,0.447677677289073,0.4092914479302238,3,tagalog,high_resource
229,11.5,3.782608695652174,0.15217391304347827,0.782608695652174,0.06521739130434782,0.043478260869565216,0.043478260869565216,0.0,0.1824887994373955,0.09995928152621446,0.16687555343489338,0.11134742371535214,0.15018941136401265,0.1028078257324978,3,tagalog,high_resource
230,9.090909090909092,4.892,0.294,0.402,0.126,0.018,0.0,0.0,0.4811801319473814,0.4687561584514542,0.45178557661459623,0.37697386373269814,0.4342215055149025,0.436185629540201,3,tagalog,high_resource
231,9.796296296296296,4.909262759924386,0.29300567107750475,0.48582230623818523,0.13988657844990549,0.022684310018903593,0.0,0.0,0.5037023199353929,0.5510727505422366,0.44999196539987657,0.3800982151444144,0.4518192294067499,0.399373945977502,3,tagalog,high_resource
232,5.666666666666667,5.0,0.23529411764705882,0.6470588235294118,0.058823529411764705,0.0,0.0,0.0,0.28135868788152957,0.1748820172838893,0.23594639284380162,0.13648050481502688,0.2464530614084702,0.19188391647738612,3,tagalog,high_resource
233,18.214285714285715,4.705882352941177,0.2784313725490196,0.4568627450980392,0.13725490196078433,0.023529411764705882,0.0,0.0,0.49112762773703966,0.5748775061351173,0.4361841017233274,0.41980028769569844,0.46295830982915376,0.4599955758663774,3,tagalog,high_resource
234,9.3,4.462365591397849,0.17204301075268819,0.6236559139784946,0.16129032258064516,0.03225806451612903,0.0,0.0,0.44944221746119856,0.3348771894651143,0.4202997844304401,0.3098864851551528,0.4151059652946733,0.30525408232774287,3,tagalog,high_resource
235,12.043478260869565,4.909747292418772,0.24187725631768953,0.555956678700361,0.1299638989169675,0.02888086642599278,0.0,0.0,0.4791673995819159,0.43400503510093175,0.4072941288301087,0.3687767871806942,0.408549107101668,0.3804473041133724,3,tagalog,high_resource
236,13.307692307692308,4.745664739884393,0.23121387283236994,0.45664739884393063,0.07514450867052024,0.023121387283236993,0.0,0.0,0.4106373927447227,0.3708595436752179,0.39549998048529816,0.27261198265196585,0.41331688040387393,0.3847712859020403,3,tagalog,high_resource
237,12.16326530612245,5.028523489932886,0.3104026845637584,0.4446308724832215,0.1644295302013423,0.028523489932885907,0.0016778523489932886,0.0,0.4650138296911919,0.482180278809666,0.42841418261667774,0.38167199613219815,0.44265454321904923,0.39393197855291545,3,tagalog,high_resource
238,12.756756756756756,4.557203389830509,0.2330508474576271,0.3961864406779661,0.1440677966101695,0.014830508474576272,0.0,0.0,0.516604664185196,0.5043644581886689,0.42486218582019586,0.44150316774734427,0.4262049003391216,0.4328756369791075,3,tagalog,high_resource
239,4.4,4.136363636363637,0.18181818181818182,0.5795454545454546,0.20454545454545456,0.06818181818181818,0.0,0.0,0.34178802393428626,0.2850483551600161,0.3251882141715966,0.2375239703027307,0.34637404639365504,0.29304524879092136,1,cebuano,high_resource
240,5.285714285714286,5.297297297297297,0.24324324324324326,0.4594594594594595,0.05405405405405406,0.10810810810810811,0.0,0.0,0.3670764222189444,0.22626601079630967,0.34209083429520415,0.19301109488593596,0.3689835756722254,0.21036323798526482,1,cebuano,high_resource
241,3.0833333333333335,4.45945945945946,0.21621621621621623,0.8108108108108109,0.10810810810810811,0.02702702702702703,0.0,0.0,0.263291606788652,0.1373344918291906,0.2629667910281637,0.15392598540302227,0.2590164950649516,0.1552899147205746,1,cebuano,high_resource
242,4.833333333333333,4.517241379310345,0.20689655172413793,0.6724137931034483,0.05172413793103448,0.08620689655172414,0.017241379310344827,0.0,0.37351982706056847,0.24681521774638313,0.39121366221570675,0.20026548928305787,0.36172676650483704,0.27788718316136735,1,cebuano,high_resource
243,3.75,4.533333333333333,0.2,0.7333333333333333,0.2,0.0,0.0,0.0,0.18212834574573078,0.03376600550670945,0.1891732052078743,0.03477951990354451,0.19338039242681962,0.04167298819736859,1,cebuano,high_resource
244,3.7142857142857144,4.897435897435898,0.28205128205128205,0.7435897435897436,0.14102564102564102,0.038461538461538464,0.0,0.0,0.4008028422096032,0.3023229803400074,0.39915862963824283,0.287432298708185,0.4154555312138845,0.34590549753113153,1,cebuano,high_resource
245,3.6,4.277777777777778,0.2222222222222222,0.9444444444444444,0.2222222222222222,0.0,0.0,0.0,0.2888397029177713,0.10394187097312749,0.28526557186826734,0.0878149699562529,0.28056391499281835,0.13298323166926468,1,cebuano,high_resource
246,5.0,4.266666666666667,0.17777777777777778,0.8666666666666667,0.13333333333333333,0.0,0.022222222222222223,0.0,0.3216947107407488,0.23481633845572542,0.30017235905916073,0.2499353161570013,0.3124872427829909,0.28583653947661203,1,cebuano,high_resource
247,5.666666666666667,5.0,0.23529411764705882,0.7352941176470589,0.058823529411764705,0.029411764705882353,0.0,0.0,0.3441281672002086,0.3002174268845421,0.33850720564022296,0.2810250803543531,0.38955438088972993,0.371486198305049,1,cebuano,high_resource
248,5.666666666666667,4.279411764705882,0.16176470588235295,0.6911764705882353,0.16176470588235295,0.029411764705882353,0.0,0.0,0.3056544187156675,0.20885264525726707,0.3007374371929725,0.19134213616925433,0.3166279066495094,0.25394722758828453,1,cebuano,high_resource
249,4.782608695652174,4.672727272727273,0.20909090909090908,0.5909090909090909,0.05454545454545454,0.045454545454545456,0.0,0.0,0.3958360039647075,0.3753053904953671,0.40012535397197724,0.25267757820000725,0.40673327722636393,0.36362570296036173,1,cebuano,high_resource
250,5.416666666666667,4.584615384615384,0.26153846153846155,0.6153846153846154,0.2153846153846154,0.0,0.0,0.0,0.32661872130791714,0.2699333186019303,0.3354201919581602,0.2589420378346099,0.358747358633453,0.36081583357476865,1,cebuano,high_resource
251,12.375,4.282828282828283,0.1414141414141414,0.41414141414141414,0.1414141414141414,0.0,0.0,0.0,0.2954311322433343,0.23339849417374833,0.2867066294920479,0.2278776471311304,0.3375878858394197,0.28515792158112446,1,cebuano,high_resource
252,9.875,4.69620253164557,0.21518987341772153,0.5949367088607594,0.11392405063291139,0.012658227848101266,0.0,0.0,0.363755826940562,0.3810068450780914,0.3485124437667867,0.32629534828042694,0.3957406846795978,0.4529548135541656,1,cebuano,high_resource
253,3.888888888888889,4.828571428571428,0.2857142857142857,0.6,0.02857142857142857,0.02857142857142857,0.0,0.0,0.24991871885773886,0.17938158264984283,0.255179468939644,0.15474575458510956,0.2934435834838074,0.23191094497837492,1,cebuano,high_resource
254,3.8,4.368421052631579,0.15789473684210525,0.8421052631578947,0.10526315789473684,0.0,0.0,0.0,0.2191361974688104,0.08833031486975522,0.2028472182788983,0.05147239672359679,0.22631860621466668,0.11711375181164543,1,cebuano,high_resource
255,3.1666666666666665,4.894736842105263,0.21052631578947367,0.7368421052631579,0.05263157894736842,0.0,0.0,0.0,0.26557176307271024,0.07142604282748585,0.24646503820944554,0.05847994755662811,0.2583472025220477,0.08090878314438543,1,cebuano,high_resource
256,5.333333333333333,5.020833333333333,0.22916666666666666,0.75,0.1875,0.020833333333333332,0.0,0.0,0.3621666386202029,0.22684164333236495,0.3330693968326836,0.15608158336763658,0.3487318972498291,0.23564432234721192,1,cebuano,high_resource
257,7.714285714285714,4.333333333333333,0.18518518518518517,0.48148148148148145,0.12962962962962962,0.0,0.0,0.0,0.22148420509863453,0.14531872961187772,0.22471388522125307,0.13020841725612198,0.22265341574107173,0.19718098029806083,1,cebuano,high_resource
258,5.571428571428571,4.205128205128205,0.23076923076923078,0.6923076923076923,0.23076923076923078,0.0,0.0,0.0,0.3296059367966592,0.2683406575638409,0.29008048949437476,0.2142801802169186,0.3371941846466767,0.311945525345571,1,cebuano,high_resource
259,4.166666666666667,3.32,0.0,0.8,0.2,0.12,0.0,0.0,0.18902905949492835,0.03835894189877109,0.17858212299924203,0.02581326527667227,0.19205009930105232,0.014574910776484954,1,cebuano,high_resource
260,4.4,3.909090909090909,0.0,0.9090909090909091,0.09090909090909091,0.0,0.0,0.0,0.29357886062433625,0.10720268338755415,0.29345694339890654,0.10283379256686867,0.3142117265516592,0.15252033965602213,1,cebuano,high_resource
261,5.555555555555555,3.8,0.16,0.58,0.28,0.02,0.0,0.0,0.3336901088530016,0.22914067282636896,0.334334384775912,0.1806002187440635,0.34827465233574145,0.23909702939853464,1,cebuano,high_resource
262,3.6666666666666665,4.363636363636363,0.22727272727272727,0.7272727272727273,0.09090909090909091,0.0,0.0,0.0,0.3230428162481716,0.160013987995262,0.3357392838499517,0.12885489104906495,0.333319724874432,0.18042544397007126,1,cebuano,high_resource
263,2.8333333333333335,3.823529411764706,0.11764705882352941,0.7058823529411765,0.17647058823529413,0.0,0.0,0.0,0.14556230254182728,0.08304107836088384,0.1206496952916901,0.04868209994577004,0.1278972408120744,0.06763171575322866,1,cebuano,high_resource
264,3.888888888888889,5.228571428571429,0.32857142857142857,0.7714285714285715,0.11428571428571428,0.07142857142857142,0.014285714285714285,0.0,0.37958196469237254,0.27962053169521955,0.3596825537538439,0.2286420272496184,0.4018037905012523,0.2894685495405591,1,cebuano,high_resource
265,4.4,4.659090909090909,0.25,0.6818181818181818,0.09090909090909091,0.0,0.0,0.022727272727272728,0.19704850335616256,0.14419410959738982,0.20331834780365174,0.12945849802947787,0.1918299196210233,0.134994320641653,1,cebuano,high_resource
266,3.7142857142857144,3.8461538461538463,0.0,0.8461538461538461,0.19230769230769232,0.038461538461538464,0.0,0.0,0.28465022894418013,0.15493065605211861,0.2670872109798567,0.09916603340493653,0.2986109648597877,0.15041726341519368,1,cebuano,high_resource
267,3.6,3.7222222222222223,0.0,0.7777777777777778,0.1111111111111111,0.0,0.0,0.0,0.26646355301893426,0.15284477312953276,0.2716940270419503,0.10853082908402714,0.3218898027290982,0.1418214466201078,1,cebuano,high_resource
268,3.1666666666666665,3.6315789473684212,0.0,0.3684210526315789,0.10526315789473684,0.10526315789473684,0.0,0.0,0.1350831230392192,0.056797426159882244,0.10605943150112888,0.045343666185145,0.1476422935380654,0.04754644325101617,1,cebuano,high_resource
269,15.066666666666666,4.871681415929204,0.30973451327433627,0.504424778761062,0.18584070796460178,0.02654867256637168,0.0,0.0,0.42510737066835896,0.40628026381288024,0.3722175703871658,0.38272248698792166,0.4213933255965357,0.47406445884313364,1,cebuano,high_resource
270,9.3,4.440860215053763,0.1827956989247312,0.5376344086021505,0.1827956989247312,0.021505376344086023,0.0,0.0,0.35721525303131385,0.27913935023197955,0.33096544638483244,0.2437597256129447,0.3724850877154596,0.31207261987908086,1,cebuano,high_resource
271,8.88888888888889,4.2625,0.1375,0.5125,0.1,0.0,0.0,0.0,0.3260126446884229,0.31226661906323705,0.3128314827947633,0.2793026469383913,0.3424874711486948,0.3917882000583469,1,cebuano,high_resource
272,5.333333333333333,4.359375,0.203125,0.625,0.109375,0.015625,0.0,0.0,0.32928009977812794,0.2906104244402244,0.3178244958315846,0.2375488373922875,0.36682583931624324,0.34538483913183976,1,cebuano,high_resource
273,3.0,3.8333333333333335,0.0,0.625,0.16666666666666666,0.0,0.0,0.0,0.25667160824991797,0.12608365033268334,0.21048709296165183,0.11475416026496903,0.22909904709585208,0.12898849430567141,1,cebuano,high_resource
274,3.0625,4.714285714285714,0.22448979591836735,0.4489795918367347,0.16326530612244897,0.0,0.0,0.0,0.2865803046407317,0.2081704788270119,0.23857393920777814,0.20626483225239559,0.2532976931311383,0.2115937564673044,1,cebuano,high_resource
275,5.846153846153846,4.368421052631579,0.19736842105263158,0.6052631578947368,0.15789473684210525,0.013157894736842105,0.0,0.0,0.3967107022906622,0.3489503134982548,0.39142946218253283,0.2846465884548229,0.4320017835078935,0.40931951333856875,1,cebuano,high_resource
276,4.9,3.979591836734694,0.12244897959183673,0.5714285714285714,0.1836734693877551,0.0,0.0,0.0,0.3051309945633433,0.21032981369660542,0.2932636229739679,0.2185425753960711,0.32234075281681085,0.20413432265466816,1,cebuano,high_resource
277,3.4285714285714284,4.083333333333333,0.0,0.75,0.16666666666666666,0.041666666666666664,0.0,0.0,0.2295381705977818,0.12596840480459714,0.22599508733090465,0.1459344246558162,0.2336852738068141,0.11860314538151594,1,cebuano,high_resource
278,3.3333333333333335,3.9,0.05,0.65,0.2,0.0,0.0,0.0,0.22896368789724164,0.09383247079668708,0.21194045130424277,0.1016941708181187,0.2284096576934317,0.08735362992095527,1,cebuano,high_resource
279,2.3333333333333335,3.857142857142857,0.0,0.5714285714285714,0.2857142857142857,0.0,0.0,0.0,0.03252484184360233,0.013036167721990363,0.038068889397309,0.036362268494270385,0.03995947389193519,0.004487634697123684,1,cebuano,high_resource
280,4.0,3.25,0.0,0.75,0.25,0.0,0.0,0.0,0.08347135604669344,0.06838969707632472,0.08816818106580833,0.09207413627468841,0.09769948270343222,0.055453161735651124,1,cebuano,high_resource
281,4.0,3.05,0.0,0.65,0.4,0.0,0.0,0.0,0.15985720893056624,0.07305026409656272,0.1697283977386439,0.08136296924838597,0.19454517106997882,0.07840095342216762,1,cebuano,high_resource
282,3.1538461538461537,5.073170731707317,0.2682926829268293,0.8536585365853658,0.04878048780487805,0.024390243902439025,0.0,0.0,0.35799686885053195,0.17749561986821094,0.3638640920058294,0.19123513220252508,0.3586999143890471,0.22591308421366416,1,cebuano,high_resource
283,4.0,4.083333333333333,0.16666666666666666,0.7083333333333334,0.2916666666666667,0.0,0.0,0.0,0.2377540169148134,0.04533786408768377,0.22472156097649676,0.04009098331898078,0.24709976964476035,0.049949511862910946,1,cebuano,high_resource
284,3.0,3.5,0.0,0.5,0.3333333333333333,0.0,0.0,0.0,0.05531988464597741,0.03066187029812284,0.05537947725333415,0.03368570460246101,0.055657807676894336,0.01724803031257139,1,cebuano,high_resource
285,3.1666666666666665,3.3157894736842106,0.0,0.3157894736842105,0.21052631578947367,0.0,0.0,0.0,0.07263693517085444,0.07787304078759011,0.07269652777821119,0.0867301082729731,0.07464235372603167,0.04985136742725921,1,cebuano,high_resource
286,3.8333333333333335,3.5652173913043477,0.0,0.43478260869565216,0.21739130434782608,0.0,0.0,0.0,0.16237845920914573,0.06004958802428132,0.15783257359274436,0.060124425035136826,0.15670149133920305,0.055267036475288536,1,cebuano,high_resource
287,4.166666666666667,4.92,0.12,0.8,0.04,0.0,0.0,0.0,0.31413901329764715,0.1659573585091757,0.29933416108276933,0.16174937402172734,0.30946704421854077,0.17782174369666437,1,cebuano,high_resource
288,9.583333333333334,4.626086956521739,0.23478260869565218,0.6608695652173913,0.1391304347826087,0.02608695652173913,0.0,0.0,0.3968826525652571,0.41262356769939845,0.4190193554188182,0.35940457546900173,0.4495183123971853,0.46512401600231124,1,cebuano,high_resource
289,5.6,4.946428571428571,0.25,0.75,0.08928571428571429,0.017857142857142856,0.0,0.0,0.3655416859435242,0.2970666469744597,0.36996681756773375,0.2681174542333086,0.40052394814337267,0.3372164597156702,1,cebuano,high_resource
290,6.0,4.25,0.16666666666666666,0.6458333333333334,0.22916666666666666,0.0,0.0,0.0,0.36957213783445103,0.28986944330715986,0.35632841979042407,0.2724127498007975,0.40474319368247164,0.32323229623690786,1,cebuano,high_resource
291,3.7142857142857144,4.717948717948718,0.24358974358974358,0.7435897435897436,0.11538461538461539,0.01282051282051282,0.0,0.0,0.370603575204315,0.2881515905020558,0.3634608086106979,0.24852901171804678,0.4115865741938439,0.3457062094109457,1,cebuano,high_resource
292,2.9285714285714284,4.487804878048781,0.12195121951219512,0.7073170731707317,0.12195121951219512,0.0,0.0,0.0,0.2770514974030515,0.1723565213441699,0.29641815544542144,0.1473841829690034,0.2852040890601716,0.17855964941611463,1,cebuano,high_resource
293,3.8181818181818183,4.690476190476191,0.19047619047619047,0.42857142857142855,0.14285714285714285,0.047619047619047616,0.0,0.0,0.33648350679648753,0.2114559582893173,0.2734310220824853,0.16484765051576214,0.33381730776587937,0.2456174189278298,1,cebuano,high_resource
294,4.0,4.583333333333333,0.20833333333333334,0.6666666666666666,0.16666666666666666,0.041666666666666664,0.0,0.0,0.21552076869608025,0.06528551271103201,0.16799187099583968,0.043389989076461785,0.20160923462857064,0.09563914694532025,1,cebuano,high_resource
295,5.166666666666667,3.161290322580645,0.0,0.3225806451612903,0.3870967741935484,0.0,0.0,0.0,0.11490468744837942,0.04012026058886581,0.11720932720738596,0.029927710715261818,0.12093100953615465,0.025010179877485356,1,cebuano,high_resource
296,7.9411764705882355,4.5851851851851855,0.24444444444444444,0.48148148148148145,0.2,0.014814814814814815,0.0,0.0,0.4154096698727295,0.34710744838303786,0.39807626896079396,0.30111247512383826,0.42213937073581786,0.3998847908141482,1,cebuano,high_resource
297,3.6666666666666665,4.7272727272727275,0.36363636363636365,0.9090909090909091,0.09090909090909091,0.045454545454545456,0.0,0.0,0.3329764171836894,0.17825250494371964,0.313366176464795,0.18868775374374022,0.34646025706569283,0.1808474634863069,1,cebuano,high_resource
298,2.75,3.4545454545454546,0.0,0.45454545454545453,0.18181818181818182,0.0,0.0,0.0,0.061873494880444774,0.03973069944191505,0.04948689224086407,0.031790836552342605,0.06022545037654151,0.030123341028082305,1,cebuano,high_resource
299,12.461538461538462,3.845679012345679,0.14814814814814814,0.6790123456790124,0.043209876543209874,0.012345679012345678,0.018518518518518517,0.0,0.3831734395054445,0.3701131265004102,0.36416383283954734,0.30369295775212807,0.40078384774149833,0.41683951199357505,1,cebuano,high_resource
300,5.222222222222222,4.829787234042553,0.2127659574468085,0.7021276595744681,0.06382978723404255,0.0,0.0,0.0,0.3421523293581231,0.30597513224799955,0.3491568580992496,0.2721389970309776,0.35288853395876474,0.3891036637830877,1,cebuano,high_resource
301,3.3636363636363638,4.5675675675675675,0.05405405405405406,0.6756756756756757,0.02702702702702703,0.02702702702702703,0.0,0.0,0.2702089906849501,0.17445164488403767,0.24498020743531615,0.15949146719909202,0.30326449497571395,0.1687038958383189,1,cebuano,high_resource
302,4.25,3.5294117647058822,0.0,0.8823529411764706,0.11764705882352941,0.058823529411764705,0.0,0.0,0.18894017241069533,0.083929265475235,0.14975802014551484,0.07779292468183674,0.17147131354472475,0.08356882540094686,1,cebuano,high_resource
303,2.75,4.0,0.0,0.45454545454545453,0.18181818181818182,0.0,0.0,0.0,0.0614003262961255,0.02603418520366979,0.04901372365654479,0.02349237645436659,0.05721047304291902,0.027519772125283514,1,cebuano,high_resource
304,3.8,3.263157894736842,0.0,0.3157894736842105,0.2631578947368421,0.0,0.0,0.0,0.08016895730633321,0.06655533927338074,0.08486578232544811,0.07739547098206805,0.09439708396307202,0.05484939905986439,1,cebuano,high_resource
305,2.9166666666666665,4.6,0.2,0.6571428571428571,0.14285714285714285,0.0,0.0,0.0,0.2768232593809206,0.206662416656252,0.27188108512157644,0.2098715186564045,0.2938113146838788,0.2478709978179281,1,cebuano,high_resource
306,3.75,4.166666666666667,0.06666666666666667,0.7333333333333333,0.06666666666666667,0.06666666666666667,0.0,0.0,0.34170110956813654,0.2055795531735016,0.33039071540229026,0.1627209116018785,0.32476015664124325,0.21193101492200475,1,cebuano,high_resource
307,5.5,4.2272727272727275,0.11363636363636363,0.6363636363636364,0.11363636363636363,0.0,0.0,0.0,0.24061334750497598,0.10928729711366571,0.2467641540847869,0.09219185923748442,0.2796876537224327,0.11693284404724644,1,cebuano,high_resource
308,4.7,4.9787234042553195,0.3829787234042553,0.6808510638297872,0.10638297872340426,0.0,0.0,0.0,0.28781648233233315,0.20104199243803728,0.30306786235749716,0.20418305630366923,0.30506678965790507,0.22762358499172533,1,cebuano,high_resource
309,4.166666666666667,3.68,0.0,0.8,0.04,0.04,0.0,0.0,0.294508782519808,0.1942224934594535,0.272495705531793,0.16544918599674938,0.2922890739241854,0.18485018169684259,1,cebuano,high_resource
310,3.375,5.648148148148148,0.3888888888888889,0.7777777777777778,0.12962962962962962,0.0,0.0,0.0,0.38164815287142634,0.34346925270837275,0.35863022821415474,0.23855508960234761,0.33746506624773803,0.304617984782717,1,cebuano,high_resource
311,7.777777777777778,3.914285714285714,0.07142857142857142,0.5142857142857142,0.22857142857142856,0.0,0.0,0.0,0.31847437144256624,0.1935240159978125,0.2795518060257165,0.17771279613895402,0.3145970043306296,0.20047861467264674,1,cebuano,high_resource
312,6.6,4.454545454545454,0.12121212121212122,0.6363636363636364,0.18181818181818182,0.030303030303030304,0.0,0.0,0.24830326074620057,0.10796467121053824,0.2165375161923754,0.07418952228956287,0.24373492361639884,0.1006140627362028,1,cebuano,high_resource
313,3.625,4.862068965517241,0.27586206896551724,0.7241379310344828,0.08620689655172414,0.017241379310344827,0.0,0.0,0.38147372419565434,0.27602531783098766,0.3788771442157409,0.25547436742793134,0.39870351348567135,0.31647914647752096,1,cebuano,high_resource
314,3.25,4.6923076923076925,0.20512820512820512,0.7692307692307693,0.10256410256410256,0.02564102564102564,0.0,0.0,0.3055127957536778,0.15313770155686066,0.30298097874091023,0.12915057487070788,0.3084862990720105,0.19829793961907355,1,cebuano,high_resource
315,4.5,4.711111111111111,0.2222222222222222,0.6888888888888889,0.13333333333333333,0.0,0.0,0.0,0.3421641808058135,0.1994355325149113,0.32823657062459105,0.17269138679336032,0.3303742644134877,0.22658027650812732,1,cebuano,high_resource
316,15.0,3.624242424242424,0.15151515151515152,0.5757575757575758,0.11515151515151516,0.012121212121212121,0.01818181818181818,0.0,0.2676890297971801,0.1938198812095412,0.2843243057282801,0.17896047868480155,0.3006431276734071,0.21765710850088626,1,cebuano,high_resource
317,4.9,5.510204081632653,0.46938775510204084,0.4489795918367347,0.10204081632653061,0.0,0.0,0.0,0.3234619136877506,0.16958734403740364,0.34473505192780235,0.135920283653072,0.3490171547457252,0.21224843617631287,1,cebuano,high_resource
318,6.0,4.2727272727272725,0.25757575757575757,0.5303030303030303,0.18181818181818182,0.030303030303030304,0.0,0.0,0.3253207397978295,0.23656885041190492,0.31400024051509867,0.22145783781911066,0.3442277907808957,0.2648903895323806,1,cebuano,high_resource
319,4.333333333333333,4.107692307692307,0.2,0.6153846153846154,0.1076923076923077,0.015384615384615385,0.0,0.0,0.3561485592041439,0.2661947415984607,0.33328644873291524,0.2264868014986736,0.37742282436062524,0.3013022147608549,1,cebuano,high_resource
320,3.3333333333333335,3.3,0.0,0.35,0.25,0.0,0.0,0.0,0.06679297676645216,0.021749130552396443,0.06938384599322343,0.026360128861850202,0.08884685543363914,0.02562732799600727,1,cebuano,high_resource
321,5.6,4.803571428571429,0.26785714285714285,0.7321428571428571,0.05357142857142857,0.03571428571428571,0.0,0.0,0.3574219963381174,0.30966352002862313,0.3473411077321226,0.2319459259953192,0.4059169439897537,0.3617108242139226,1,cebuano,high_resource
322,5.375,4.6976744186046515,0.32558139534883723,0.6976744186046512,0.16279069767441862,0.0,0.0,0.0,0.32326877857203756,0.2715619948888798,0.31731085473437404,0.23299330712287605,0.34295517998607794,0.305990297183152,1,cebuano,high_resource
323,4.444444444444445,4.575,0.275,0.75,0.225,0.0,0.0,0.0,0.3115058064434331,0.1831969704280247,0.3108947674185559,0.18055751810292273,0.33093047824603994,0.20658337205894475,1,cebuano,high_resource
324,10.133333333333333,4.302631578947368,0.16447368421052633,0.4144736842105263,0.2236842105263158,0.013157894736842105,0.0,0.0,0.40008584678545644,0.31785714583953256,0.38911131912300495,0.27447942321804275,0.42399218422379414,0.35203974949515887,1,cebuano,high_resource
325,5.3,4.716981132075472,0.24528301886792453,0.7169811320754716,0.07547169811320754,0.0,0.0,0.0,0.3249347655861394,0.2897750759823599,0.33253082235115056,0.21309611226737463,0.3845716489533366,0.34881217364477934,1,cebuano,high_resource
326,3.3333333333333335,3.45,0.0,0.4,0.1,0.0,0.0,0.0,0.16994264770175296,0.09045592161755268,0.17784084472241046,0.08362315838310166,0.18862921699785132,0.0743441283312406,1,cebuano,high_resource
327,5.625,4.688888888888889,0.26666666666666666,0.7555555555555555,0.13333333333333333,0.0,0.0,0.0,0.3385816204380152,0.17111339432722156,0.297546752870041,0.15300266176880975,0.3367089303610619,0.21833438123886015,1,cebuano,high_resource
328,4.5,4.6,0.13333333333333333,0.6444444444444445,0.1111111111111111,0.0,0.0,0.0,0.2847047145737703,0.1815111835020096,0.2739577816692924,0.14170472880420196,0.3198409991034608,0.21436497354442852,1,cebuano,high_resource
329,4.4,5.068181818181818,0.25,0.7954545454545454,0.13636363636363635,0.022727272727272728,0.0,0.0,0.32097198424059775,0.19869266729307544,0.2937932258199716,0.16386047622814146,0.29075915060085,0.1606915935005005,1,cebuano,high_resource
330,2.8333333333333335,4.411764705882353,0.11764705882352941,0.5882352941176471,0.11764705882352941,0.0,0.0,0.0,0.18707479172205999,0.09978027168214569,0.17750289629666313,0.08267495730366892,0.22366522642597722,0.10165502450867175,1,cebuano,high_resource
331,4.75,5.184210526315789,0.34210526315789475,0.6842105263157895,0.21052631578947367,0.0,0.0,0.0,0.38099144120282247,0.2699115892685469,0.3603762926698283,0.2650657410784295,0.4015303116763684,0.30043388028316065,1,cebuano,high_resource
332,3.75,4.822222222222222,0.28888888888888886,0.7333333333333333,0.13333333333333333,0.044444444444444446,0.0,0.0,0.32650918420893127,0.241077691505576,0.32628914730455433,0.22103830624455412,0.33564486836571167,0.25577307182909176,1,cebuano,high_resource
333,5.3076923076923075,4.594202898550725,0.2463768115942029,0.6086956521739131,0.2318840579710145,0.028985507246376812,0.0,0.0,0.2900874467870389,0.18527293372469603,0.28692269830720546,0.20207094502686954,0.2761256576896906,0.21023437088312943,1,cebuano,high_resource
334,2.1666666666666665,3.3076923076923075,0.0,0.7692307692307693,0.23076923076923078,0.07692307692307693,0.0,0.0,0.074750852325292,0.021332453177139082,0.07687121202285599,0.024614198760389217,0.06661083761576102,0.03253197794257043,1,cebuano,high_resource
335,3.6666666666666665,3.5454545454545454,0.0,0.4090909090909091,0.0,0.22727272727272727,0.0,0.0,0.16351420338398628,0.07464585640953698,0.1473126400658819,0.07401563978685406,0.17715594685633318,0.10251883475788043,1,cebuano,high_resource
336,2.888888888888889,5.0,0.21153846153846154,0.6538461538461539,0.17307692307692307,0.0,0.0,0.0,0.30238806853374833,0.15980869664520306,0.29668819722428735,0.10998314173362521,0.33653157437863435,0.19036354498547586,1,cebuano,high_resource
337,3.5,3.8095238095238093,0.0,0.6666666666666666,0.047619047619047616,0.047619047619047616,0.0,0.0,0.24927128891269693,0.12671055492451885,0.23299801447263152,0.13049169164514435,0.23374983117390002,0.1362747938018106,1,cebuano,high_resource
338,9.375,4.733333333333333,0.22666666666666666,0.5866666666666667,0.16,0.06666666666666667,0.0,0.0,0.4011357147290598,0.3458736047219018,0.3660834306786861,0.28589672109230185,0.4223351056507095,0.4364020406880513,1,cebuano,high_resource
339,5.0,4.033333333333333,0.0,0.36666666666666664,0.03333333333333333,0.0,0.0,0.0,0.1364327595315227,0.06847323194602258,0.12638520523825708,0.07165336000837699,0.14674640298250632,0.07757252759188134,1,cebuano,high_resource
340,3.3333333333333335,4.3,0.0,0.6,0.2,0.0,0.0,0.0,0.10228489765580484,0.021511855867156867,0.11131848702202564,0.012639378720778265,0.1264171987596055,0.021275968597802675,1,cebuano,high_resource
341,5.5,4.0,0.2,0.5272727272727272,0.2545454545454545,0.0,0.0,0.0,0.2685004298932326,0.15120520502876422,0.2295419205636153,0.1388063437747471,0.2850043699400766,0.16295402650424226,1,cebuano,high_resource
342,7.260869565217392,3.7784431137724552,0.08383233532934131,0.5329341317365269,0.1497005988023952,0.011976047904191617,0.017964071856287425,0.0,0.31814413904933003,0.24395487635084373,0.26716996341050075,0.19591562012011068,0.2774750850524868,0.2269450666077969,1,cebuano,high_resource
343,3.8,3.5789473684210527,0.0,0.3157894736842105,0.2631578947368421,0.0,0.0,0.0,0.0908923310088442,0.06339401790223739,0.0955891560279591,0.06991496311945286,0.10196737521970897,0.045066401795501275,1,cebuano,high_resource
344,5.0,3.4,0.0,1.0,0.2,0.0,0.0,0.0,0.0573248650262934,0.03768674019694241,0.049147757689169715,0.04119231361971123,0.0536353923862934,0.021524439574001256,1,cebuano,high_resource
345,4.166666666666667,3.8,0.16,0.8,0.2,0.12,0.0,0.0,0.24922684670739764,0.05817573608075686,0.23890559230847605,0.04397486152961649,0.22763440062320084,0.0668409915448912,1,cebuano,high_resource
346,4.0625,5.2615384615384615,0.2923076923076923,0.5076923076923077,0.046153846153846156,0.03076923076923077,0.0,0.0,0.287186697166008,0.16569530314865674,0.28397781129557315,0.172573696235111,0.29073513056679745,0.15984290604562978,1,cebuano,high_resource
347,9.090909090909092,4.7,0.18,0.54,0.23,0.02,0.0,0.0,0.3775349443300199,0.3163662139147629,0.35584354646264726,0.2934492871144998,0.3619515390639771,0.2411641045869968,1,cebuano,high_resource
348,3.5,3.4285714285714284,0.0,1.0,0.42857142857142855,0.0,0.0,0.0,0.024025298946233866,0.021761058723683214,0.018668330781973563,0.02579872905182215,0.020335826306233866,0.002103459335195257,1,cebuano,high_resource
349,6.833333333333333,4.512195121951219,0.1951219512195122,0.5365853658536586,0.14634146341463414,0.0,0.0,0.0,0.32037023034770473,0.2078891898843784,0.290268759193905,0.18293500711240934,0.3038777285514135,0.19728092632374922,1,cebuano,high_resource
350,2.8333333333333335,3.4705882352941178,0.0,0.47058823529411764,0.23529411764705882,0.0,0.0,0.0,0.09885623865835422,0.029249444318957103,0.09669271232315875,0.034183080194659855,0.11005926949327587,0.03736962031224644,1,cebuano,high_resource
351,4.714285714285714,4.575757575757576,0.21212121212121213,0.696969696969697,0.06060606060606061,0.06060606060606061,0.0,0.0,0.31856153026801554,0.2046700579980418,0.29121162054486355,0.17883695997863008,0.28740737071500916,0.18666027885320863,1,cebuano,high_resource
352,2.5,3.4,0.0,0.8,0.2,0.0,0.0,0.0,0.05271101221983499,0.023002865094230576,0.04902153957983499,0.021335369569970276,0.04902153957983499,0.019667874045709972,1,cebuano,high_resource
353,4.0,3.25,0.0,0.75,0.25,0.0,0.0,0.0,0.09741083624040012,0.06377329657174041,0.08733009351210168,0.04620393114852578,0.09686139514972557,0.05913158677036535,1,cebuano,high_resource
354,5.2727272727272725,5.155172413793103,0.27586206896551724,0.896551724137931,0.10344827586206896,0.0,0.0,0.0,0.4033011303082796,0.21712140420143275,0.3971463366257161,0.2186495399847141,0.3945040130092234,0.2322902169459866,1,cebuano,high_resource
355,4.909090909090909,4.907407407407407,0.2962962962962963,0.7222222222222222,0.18518518518518517,0.07407407407407407,0.018518518518518517,0.0,0.311092021108687,0.16499393977776014,0.3188095841730784,0.1602407782654836,0.33020028856066075,0.17703215751326165,1,cebuano,high_resource
356,7.857142857142857,3.8545454545454545,0.14545454545454545,0.4,0.3090909090909091,0.07272727272727272,0.0,0.0,0.30429675718625304,0.2125467343850959,0.3008671522201452,0.20660244229681177,0.2920829555379047,0.20316271369735892,1,cebuano,high_resource
357,4.0,3.95,0.0,0.75,0.15,0.0,0.0,0.0,0.2608010958795901,0.21706899906043245,0.25322362711002816,0.18097080923573863,0.27204958980448357,0.2245340173469902,1,cebuano,high_resource
358,3.5,3.857142857142857,0.0,0.35714285714285715,0.21428571428571427,0.0,0.0,0.0,0.04453937583139407,0.023898687946229846,0.03215277319181337,0.007905593114527754,0.04168407482943728,0.01968938367266634,1,cebuano,high_resource
359,12.0,4.583333333333333,0.0,1.0,0.0,0.16666666666666666,0.0,0.0,0.030818220940563714,0.04159475434954824,0.022641113603440028,0.03156269134400943,0.02712874830056371,0.013610319264701161,1,cebuano,high_resource
360,5.090909090909091,4.839285714285714,0.19642857142857142,0.8035714285714286,0.14285714285714285,0.05357142857142857,0.0,0.0,0.4237713837867294,0.20993362855010286,0.34762168010080047,0.16705786260172809,0.38203261852751424,0.2096419022071777,1,cebuano,high_resource
361,3.75,4.3,0.18333333333333332,0.8333333333333334,0.1,0.05,0.0,0.0,0.3328108500388626,0.23417325817654397,0.3346304730465286,0.17925967479142665,0.33488168319085576,0.28026638715108504,1,cebuano,high_resource
362,3.388888888888889,4.655737704918033,0.21311475409836064,0.7540983606557377,0.04918032786885246,0.06557377049180328,0.0,0.0,0.33281924655601913,0.24824737488940457,0.3262822969616824,0.23580276817860582,0.35723382747407423,0.2902349541159164,1,cebuano,high_resource
363,5.125,5.097560975609756,0.36585365853658536,0.5609756097560976,0.07317073170731707,0.0,0.0,0.0,0.3060408639693874,0.20995221801936653,0.3045126244343459,0.19747944204691106,0.30501537924216693,0.23554403929153078,1,cebuano,high_resource
364,4.043478260869565,5.086021505376344,0.2903225806451613,0.6344086021505376,0.06451612903225806,0.021505376344086023,0.0,0.0,0.4050663548801077,0.2899984832377503,0.36590131431637485,0.19034269590677744,0.404060396114865,0.2989990353861676,1,cebuano,high_resource
365,5.5,4.818181818181818,0.09090909090909091,0.7272727272727273,0.09090909090909091,0.0,0.0,0.0,0.2941983406409666,0.16966439218705415,0.2729368599577102,0.17538312986998184,0.30166003193254715,0.1686905727939724,1,cebuano,high_resource
366,5.714285714285714,4.225,0.175,0.8,0.125,0.0,0.025,0.0,0.374724950691931,0.24790107520617785,0.33377200877207125,0.1822020967122688,0.3948981771891507,0.31592847156907433,1,cebuano,high_resource
367,2.6666666666666665,4.75,0.21875,0.6875,0.03125,0.0,0.0,0.0,0.2631767900004794,0.2397809232359878,0.2546163687811389,0.19810852401640874,0.2896067775359086,0.2551887362233765,1,cebuano,high_resource
368,3.6666666666666665,4.136363636363637,0.0,0.7272727272727273,0.13636363636363635,0.0,0.0,0.0,0.2466187982487136,0.12650051045456648,0.2548715177507563,0.13053803737505024,0.26131548983184477,0.14605729135776638,1,cebuano,high_resource
369,7.857142857142857,4.6,0.2,0.6727272727272727,0.12727272727272726,0.01818181818181818,0.0,0.0,0.3535163318483599,0.33984969110576085,0.3226331184319996,0.2463576143067289,0.36671837172565513,0.3763803456223578,1,cebuano,high_resource
370,4.0,3.125,0.0,0.375,0.16666666666666666,0.125,0.0,0.0,0.1480126999966327,0.07518891804892902,0.1401915315472093,0.05881930159338645,0.15464756585416256,0.06465012138907333,1,cebuano,high_resource
371,8.666666666666666,4.730769230769231,0.1794871794871795,0.6153846153846154,0.16666666666666666,0.038461538461538464,0.0,0.0,0.3369838689287247,0.30777829126436057,0.3299558136843993,0.2413304326886767,0.37327266839823364,0.34459865195898837,1,cebuano,high_resource
372,5.6,4.178571428571429,0.16071428571428573,0.6071428571428571,0.23214285714285715,0.017857142857142856,0.0,0.0,0.2284156320123101,0.14013901269121595,0.21626891349093744,0.15323802455593263,0.23180815728266194,0.14573849051969898,1,cebuano,high_resource
373,4.0,3.7083333333333335,0.0,0.7083333333333334,0.25,0.0,0.0,0.0,0.32383432080333796,0.1548334958642955,0.3142322856518792,0.12427063213873175,0.2931610707020422,0.13185057016103566,1,cebuano,high_resource
374,11.454545454545455,4.428571428571429,0.1349206349206349,0.4523809523809524,0.16666666666666666,0.007936507936507936,0.0,0.0,0.37493018226568126,0.3184600198095103,0.3492901296717785,0.28508276056556353,0.35369488825706735,0.36046588007071106,1,cebuano,high_resource
375,5.2,4.230769230769231,0.11538461538461539,0.6346153846153846,0.15384615384615385,0.057692307692307696,0.0,0.0,0.3145147019679099,0.20294405342724217,0.33126661222678033,0.2127244253427636,0.3349657620060139,0.2312107336045583,1,cebuano,high_resource
376,9.444444444444445,4.682352941176471,0.18823529411764706,0.6588235294117647,0.15294117647058825,0.011764705882352941,0.0,0.0,0.3977847143707167,0.3370397501979382,0.38026076157935645,0.30992621079236743,0.4121566359413955,0.39603784493320665,1,cebuano,high_resource
377,5.875,4.425531914893617,0.19148936170212766,0.7659574468085106,0.19148936170212766,0.02127659574468085,0.0,0.0,0.3642049953320135,0.22302925778739704,0.3689204709092564,0.19862055798869624,0.3297272825701238,0.282982409838059,1,cebuano,high_resource
378,10.125,4.296296296296297,0.19753086419753085,0.5679012345679012,0.1728395061728395,0.0,0.012345679012345678,0.0,0.3776132793472557,0.3090587054354141,0.336144700442908,0.24270403837516663,0.37646254712494426,0.3096051546964578,1,cebuano,high_resource
379,3.8333333333333335,4.130434782608695,0.0,0.782608695652174,0.08695652173913043,0.0,0.0,0.0,0.2545712132277692,0.18204254099197253,0.23776208485586892,0.15631636241349242,0.28172557392967656,0.1997147760175059,1,cebuano,high_resource
380,3.0,3.8333333333333335,0.0,0.5,0.16666666666666666,0.0,0.0,0.0,0.08804964035629344,0.0497504333473064,0.07101776963221426,0.02689396961949325,0.07781126424062022,0.03823124718207654,1,cebuano,high_resource
381,5.0,4.32,0.18,0.56,0.2,0.0,0.0,0.0,0.3685908369197418,0.2865665177516528,0.3713837237503443,0.23929533049271307,0.3697806559377645,0.29296568616890856,1,cebuano,high_resource
382,3.1666666666666665,4.815789473684211,0.21052631578947367,0.7631578947368421,0.07894736842105263,0.05263157894736842,0.0,0.0,0.32351029282973187,0.2474216844380469,0.2854776719270617,0.21176608191958804,0.31087685356890676,0.26863813078765664,1,cebuano,high_resource
383,5.5,4.381818181818182,0.18181818181818182,0.7090909090909091,0.09090909090909091,0.05454545454545454,0.0,0.0,0.34436057133254944,0.279729222081528,0.35178297912492684,0.24963820427615865,0.36608197946086213,0.30208133455475206,1,cebuano,high_resource
384,4.777777777777778,4.186046511627907,0.13953488372093023,0.4883720930232558,0.23255813953488372,0.09302325581395349,0.0,0.0,0.24460168344438438,0.11834725212028491,0.23827872016058188,0.1307476634246321,0.21320555907758637,0.08517171693184145,1,cebuano,high_resource
385,3.6,3.2777777777777777,0.0,0.4444444444444444,0.2777777777777778,0.1111111111111111,0.0,0.0,0.0995811073191157,0.04725787952421799,0.11122887354643003,0.032525871839005724,0.08626927042892286,0.008941963322960505,1,cebuano,high_resource
386,3.411764705882353,4.741379310344827,0.22413793103448276,0.7241379310344828,0.1896551724137931,0.034482758620689655,0.0,0.0,0.37344125937817235,0.22535520938934075,0.36924710425508644,0.28859451725004504,0.3720792290333696,0.2652605144011137,1,cebuano,high_resource
387,3.6666666666666665,3.272727272727273,0.0,0.5454545454545454,0.22727272727272727,0.0,0.0,0.0,0.15383190980703404,0.03607777648684663,0.13699378953692093,0.046340290634761076,0.14684876940027036,0.04505644522926104,1,cebuano,high_resource
388,3.4,3.823529411764706,0.11764705882352941,0.5294117647058824,0.29411764705882354,0.058823529411764705,0.0,0.0,0.12440912635810264,0.042199749409924894,0.10512811498888294,0.03973780831962827,0.11537969143093527,0.06169911937746469,1,cebuano,high_resource
389,4.0,3.4583333333333335,0.0,0.4583333333333333,0.2916666666666667,0.08333333333333333,0.0,0.0,0.10682932693707564,0.06516544776961081,0.08122371104239537,0.02776486136057893,0.09615169507466281,0.07959234849733207,1,cebuano,high_resource
390,5.153846153846154,4.776119402985074,0.2537313432835821,0.5522388059701493,0.19402985074626866,0.029850746268656716,0.0,0.0,0.30439465725511256,0.19996818002319094,0.284583441892903,0.14069633679696264,0.28838950370325245,0.20328423500282786,1,cebuano,high_resource
391,6.25,4.54,0.26,0.6,0.18,0.06,0.0,0.0,0.32710407436403977,0.22207854344912514,0.329339407345139,0.2311283786250914,0.30677401220552664,0.20761131018456802,1,cebuano,high_resource
392,3.8333333333333335,3.5217391304347827,0.0,0.8695652173913043,0.13043478260869565,0.043478260869565216,0.0,0.0,0.19738511209893214,0.10251612833459983,0.19009704617157236,0.0755126367106152,0.1805867498259586,0.14511824772771492,1,cebuano,high_resource
393,9.05,4.45303867403315,0.19337016574585636,0.2983425414364641,0.1878453038674033,0.027624309392265192,0.0,0.0,0.3197675990592421,0.25958902262284894,0.3117693483420072,0.21278496780121633,0.33736278395937563,0.30738973736820474,1,cebuano,high_resource
394,5.6,4.232142857142857,0.07142857142857142,0.7678571428571429,0.125,0.017857142857142856,0.0,0.0,0.365980214311162,0.26208993776270034,0.36261837767217264,0.23583829837435977,0.3873970133405911,0.3460079039949311,1,cebuano,high_resource
395,3.1,4.225806451612903,0.1935483870967742,0.7096774193548387,0.22580645161290322,0.0,0.06451612903225806,0.0,0.23194237162206277,0.13812599347299284,0.2378196636557036,0.17129397148093614,0.2123468557359311,0.12001787031323713,1,cebuano,high_resource
396,2.75,4.878787878787879,0.36363636363636365,0.7878787878787878,0.06060606060606061,0.0,0.0,0.0,0.3353655842981796,0.2669757990414958,0.3142839243587547,0.2326611695475908,0.34282000587340294,0.26306483210448894,1,cebuano,high_resource
397,6.285714285714286,4.545454545454546,0.1590909090909091,0.75,0.11363636363636363,0.022727272727272728,0.022727272727272728,0.0,0.38209868320929263,0.2127111699607626,0.32726800546921164,0.17032518375872294,0.35272711452973704,0.2506687057861476,1,cebuano,high_resource
398,4.0,4.083333333333333,0.0,0.5416666666666666,0.125,0.0,0.0,0.0,0.1939771043219237,0.09280202099970436,0.19079474483673659,0.07275211015260218,0.19283338105729655,0.08481800415995608,1,cebuano,high_resource
399,3.3333333333333335,3.9,0.0,0.55,0.05,0.1,0.0,0.0,0.19067433093711614,0.1282176530208883,0.1893772998316659,0.09200386946320427,0.2231132426444839,0.12544188086905905,1,cebuano,high_resource
400,6.181818181818182,4.455882352941177,0.20588235294117646,0.7352941176470589,0.08823529411764706,0.04411764705882353,0.0,0.0,0.3567065923353336,0.2697543625288358,0.3248765177411636,0.23348227170587882,0.3427954521598104,0.3024647759903106,1,cebuano,high_resource
401,5.5,4.2727272727272725,0.22077922077922077,0.6233766233766234,0.11688311688311688,0.06493506493506493,0.07792207792207792,0.0,0.33809403374127645,0.2854946633101095,0.3474844371390203,0.2693305447301299,0.35975799183151413,0.3101757538819341,1,cebuano,high_resource
402,4.0,4.40625,0.15625,0.609375,0.140625,0.0625,0.0,0.0,0.3500268803370498,0.21296463137825944,0.36200137804572735,0.21414995169771894,0.3548564993548633,0.22946789720559965,1,cebuano,high_resource
403,5.8,5.195402298850575,0.3333333333333333,0.6551724137931034,0.12643678160919541,0.04597701149425287,0.0,0.0,0.3683787656755214,0.3352748217669974,0.37142547130105547,0.25814365784411447,0.3660694620068363,0.34348993656527776,2,cebuano,high_resource
404,13.85,4.415162454873646,0.22021660649819494,0.5090252707581228,0.1552346570397112,0.02888086642599278,0.0036101083032490976,0.0,0.40995972309154505,0.3995831186074482,0.39276966709062455,0.34940047459724494,0.4312201854683603,0.4820370018504473,2,cebuano,high_resource
405,5.181818181818182,5.140350877192983,0.2982456140350877,0.6842105263157895,0.17543859649122806,0.0,0.0,0.0,0.3643033284544374,0.2999297354712323,0.3495072652192771,0.27662295960717775,0.36167238638209126,0.31022549271017613,2,cebuano,high_resource
406,13.8,4.956521739130435,0.2318840579710145,0.6666666666666666,0.11594202898550725,0.028985507246376812,0.0,0.0,0.3429986547339002,0.25875397915960474,0.3148516599151046,0.2263770782108048,0.36249520088492015,0.33231413390854536,2,cebuano,high_resource
407,10.0,4.485714285714286,0.11428571428571428,0.6571428571428571,0.12857142857142856,0.05714285714285714,0.0,0.0,0.34342258468066816,0.25115172609645825,0.3543910984358119,0.20191385342067572,0.35402695888772884,0.30069665782382804,2,cebuano,high_resource
408,7.1,4.661971830985915,0.2535211267605634,0.6197183098591549,0.15492957746478872,0.0,0.0,0.0,0.37513829457180226,0.2669632364217715,0.38614389198380655,0.25335058908572855,0.39421106633262726,0.3060268742424162,2,cebuano,high_resource
409,5.078947368421052,4.94300518134715,0.25906735751295334,0.5854922279792746,0.12953367875647667,0.03626943005181347,0.0,0.0,0.39196177956238665,0.32371942772913537,0.3452670607803536,0.25777925970413795,0.37291265323953543,0.3114160878766845,2,cebuano,high_resource
410,8.333333333333334,4.64,0.24,0.8,0.12,0.0,0.0,0.0,0.37288485410974925,0.3252448287643277,0.35913615631899615,0.26638883302637006,0.39418196493648944,0.4231014467286148,2,cebuano,high_resource
411,7.0,4.314285714285714,0.14285714285714285,0.6428571428571429,0.24285714285714285,0.05714285714285714,0.0,0.0,0.40518696957941147,0.2807836101630625,0.359368712569494,0.21658876896609233,0.3772634344042702,0.2778880876857092,2,cebuano,high_resource
412,10.285714285714286,4.486111111111111,0.1111111111111111,0.5277777777777778,0.1111111111111111,0.027777777777777776,0.013888888888888888,0.0,0.3463908021749797,0.2982972068351863,0.3073608768352302,0.2729952392460523,0.3330761070678009,0.35978619027726627,2,cebuano,high_resource
413,5.2592592592592595,5.232394366197183,0.29225352112676056,0.545774647887324,0.13732394366197184,0.04225352112676056,0.0,0.0,0.4578550149530606,0.4209436662879039,0.41321695850348156,0.3318379994225195,0.44689449291628447,0.44349319098579254,2,cebuano,high_resource
414,4.5,4.511111111111111,0.17777777777777778,0.6888888888888889,0.17777777777777778,0.05555555555555555,0.0,0.0,0.3675879152484748,0.37535210157999654,0.35970114256081065,0.2948724924416228,0.37152417475475535,0.2837698800537659,2,cebuano,high_resource
415,4.576923076923077,4.957983193277311,0.24369747899159663,0.5966386554621849,0.11764705882352941,0.008403361344537815,0.0,0.0,0.40434649879324064,0.3030052917887265,0.38643697705463464,0.23156607740758878,0.4138015288864052,0.32779771172385663,2,cebuano,high_resource
416,5.125,4.5528455284552845,0.18699186991869918,0.5772357723577236,0.2032520325203252,0.024390243902439025,0.0,0.0,0.40540161169975997,0.3153427164076668,0.405836437156644,0.2603493082448422,0.4188741468408904,0.36628853412560275,2,cebuano,high_resource
417,9.4,4.702127659574468,0.2765957446808511,0.6382978723404256,0.0851063829787234,0.02127659574468085,0.06382978723404255,0.0,0.3701881254363073,0.29905339505886797,0.2996667597110835,0.265025559576422,0.34149124136945513,0.3654048474999549,2,cebuano,high_resource
418,4.848484848484849,4.8,0.26875,0.55625,0.1375,0.04375,0.00625,0.0,0.4212174352906293,0.4047401240580561,0.3893805422203272,0.33640499402198404,0.4164342180883698,0.45200840666304215,2,cebuano,high_resource
419,5.0256410256410255,5.23469387755102,0.3163265306122449,0.5408163265306123,0.12755102040816327,0.030612244897959183,0.0,0.0,0.40795558589604575,0.37148416364093634,0.40169701404141384,0.34876276787417126,0.4177318126550021,0.432769081576534,2,cebuano,high_resource
420,4.916666666666667,4.372881355932203,0.19491525423728814,0.5847457627118644,0.1864406779661017,0.01694915254237288,0.0,0.0,0.3432207233501041,0.29191164934679265,0.30713200395858653,0.23265923204327674,0.35901872357545345,0.37066366917360777,2,cebuano,high_resource
421,3.3333333333333335,5.24,0.26,0.78,0.1,0.04,0.0,0.0,0.3491151529294171,0.2602472886516301,0.3719276920142921,0.21865655518464022,0.40032954297421997,0.3121124920285339,2,cebuano,high_resource
422,5.2272727272727275,4.930434782608696,0.3739130434782609,0.6086956521739131,0.08695652173913043,0.017391304347826087,0.0,0.0,0.39674520089232496,0.3267462811816765,0.3778646699098462,0.2805267436992666,0.4123142835850677,0.3871018426644485,2,cebuano,high_resource
423,10.173913043478262,4.14957264957265,0.15384615384615385,0.6239316239316239,0.09829059829059829,0.04700854700854701,0.017094017094017096,0.0,0.38039774911713725,0.36925593001731993,0.3800776526080611,0.3053820036514289,0.4202206756147206,0.4178871249704869,2,cebuano,high_resource
424,6.913043478260869,4.238993710691824,0.13836477987421383,0.4779874213836478,0.2138364779874214,0.006289308176100629,0.0,0.0,0.3547970564379268,0.29669101229365424,0.36297478659149224,0.25131646051744383,0.36924861478226023,0.3103514543440444,2,cebuano,high_resource
425,9.4,4.680851063829787,0.2765957446808511,0.723404255319149,0.1276595744680851,0.02127659574468085,0.0,0.0,0.38967493327794994,0.34680442138464473,0.36993995084578524,0.3171891127223286,0.39844449636500956,0.3865254986811768,2,cebuano,high_resource
426,5.0,4.38,0.28,0.6,0.18,0.0,0.0,0.0,0.22912242163162436,0.13935392783112363,0.21088645618599075,0.1263306379433704,0.22662906145971914,0.14771402320800048,2,cebuano,high_resource
427,4.75,4.2368421052631575,0.15789473684210525,0.6710526315789473,0.15789473684210525,0.039473684210526314,0.0,0.0,0.34861316647114454,0.25565118437341106,0.3495647694618294,0.21193575929016129,0.36438269491279135,0.29471017213225364,2,cebuano,high_resource
428,4.916666666666667,4.830508474576271,0.2542372881355932,0.5508474576271186,0.1864406779661017,0.00847457627118644,0.0,0.0,0.3126403456528567,0.2998031286653654,0.2998312876571046,0.20740338456402593,0.3111449629079246,0.3171232614548194,2,cebuano,high_resource
429,5.454545454545454,4.333333333333333,0.2,0.65,0.18333333333333332,0.05,0.0,0.0,0.35200163208970686,0.30446110789487246,0.34536017522375234,0.26009603381492596,0.3689014480263511,0.31981377942961725,2,cebuano,high_resource
430,6.666666666666667,4.96,0.27,0.7,0.17,0.04,0.0,0.0,0.4446934668105742,0.40054023582387893,0.42195055439462675,0.31764041525622555,0.4624638650671836,0.4018824643953282,2,cebuano,high_resource
431,8.6,4.558139534883721,0.20930232558139536,0.5697674418604651,0.13953488372093023,0.011627906976744186,0.0,0.0,0.3628094762192994,0.26140110219082063,0.3491302461213731,0.20276690287784316,0.3700392842012685,0.323363140480039,2,cebuano,high_resource
432,6.0,5.203703703703703,0.32407407407407407,0.5740740740740741,0.12037037037037036,0.0,0.0,0.0,0.42752076989383564,0.39106977210553545,0.40766284932480307,0.3086510194120428,0.43858955938003147,0.42032289321101146,2,cebuano,high_resource
433,11.066666666666666,5.0602409638554215,0.2289156626506024,0.5,0.1746987951807229,0.0,0.006024096385542169,0.0,0.43751614183152315,0.3389872632146456,0.36862110650330665,0.28978631128730575,0.40873161967020516,0.4154753115933743,2,cebuano,high_resource
434,3.0294117647058822,4.805825242718447,0.24271844660194175,0.5436893203883495,0.1650485436893204,0.009708737864077669,0.0,0.0,0.3526436323550375,0.2830318446580214,0.30414878495866693,0.21905809177606358,0.351970037426244,0.30643704018087,2,cebuano,high_resource
435,6.0,4.666666666666667,0.2833333333333333,0.4666666666666667,0.175,0.0,0.0,0.0,0.3885658821645312,0.33934432208595405,0.3866350298299189,0.2915166216906142,0.3989749734410901,0.3721415298644654,2,cebuano,high_resource
436,9.166666666666666,4.318181818181818,0.19090909090909092,0.38181818181818183,0.17272727272727273,0.02727272727272727,0.00909090909090909,0.0,0.32062141125154225,0.28613370725745063,0.25857511476046496,0.22673801869746812,0.3015425184155237,0.2743518270509679,2,cebuano,high_resource
437,5.509090909090909,4.785478547854786,0.25742574257425743,0.5148514851485149,0.1353135313531353,0.039603960396039604,0.0033003300330033004,0.0,0.4249117827322077,0.3810180100236522,0.4294197347026951,0.31956764741106625,0.44899585273856796,0.48548322093429774,2,cebuano,high_resource
438,9.516129032258064,4.52542372881356,0.2542372881355932,0.5084745762711864,0.18305084745762712,0.04745762711864407,0.0,0.0,0.40871881428484635,0.3476570207844574,0.3910233696252154,0.32092852864272914,0.4278466484870859,0.40183430234958933,2,cebuano,high_resource
439,6.9375,4.7657657657657655,0.2072072072072072,0.5675675675675675,0.16216216216216217,0.02702702702702703,0.0,0.0,0.3573112824442916,0.3206483610809001,0.3468287430290922,0.2752729764720018,0.3974770117111961,0.3615942122905359,2,cebuano,high_resource
440,5.392857142857143,5.228476821192053,0.2947019867549669,0.5066225165562914,0.16887417218543047,0.016556291390728478,0.0,0.0,0.4456011226084091,0.45528041960552457,0.4234777240724922,0.36455970809238897,0.4732099843364486,0.5147577615879741,2,cebuano,high_resource
441,13.745098039215685,4.686162624821684,0.21683309557774608,0.4122681883024251,0.15977175463623394,0.029957203994293864,0.0,0.0,0.44211885240188603,0.4056691142376972,0.4049432874156023,0.3125829827979852,0.4577207131279376,0.45678116192209145,2,cebuano,high_resource
442,4.9,4.73469387755102,0.2653061224489796,0.6938775510204082,0.16326530612244897,0.0,0.0,0.0,0.3822692698977988,0.2515032959021929,0.3563676254455949,0.16866576219257212,0.3914588484911462,0.28589865460114205,2,cebuano,high_resource
443,4.555555555555555,4.7560975609756095,0.25609756097560976,0.573170731707317,0.04878048780487805,0.012195121951219513,0.0,0.0,0.33527533604750603,0.22761386539975767,0.3326772708763881,0.18800903402232844,0.3728879100486356,0.3126114417436901,2,cebuano,high_resource
444,10.784810126582279,4.759389671361502,0.2546948356807512,0.3591549295774648,0.1596244131455399,0.029342723004694836,0.0,0.0,0.4445161469442558,0.4172096264086135,0.42247368848676203,0.35149696642473555,0.48375476010700674,0.5106195181244291,2,cebuano,high_resource
445,7.419354838709677,4.515217391304348,0.1956521739130435,0.41956521739130437,0.18478260869565216,0.01956521739130435,0.0,0.0,0.42826554164739133,0.40241302044108934,0.4103166042099751,0.3142097317472641,0.4548025287555986,0.4441875766812069,2,cebuano,high_resource
446,6.416666666666667,4.558441558441558,0.19480519480519481,0.44155844155844154,0.17532467532467533,0.012987012987012988,0.012987012987012988,0.0,0.37418078909384467,0.3174807324500452,0.34523651723112,0.26055683162064747,0.38303668687470627,0.3475919592470465,2,cebuano,high_resource
447,5.681818181818182,4.92,0.2,0.624,0.128,0.0,0.0,0.0,0.40743481195722403,0.36582514607793504,0.37745326429288556,0.2576232294032945,0.4134350763834996,0.3867077556271594,2,cebuano,high_resource
448,8.964285714285714,4.0199203187251,0.18725099601593626,0.5298804780876494,0.13147410358565736,0.043824701195219126,0.01195219123505976,0.0,0.36297846765194597,0.294888361292186,0.33725247888684395,0.2573022689757844,0.38841673560096684,0.32039072371729055,2,cebuano,high_resource
449,6.444444444444445,4.775862068965517,0.25862068965517243,0.6896551724137931,0.1896551724137931,0.017241379310344827,0.0,0.0,0.3529015165849422,0.24094464236216762,0.32716982118626264,0.20679479382471527,0.3174182838671392,0.25465028803071993,2,cebuano,high_resource
450,5.833333333333333,4.571428571428571,0.2,0.5428571428571428,0.22857142857142856,0.0,0.0,0.0,0.3140018748455403,0.21695550755061616,0.28589743345102836,0.17505919632306707,0.29583379384712993,0.20825643110945682,2,cebuano,high_resource
451,9.441176470588236,4.361370716510903,0.1806853582554517,0.4984423676012461,0.1526479750778816,0.018691588785046728,0.0,0.0,0.40874484792280824,0.41677547820173166,0.4031464402854546,0.33890765978747234,0.4389940677949611,0.46026426359795264,2,cebuano,high_resource
452,5.689655172413793,5.0181818181818185,0.2727272727272727,0.5696969696969697,0.18181818181818182,0.030303030303030304,0.0,0.0,0.39656822496866234,0.36914480626894824,0.38314056913742967,0.3234479891785212,0.4261818234935151,0.4233868208946278,2,cebuano,high_resource
453,5.324324324324325,4.9847715736040605,0.24873096446700507,0.5076142131979695,0.17766497461928935,0.025380710659898477,0.0,0.0,0.4208354315553271,0.39424467637055804,0.39586830683301455,0.317657446125909,0.44268460375527224,0.3856857281559251,2,cebuano,high_resource
454,5.566666666666666,5.07185628742515,0.30538922155688625,0.5329341317365269,0.16766467065868262,0.05389221556886228,0.0,0.0,0.39220255301227147,0.34455497351127,0.36829569465489176,0.3021968293783799,0.39607181311246187,0.39192210693999074,2,cebuano,high_resource
455,5.428571428571429,4.894736842105263,0.3026315789473684,0.6710526315789473,0.13157894736842105,0.039473684210526314,0.0,0.0,0.3436323658027854,0.2453120819520627,0.3442167326142294,0.20262820467222267,0.35070342531892607,0.29628293106332076,2,cebuano,high_resource
456,8.125,5.076923076923077,0.2923076923076923,0.7846153846153846,0.1076923076923077,0.015384615384615385,0.0,0.0,0.4168206737096331,0.3191516961666755,0.3700791829434628,0.24336049542391422,0.39750386595007525,0.37313358588211937,2,cebuano,high_resource
457,15.813559322033898,4.308681672025723,0.13183279742765272,0.30760986066452306,0.16720257234726688,0.02679528403001072,0.004287245444801715,0.0,0.46002787323782773,0.4157184382649642,0.41202977343840963,0.3892122560136495,0.45407613942951724,0.4949950090289075,2,cebuano,high_resource
458,13.253164556962025,4.482330468003821,0.2110792741165234,0.32664756446991405,0.18433619866284623,0.04871060171919771,0.0,0.0,0.44946523369181696,0.4044998258058871,0.44685925872983484,0.33240135130295956,0.43976342722544803,0.4828182826255077,2,cebuano,high_resource
459,4.9,4.244897959183674,0.10204081632653061,0.42857142857142855,0.16326530612244897,0.0,0.0,0.0,0.3584233432510517,0.26589340842359066,0.3280555175545009,0.18869146450609295,0.39196726241403695,0.27892407983697576,2,cebuano,high_resource
460,5.55,4.558558558558558,0.2882882882882883,0.5765765765765766,0.16216216216216217,0.0,0.009009009009009009,0.0,0.3658050810532731,0.3109005323298129,0.3893518995344267,0.26132298846537544,0.3865909501643597,0.3750191092199717,2,cebuano,high_resource
461,8.833333333333334,4.279245283018868,0.23773584905660378,0.5509433962264151,0.09811320754716982,0.018867924528301886,0.011320754716981131,0.0,0.4010571171091633,0.29853995931978616,0.34968447225249677,0.2359992428024276,0.3845517678993908,0.3207339873293163,2,cebuano,high_resource
462,5.1521739130434785,4.544303797468355,0.2109704641350211,0.4936708860759494,0.1308016877637131,0.046413502109704644,0.008438818565400843,0.0,0.40927758346002,0.36289015183695394,0.3748157294504964,0.27538082417169346,0.4160290059093606,0.3993928968727233,2,cebuano,high_resource
463,12.434782608695652,4.688811188811189,0.25874125874125875,0.48951048951048953,0.17832167832167833,0.02097902097902098,0.013986013986013986,0.0,0.3970979897022772,0.33765846690601464,0.411597960408902,0.3545857170102855,0.4156463831322485,0.37837071220401025,2,cebuano,high_resource
464,14.7,4.571428571428571,0.1927437641723356,0.35374149659863946,0.12018140589569161,0.02040816326530612,0.0,0.0,0.436269298787907,0.4384123304249187,0.37333781077678163,0.3443179033193512,0.41235810570202014,0.5311709420040951,2,cebuano,high_resource
465,8.333333333333334,4.84,0.28,0.64,0.14,0.0,0.0,0.0,0.2906953429179355,0.19739418255051577,0.2945757752957635,0.15698080881671533,0.3094950587743974,0.20759974128355152,2,cebuano,high_resource
466,3.7254901960784315,4.068421052631579,0.15263157894736842,0.45263157894736844,0.2578947368421053,0.04736842105263158,0.015789473684210527,0.0,0.3596241374184342,0.3503029889735236,0.3266030499966426,0.2696656251876928,0.31660568238122905,0.37015549824252997,2,cebuano,high_resource
467,7.1875,4.8,0.2608695652173913,0.6521739130434783,0.16521739130434782,0.017391304347826087,0.0,0.0,0.38725310824029513,0.2894354008339119,0.3820262237663917,0.24681180927115418,0.4170403907772072,0.3296589438815416,2,cebuano,high_resource
468,4.75,5.526315789473684,0.35526315789473684,0.7105263157894737,0.07894736842105263,0.05263157894736842,0.0,0.0,0.3804249196179819,0.261975638092221,0.3948191593935679,0.2544483520755568,0.40442044329740795,0.305031534697223,2,cebuano,high_resource
469,31.6,4.632911392405063,0.25316455696202533,0.3670886075949367,0.1518987341772152,0.056962025316455694,0.006329113924050633,0.0,0.3281260682108953,0.31888392610514127,0.323283148900849,0.29967213040916385,0.32775145730438043,0.3453352647619222,2,cebuano,high_resource
470,7.571428571428571,5.754716981132075,0.3018867924528302,0.6792452830188679,0.07547169811320754,0.03773584905660377,0.0,0.0,0.3790894317087492,0.29160520236981624,0.37118564202107474,0.21595422715936985,0.39971232067672036,0.3593482290521211,2,cebuano,high_resource
471,6.777777777777778,4.532786885245901,0.16393442622950818,0.5983606557377049,0.08196721311475409,0.04918032786885246,0.0,0.0,0.3285386195765704,0.20721483409288785,0.2862001181361538,0.1922260948228365,0.30822245770867696,0.2318421551641951,2,cebuano,high_resource
472,9.666666666666666,3.8817733990147785,0.15270935960591134,0.6354679802955665,0.09359605911330049,0.029556650246305417,0.019704433497536946,0.0049261083743842365,0.3591389642416633,0.32338182755995204,0.36615546249265224,0.2998661632824308,0.38477312324800933,0.357138804875484,2,cebuano,high_resource
473,4.694444444444445,4.076923076923077,0.13609467455621302,0.5266272189349113,0.2603550295857988,0.07100591715976332,0.005917159763313609,0.0,0.3949994389850693,0.3102431496731453,0.3616314034086708,0.25130942540682244,0.39802724870868167,0.30700060091585507,2,cebuano,high_resource
474,15.333333333333334,4.543478260869565,0.16666666666666666,0.7028985507246377,0.13043478260869565,0.043478260869565216,0.007246376811594203,0.0,0.38547467115969025,0.3465984058117885,0.365980922335322,0.2734949216027825,0.399376623588688,0.3479438016090939,2,cebuano,high_resource
475,14.575342465753424,4.794172932330827,0.26973684210526316,0.32612781954887216,0.17293233082706766,0.02537593984962406,0.0018796992481203006,0.0,0.42038300929432015,0.46095652476082816,0.4193320123386743,0.3651032051233636,0.4549216913871562,0.5368873654298489,2,cebuano,high_resource
476,5.580645161290323,4.971098265895954,0.2543352601156069,0.5260115606936416,0.15028901734104047,0.011560693641618497,0.0,0.0,0.3855919751873629,0.3547253174429452,0.3635732637726434,0.2618537622978797,0.4009233837411067,0.3793931357299857,2,cebuano,high_resource
477,8.666666666666666,4.618881118881119,0.23776223776223776,0.458041958041958,0.16083916083916083,0.017482517482517484,0.0034965034965034965,0.0,0.41695852712795756,0.35813983494625634,0.3752661229064976,0.3116423097791166,0.4099970560531413,0.42203956338302356,2,cebuano,high_resource
478,6.125,4.918367346938775,0.2755102040816326,0.6428571428571429,0.14285714285714285,0.030612244897959183,0.01020408163265306,0.0,0.4492685945205997,0.4091608522773088,0.4162526077397565,0.3357610381285213,0.4631149780234292,0.43137716891356,2,cebuano,high_resource
479,17.6,4.625,0.22727272727272727,0.375,0.07954545454545454,0.045454545454545456,0.0,0.0,0.3368289136097068,0.2332040788890174,0.29718846901208557,0.22294594630656137,0.31667832491251935,0.25454881162509346,2,cebuano,high_resource
480,5.6,4.595238095238095,0.23809523809523808,0.6071428571428571,0.21428571428571427,0.03571428571428571,0.0,0.0,0.3345499640354964,0.33387843833500747,0.3127769538419493,0.3166418008653418,0.3303146578779814,0.3452850033110141,2,cebuano,high_resource
481,4.909090909090909,5.203703703703703,0.3271604938271605,0.42592592592592593,0.12345679012345678,0.012345679012345678,0.006172839506172839,0.0,0.37003214384103866,0.31601112164732664,0.3701542629302338,0.26420155806239454,0.3795812878637605,0.3386520446301661,2,cebuano,high_resource
482,5.6875,4.648351648351649,0.2857142857142857,0.3956043956043956,0.18681318681318682,0.07692307692307693,0.0,0.0,0.20944754148510442,0.11654940185653861,0.18743524392837976,0.10697074818421358,0.2130716379068034,0.10922723599836524,2,cebuano,high_resource
483,6.0,4.435185185185185,0.2037037037037037,0.46296296296296297,0.16666666666666666,0.027777777777777776,0.0,0.0,0.3732520756860867,0.26836348697491236,0.3895283284132853,0.23229275632931937,0.40607107375046175,0.37217081265314206,2,cebuano,high_resource
484,4.842105263157895,4.782608695652174,0.20652173913043478,0.6847826086956522,0.10869565217391304,0.021739130434782608,0.0,0.0,0.34574349056465387,0.304940230966983,0.3597698441575641,0.2890822497123806,0.37682081840352194,0.3470385105200176,2,cebuano,high_resource
485,6.357142857142857,4.337078651685394,0.1797752808988764,0.5393258426966292,0.15730337078651685,0.033707865168539325,0.0,0.0,0.2946598256497074,0.14674836056565024,0.2571093448279229,0.11401795121830813,0.2710568246523976,0.14518780543567353,2,cebuano,high_resource
486,6.416666666666667,4.077922077922078,0.16883116883116883,0.5844155844155844,0.19480519480519481,0.012987012987012988,0.0,0.0,0.3204952603805646,0.22685537670798198,0.2935615946626182,0.21600729944679867,0.32091200498347416,0.2598439079494363,2,cebuano,high_resource
487,6.818181818181818,4.933333333333334,0.26222222222222225,0.5511111111111111,0.13777777777777778,0.044444444444444446,0.0,0.0,0.41783933417180386,0.34600727324316766,0.4405421741803326,0.29864848033571156,0.4244617373271393,0.38192697263834163,2,cebuano,high_resource
488,7.666666666666667,4.1521739130434785,0.17391304347826086,0.6304347826086957,0.13043478260869565,0.021739130434782608,0.0,0.043478260869565216,0.27840529419105264,0.16942430323464575,0.2647984331930863,0.1348792286809372,0.2952100900189465,0.2540102667290915,2,cebuano,high_resource
489,5.016129032258065,4.57556270096463,0.22508038585209003,0.43729903536977494,0.1414790996784566,0.03858520900321544,0.006430868167202572,0.0,0.4069855840770015,0.3894155165425275,0.4017609715971691,0.3181229443657625,0.41022166354095485,0.3741049683500924,2,cebuano,high_resource
490,5.571428571428571,4.615384615384615,0.23076923076923078,0.717948717948718,0.15384615384615385,0.0,0.0,0.0,0.3287678202831546,0.20517051824040589,0.31559715008713873,0.19022335158239725,0.3522131657397766,0.21317319856750847,2,cebuano,high_resource
491,6.125,4.482993197278912,0.17006802721088435,0.5034013605442177,0.23809523809523808,0.02040816326530612,0.0,0.0,0.3691227525760048,0.303547386796033,0.35299588580707175,0.269779712553077,0.3829749280892347,0.3115131994303201,2,cebuano,high_resource
492,4.709677419354839,4.678082191780822,0.2054794520547945,0.5136986301369864,0.1917808219178082,0.0,0.0410958904109589,0.0,0.382756035383217,0.37777129565656875,0.36566725041586645,0.2883952815676282,0.42534536165731335,0.4435654612311294,2,cebuano,high_resource
493,5.714285714285714,4.5375,0.18333333333333332,0.4375,0.19166666666666668,0.016666666666666666,0.0,0.0,0.4110240995275559,0.3544013261637006,0.40798504542534114,0.30559434936457724,0.4244151934859191,0.3921716085700516,2,cebuano,high_resource
494,5.038461538461538,4.755725190839694,0.2099236641221374,0.5419847328244275,0.15648854961832062,0.04961832061068702,0.0,0.0,0.42746527987183786,0.4503486331862798,0.38526576651366173,0.35095292199489503,0.42736350118211486,0.45076387331896217,2,cebuano,high_resource
495,10.1,4.574257425742574,0.24752475247524752,0.5445544554455446,0.1485148514851485,0.009900990099009901,0.0,0.0,0.41475855994708505,0.2977372562094021,0.39609716851120064,0.27823893831041235,0.4192498113149828,0.2707909490850415,2,cebuano,high_resource
496,9.5,4.657894736842105,0.21052631578947367,0.6710526315789473,0.11842105263157894,0.02631578947368421,0.0,0.0,0.35065831655768104,0.3486493553934633,0.3490909729800103,0.26629034173797844,0.41606400366520585,0.435456618069333,2,cebuano,high_resource
497,10.076923076923077,4.041984732824427,0.15648854961832062,0.5419847328244275,0.13740458015267176,0.007633587786259542,0.011450381679389313,0.0,0.4037924008129766,0.37769531775208526,0.39955241553682813,0.3800311681087282,0.4092827852718982,0.3818923882846589,2,cebuano,high_resource
498,5.173913043478261,4.529411764705882,0.25210084033613445,0.5966386554621849,0.19327731092436976,0.025210084033613446,0.0,0.0,0.34201212214259147,0.2301553597202031,0.3441051647119384,0.20988821382218617,0.33803289797616715,0.3044820669390705,2,cebuano,high_resource
499,5.333333333333333,4.902777777777778,0.18055555555555555,0.5416666666666666,0.18055555555555555,0.0,0.0,0.0,0.43862989798900204,0.3405479893186191,0.387697065805035,0.32893266770531315,0.4021650457651817,0.3351751688934729,2,cebuano,high_resource
500,4.6875,3.6,0.04,0.25333333333333335,0.2,0.04,0.0,0.0,0.2239233781611833,0.13217998147832147,0.19857507406628605,0.10495984206124727,0.2038713563600485,0.11942915769951591,2,cebuano,high_resource
501,11.5,4.463768115942029,0.15942028985507245,0.5507246376811594,0.13043478260869565,0.01932367149758454,0.0,0.0,0.4350773622293867,0.38796106244864814,0.38221016562422105,0.38478876509093296,0.4156044927826866,0.4701541024224704,2,cebuano,high_resource
502,22.0,4.590909090909091,0.25,0.5795454545454546,0.23863636363636365,0.011363636363636364,0.0,0.0,0.37971258358414,0.3097781260421159,0.37120853107216284,0.2768338707423045,0.42109160985301125,0.3616123329243135,2,cebuano,high_resource
503,14.0,4.396616541353383,0.21052631578947367,0.40977443609022557,0.15225563909774437,0.03195488721804511,0.0,0.0,0.4350574305444901,0.4026325978112338,0.4102317626874416,0.3442214065678528,0.4571537808222458,0.5297183471278947,3,cebuano,high_resource
504,11.842105263157896,4.5088888888888885,0.16666666666666666,0.4311111111111111,0.19333333333333333,0.024444444444444446,0.0,0.0,0.3781251309935835,0.35985278307647045,0.37730988068272353,0.33529060951143963,0.4194126069995269,0.3996495087122075,3,cebuano,high_resource
505,5.217391304347826,4.283333333333333,0.15833333333333333,0.6333333333333333,0.15833333333333333,0.03333333333333333,0.0,0.0,0.4039631084832933,0.4067119425687216,0.3911235753540259,0.3413603511592958,0.44797117857606605,0.4451812432482215,3,cebuano,high_resource
506,13.38888888888889,4.755186721991701,0.2697095435684647,0.44813278008298757,0.15352697095435686,0.016597510373443983,0.0,0.0,0.4182514075468408,0.405427823995922,0.38638815590166686,0.3333331635911664,0.4456969517621062,0.4439725464210931,3,cebuano,high_resource
507,14.25,4.488888888888889,0.18830409356725147,0.2935672514619883,0.14736842105263157,0.021052631578947368,0.008187134502923977,0.0,0.4176464398712302,0.39875067192642677,0.4008560415243321,0.3386590313794969,0.4746286458194028,0.4856018712295711,3,cebuano,high_resource
508,9.909090909090908,4.325688073394495,0.13761467889908258,0.518348623853211,0.16055045871559634,0.06422018348623854,0.0,0.0,0.409829907643696,0.31167444464333305,0.36886647969582054,0.2605483251359178,0.382477980738046,0.3643453019786264,3,cebuano,high_resource
509,15.446153846153846,4.635458167330677,0.2250996015936255,0.35258964143426297,0.18625498007968128,0.044820717131474105,0.0099601593625498,0.0,0.4190324920798746,0.4003669362133813,0.4241024058233313,0.33087130026919526,0.4765930736888264,0.5076790047633196,3,cebuano,high_resource
510,11.545454545454545,4.362204724409449,0.15748031496062992,0.5826771653543307,0.14960629921259844,0.015748031496062992,0.0,0.0,0.3483156299010397,0.34759672442431805,0.33584653425987526,0.28493634051508043,0.3884441886580746,0.43728153428504196,3,cebuano,high_resource
511,11.346938775510203,4.607913669064748,0.17985611510791366,0.39568345323741005,0.1510791366906475,0.0341726618705036,0.0,0.0,0.43906265843995473,0.39570090848996214,0.40234407035990366,0.32657648328378147,0.435410850322818,0.48101520294331956,3,cebuano,high_resource
512,13.303030303030303,4.5353075170842825,0.23462414578587698,0.4396355353075171,0.2072892938496583,0.018223234624145785,0.0,0.0,0.40495017566924546,0.37133067248510787,0.392260267313439,0.31420113471536754,0.4578914185235532,0.42654433256520946,3,cebuano,high_resource
513,4.836734693877551,4.561181434599156,0.1729957805907173,0.5569620253164557,0.1729957805907173,0.05907172995780591,0.04219409282700422,0.0,0.4239908620646983,0.338099093300865,0.40590643575229474,0.3329959066417367,0.4296578842383681,0.39808134543488927,3,cebuano,high_resource
514,10.290909090909091,4.6978798586572434,0.2420494699646643,0.4134275618374558,0.15371024734982333,0.01060070671378092,0.0,0.0,0.41968422045289133,0.4479067772703667,0.42444647296876287,0.3958043096942995,0.4808137603422336,0.5016958207791141,3,cebuano,high_resource
515,18.1,4.359116022099448,0.143646408839779,0.46408839779005523,0.1270718232044199,0.016574585635359115,0.0,0.0,0.40019748367779934,0.3590790511411638,0.3651820573898996,0.3592520877162118,0.398613727883099,0.41939681746676194,3,cebuano,high_resource
516,15.0,4.589743589743589,0.24102564102564103,0.5128205128205128,0.20512820512820512,0.06153846153846154,0.0,0.0,0.4565419770459514,0.45291933531114775,0.40495650143417705,0.36684331545279425,0.4254193558741926,0.3946532992961802,3,cebuano,high_resource
517,10.393939393939394,4.446064139941691,0.22157434402332363,0.39941690962099125,0.22448979591836735,0.02040816326530612,0.0014577259475218659,0.0029154518950437317,0.43633239208483166,0.46548799212304115,0.4105090289482309,0.38147833463613984,0.477111721889909,0.5072115661571076,3,cebuano,high_resource
518,15.428571428571429,4.465277777777778,0.18287037037037038,0.4050925925925926,0.16666666666666666,0.06018518518518518,0.004629629629629629,0.0,0.3945448285532616,0.36400900275361237,0.4028250648002789,0.3087312311139259,0.4501758921892065,0.38728980309362193,3,cebuano,high_resource
519,13.933333333333334,4.65311004784689,0.23923444976076555,0.4473684210526316,0.14354066985645933,0.03827751196172249,0.0,0.0,0.4371269013581416,0.4418374685079705,0.40130919316817754,0.39303716957600476,0.43896504170743855,0.5271978628592363,3,cebuano,high_resource
520,18.272727272727273,4.393034825870647,0.1791044776119403,0.3781094527363184,0.14925373134328357,0.009950248756218905,0.0,0.0,0.40372202034554766,0.36885913709879126,0.3796404948511699,0.3057794053402908,0.43944233991826226,0.41707851320831135,3,cebuano,high_resource
521,5.21875,4.604790419161676,0.17365269461077845,0.47904191616766467,0.2215568862275449,0.023952095808383235,0.0,0.0,0.3155851067825653,0.24113675090138717,0.31886397993321497,0.2612122728211806,0.3013632160583579,0.26491575040061854,3,cebuano,high_resource
522,14.866666666666667,4.520179372197309,0.2062780269058296,0.3991031390134529,0.18385650224215247,0.01569506726457399,0.01569506726457399,0.0,0.41716227293327274,0.44374141884123897,0.39127814514542053,0.360663892871156,0.4571675628027703,0.4971255429694685,3,cebuano,high_resource
523,7.153846153846154,4.935483870967742,0.26881720430107525,0.5698924731182796,0.25806451612903225,0.03225806451612903,0.0,0.0,0.384529020990243,0.32189292225650784,0.3781240787134731,0.23415633673640926,0.4104146424189028,0.3434187263253037,3,cebuano,high_resource
524,10.0625,4.956521739130435,0.2670807453416149,0.34782608695652173,0.15372670807453417,0.024844720496894408,0.004658385093167702,0.0,0.3990822507637557,0.3713976521949526,0.39303515756350643,0.30388675629207074,0.4369162124129984,0.46637890781338204,3,cebuano,high_resource
525,8.363636363636363,4.619565217391305,0.18478260869565216,0.44565217391304346,0.19293478260869565,0.029891304347826088,0.0,0.0,0.3871104386008323,0.38681451414081636,0.3958231983294983,0.3308744516619603,0.41069417218933146,0.35903773698050545,3,cebuano,high_resource
526,11.25,4.407407407407407,0.22962962962962963,0.562962962962963,0.17037037037037037,0.02962962962962963,0.0,0.0,0.3897283152023164,0.3624279077466785,0.3729572446274622,0.30420966751683925,0.4344157807839157,0.42005955241195686,3,cebuano,high_resource
527,20.488636363636363,4.628397115917915,0.23349972268441485,0.2795341098169717,0.14364947310038825,0.026067665002773157,0.006100942872989462,0.0,0.44524195120056514,0.5348912810345897,0.4343814209424016,0.4230928446841982,0.4867585544105276,0.6350802985045199,3,cebuano,high_resource
528,9.771428571428572,4.251461988304094,0.15789473684210525,0.4327485380116959,0.20175438596491227,0.02631578947368421,0.0,0.0,0.381754460588888,0.38296858207790624,0.40670598207479414,0.35727808765128416,0.43382237064561213,0.4163843664627255,3,cebuano,high_resource
529,11.923076923076923,4.541935483870968,0.25161290322580643,0.4838709677419355,0.16774193548387098,0.01935483870967742,0.0,0.0,0.40446374875385727,0.39090226794165994,0.39388141689493994,0.33755900581080583,0.44908874907358187,0.44218990353940263,3,cebuano,high_resource
530,4.3,4.949612403100775,0.2558139534883721,0.5038759689922481,0.1434108527131783,0.023255813953488372,0.0,0.0,0.39808832480735096,0.39314788268202705,0.3837490337900234,0.2843747763256564,0.42917930472285465,0.44035848872895006,3,cebuano,high_resource
531,10.0,4.6,0.2111111111111111,0.6,0.13333333333333333,0.03333333333333333,0.0,0.0,0.41378965283244373,0.3926660473522754,0.37518108099522135,0.31028662616575564,0.396070184254896,0.3411068709289441,3,cebuano,high_resource
532,12.733333333333333,4.157068062827225,0.13612565445026178,0.450261780104712,0.18848167539267016,0.005235602094240838,0.0,0.0,0.3540261772758036,0.2758521652276644,0.3621759339669731,0.23033120926807207,0.3880139878113441,0.34053677341240657,3,cebuano,high_resource
533,13.444444444444445,4.6384297520661155,0.22933884297520662,0.378099173553719,0.16942148760330578,0.014462809917355372,0.0,0.0,0.42945385318328066,0.44355889348274674,0.41243023179923594,0.3610023157924493,0.48236543495742656,0.543775455152427,3,cebuano,high_resource
534,15.517241379310345,4.493333333333333,0.21333333333333335,0.43333333333333335,0.15777777777777777,0.017777777777777778,0.0022222222222222222,0.0,0.39830448001365115,0.3789964320417666,0.40476137539226864,0.3512324000599635,0.4357053687834346,0.46787948935879214,3,cebuano,high_resource
535,16.295454545454547,4.220362622036262,0.19804741980474197,0.30264993026499304,0.12831241283124128,0.029288702928870293,0.001394700139470014,0.0,0.4368474160644898,0.4236653995654292,0.3719489753145858,0.38106672604333053,0.43463162630221125,0.5348027023782285,3,cebuano,high_resource
536,14.31578947368421,4.4411764705882355,0.20220588235294118,0.4338235294117647,0.1875,0.011029411764705883,0.0,0.0,0.4053365367938432,0.3378735352508227,0.39823620728171844,0.2765034100103576,0.4449355269668058,0.3831832581372706,3,cebuano,high_resource
537,12.19047619047619,4.3828125,0.16015625,0.36328125,0.0859375,0.02734375,0.0,0.0,0.4061429799290785,0.3789737847338203,0.33479226544000135,0.2934132828909134,0.3964851599264924,0.4276792348555965,3,cebuano,high_resource
538,10.357142857142858,4.427586206896552,0.18850574712643678,0.4666666666666667,0.17471264367816092,0.020689655172413793,0.006896551724137931,0.0,0.4140548045749822,0.3580210591059209,0.42042555500312134,0.33570477833225193,0.4307689139204287,0.3929627703538787,3,cebuano,high_resource
539,11.14516129032258,4.522431259044862,0.20694645441389292,0.39652677279305354,0.1548480463096961,0.023154848046309694,0.0,0.0,0.4232374534907268,0.45023954155821916,0.43514180445593664,0.3996994999078808,0.4435149438334988,0.49551432057254224,3,cebuano,high_resource
540,13.716981132075471,4.437414030261348,0.18982118294360384,0.312242090784044,0.11004126547455295,0.02200825309491059,0.0041265474552957355,0.0,0.4269266763738707,0.4956387146549996,0.4160297642620856,0.38594680392952124,0.4867718818097867,0.5881873353092946,3,cebuano,high_resource
541,11.987804878048781,4.560528992878942,0.19328585961342828,0.3987792472024415,0.15768056968463887,0.021363173957273652,0.001017293997965412,0.0,0.4317669722073395,0.4806751948784374,0.41338450541910077,0.41729017773107724,0.4653280515350853,0.5496599945098055,3,cebuano,high_resource
542,16.65,4.396396396396397,0.16816816816816818,0.4744744744744745,0.1021021021021021,0.0990990990990991,0.003003003003003003,0.0,0.4127242374414369,0.37865944794283685,0.37562627467379917,0.316539256638529,0.4189969718491394,0.45029548109830464,3,cebuano,high_resource
543,10.307692307692308,5.007462686567164,0.26119402985074625,0.5671641791044776,0.07462686567164178,0.022388059701492536,0.0,0.0,0.3884636308737449,0.3242191423862859,0.3899707441065026,0.29096733700173105,0.41767581670215087,0.4288637512927337,3,cebuano,high_resource
544,13.25,4.0,0.1792452830188679,0.5,0.22641509433962265,0.04716981132075472,0.0,0.0,0.36732701886318875,0.2983454849164634,0.31976050018986535,0.25333717317394766,0.3480821513784734,0.3527398808831725,3,cebuano,high_resource
545,14.37037037037037,4.677835051546392,0.2551546391752577,0.44329896907216493,0.18814432989690721,0.023195876288659795,0.0,0.0,0.4426246544508356,0.4032537818090505,0.43647956033568425,0.3794265091310371,0.4680922039720134,0.5011560501735107,3,cebuano,high_resource
546,7.225806451612903,4.642857142857143,0.21651785714285715,0.4174107142857143,0.18973214285714285,0.013392857142857142,0.020089285714285716,0.0,0.4221477830246746,0.4171321500327777,0.40924248023813503,0.3794050713787612,0.45447779376977143,0.48258569917806765,3,cebuano,high_resource
547,11.23076923076923,4.575342465753424,0.2671232876712329,0.4589041095890411,0.13013698630136986,0.0273972602739726,0.0,0.00684931506849315,0.32230726064429166,0.2941870156820465,0.3267444242475739,0.2432265538446194,0.358344182689257,0.3644835735405025,3,cebuano,high_resource
548,8.130434782608695,4.748663101604278,0.25668449197860965,0.6951871657754011,0.1711229946524064,0.026737967914438502,0.0053475935828877,0.0,0.40852250775829596,0.37866159436946656,0.3965473745889328,0.3184415635103754,0.45072455275774104,0.45364824811528426,3,cebuano,high_resource
549,7.625,4.772540983606557,0.22540983606557377,0.42213114754098363,0.09836065573770492,0.014344262295081968,0.012295081967213115,0.0,0.42712863936248113,0.3692389363304114,0.4043160534534169,0.3103683312084069,0.4171664515921178,0.4628141547780509,3,cebuano,high_resource
550,8.555555555555555,4.564935064935065,0.19480519480519481,0.538961038961039,0.11038961038961038,0.006493506493506494,0.0,0.0,0.40996777300656545,0.29341445213918965,0.36002668320813075,0.242444183739535,0.40931764399004394,0.35553765918024954,3,cebuano,high_resource
551,11.6,4.572413793103448,0.23793103448275862,0.42758620689655175,0.18275862068965518,0.03620689655172414,0.0017241379310344827,0.0017241379310344827,0.4461386559978614,0.43125628474688654,0.45379109026857867,0.38271664903745983,0.4543234225229728,0.47114253865948036,3,cebuano,high_resource
552,4.91358024691358,4.374371859296482,0.15577889447236182,0.42462311557788945,0.1457286432160804,0.09045226130653267,0.0,0.0,0.3742923099441172,0.35866160209834713,0.37221663143987666,0.3504432184055537,0.4020765342197087,0.37717800449681566,3,cebuano,high_resource
553,9.8125,4.592356687898089,0.24203821656050956,0.42038216560509556,0.18152866242038215,0.0031847133757961785,0.006369426751592357,0.0,0.39401048204973405,0.3720552581596759,0.39529525883965844,0.2969429672879785,0.40452179076386613,0.41976906758664806,3,cebuano,high_resource
554,15.071428571428571,4.786729857819905,0.2796208530805687,0.5355450236966824,0.1848341232227488,0.009478672985781991,0.0,0.0,0.4377821119528165,0.42893379299699497,0.42916379030775925,0.3436969841124134,0.4641063761090384,0.4605237783355538,3,cebuano,high_resource
555,11.642857142857142,4.233128834355829,0.18609406952965235,0.35991820040899797,0.20449897750511248,0.09406952965235174,0.0,0.0,0.4023895517047125,0.36246755292274907,0.3832863104332477,0.3261688419102609,0.44415845197679305,0.43560356928277605,3,cebuano,high_resource
556,12.660714285714286,4.414668547249647,0.2016925246826516,0.3540197461212976,0.19605077574047955,0.04090267983074753,0.0014104372355430183,0.0,0.4388513762633931,0.41496633151048395,0.42505857992453167,0.34005881555442935,0.48415476926707884,0.5227432357375972,3,cebuano,high_resource
557,14.555555555555555,4.325699745547074,0.19083969465648856,0.4402035623409669,0.15776081424936386,0.035623409669211195,0.0,0.0,0.4235843458491153,0.4628125441251148,0.4180667941081195,0.398337361308297,0.4462663061591774,0.47478736931954046,3,cebuano,high_resource
558,12.216666666666667,4.607094133697135,0.24147339699863574,0.37517053206002726,0.1664392905866303,0.01637107776261937,0.001364256480218281,0.0,0.41014393510662744,0.4071341209642316,0.3976598940621403,0.3760792788465505,0.43777650352083636,0.4606275066975986,3,cebuano,high_resource
559,6.68595041322314,4.411619283065513,0.12360939431396786,0.242274412855377,0.16563658838071693,0.023485784919653894,0.0,0.0,0.4512250146006638,0.38241967219640877,0.3818821442647621,0.36207812209230095,0.40258331092393257,0.44420870356483716,3,cebuano,high_resource
560,14.5,4.482758620689655,0.1786833855799373,0.47335423197492166,0.15047021943573669,0.047021943573667714,0.0,0.0,0.3993525040353722,0.32306874400679386,0.40881755122716384,0.30386184966444574,0.4170199408913816,0.36452886815020147,3,cebuano,high_resource
561,11.19047619047619,4.604255319148936,0.2170212765957447,0.502127659574468,0.19574468085106383,0.01276595744680851,0.0,0.0,0.4131916016358907,0.3509421554665727,0.40713250983601,0.3346126230023155,0.45543388604908713,0.4236343093661503,3,cebuano,high_resource
562,21.147058823529413,4.251738525730181,0.14881780250347706,0.3226703755215577,0.16133518776077885,0.02642559109874826,0.022253129346314324,0.0,0.42257123806030106,0.4131828258678389,0.4292359657821927,0.34160561926517413,0.45522121518559555,0.5059392673764281,3,cebuano,high_resource
563,6.486486486486487,4.5375,0.23333333333333334,0.45416666666666666,0.1875,0.025,0.0,0.0,0.4006225195444678,0.39713787971750464,0.399654446914823,0.31998895730327825,0.4522214096217291,0.4651958631944372,3,cebuano,high_resource
564,11.041666666666666,4.083018867924529,0.15471698113207547,0.4018867924528302,0.19622641509433963,0.024528301886792454,0.0,0.0,0.44494649970072386,0.442352033161987,0.4322622323925201,0.3744764583345268,0.45927915688570337,0.49755520373369777,3,cebuano,high_resource
565,8.661764705882353,4.3497453310696095,0.20203735144312393,0.37181663837011886,0.1765704584040747,0.03225806451612903,0.003395585738539898,0.0,0.39075155995377214,0.455216511001292,0.38952500875095186,0.36226333304233366,0.42887874168930995,0.5235624134502659,3,cebuano,high_resource
566,11.3,5.04424778761062,0.26548672566371684,0.5752212389380531,0.05309734513274336,0.02654867256637168,0.0,0.0,0.39720780744720857,0.3482924585809144,0.35454795997150923,0.31785989084463034,0.3754262090065195,0.41489788572531533,3,cebuano,high_resource
567,12.208333333333334,5.279863481228669,0.3378839590443686,0.5870307167235495,0.11604095563139932,0.0,0.0,0.0,0.4452279393976143,0.3969338959176813,0.43224684421289994,0.3367401038488594,0.48295872071703455,0.4182428252332331,3,cebuano,high_resource
568,7.818181818181818,4.034883720930233,0.20930232558139536,0.47674418604651164,0.23255813953488372,0.011627906976744186,0.0,0.0,0.3412987235014026,0.2688218218400166,0.33006130562713326,0.2543223389288357,0.3619551823714913,0.2889061076163249,3,cebuano,high_resource
569,10.142857142857142,4.415492957746479,0.2112676056338028,0.4859154929577465,0.18309859154929578,0.0,0.0,0.0,0.3566593192371892,0.3200458767561499,0.3155853688002817,0.2560133370170611,0.3705573788634929,0.3424483194067826,3,cebuano,high_resource
570,16.0625,4.412451361867705,0.2178988326848249,0.5097276264591439,0.17120622568093385,0.01556420233463035,0.0,0.0,0.4062948820303411,0.3304540384688667,0.40194281490709904,0.28918990866032174,0.44556461299965633,0.4224104548773196,3,cebuano,high_resource
571,22.857142857142858,4.533035714285714,0.24732142857142858,0.3151785714285714,0.17232142857142857,0.009821428571428571,0.0,0.0,0.4298242955340628,0.4611899521350986,0.4328373680547564,0.42586365832856055,0.4735944860847327,0.5660719902400029,3,cebuano,high_resource
572,15.166666666666666,4.197802197802198,0.18681318681318682,0.6373626373626373,0.21978021978021978,0.02197802197802198,0.0,0.0,0.36309915317340324,0.26910530027324137,0.3134866071187729,0.2640943896552951,0.35496004147228366,0.3044983544736722,3,cebuano,high_resource
573,11.444444444444445,4.932038834951456,0.2961165048543689,0.46116504854368934,0.15048543689320387,0.009708737864077669,0.0,0.0,0.4225934048875681,0.4226682588683411,0.39882953059494963,0.3648414497546841,0.42590090317214774,0.3783135118973064,3,cebuano,high_resource
574,12.875,4.776699029126213,0.2621359223300971,0.4368932038834951,0.1650485436893204,0.019417475728155338,0.0,0.0,0.40491274522986875,0.38109059152986907,0.3858852251664859,0.29989959902274305,0.4422598722275939,0.4393674879008225,3,cebuano,high_resource
575,9.214285714285714,4.4728682170542635,0.1937984496124031,0.5736434108527132,0.14728682170542637,0.023255813953488372,0.0,0.0,0.41161694703415025,0.3858364636511614,0.4067058304539954,0.3250470686032655,0.45203869273944264,0.4534791514898394,3,cebuano,high_resource
576,10.5,4.341991341991342,0.18831168831168832,0.4264069264069264,0.19696969696969696,0.010822510822510822,0.0,0.0,0.4046938228496838,0.37608981016804854,0.4016502156696769,0.33578525083519256,0.4087495366467801,0.4223675408187415,3,cebuano,high_resource
577,14.838709677419354,4.65,0.23043478260869565,0.3978260869565217,0.20217391304347826,0.013043478260869565,0.002173913043478261,0.0,0.4193985349385521,0.4186981818296254,0.3952384005158103,0.3361017070524588,0.44001104235110505,0.4584353055688389,3,cebuano,high_resource
578,11.347826086956522,4.524904214559387,0.20689655172413793,0.5210727969348659,0.2222222222222222,0.02681992337164751,0.01532567049808429,0.0,0.40668510780968425,0.42487440689284073,0.40039326523317625,0.35351919898431505,0.44241904544610383,0.47098260381614715,3,cebuano,high_resource
579,15.673913043478262,4.5325936199722605,0.1955617198335645,0.37725381414701803,0.14840499306518723,0.013869625520110958,0.0013869625520110957,0.0,0.42753847589043364,0.42845020832161385,0.4191065623521745,0.3641299498074436,0.4638856202500567,0.5169160662968475,3,cebuano,high_resource
580,6.666666666666667,4.25,0.0945945945945946,0.1972972972972973,0.19594594594594594,0.024324324324324326,0.0,0.0,0.3760003503533813,0.32848091811496316,0.31669414603807167,0.265397895981283,0.34591761115341485,0.3945664339186884,3,cebuano,high_resource
581,13.85,4.382671480144404,0.13357400722021662,0.48736462093862815,0.1552346570397112,0.032490974729241874,0.018050541516245487,0.0,0.3986078559492137,0.3258858482926559,0.3653112462009906,0.27531437336665154,0.3878489759542825,0.37424611436446253,3,cebuano,high_resource
582,14.0,4.387218045112782,0.13909774436090225,0.49624060150375937,0.16165413533834586,0.03383458646616541,0.018796992481203006,0.0,0.40312142049442834,0.3304807368991367,0.3694844723212404,0.27274992559063543,0.3951598205028236,0.3812870421816141,3,cebuano,high_resource
583,5.128712871287129,4.45945945945946,0.18532818532818532,0.40540540540540543,0.1718146718146718,0.03474903474903475,0.0,0.0,0.4137395138058843,0.3687968523490927,0.4099784806726535,0.3246640281125489,0.4448008009288078,0.4785162846739932,3,cebuano,high_resource
584,9.833333333333334,4.751412429378531,0.23728813559322035,0.4971751412429379,0.1751412429378531,0.05084745762711865,0.0,0.0,0.42148404213291474,0.3233965444357604,0.41491130054954317,0.32187319614910354,0.3910693544729197,0.3237758984760541,1,bikol,high_resource
585,8.882352941176471,4.470198675496689,0.1390728476821192,0.423841059602649,0.1986754966887417,0.06622516556291391,0.0,0.0,0.3778706781787964,0.2181710815088739,0.36037212832225873,0.2507802105100852,0.34258211927211324,0.20080740846562467,1,bikol,high_resource
586,6.333333333333333,4.6,0.2631578947368421,0.2631578947368421,0.2736842105263158,0.08421052631578947,0.0,0.0,0.27053596510157946,0.12671141763591603,0.26995577032470275,0.11860820746206185,0.2707463878586756,0.12847426631133288,1,bikol,high_resource
587,6.25,4.573333333333333,0.2,0.5466666666666666,0.21333333333333335,0.08,0.0,0.0,0.3064755180316179,0.18492455603492636,0.30909176877957656,0.2158968933058861,0.29459222987655553,0.14833723665736695,1,bikol,high_resource
588,5.9375,4.505263157894737,0.23157894736842105,0.5894736842105263,0.24210526315789474,0.06315789473684211,0.0,0.0,0.3635708659387104,0.3110474984655002,0.3930175910147608,0.27924851854630967,0.3763398911060839,0.34481002171251873,1,bikol,high_resource
589,14.583333333333334,4.622857142857143,0.21142857142857144,0.44,0.17142857142857143,0.08571428571428572,0.0,0.0,0.34529992486499184,0.24539813012472877,0.3960146876089071,0.2761543747971632,0.3314165253930867,0.20133152205593052,1,bikol,high_resource
590,5.26,4.326996197718631,0.11406844106463879,0.3650190114068441,0.08365019011406843,0.053231939163498096,0.06844106463878327,0.0,0.29483540058868835,0.2280822846847018,0.31479841338551595,0.26113818271526335,0.31576899189316204,0.22182196874481633,1,bikol,high_resource
591,8.4,4.559523809523809,0.21428571428571427,0.4642857142857143,0.23809523809523808,0.03571428571428571,0.0,0.0,0.2712674158162905,0.21281530695554968,0.30775166164030754,0.254930827176725,0.2944114365865582,0.19901318394588485,1,bikol,high_resource
592,6.621621621621622,4.285714285714286,0.1510204081632653,0.2571428571428571,0.07755102040816327,0.11428571428571428,0.0,0.0,0.3694545707245885,0.2409481449129308,0.38898669658485013,0.2992968456746001,0.3650072718457239,0.2348469333766062,1,bikol,high_resource
593,6.181818181818182,4.705882352941177,0.14705882352941177,0.5294117647058824,0.19117647058823528,0.014705882352941176,0.0,0.0,0.300746956619804,0.17829673145894678,0.31880053250627216,0.17557593343306976,0.293601745171916,0.15756699349738146,1,bikol,high_resource
594,12.133333333333333,4.84065934065934,0.2692307692307692,0.47802197802197804,0.14835164835164835,0.06043956043956044,0.005494505494505495,0.005494505494505495,0.3777297613973573,0.24265726676280397,0.3999956349120013,0.3321915697703641,0.3342496407646204,0.19122195783335638,1,bikol,high_resource
595,3.0,5.777777777777778,0.37037037037037035,0.7037037037037037,0.0,0.037037037037037035,0.0,0.0,0.316238105733338,0.23543845560435228,0.3306907207715048,0.24168565305710107,0.32698036970705974,0.2185919066466388,1,bikol,high_resource
596,9.25,4.135135135135135,0.16216216216216217,0.44324324324324327,0.21621621621621623,0.04864864864864865,0.0,0.0,0.36968863619512193,0.2026435600878304,0.37318531000102395,0.21301921328551984,0.34073489221205494,0.1945891366225566,1,bikol,high_resource
597,11.4,4.678362573099415,0.1871345029239766,0.5906432748538012,0.08771929824561403,0.08771929824561403,0.011695906432748537,0.005847953216374269,0.4129196102946581,0.3463729752130894,0.42400379708471286,0.3622170560877652,0.3827466185975617,0.2671027334232367,1,bikol,high_resource
598,12.076923076923077,4.490445859872612,0.18471337579617833,0.4012738853503185,0.12738853503184713,0.08280254777070063,0.0,0.0,0.3656783614070691,0.2843950642600134,0.3993252801326667,0.3280582234875912,0.352196356087303,0.2772680335504152,1,bikol,high_resource
599,9.153846153846153,5.084033613445378,0.3277310924369748,0.48739495798319327,0.09243697478991597,0.1092436974789916,0.0,0.0,0.37703611400064196,0.22679623496590148,0.40532824683106,0.2941676705692632,0.3474249166786572,0.21677109973862774,1,bikol,high_resource
600,6.285714285714286,4.9772727272727275,0.26136363636363635,0.7159090909090909,0.17045454545454544,0.056818181818181816,0.0,0.0,0.3939333357139687,0.3356865986818284,0.4213042844669644,0.38645904445508067,0.3767271042518135,0.2947323071430769,1,bikol,high_resource
601,9.19047619047619,4.694300518134715,0.20725388601036268,0.40932642487046633,0.14507772020725387,0.08808290155440414,0.0,0.0,0.3871190493044549,0.30460548497646495,0.384887171738295,0.33160417237091094,0.4012762117956658,0.28752364567794486,1,bikol,high_resource
602,11.461538461538462,4.302013422818792,0.15436241610738255,0.5570469798657718,0.2483221476510067,0.11409395973154363,0.0,0.0,0.4250529076617229,0.30001003693313144,0.4385858413998109,0.3677127671291477,0.4207061592795207,0.28158262187466176,1,bikol,high_resource
603,13.8,5.118357487922705,0.25120772946859904,0.4927536231884058,0.15942028985507245,0.0748792270531401,0.004830917874396135,0.0,0.4401119164276189,0.35800600529785487,0.4616273915239876,0.42746699135917954,0.41187565536175336,0.31828291223576516,1,bikol,high_resource
604,8.384615384615385,4.4495412844036695,0.1743119266055046,0.48623853211009177,0.1559633027522936,0.05504587155963303,0.0,0.0,0.35364178587230055,0.2195263461777794,0.39059791954709533,0.23004031474961295,0.38635508578368044,0.24721350461072966,1,bikol,high_resource
605,10.636363636363637,4.901709401709402,0.2094017094017094,0.3717948717948718,0.12393162393162394,0.04700854700854701,0.0,0.004273504273504274,0.3736394905815202,0.3356323044315169,0.39862839714369563,0.3750520658008761,0.3846707004634112,0.30278337827738794,1,bikol,high_resource
606,8.75609756097561,4.838440111420613,0.2479108635097493,0.43454038997214484,0.14206128133704735,0.09749303621169916,0.002785515320334262,0.0,0.44669083682620736,0.3530523801332403,0.4705241606697745,0.389350160322432,0.43412826027594786,0.33377259065171694,1,bikol,high_resource
607,4.7,5.74468085106383,0.3617021276595745,0.5531914893617021,0.2765957446808511,0.02127659574468085,0.0,0.0,0.3445384461309779,0.2197130608204244,0.2814413610856925,0.24710246874963854,0.31014912672240813,0.24381473635726092,1,bikol,high_resource
608,6.75,4.3580246913580245,0.18518518518518517,0.345679012345679,0.07407407407407407,0.2222222222222222,0.0,0.0,0.26753359935125937,0.19496685915147233,0.28667897735120973,0.21717102850729147,0.248519075510778,0.1274440250657006,1,bikol,high_resource
609,6.333333333333333,5.2368421052631575,0.2982456140350877,0.4649122807017544,0.14912280701754385,0.05263157894736842,0.0,0.0,0.4156062816730011,0.30277157004946037,0.42481554046241127,0.28135891160145515,0.37140851658748636,0.23121792268760055,1,bikol,high_resource
610,6.5,4.884615384615385,0.17307692307692307,0.4423076923076923,0.21153846153846154,0.038461538461538464,0.0,0.0,0.1870009746125771,0.13043362800122157,0.18881629457278737,0.14255435270805392,0.1752193329729127,0.1138301433239044,1,bikol,high_resource
611,7.846153846153846,5.186274509803922,0.2647058823529412,0.6274509803921569,0.0784313725490196,0.10784313725490197,0.0,0.0,0.37919113473518834,0.35343744194031107,0.41372594604735863,0.38404214259201447,0.37648136543725713,0.3264560776999183,1,bikol,high_resource
612,8.222222222222221,5.126126126126126,0.26576576576576577,0.5495495495495496,0.0990990990990991,0.10810810810810811,0.0,0.0,0.36804872130616,0.2692178123460313,0.408490933239843,0.3475294321926128,0.3594984045878077,0.2509378392672501,1,bikol,high_resource
613,13.0,5.384615384615385,0.23076923076923078,0.9230769230769231,0.0,0.07692307692307693,0.0,0.0,0.22158216999020217,0.16448843917171704,0.27178330795436095,0.26640378869202724,0.2483938289611331,0.18140727212450733,1,bikol,high_resource
614,12.176470588235293,4.323671497584541,0.18840579710144928,0.41545893719806765,0.2028985507246377,0.04830917874396135,0.0,0.0,0.33080261938481015,0.20309678002513074,0.3486607264047165,0.20667943425691318,0.3199561665732487,0.19440843881091396,1,bikol,high_resource
615,14.2,4.690140845070423,0.19718309859154928,0.7183098591549296,0.19718309859154928,0.09859154929577464,0.014084507042253521,0.0,0.3341898005733583,0.18048859110745508,0.33652563779321176,0.18028085685776704,0.3089066880296154,0.1674167037281019,1,bikol,high_resource
616,9.9,4.41919191919192,0.21717171717171718,0.4444444444444444,0.30303030303030304,0.030303030303030304,0.0,0.0,0.3312990028316529,0.21447385811316538,0.37888115846566695,0.2462865046517598,0.3499940658994512,0.18630784240586823,1,bikol,high_resource
617,8.0625,4.829457364341085,0.29069767441860467,0.3953488372093023,0.2364341085271318,0.07751937984496124,0.0,0.0,0.3748333806299001,0.2849000594379415,0.38982484586437893,0.33524665206245674,0.3688411290074357,0.27558829194280426,1,bikol,high_resource
618,5.733333333333333,4.441860465116279,0.1744186046511628,0.5930232558139535,0.19767441860465115,0.13953488372093023,0.0,0.0,0.30871968279212136,0.17905357907450684,0.35124773550438343,0.2513500512529897,0.32424927298699713,0.17907697608558676,1,bikol,high_resource
619,17.416666666666668,4.866028708133971,0.2631578947368421,0.41148325358851673,0.14832535885167464,0.09090909090909091,0.0,0.0,0.3945169039278933,0.2539729758928104,0.4367780938200914,0.3237875955365943,0.3664245541449096,0.26280497297873406,1,bikol,high_resource
620,5.15,4.679611650485437,0.22330097087378642,0.42718446601941745,0.12135922330097088,0.024271844660194174,0.0,0.0,0.3653265098268127,0.25321832878319606,0.3701195957777594,0.29828313983562327,0.3582237983870038,0.2537993040360461,1,bikol,high_resource
621,11.846153846153847,4.863636363636363,0.2077922077922078,0.551948051948052,0.16883116883116883,0.11038961038961038,0.0,0.0,0.42771644955108495,0.3074161581181596,0.4652472032526299,0.3680309603459403,0.39669501101867416,0.2622197642599963,1,bikol,high_resource
622,11.710526315789474,4.462921348314607,0.1842696629213483,0.4202247191011236,0.19101123595505617,0.09213483146067415,0.0,0.0,0.42400826502980554,0.39207400056461555,0.43110510718996775,0.4147046007826474,0.39619773256422564,0.35786636536979566,1,bikol,high_resource
623,8.916666666666666,4.271028037383178,0.1588785046728972,0.4392523364485981,0.1308411214953271,0.18691588785046728,0.018691588785046728,0.0,0.30105535268190264,0.2028890320618082,0.2972833652051809,0.24943337728091328,0.2786991502001851,0.17253469984611322,1,bikol,high_resource
624,6.2,4.548387096774194,0.06451612903225806,0.43548387096774194,0.016129032258064516,0.03225806451612903,0.0,0.0,0.28131479871527115,0.18246794690788198,0.27570319254729453,0.19228460940630754,0.29498638310494246,0.19571986538924385,1,bikol,high_resource
625,6.391304347826087,4.826530612244898,0.2687074829931973,0.46598639455782315,0.14285714285714285,0.09863945578231292,0.0,0.0,0.41704390868085256,0.3373233463636464,0.43725053839193195,0.374973991464635,0.42957741931321686,0.3389000800546621,1,bikol,high_resource
626,6.933333333333334,4.0576923076923075,0.08653846153846154,0.33653846153846156,0.2403846153846154,0.125,0.0,0.0,0.26177436392119996,0.12031052717605542,0.2857559103796665,0.15624756218361802,0.26576602780377656,0.14178762998673208,1,bikol,high_resource
627,7.6,4.631578947368421,0.13157894736842105,0.6447368421052632,0.2236842105263158,0.06578947368421052,0.0,0.0,0.36074775748102783,0.2531220336600923,0.33219432518166103,0.20596157090084763,0.3579400030368246,0.2736631275809104,1,bikol,high_resource
628,5.888888888888889,3.981132075471698,0.05660377358490566,0.41509433962264153,0.0,0.2641509433962264,0.0,0.0,0.2628989210388299,0.15371469130229073,0.25218804545686097,0.16618724730367393,0.2629788837252309,0.14981070960806134,1,bikol,high_resource
629,18.666666666666668,4.392857142857143,0.21428571428571427,0.49107142857142855,0.19642857142857142,0.06696428571428571,0.0,0.0,0.41012374947358,0.32713315704486207,0.4231019973645316,0.3288469893465697,0.42396922069509774,0.3333493170615391,1,bikol,high_resource
630,21.0,5.285714285714286,0.19047619047619047,0.9047619047619048,0.09523809523809523,0.0,0.0,0.0,0.25986988579458886,0.19369423595516824,0.21685349978746474,0.18104397938851638,0.2272505996471075,0.1664960733984069,1,bikol,high_resource
631,17.714285714285715,4.596774193548387,0.18548387096774194,0.49193548387096775,0.1935483870967742,0.0967741935483871,0.0,0.0,0.3879598463164515,0.28251935147714863,0.4189917289642546,0.31255500993635565,0.37707648001261457,0.275051181236311,1,bikol,high_resource
632,13.222222222222221,4.310924369747899,0.21008403361344538,0.3949579831932773,0.15126050420168066,0.15966386554621848,0.0,0.0,0.3560560799269389,0.2522548239425289,0.3593838949198683,0.26738232744794505,0.35287769101962135,0.17743296314445348,1,bikol,high_resource
633,12.058823529411764,4.912195121951219,0.18536585365853658,0.43414634146341463,0.1902439024390244,0.1024390243902439,0.0,0.0,0.3812590413721875,0.27896879358620874,0.38561966668850467,0.3209067764986516,0.34504053891282094,0.2970777111485721,1,bikol,high_resource
634,4.666666666666667,5.767857142857143,0.39285714285714285,0.5357142857142857,0.05357142857142857,0.05357142857142857,0.0,0.017857142857142856,0.29169522446016927,0.1650587442077734,0.3082076405934998,0.219577592744743,0.273391282906747,0.1445524360099436,1,bikol,high_resource
635,10.777777777777779,4.93298969072165,0.211340206185567,0.4484536082474227,0.15979381443298968,0.02577319587628866,0.0,0.0,0.40919049678027947,0.3587674743637664,0.4596465973567942,0.4614389126536595,0.4148979511949632,0.31235835057132344,1,bikol,high_resource
636,9.533333333333333,4.384615384615385,0.16083916083916083,0.23076923076923078,0.14685314685314685,0.0,0.0,0.0,0.3162603084398617,0.20586850785392183,0.30600172343146237,0.21358627592660798,0.3120184165515097,0.1987999728637532,1,bikol,high_resource
637,7.551724137931035,4.200913242009133,0.1141552511415525,0.2922374429223744,0.2602739726027397,0.0639269406392694,0.0,0.0,0.23441331141739655,0.1185795942707344,0.24477440106754947,0.1481872428882704,0.21542655829248084,0.09669859564652418,1,bikol,high_resource
638,8.277777777777779,4.919463087248322,0.2214765100671141,0.40939597315436244,0.2214765100671141,0.06711409395973154,0.0,0.0,0.3177563823138944,0.229849457550579,0.3152746064618014,0.23222084082356304,0.3136864215697826,0.20793917548606683,1,bikol,high_resource
639,11.090909090909092,4.590163934426229,0.21311475409836064,0.45081967213114754,0.1557377049180328,0.09016393442622951,0.0,0.0,0.3627308474871368,0.3233655558577306,0.3860421080640292,0.3977239985820503,0.35101513220442765,0.31854976273816304,1,bikol,high_resource
640,12.625,4.584158415841584,0.20132013201320131,0.429042904290429,0.15841584158415842,0.0627062706270627,0.0033003300330033004,0.0033003300330033004,0.4147195503652841,0.3371015798844815,0.4422943180167781,0.36717914963568205,0.3887647527172954,0.284210984248356,1,bikol,high_resource
641,6.344827586206897,4.608695652173913,0.1793478260869565,0.4076086956521739,0.20652173913043478,0.04891304347826087,0.0,0.0,0.36220646334675083,0.2126352643623551,0.3884950340535516,0.26156551666997274,0.3337413596165689,0.17110473843690396,1,bikol,high_resource
642,3.8181818181818183,4.107142857142857,0.14285714285714285,0.47619047619047616,0.05952380952380952,0.09523809523809523,0.0,0.0,0.356498319867503,0.30142608846264785,0.3634570144427111,0.2842393380327103,0.34947469470640335,0.2729999510125462,1,bikol,high_resource
643,8.75,4.371428571428571,0.22857142857142856,0.6285714285714286,0.2,0.12857142857142856,0.0,0.0,0.39875931868066306,0.31512214658737087,0.3800667139019787,0.3105943220139781,0.3747964850726843,0.3145226702370231,1,bikol,high_resource
644,3.9411764705882355,3.791044776119403,0.08955223880597014,0.5373134328358209,0.16417910447761194,0.11940298507462686,0.0,0.0,0.3150176310547931,0.18089817886376008,0.3072105666381492,0.16012612266619514,0.2959800544046588,0.1562271896800176,1,bikol,high_resource
645,3.888888888888889,4.942857142857143,0.22857142857142856,0.45714285714285713,0.2571428571428571,0.11428571428571428,0.0,0.0,0.26208275848438595,0.13407169260277033,0.25526679440103556,0.16581559705430035,0.229499713965576,0.08727062378830233,1,bikol,high_resource
646,3.64,4.923076923076923,0.2967032967032967,0.3626373626373626,0.25274725274725274,0.054945054945054944,0.0,0.0,0.2649564706979987,0.18496182203935185,0.24693163071739768,0.22613215504323653,0.24948925324082274,0.19345884895514653,1,bikol,high_resource
647,7.444444444444445,4.537313432835821,0.22885572139303484,0.5323383084577115,0.1890547263681592,0.07462686567164178,0.0,0.0,0.36636438563855056,0.2315608099101575,0.3878404594912456,0.27006010397888197,0.3700167483842759,0.2057690517454228,1,bikol,high_resource
648,18.583333333333332,4.582959641255606,0.19282511210762332,0.4349775784753363,0.14798206278026907,0.08520179372197309,0.0,0.0,0.39047429271407463,0.3172540872237539,0.4414793478868024,0.36453377728568614,0.37092093336162163,0.26593173026429884,1,bikol,high_resource
649,6.590909090909091,4.324137931034483,0.13793103448275862,0.41379310344827586,0.19310344827586207,0.07586206896551724,0.0,0.0,0.38916558851048527,0.28161015739230705,0.40210654292289155,0.32204153021935134,0.39155124174507394,0.278030784532949,1,bikol,high_resource
650,16.214285714285715,4.748898678414097,0.19383259911894274,0.43612334801762115,0.14537444933920704,0.022026431718061675,0.0,0.0,0.39661229996478875,0.3168962512508856,0.40877224799588313,0.39661798134748005,0.37049117891372074,0.29154390155101984,1,bikol,high_resource
651,6.357142857142857,4.584269662921348,0.21348314606741572,0.5842696629213483,0.15730337078651685,0.07865168539325842,0.011235955056179775,0.0,0.27566279468315125,0.16174578492420028,0.3068416917407949,0.2394376288699246,0.29378599284944645,0.17873018754302444,1,bikol,high_resource
652,4.7272727272727275,5.115384615384615,0.27692307692307694,0.5384615384615384,0.18461538461538463,0.06538461538461539,0.007692307692307693,0.0,0.37114022285776654,0.27124459708844634,0.3892011809322325,0.32227698377620784,0.3535899799397128,0.2538078204571839,2,bikol,high_resource
653,6.746031746031746,4.515294117647059,0.2023529411764706,0.3788235294117647,0.16,0.07294117647058823,0.03058823529411765,0.0,0.4007653570200793,0.2802620064339234,0.44102620098814715,0.32131472616540047,0.3816189711563687,0.2714110743274913,2,bikol,high_resource
654,13.837209302325581,4.779831932773109,0.20840336134453782,0.36134453781512604,0.12436974789915967,0.09243697478991597,0.0,0.0,0.41655095708722856,0.41722785711218485,0.459704669972558,0.4676953922838671,0.39811867140385304,0.358313363405074,2,bikol,high_resource
655,6.466666666666667,4.716494845360825,0.25257731958762886,0.5670103092783505,0.211340206185567,0.041237113402061855,0.0,0.0,0.37361006303494815,0.23640905370135445,0.4056226878884138,0.2535017407443079,0.3684668515792369,0.26165036605496245,2,bikol,high_resource
656,7.064516129032258,4.292237442922374,0.2237442922374429,0.3150684931506849,0.1780821917808219,0.0776255707762557,0.0,0.0,0.3255206710387268,0.30816805845872747,0.34022854418836407,0.28869410984000166,0.3348990371875085,0.30512101363827493,2,bikol,high_resource
657,7.266666666666667,4.954128440366972,0.28440366972477066,0.5596330275229358,0.11926605504587157,0.10091743119266056,0.0,0.0,0.3443660353045133,0.286587950644115,0.3757583670042496,0.3105587218151357,0.3616364665947827,0.26656747246011925,2,bikol,high_resource
658,6.304347826086956,5.0,0.25862068965517243,0.5862068965517241,0.14482758620689656,0.09310344827586207,0.006896551724137931,0.0,0.4321176367268957,0.391449762529209,0.47364420013843045,0.46696906658090825,0.40778742229579734,0.3787378667958288,2,bikol,high_resource
659,4.257142857142857,4.060402684563758,0.10067114093959731,0.5234899328859061,0.21476510067114093,0.040268456375838924,0.0,0.0,0.33341930543404263,0.21651447841184315,0.32099182070744514,0.22346566540217583,0.31133755581643086,0.18001621195916395,2,bikol,high_resource
660,9.11111111111111,5.045731707317073,0.3048780487804878,0.5182926829268293,0.17378048780487804,0.051829268292682924,0.009146341463414634,0.0,0.43174544717039803,0.426324864939398,0.47527900945890295,0.3903323814498749,0.4146932207155869,0.3866337051857046,2,bikol,high_resource
661,11.521739130434783,4.845283018867924,0.2528301886792453,0.5132075471698113,0.18490566037735848,0.06415094339622641,0.0,0.0,0.42102049898870925,0.36757377743648983,0.46783741999779943,0.46914361591281667,0.41142064009860796,0.3322223175525181,2,bikol,high_resource
662,6.5,4.615384615384615,0.20512820512820512,0.41025641025641024,0.038461538461538464,0.0641025641025641,0.0,0.0,0.3158028558518969,0.2101182239448419,0.3404460567297676,0.23001757189334657,0.3059581470070935,0.1904419160221779,2,bikol,high_resource
663,4.842105263157895,4.2771739130434785,0.16847826086956522,0.5163043478260869,0.20652173913043478,0.07608695652173914,0.005434782608695652,0.0,0.37677374726272894,0.2868458896206249,0.35093799243035245,0.2748859145364606,0.36401531071082205,0.23625452945352812,2,bikol,high_resource
664,11.434782608695652,5.007604562737643,0.24334600760456274,0.5627376425855514,0.1444866920152091,0.06844106463878327,0.0,0.0,0.43756168910329063,0.43837048328030304,0.46857389131336774,0.4504767913654113,0.4237760753036403,0.39679330170604815,2,bikol,high_resource
665,9.205128205128204,4.740947075208914,0.2841225626740947,0.4206128133704735,0.1392757660167131,0.10584958217270195,0.002785515320334262,0.0,0.38526067120782287,0.2932781547953459,0.4202157928748954,0.36666742014557435,0.37782753794709306,0.2639038518851442,2,bikol,high_resource
666,6.722222222222222,4.4958677685950414,0.2396694214876033,0.5619834710743802,0.19008264462809918,0.06611570247933884,0.0,0.0,0.36752216182242675,0.27790160354443627,0.4098794428025827,0.314503842766648,0.36374992466978673,0.26920004502721767,2,bikol,high_resource
667,7.12,4.123595505617978,0.14606741573033707,0.550561797752809,0.23595505617977527,0.06179775280898876,0.0,0.0,0.3778083400344167,0.28679009129766825,0.43011122425116494,0.3674077596638854,0.3673759502383388,0.2705001297932356,2,bikol,high_resource
668,6.725,4.776951672862453,0.19330855018587362,0.42379182156133827,0.12267657992565056,0.09665427509293681,0.0,0.0,0.38492855193309805,0.22795761225605915,0.3910694587156951,0.2803143363163981,0.3847573514343773,0.19894709645733175,2,bikol,high_resource
669,4.818181818181818,4.49685534591195,0.25157232704402516,0.3584905660377358,0.18238993710691823,0.018867924528301886,0.0,0.0,0.3641189650038605,0.25170178279038513,0.3632992455964948,0.23059147466237365,0.3600219913669913,0.22687554325782872,2,bikol,high_resource
670,9.0,4.971014492753623,0.26570048309178745,0.4057971014492754,0.17391304347826086,0.15458937198067632,0.0,0.0,0.3753131392341636,0.241586077336925,0.43706301424957306,0.3365278280257761,0.3579238352221507,0.2495720678921013,2,bikol,high_resource
671,6.641025641025641,5.011583011583012,0.2277992277992278,0.5366795366795367,0.17374517374517376,0.11583011583011583,0.007722007722007722,0.0,0.4502560037171383,0.4147651382654928,0.44299914370902377,0.36741874710921385,0.4533864479562288,0.3933512802722807,2,bikol,high_resource
672,4.342105263157895,4.806060606060606,0.23636363636363636,0.5393939393939394,0.10909090909090909,0.07878787878787878,0.0,0.0,0.419336083765011,0.34397037084967447,0.43862023753233687,0.33861024075848906,0.40628601404589076,0.2993733872080132,2,bikol,high_resource
673,8.736842105263158,4.590361445783133,0.1746987951807229,0.5963855421686747,0.1686746987951807,0.08433734939759036,0.0,0.0,0.38462647562300145,0.34820286290335556,0.42829798072546377,0.3172945627277289,0.3893355170576571,0.3011554051439355,2,bikol,high_resource
674,7.375,4.745762711864407,0.2711864406779661,0.6016949152542372,0.13559322033898305,0.059322033898305086,0.0,0.0,0.39295796085500945,0.3369238496154332,0.43179407799876257,0.4134008679771686,0.3767317367847366,0.26863723181558047,2,bikol,high_resource
675,7.055555555555555,4.039370078740157,0.11811023622047244,0.41732283464566927,0.2992125984251969,0.047244094488188976,0.0,0.0,0.36547467989607596,0.2747780136723297,0.3847674087948751,0.28220726205296237,0.3593030528580362,0.23150927121872827,2,bikol,high_resource
676,5.964285714285714,4.6706586826347305,0.2275449101796407,0.6047904191616766,0.2275449101796407,0.04790419161676647,0.0,0.0,0.41758885004311014,0.32502867805602065,0.4247016882861153,0.28552987032960436,0.40549020855723195,0.2705281635766781,2,bikol,high_resource
677,8.294117647058824,5.191489361702128,0.29432624113475175,0.5177304964539007,0.13120567375886524,0.11702127659574468,0.0,0.0,0.4502660164690866,0.4084602196967702,0.4786831894114442,0.46694981783897227,0.4217255542477352,0.40315301307043977,2,bikol,high_resource
678,8.0625,4.538759689922481,0.16279069767441862,0.49612403100775193,0.18604651162790697,0.07751937984496124,0.0,0.0,0.3941233408275715,0.2739330858245178,0.38950723168432067,0.28620366791704516,0.3757524556137119,0.25128485530512046,2,bikol,high_resource
679,16.066666666666666,4.91701244813278,0.23651452282157676,0.48132780082987553,0.11203319502074689,0.1037344398340249,0.0,0.0,0.37856468425981826,0.2787810791321883,0.43245506149622404,0.38942208188798993,0.38940979526084224,0.285569587191731,3,bikol,high_resource
680,12.75609756097561,4.478011472275335,0.23135755258126195,0.3919694072657744,0.23518164435946462,0.04397705544933078,0.0019120458891013384,0.0,0.41676873692466,0.40587034963779417,0.4724579669297428,0.4354354818891707,0.41731676360675357,0.34126165145071513,3,bikol,high_resource
681,9.1875,4.811791383219955,0.25396825396825395,0.46258503401360546,0.12244897959183673,0.09297052154195011,0.0,0.0,0.4390188207815759,0.4399541423688993,0.4847052481222732,0.5115165467086527,0.4359224583045202,0.3640751996883731,3,bikol,high_resource
682,16.512820512820515,4.565217391304348,0.21739130434782608,0.4161490683229814,0.19875776397515527,0.07298136645962733,0.013975155279503106,0.0,0.4402708963514474,0.40122347440941963,0.491793598311217,0.49033701764647314,0.426548548252062,0.36461270186556805,3,bikol,high_resource
683,18.72,5.0918803418803416,0.2692307692307692,0.47435897435897434,0.1517094017094017,0.10683760683760683,0.0,0.0,0.41457963894899197,0.3863408096395464,0.48975248622518786,0.5240495756804386,0.40866243614608216,0.3722822541702678,3,bikol,high_resource
684,9.68421052631579,4.673913043478261,0.22282608695652173,0.5978260869565217,0.15760869565217392,0.07608695652173914,0.0,0.0,0.41255528531295654,0.33365168323454514,0.45074383748921154,0.4002887894948757,0.42676570563593946,0.31210634094392503,3,bikol,high_resource
685,22.829268292682926,4.622863247863248,0.24465811965811965,0.20192307692307693,0.13141025641025642,0.08653846153846154,0.0,0.0,0.41473042097236096,0.3695760754292105,0.4557697577514633,0.4453231774573355,0.43565780865899595,0.406952004890144,3,bikol,high_resource
686,7.0,5.428571428571429,0.2857142857142857,0.8571428571428571,0.14285714285714285,0.0,0.0,0.0,0.16846226293667993,0.042574628507872615,0.18531500455274974,0.027050624433356877,0.17040855235327731,0.05518556890230868,3,bikol,high_resource
687,12.6,4.7976190476190474,0.3353174603174603,0.373015873015873,0.20634920634920634,0.07142857142857142,0.001984126984126984,0.0,0.4432777481980049,0.36203178318582163,0.46645810952383177,0.4032319687364028,0.4195632140696136,0.3529079852854534,3,bikol,high_resource
688,12.073170731707316,4.793939393939394,0.2505050505050505,0.402020202020202,0.18383838383838383,0.06868686868686869,0.0,0.0,0.408819347953374,0.38682722077531967,0.4429485313732893,0.39999472687100224,0.4034788302697656,0.33830170697236944,3,bikol,high_resource
689,11.212765957446809,5.0588235294117645,0.2656546489563567,0.40227703984819735,0.13282732447817835,0.0683111954459203,0.0,0.0,0.4445577598133686,0.4046386478741759,0.45086029750049716,0.4216634406342438,0.44326636850609297,0.4056252662954982,3,bikol,high_resource
690,14.206896551724139,4.764563106796117,0.19902912621359223,0.41504854368932037,0.1529126213592233,0.12135922330097088,0.0,0.0,0.3977682306045727,0.29580507591151783,0.43710044688015814,0.4059398865519485,0.4170914598498343,0.2566258073255233,3,bikol,high_resource
691,9.5,4.784029038112522,0.26497277676951,0.39201451905626133,0.17967332123411978,0.034482758620689655,0.0,0.0,0.4487254131433372,0.41669141698937145,0.4636465218286436,0.43944541559122213,0.42229647439106005,0.3552430164587783,3,bikol,high_resource
692,11.267857142857142,4.543581616481775,0.2202852614896989,0.29160063391442154,0.1838351822503962,0.060221870047543584,0.0,0.0,0.3694479793895957,0.30166188241833247,0.4119723157459481,0.3709978773304475,0.3731951771441374,0.2802331556635233,3,bikol,high_resource
693,18.444444444444443,4.738955823293173,0.23694779116465864,0.42771084337349397,0.15461847389558234,0.08634538152610442,0.0,0.0,0.4231335872948937,0.35964624196911166,0.47708979931949025,0.4549903918010548,0.409215518756093,0.3078631914681301,3,bikol,high_resource
694,9.395833333333334,4.971175166297117,0.3348115299334812,0.38802660753880264,0.15299334811529933,0.08869179600886919,0.0,0.0,0.36286492721629876,0.309336857948889,0.4135523593938572,0.39272504282912274,0.35546212804298155,0.27916277086233376,3,bikol,high_resource
695,9.657534246575343,4.809929078014185,0.2326241134751773,0.39574468085106385,0.15602836879432624,0.07375886524822695,0.0014184397163120568,0.0,0.41224146505908793,0.4089741627732479,0.46361835127238155,0.4519132115160909,0.4209178827231162,0.3770032056613439,3,bikol,high_resource
696,9.651162790697674,4.706024096385542,0.25542168674698795,0.41927710843373495,0.15421686746987953,0.0819277108433735,0.0,0.0,0.41516445419126224,0.3921262055095432,0.4696134791337704,0.49420767982957087,0.39671611314413324,0.3319944447390031,3,bikol,high_resource
697,11.238805970149254,4.49667994687915,0.1899070385126162,0.3107569721115538,0.18725099601593626,0.08366533864541832,0.0,0.0,0.4146407786654437,0.3562175327275744,0.4578625630731892,0.4718388041274869,0.41847144165870737,0.3716611943592473,3,bikol,high_resource
698,12.415094339622641,4.620060790273556,0.18085106382978725,0.34802431610942247,0.1762917933130699,0.05623100303951368,0.0,0.0,0.40912387421144064,0.35996821799230305,0.41507437598328756,0.4119248162290365,0.37537991152238814,0.32521451115685934,3,bikol,high_resource
699,13.3,4.845864661654136,0.23684210526315788,0.5639097744360902,0.19924812030075187,0.03759398496240601,0.0,0.0,0.433615953366136,0.3883088497628591,0.48914513307972457,0.4337385578223835,0.41414234197865774,0.33011741742104056,3,bikol,high_resource
700,14.326086956521738,4.734446130500759,0.18968133535660092,0.3581183611532625,0.17905918057663125,0.08952959028831563,0.007587253414264037,0.0,0.45500873900840666,0.40384624746305553,0.4729948100207356,0.45485683054199555,0.42497531660214516,0.36841389695715937,3,bikol,high_resource
701,17.857142857142858,5.096,0.266,0.442,0.134,0.096,0.0,0.0,0.4424120955794844,0.4767087526391066,0.4746286567920442,0.5381836071007522,0.4239625122450988,0.4092229670933222,3,bikol,high_resource
702,12.615384615384615,4.7682926829268295,0.2652439024390244,0.4268292682926829,0.14939024390243902,0.07621951219512195,0.0,0.0,0.41434850710213805,0.32173191919144417,0.4447128018845645,0.3159543549952145,0.41023704752599083,0.31363742969037395,3,bikol,high_resource
703,9.709677419354838,4.840531561461794,0.2691029900332226,0.45514950166112955,0.23588039867109634,0.059800664451827246,0.006644518272425249,0.0,0.41507802212627803,0.37251054289384317,0.49358012724364614,0.4111922267036578,0.40835095850268605,0.32293373973365014,3,bikol,high_resource
704,15.8,4.465822784810126,0.19746835443037974,0.31223628691983124,0.1940928270042194,0.06666666666666667,0.0008438818565400844,0.0,0.427945850078332,0.42627302681038015,0.4743258405683454,0.44922962821523355,0.41710961922153483,0.37007496145583635,3,bikol,high_resource
705,11.9,4.893557422969188,0.27450980392156865,0.5266106442577031,0.16526610644257703,0.0700280112044818,0.0,0.0,0.42760654099980006,0.4248437111371079,0.455303991887637,0.438763364773299,0.4073845701248975,0.33073154265911625,3,bikol,high_resource
706,10.577777777777778,4.3844537815126055,0.20588235294117646,0.27521008403361347,0.14390756302521007,0.11974789915966387,0.0031512605042016808,0.0,0.42859823930500945,0.3855287728827907,0.45880105372265995,0.4245483160021964,0.42092709112031146,0.3231531323023698,3,bikol,high_resource
707,9.833333333333334,4.700564971751413,0.24293785310734464,0.3121468926553672,0.1751412429378531,0.096045197740113,0.0,0.0,0.40265478150953526,0.3323496979001659,0.45966768627805094,0.36726267437260673,0.389758553917344,0.30565305891959266,3,bikol,high_resource
708,10.571428571428571,4.820945945945946,0.22972972972972974,0.4543918918918919,0.19932432432432431,0.06756756756756757,0.0,0.0,0.4119690212795868,0.3661113544784164,0.465980249818936,0.38490985423029184,0.3902887917258556,0.3045427796065967,3,bikol,high_resource
709,8.8875,4.985935302390999,0.22784810126582278,0.38396624472573837,0.14486638537271448,0.07876230661040788,0.005625879043600563,0.0,0.43880367351677657,0.380159936426756,0.4355715617355504,0.43450687250062353,0.41914999853888496,0.34791764187887547,3,bikol,high_resource
710,7.475609756097561,4.8890701468189235,0.2495921696574225,0.39477977161500816,0.1402936378466558,0.0766721044045677,0.0016313213703099511,0.0,0.4154976042707403,0.40398419695544563,0.4411728941938024,0.4420784359836145,0.42430237218930156,0.37540744743050153,3,bikol,high_resource
711,12.628571428571428,4.911764705882353,0.24434389140271492,0.42081447963800905,0.1515837104072398,0.06561085972850679,0.0,0.0,0.4261327125987777,0.40429839910204335,0.48209866789425726,0.49885038541991567,0.4138411344378448,0.3769693296038069,3,bikol,high_resource
712,12.75,4.872549019607843,0.27941176470588236,0.39215686274509803,0.14950980392156862,0.07598039215686274,0.01715686274509804,0.0,0.4245491524585206,0.4039317516456766,0.47697157855947125,0.47961335730750376,0.4266076942201684,0.4214911106347547,3,bikol,high_resource
713,7.269230769230769,5.112874779541446,0.2945326278659612,0.3509700176366843,0.11992945326278659,0.08994708994708994,0.0,0.0,0.43720985688895675,0.3733934738147762,0.48803979565116307,0.4256242519379689,0.4395288257372729,0.339258928271416,3,bikol,high_resource
714,9.682926829268293,4.732997481108312,0.24937027707808565,0.43828715365239296,0.1712846347607053,0.0654911838790932,0.0,0.0,0.4192122876183468,0.41284500470682406,0.46565790389382344,0.4413631808715962,0.3918065430278068,0.3974286354431306,3,bikol,high_resource
715,11.047619047619047,4.405172413793103,0.19827586206896552,0.34698275862068967,0.20474137931034483,0.04310344827586207,0.0,0.0,0.39535896370197604,0.38821764459618485,0.4164653927995027,0.3833960856903242,0.39165222811015743,0.3242613061753974,3,bikol,high_resource
716,11.137931034482758,4.5092879256965945,0.19349845201238391,0.3544891640866873,0.19349845201238391,0.13312693498452013,0.0,0.0,0.42933771792219855,0.3752538375156398,0.47931880019816053,0.40623820786263554,0.41621170347563347,0.3291988163513013,3,bikol,high_resource
717,11.11111111111111,4.826,0.222,0.418,0.158,0.078,0.0,0.0,0.42015909817977726,0.41853565037357715,0.47008530668649157,0.4952391902109968,0.3763659455479581,0.32237890134511454,3,bikol,high_resource
718,10.364864864864865,4.292046936114732,0.17079530638852672,0.2777053455019557,0.2046936114732725,0.054758800521512385,0.001303780964797914,0.0,0.4433550322450722,0.38929113501647306,0.4526972282130844,0.3505832749370369,0.422848930570431,0.3556691295153945,3,bikol,high_resource
719,14.2,4.963782696177063,0.2665995975855131,0.358148893360161,0.1317907444668008,0.10865191146881288,0.0030181086519114686,0.0,0.40186469718924483,0.3815416349736879,0.451642267880336,0.43040497622427126,0.38647410857190356,0.3293510042464437,3,bikol,high_resource
720,9.952380952380953,4.583732057416268,0.22966507177033493,0.5502392344497608,0.17703349282296652,0.08133971291866028,0.0,0.0,0.38106973985533493,0.35540951189902875,0.39559156534436224,0.34156177709754687,0.37749490557060017,0.3519572401802382,3,bikol,high_resource
721,9.547169811320755,4.75098814229249,0.23122529644268774,0.4407114624505929,0.18972332015810275,0.09881422924901186,0.001976284584980237,0.0,0.4502605335896561,0.42596679429845397,0.4698036413208003,0.48763977521060253,0.41066648156072383,0.33594092505359757,3,bikol,high_resource
722,6.0,4.62037037037037,0.2037037037037037,0.5925925925925926,0.16666666666666666,0.027777777777777776,0.0,0.0,0.3470423815131822,0.2732684813504897,0.3190165062391852,0.28439413471502045,0.33813034995733987,0.30236045130074746,3,bikol,high_resource
723,7.870967741935484,4.397540983606557,0.1721311475409836,0.45081967213114754,0.16393442622950818,0.0860655737704918,0.0,0.0,0.41915455735802026,0.320496238958292,0.4172235279088105,0.36379203275250876,0.3895848108080786,0.25562452308446687,3,bikol,high_resource
724,10.65625,5.038123167155425,0.2756598240469208,0.39882697947214074,0.17888563049853373,0.04985337243401759,0.0,0.0,0.370006180670853,0.3507222314074635,0.39955328843154597,0.382232716693762,0.37084859094500977,0.3219244874676335,3,bikol,high_resource
725,8.647058823529411,4.764172335600907,0.24036281179138322,0.3877551020408163,0.21315192743764172,0.07029478458049887,0.0,0.0,0.39395232652478396,0.30292733499304964,0.4463072042950304,0.36614365004822086,0.4103841037751539,0.30794742042048867,3,bikol,high_resource
726,11.033898305084746,4.397849462365591,0.17050691244239632,0.3563748079877112,0.16589861751152074,0.08602150537634409,0.0030721966205837174,0.0,0.4138268949061887,0.33997930274831006,0.4381381127668171,0.4236041737239197,0.3865819858084707,0.287972339456559,3,bikol,high_resource
727,9.421052631578947,4.638733705772812,0.23649906890130354,0.3649906890130354,0.17690875232774675,0.0595903165735568,0.0,0.0,0.4389166055263022,0.3627656084523292,0.4594184961281978,0.37697203228786724,0.41790665099278457,0.2976398325846597,3,bikol,high_resource
728,11.074074074074074,4.677814938684504,0.22630992196209587,0.3690078037904125,0.21627647714604237,0.056856187290969896,0.0,0.0,0.4361117192130271,0.4187156662529736,0.4838500775455306,0.48987434149045583,0.4344666997069495,0.38350865124544764,3,bikol,high_resource
729,7.0,4.588571428571429,0.19047619047619047,0.3923809523809524,0.18476190476190477,0.06476190476190476,0.0,0.0,0.4532558943358345,0.37920003552352277,0.44700670786005053,0.42461400379736053,0.43249492037213455,0.33162738305944944,3,bikol,high_resource
730,11.6,4.578544061302682,0.19731800766283525,0.4099616858237548,0.20306513409961685,0.06130268199233716,0.0,0.0,0.45269985043876715,0.4498355607116037,0.47065077469875133,0.47342062089000436,0.43388809475579565,0.3984773009028631,3,bikol,high_resource
731,13.151515151515152,4.944700460829493,0.28110599078341014,0.4216589861751152,0.14055299539170507,0.12442396313364056,0.0,0.0,0.41052866056215964,0.32422867733403893,0.4744273461464713,0.39656608454853215,0.3932458383099228,0.29705588533061744,3,bikol,high_resource
732,8.75,4.78021978021978,0.22417582417582418,0.4,0.14945054945054945,0.0945054945054945,0.0,0.0,0.4242860492816755,0.4836766781583835,0.4482732221431617,0.4834642394251409,0.4054511317844128,0.40322913949858685,3,bikol,high_resource
733,5.160714285714286,4.404844290657439,0.14186851211072665,0.2422145328719723,0.14186851211072665,0.04152249134948097,0.0,0.0,0.3217256070883671,0.22695252570471555,0.3562363948239164,0.2696671553838524,0.31947643389912,0.2518986119772104,3,bikol,high_resource
734,9.777777777777779,4.363636363636363,0.17045454545454544,0.6363636363636364,0.07954545454545454,0.14772727272727273,0.0,0.0,0.3797394712527196,0.3636054054337038,0.3851175095070672,0.3241062216134859,0.3883515845413069,0.3068316265985256,1,hiligaynon,low_resource
735,10.470588235294118,4.730337078651686,0.2303370786516854,0.4943820224719101,0.14606741573033707,0.07865168539325842,0.0,0.0,0.39491238582887683,0.3381783731699008,0.36411489704100136,0.2979871765075333,0.398340164479074,0.362741513489811,1,hiligaynon,low_resource
736,6.103448275862069,4.632768361581921,0.14689265536723164,0.4293785310734463,0.1807909604519774,0.05649717514124294,0.0,0.0,0.30645882327762897,0.19452285648061693,0.27363414540740333,0.22844915162475882,0.28305917789161444,0.1739644095838339,1,hiligaynon,low_resource
737,7.1,4.253521126760563,0.23943661971830985,0.5774647887323944,0.16901408450704225,0.08450704225352113,0.0,0.0,0.3596098932977865,0.30879859810863813,0.3653959337210304,0.2995606024735981,0.36125643959809955,0.31067282038146093,1,hiligaynon,low_resource
738,8.5,4.006535947712418,0.0718954248366013,0.3006535947712418,0.05228758169934641,0.0784313725490196,0.0,0.0,0.3267778660044906,0.3159344753018325,0.33642232845477,0.3030232565852304,0.3128015927863562,0.3003688737562003,1,hiligaynon,low_resource
739,14.714285714285714,4.029126213592233,0.17475728155339806,0.49514563106796117,0.20388349514563106,0.04854368932038835,0.0,0.0,0.3555605733567377,0.2064553764753927,0.31634432953800945,0.20363510762721873,0.33353211317837583,0.24814340424750012,1,hiligaynon,low_resource
740,8.1875,4.687022900763359,0.1984732824427481,0.5954198473282443,0.06870229007633588,0.07633587786259542,0.0,0.0,0.36847038169411467,0.3470317505880102,0.3886384575840321,0.2950740093460291,0.3677490333677429,0.31935242827401994,1,hiligaynon,low_resource
741,5.857142857142857,4.512195121951219,0.12195121951219512,0.3902439024390244,0.0975609756097561,0.1951219512195122,0.0,0.0,0.3289822418247637,0.18112040484115124,0.29467113822962854,0.14674253131323284,0.3362996641926351,0.15870087531543317,1,hiligaynon,low_resource
742,5.5,5.2727272727272725,0.2727272727272727,0.7090909090909091,0.14545454545454545,0.01818181818181818,0.0,0.0,0.36057009637791676,0.2968952988168703,0.3864137962233062,0.2767243384596947,0.39494868246910086,0.29757526082989777,1,hiligaynon,low_resource
743,6.4,5.25,0.328125,0.515625,0.09375,0.015625,0.0,0.0,0.33529500133243684,0.24337603984705722,0.31321011946135485,0.2333639577807614,0.3366818536307762,0.2506543796563913,1,hiligaynon,low_resource
744,7.5625,4.5041322314049586,0.19834710743801653,0.5041322314049587,0.049586776859504134,0.10743801652892562,0.0,0.0,0.36257362254646236,0.34162021279342947,0.3506575974625106,0.32474640053259246,0.40692011255716337,0.35895749940726424,1,hiligaynon,low_resource
745,11.545454545454545,4.275590551181103,0.12598425196850394,0.4881889763779528,0.08661417322834646,0.03937007874015748,0.0,0.007874015748031496,0.37880318713781214,0.2849969587588821,0.3357717196877145,0.24765147306722032,0.3533603165731829,0.2761563160441521,1,hiligaynon,low_resource
746,15.3,4.019607843137255,0.10457516339869281,0.48366013071895425,0.22875816993464052,0.08496732026143791,0.006535947712418301,0.0,0.3823026076966313,0.27888306627495746,0.3686253844402991,0.2610266315670085,0.3649330843849766,0.26965738085891694,1,hiligaynon,low_resource
747,17.0,4.352941176470588,0.11764705882352941,0.8235294117647058,0.058823529411764705,0.11764705882352941,0.0,0.0,0.24919536161135747,0.13401922992002843,0.27791459495991266,0.13339024286125364,0.2767311877716687,0.16496899492693537,1,hiligaynon,low_resource
748,11.777777777777779,4.6415094339622645,0.16981132075471697,0.37735849056603776,0.16981132075471697,0.05660377358490566,0.0,0.0,0.31864468467080526,0.2044133942799246,0.26745738300331623,0.18778289156630854,0.2956281518801783,0.2202551831910634,1,hiligaynon,low_resource
749,12.333333333333334,4.513513513513513,0.05405405405405406,0.5675675675675675,0.10810810810810811,0.08108108108108109,0.0,0.0,0.24552534626460212,0.153582289516397,0.2641486113590482,0.13881458716021386,0.25185887391087497,0.1679226688817712,1,hiligaynon,low_resource
750,8.416666666666666,4.782178217821782,0.2871287128712871,0.46534653465346537,0.07920792079207921,0.0891089108910891,0.0,0.0,0.3434682165483171,0.2698357437543353,0.36350218436889464,0.2456113935416176,0.3678304874713578,0.2664617146984453,1,hiligaynon,low_resource
751,42.0,4.511904761904762,0.17261904761904762,0.40476190476190477,0.06547619047619048,0.041666666666666664,0.0,0.0,0.4149287646759388,0.3087048546635894,0.39948257035160717,0.20549637942556945,0.4416447529428748,0.3157635547920644,1,hiligaynon,low_resource
752,4.384615384615385,3.8947368421052633,0.03508771929824561,0.3157894736842105,0.03508771929824561,0.0,0.0,0.0,0.22722547319748024,0.14376066094717982,0.2220143883921493,0.17278641970123101,0.22789885045039454,0.18578720429827894,1,hiligaynon,low_resource
753,7.3,4.273972602739726,0.0821917808219178,0.4794520547945205,0.1780821917808219,0.0273972602739726,0.0,0.0,0.29660019702211216,0.1915412777883112,0.2743610679327768,0.18197379142135556,0.2613037507983234,0.154224956436388,1,hiligaynon,low_resource
754,10.88888888888889,4.346938775510204,0.12244897959183673,0.3979591836734694,0.04081632653061224,0.0,0.0,0.0,0.3498859756605973,0.24874187120070745,0.28085106220871947,0.17782761763265809,0.33250771644509663,0.27667726329391695,1,hiligaynon,low_resource
755,10.125,3.6296296296296298,0.07407407407407407,0.5555555555555556,0.25925925925925924,0.09876543209876543,0.0,0.0,0.3398179097972533,0.20033292202244973,0.368597576710366,0.18768752821147525,0.3308617844882158,0.1917690453661808,1,hiligaynon,low_resource
756,5.078431372549019,4.250965250965251,0.11196911196911197,0.3127413127413127,0.05791505791505792,0.03861003861003861,0.0694980694980695,0.0,0.30491498798576466,0.2647776639218881,0.31009881010328294,0.25242802154064614,0.3325047781682176,0.2635237090902203,1,hiligaynon,low_resource
757,38.0,4.192982456140351,0.14035087719298245,0.47368421052631576,0.10526315789473684,0.08771929824561403,0.0,0.0,0.41123589495698293,0.2629230744823074,0.383401512716372,0.24937819022610627,0.3882824555101424,0.29384440300906434,1,hiligaynon,low_resource
758,6.8,4.480392156862745,0.2647058823529412,0.5294117647058824,0.16666666666666666,0.0784313725490196,0.0,0.0,0.3412583415559645,0.20448960783740908,0.3473057986435877,0.22480078530331488,0.3332247797561489,0.24075544248144087,1,hiligaynon,low_resource
759,10.428571428571429,4.684931506849315,0.2191780821917808,0.3424657534246575,0.0273972602739726,0.0,0.0,0.0,0.3553496056706252,0.21370372865179688,0.3133959434855474,0.21458952026536865,0.329631971577803,0.2428706458328167,1,hiligaynon,low_resource
760,20.857142857142858,4.602739726027397,0.2054794520547945,0.4657534246575342,0.1506849315068493,0.0821917808219178,0.0,0.0,0.36348195405257033,0.245541669191338,0.3425462611392125,0.22176624934902803,0.36254893825941603,0.24185767634019276,1,hiligaynon,low_resource
761,6.571428571428571,4.2043478260869565,0.11739130434782609,0.41304347826086957,0.1391304347826087,0.0391304347826087,0.0,0.0,0.3659929138875954,0.21157131933189025,0.3491478342911756,0.18609508830068172,0.38480319625747583,0.2700964435298552,1,hiligaynon,low_resource
762,3.875,3.7419354838709675,0.0967741935483871,0.5806451612903226,0.25806451612903225,0.0,0.0,0.0,0.18258838095138386,0.12928136825617811,0.16100889646766162,0.1433284382074075,0.17712863386601543,0.12065017164313226,1,hiligaynon,low_resource
763,16.307692307692307,4.2075471698113205,0.1650943396226415,0.39622641509433965,0.1179245283018868,0.04245283018867924,0.0,0.0,0.3711485777039973,0.26434480659226306,0.3220845854320843,0.23216524562857507,0.34429309532607905,0.3199340117393749,1,hiligaynon,low_resource
764,9.651162790697674,4.048192771084337,0.12771084337349398,0.41927710843373495,0.15903614457831325,0.10120481927710843,0.0,0.0,0.42821879181464434,0.3713865373764694,0.39760708178921755,0.3101309152772438,0.406540750272864,0.37459964657585243,1,hiligaynon,low_resource
765,11.25,4.188888888888889,0.11666666666666667,0.48333333333333334,0.22777777777777777,0.09444444444444444,0.0,0.0,0.45776670170670347,0.291458186202167,0.39551583872634744,0.2920273789758891,0.41586696275069457,0.2724012463955166,1,hiligaynon,low_resource
766,27.333333333333332,3.6951219512195124,0.024390243902439025,0.3780487804878049,0.13414634146341464,0.17073170731707318,0.0,0.0,0.20083852327413454,0.13391208431625912,0.19575690497023324,0.15709869365833204,0.17987048881134204,0.07684519956121062,1,hiligaynon,low_resource
767,6.0,4.257575757575758,0.18181818181818182,0.5151515151515151,0.10606060606060606,0.07575757575757576,0.015151515151515152,0.0,0.3681892111146705,0.28665284377906725,0.3650002934396371,0.30754104936010096,0.38912505264993286,0.27625859323538354,1,hiligaynon,low_resource
768,6.4,4.34375,0.09375,0.484375,0.0625,0.0,0.0,0.0,0.2940481984333489,0.21510197041527543,0.25865945171498766,0.19724926675753413,0.26897418731737827,0.22847868025343326,1,hiligaynon,low_resource
769,6.2727272727272725,4.72463768115942,0.2028985507246377,0.5797101449275363,0.13043478260869565,0.11594202898550725,0.0,0.0,0.3594631403146597,0.2855838561637352,0.34149330616799467,0.2441075826712681,0.3380695633550462,0.24500499424309896,1,hiligaynon,low_resource
770,6.55,4.236641221374046,0.183206106870229,0.4732824427480916,0.183206106870229,0.05343511450381679,0.0,0.0,0.35618694307718274,0.3394684169774715,0.33309211987148224,0.24170260094850593,0.39349377759989396,0.3607296239466818,1,hiligaynon,low_resource
771,7.5,3.816666666666667,0.06666666666666667,0.31666666666666665,0.13333333333333333,0.2,0.0,0.0,0.2934130045191417,0.1860563531016132,0.2749604426051859,0.18161890182079463,0.2919385892274231,0.17562843896744332,1,hiligaynon,low_resource
772,105.0,4.438095238095238,0.2,0.5238095238095238,0.09523809523809523,0.12380952380952381,0.0,0.0,0.41156814811275283,0.35446760367293945,0.4099216363886278,0.3092580294556669,0.4143559896413351,0.31167939781768383,1,hiligaynon,low_resource
773,8.0,4.291666666666667,0.10416666666666667,0.4791666666666667,0.0,0.0625,0.0,0.0,0.32882146636147436,0.25211472823238207,0.3513866632852738,0.2895900198613635,0.3540182444485575,0.24855385683558776,1,hiligaynon,low_resource
774,4.3076923076923075,5.5,0.39285714285714285,0.5535714285714286,0.05357142857142857,0.05357142857142857,0.0,0.017857142857142856,0.27694263299128624,0.178697713588379,0.272096639115273,0.1888325229943125,0.24942190400646647,0.16305594855865907,1,hiligaynon,low_resource
775,20.5,4.595121951219512,0.2097560975609756,0.4195121951219512,0.11707317073170732,0.024390243902439025,0.0,0.0,0.392080848461439,0.2697776619775476,0.36700132319207324,0.2660669145079512,0.36715078501803566,0.3131560717011036,1,hiligaynon,low_resource
776,29.25,4.405982905982906,0.11965811965811966,0.3418803418803419,0.1581196581196581,0.14102564102564102,0.0,0.0,0.2879593221228692,0.22382014266675568,0.3021149991159251,0.20205053329414693,0.2866558463869168,0.1773289770421512,1,hiligaynon,low_resource
777,7.888888888888889,4.577464788732394,0.15492957746478872,0.4154929577464789,0.08450704225352113,0.028169014084507043,0.0,0.0,0.3551186170180104,0.24261345532427286,0.3361233644944914,0.23392884664805244,0.338448537566102,0.284055245913211,1,hiligaynon,low_resource
778,11.333333333333334,4.779411764705882,0.20588235294117646,0.4485294117647059,0.16176470588235295,0.058823529411764705,0.0,0.0,0.3517760015098597,0.23101236988773305,0.34111138457415674,0.1968864242121454,0.39337459723665175,0.2661333566710264,1,hiligaynon,low_resource
779,14.8,4.662162162162162,0.16891891891891891,0.39864864864864863,0.08108108108108109,0.0945945945945946,0.0,0.0,0.33870426496535294,0.2428270271632553,0.30540381526307714,0.20481127069786642,0.3375202507211998,0.22810560763467252,1,hiligaynon,low_resource
780,6.208333333333333,4.382550335570469,0.14093959731543623,0.22818791946308725,0.12751677852348994,0.026845637583892617,0.0,0.0,0.30409588000846666,0.25264996257830036,0.2858647538727023,0.21072989610877,0.3267156600711338,0.2670005632790534,1,hiligaynon,low_resource
781,5.666666666666667,4.2521008403361344,0.14285714285714285,0.3865546218487395,0.058823529411764705,0.07563025210084033,0.0,0.0,0.32557298017162195,0.2530792268192125,0.30286505947038633,0.18919844598656932,0.32291368222198125,0.25346419484197413,1,hiligaynon,low_resource
782,6.0625,4.185567010309279,0.14432989690721648,0.5773195876288659,0.15463917525773196,0.08247422680412371,0.0,0.0,0.36229353160551153,0.30404846698134574,0.36991475353634967,0.25041620339121706,0.368791519043659,0.2741276806011323,1,hiligaynon,low_resource
783,7.333333333333333,4.299242424242424,0.17803030303030304,0.2537878787878788,0.23106060606060605,0.03787878787878788,0.0,0.0,0.3951932259680771,0.29217878530288266,0.34318872002360035,0.24749245302766512,0.365556739607558,0.30181991529202945,1,hiligaynon,low_resource
784,4.222222222222222,5.026315789473684,0.2631578947368421,0.42105263157894735,0.21052631578947367,0.13157894736842105,0.0,0.05263157894736842,0.2858648700427662,0.16745689812274173,0.26985478216933356,0.1621918994307206,0.24547135067105275,0.12332725961543556,1,hiligaynon,low_resource
785,4.4,4.659090909090909,0.26136363636363635,0.48863636363636365,0.22727272727272727,0.06818181818181818,0.0,0.0,0.23436799909073852,0.17448364621053566,0.239294618569466,0.2040442169459961,0.22298715648985698,0.1767219218409334,1,hiligaynon,low_resource
786,8.666666666666666,4.634615384615385,0.2403846153846154,0.5576923076923077,0.0673076923076923,0.07692307692307693,0.0,0.0,0.41115126430074916,0.38390330337323963,0.37640016511567587,0.2768964068565382,0.4446968053671863,0.39682805203693905,1,hiligaynon,low_resource
787,5.541666666666667,4.2556390977443606,0.17293233082706766,0.5263157894736842,0.14285714285714285,0.09774436090225563,0.0,0.0,0.4148529568186728,0.318299691464569,0.3801250396199304,0.2774370156918329,0.4113686176773747,0.3113765676609499,1,hiligaynon,low_resource
788,7.75,3.89247311827957,0.16129032258064516,0.23655913978494625,0.17204301075268819,0.1935483870967742,0.0,0.0,0.239613950246671,0.09799266019270093,0.22820907683441793,0.12782494327369096,0.23088870462708086,0.11491182894977205,1,hiligaynon,low_resource
789,8.555555555555555,4.7272727272727275,0.2727272727272727,0.4935064935064935,0.14285714285714285,0.07792207792207792,0.0,0.0,0.3726483792662862,0.24474501056776907,0.36753149703335497,0.23248313330049747,0.36719140179975573,0.2400430975060623,1,hiligaynon,low_resource
790,3.6,3.566666666666667,0.1111111111111111,0.4,0.13333333333333333,0.05555555555555555,0.0,0.0,0.39136283839523917,0.3118687176866581,0.32641890189838785,0.27935507595526554,0.37569562512978627,0.30875697776811634,1,hiligaynon,low_resource
791,11.736842105263158,4.367713004484305,0.19282511210762332,0.4260089686098655,0.17040358744394618,0.07174887892376682,0.0,0.0,0.3653505904274002,0.3045829235152977,0.38304926839475156,0.3117276931747682,0.3545553945946629,0.27509178783558896,1,hiligaynon,low_resource
792,11.636363636363637,4.359375,0.171875,0.5,0.1875,0.1015625,0.0,0.0,0.44737714561767145,0.3569941720827658,0.3971647924834578,0.2905497794889467,0.39075442896269696,0.3087330620085619,1,hiligaynon,low_resource
793,12.9,4.465116279069767,0.18992248062015504,0.29069767441860467,0.050387596899224806,0.12403100775193798,0.0,0.0,0.418039874426044,0.368900697338606,0.39835793207684084,0.3290032018137769,0.4292929422873652,0.40951079957491976,1,hiligaynon,low_resource
794,8.227272727272727,4.45303867403315,0.26519337016574585,0.2541436464088398,0.11049723756906077,0.049723756906077346,0.0,0.0,0.35010021955264436,0.32580424987423207,0.3114375814161585,0.22681507240031826,0.3782598607591298,0.31590513029330286,2,hiligaynon,low_resource
795,11.5,4.721014492753623,0.2644927536231884,0.4782608695652174,0.11594202898550725,0.08695652173913043,0.0,0.0,0.4166490710572721,0.38599969758762476,0.4215008390786686,0.38403451426386187,0.4369351780184348,0.41086746287295045,2,hiligaynon,low_resource
796,14.633333333333333,4.5580865603644645,0.20501138952164008,0.3530751708428246,0.06605922551252848,0.05466970387243736,0.0,0.0,0.45341535251231313,0.415393366945183,0.3980675722627621,0.3731077898199753,0.41181846274541223,0.4492638740608266,2,hiligaynon,low_resource
797,6.6875,4.69392523364486,0.1939252336448598,0.3621495327102804,0.09813084112149532,0.06074766355140187,0.011682242990654205,0.0,0.44003670946657114,0.4072511793880834,0.3779240474834515,0.31057478060702637,0.3958326757283777,0.424758946491778,2,hiligaynon,low_resource
798,7.793103448275862,4.336283185840708,0.1504424778761062,0.5088495575221239,0.1504424778761062,0.08849557522123894,0.0,0.0,0.42576596036723224,0.38823362190824695,0.37860871942468943,0.31834062660700513,0.39192385843390376,0.38181775421655434,2,hiligaynon,low_resource
799,9.04,4.486725663716814,0.16371681415929204,0.5486725663716814,0.11504424778761062,0.09734513274336283,0.004424778761061947,0.0,0.43844274215734974,0.33293560680378237,0.41499200357895116,0.24747054755483652,0.42503326418854187,0.33097444439378004,2,hiligaynon,low_resource
800,7.862068965517241,4.25,0.16228070175438597,0.39035087719298245,0.10526315789473684,0.07894736842105263,0.0043859649122807015,0.0,0.42940429993059276,0.3920977208558373,0.42271686076727505,0.36412933054613217,0.4316352640259433,0.40401609919163284,2,hiligaynon,low_resource
801,6.2,4.318996415770609,0.17921146953405018,0.44086021505376344,0.1003584229390681,0.1039426523297491,0.014336917562724014,0.0,0.40154423396016264,0.3112535628483697,0.3693142444418097,0.2487482416008189,0.4166338789291856,0.30606838744405546,2,hiligaynon,low_resource
802,4.785714285714286,5.3283582089552235,0.3283582089552239,0.48258706467661694,0.09950248756218906,0.05970149253731343,0.0,0.0,0.39648361913509605,0.27671070491051436,0.4237040288018323,0.2893196526257656,0.4018482546138141,0.2957553493945022,2,hiligaynon,low_resource
803,9.882352941176471,4.6726190476190474,0.21428571428571427,0.5476190476190477,0.125,0.10119047619047619,0.0,0.0,0.42418199882251195,0.4274679105625077,0.4060799672574069,0.3064929776906087,0.4363044226178,0.3811566111343993,2,hiligaynon,low_resource
804,10.277777777777779,4.8,0.22162162162162163,0.4810810810810811,0.10270270270270271,0.13513513513513514,0.0,0.0,0.3882891126958591,0.31587679921742196,0.39077226757524186,0.3119290651651444,0.4040475712724642,0.3553799802290038,2,hiligaynon,low_resource
805,6.0,4.319444444444445,0.1527777777777778,0.4444444444444444,0.041666666666666664,0.013888888888888888,0.0,0.0,0.2598419494646494,0.23723831496040212,0.26665610846589327,0.2520117434913255,0.26061719052252,0.24066674348977912,2,hiligaynon,low_resource
806,4.756756756756757,4.159090909090909,0.125,0.4147727272727273,0.09090909090909091,0.06818181818181818,0.0,0.0,0.3821563806882788,0.25268615083681906,0.3502475636573236,0.2359141954242256,0.3451821985134909,0.28602267393755054,2,hiligaynon,low_resource
807,4.628571428571429,4.191358024691358,0.16666666666666666,0.5,0.20987654320987653,0.06172839506172839,0.006172839506172839,0.006172839506172839,0.34167664809427023,0.25390781345840346,0.29516630623836615,0.2614584087622303,0.317459415662152,0.22987979910314507,2,hiligaynon,low_resource
808,9.933333333333334,4.62751677852349,0.21140939597315436,0.35906040268456374,0.12751677852348994,0.1476510067114094,0.0,0.0,0.3916968300568881,0.32526503661780837,0.3730438873611711,0.2894172034824437,0.41007320221257504,0.3411968744549105,2,hiligaynon,low_resource
809,6.384615384615385,4.427710843373494,0.21686746987951808,0.4879518072289157,0.22289156626506024,0.03614457831325301,0.0,0.0,0.40567461138269806,0.2642165494418355,0.3854186074462788,0.2820574188737471,0.43240705987822275,0.3086192268662127,2,hiligaynon,low_resource
810,12.434782608695652,4.185314685314685,0.15034965034965034,0.4230769230769231,0.1258741258741259,0.08041958041958042,0.0,0.0,0.38237749145689093,0.3456757536361023,0.39251833057438806,0.3166017806584955,0.39897326427751245,0.3560009874629227,2,hiligaynon,low_resource
811,9.0,4.888888888888889,0.2222222222222222,0.8888888888888888,0.1111111111111111,0.0,0.0,0.0,0.2011340674518867,0.10736162648656562,0.19766539997274077,0.13122221758477717,0.20682108679596461,0.14036424096156316,2,hiligaynon,low_resource
812,8.266666666666667,4.274193548387097,0.14516129032258066,0.5645161290322581,0.12096774193548387,0.07258064516129033,0.0,0.0,0.41867275830505524,0.3714261041573724,0.399488420856649,0.32161575091615474,0.4197524721802492,0.3842262736336592,2,hiligaynon,low_resource
813,5.444444444444445,4.326530612244898,0.14285714285714285,0.4642857142857143,0.09693877551020408,0.10714285714285714,0.0,0.0,0.39149879568331464,0.3459902728596273,0.3894604866519163,0.2973847672419609,0.41852717134348094,0.38294847793183256,2,hiligaynon,low_resource
814,9.826086956521738,4.6415929203539825,0.2743362831858407,0.5088495575221239,0.09734513274336283,0.084070796460177,0.0,0.0,0.411247857901522,0.3942255413593371,0.39436620429628044,0.38841186562245905,0.3947600510973564,0.43247387226367207,2,hiligaynon,low_resource
815,14.525,4.061962134251291,0.10327022375215146,0.4268502581755594,0.12048192771084337,0.12908777969018934,0.013769363166953529,0.0,0.4561049492207494,0.42449472285183926,0.44008113997828213,0.39252031310116514,0.432217295186657,0.42637433868819496,3,hiligaynon,low_resource
816,12.166666666666666,4.239726027397261,0.136986301369863,0.4383561643835616,0.0684931506849315,0.136986301369863,0.0,0.0,0.3707541530483196,0.30779132503201856,0.3598819219086804,0.24066131321753656,0.39082513087159776,0.3144981115552243,3,hiligaynon,low_resource
817,23.53488372093023,4.188735177865612,0.10869565217391304,0.18280632411067194,0.08992094861660078,0.12351778656126482,0.0,0.0,0.4190640492342663,0.3643157876632706,0.38429554498321256,0.35262929767191703,0.40089726447839186,0.34983861176395775,3,hiligaynon,low_resource
818,12.755555555555556,4.648083623693379,0.21602787456445993,0.3780487804878049,0.08885017421602788,0.04529616724738676,0.0,0.0,0.44076950537256004,0.4376102794446812,0.42684406341595993,0.40642767481879083,0.4401655202583547,0.47882112661912707,3,hiligaynon,low_resource
819,8.87012987012987,4.499267935578331,0.17862371888726208,0.34260614934114203,0.14641288433382138,0.06881405563689605,0.0,0.0,0.44998427436951427,0.4048066636305269,0.4440461370256354,0.3457067099574873,0.443320089476099,0.4180454418660769,3,hiligaynon,low_resource
820,12.882352941176471,4.226027397260274,0.13470319634703196,0.3607305936073059,0.10730593607305935,0.1187214611872146,0.0091324200913242,0.00228310502283105,0.350152823154506,0.33572131979395897,0.3677128090708238,0.303753991789063,0.36630017708399687,0.29391709309077935,3,hiligaynon,low_resource
821,14.314285714285715,4.532934131736527,0.23952095808383234,0.39520958083832336,0.17564870259481039,0.09381237524950099,0.0,0.0,0.427851054818316,0.44122074416012314,0.39521516837968823,0.3755519611035841,0.4315169932214464,0.44286899188298945,3,hiligaynon,low_resource
822,11.551724137931034,4.522388059701493,0.2,0.4597014925373134,0.11940298507462686,0.07761194029850746,0.0,0.0,0.4412708812943148,0.3671801656819769,0.4246624151991014,0.30976085913675966,0.43991725764951606,0.3889361359823574,3,hiligaynon,low_resource
823,14.724137931034482,4.576112412177986,0.18969555035128804,0.3981264637002342,0.12412177985948478,0.11241217798594848,0.00468384074941452,0.0,0.4442432499592587,0.32853279574283195,0.43906494818371233,0.31442861313837306,0.4526941987879416,0.35721078153679325,3,hiligaynon,low_resource
824,10.529411764705882,4.276536312849162,0.19273743016759776,0.3715083798882682,0.13966480446927373,0.1452513966480447,0.0,0.0,0.40969354981964806,0.35664220304106536,0.4210557736514809,0.3519415994606583,0.4283891158797317,0.372537846609142,3,hiligaynon,low_resource
825,14.689655172413794,4.401408450704225,0.1619718309859155,0.37089201877934275,0.09859154929577464,0.10328638497652583,0.002347417840375587,0.0,0.4173879793752789,0.387791642605251,0.3974607292397006,0.2970559784603028,0.4446351062298833,0.4159094786479214,3,hiligaynon,low_resource
826,11.87037037037037,4.429017160686428,0.16536661466458658,0.3291731669266771,0.0967238689547582,0.08268330733229329,0.0,0.0,0.43367350367784596,0.36801685064708506,0.38957442079650334,0.3365671729589479,0.402645896808233,0.3796377937379927,3,hiligaynon,low_resource
827,8.941176470588236,4.782894736842105,0.24780701754385964,0.34649122807017546,0.08552631578947369,0.05263157894736842,0.0043859649122807015,0.0,0.4156761289185616,0.38750902892284045,0.3733481258363721,0.3379990041340462,0.3824230655189332,0.38630997283228713,3,hiligaynon,low_resource
828,12.647058823529411,4.897674418604651,0.2558139534883721,0.3953488372093023,0.1325581395348837,0.046511627906976744,0.0,0.0,0.4377047504359178,0.43763498081383245,0.4295590560790861,0.37169153293563456,0.44716183470595094,0.4837539679795029,3,hiligaynon,low_resource
829,13.19047619047619,4.689530685920578,0.23465703971119134,0.5270758122743683,0.1299638989169675,0.07220216606498195,0.0,0.0,0.4291012348071751,0.42900401238535973,0.43059600867111364,0.35465207347969924,0.44379792796750467,0.43156365605722247,3,hiligaynon,low_resource
830,20.0,4.194117647058824,0.1661764705882353,0.3514705882352941,0.12794117647058822,0.09411764705882353,0.016176470588235296,0.0,0.43511312801982394,0.46049848465852056,0.420072137372958,0.390190012396985,0.4518581789044252,0.47016654940707703,3,hiligaynon,low_resource
831,8.887323943661972,4.001584786053883,0.10142630744849446,0.3090332805071315,0.19968304278922344,0.0919175911251981,0.0,0.0,0.3848350514951735,0.3406611900855866,0.37996931632774,0.33095905819131716,0.3984364673384486,0.35757073258522265,3,hiligaynon,low_resource
832,10.35897435897436,4.409653465346534,0.15841584158415842,0.41336633663366334,0.1150990099009901,0.06311881188118812,0.006188118811881188,0.0012376237623762376,0.43919112360687057,0.40912893884870166,0.4403877968493518,0.35262897905905544,0.46106504769422746,0.4211785540522563,3,hiligaynon,low_resource
833,12.909090909090908,4.835680751173709,0.25821596244131456,0.3967136150234742,0.11971830985915492,0.0892018779342723,0.0,0.0,0.4261201965167416,0.40591203765003164,0.43381767854216524,0.32946176309136216,0.45249502509259815,0.39379007949698946,3,hiligaynon,low_resource
834,12.44186046511628,4.762616822429907,0.24299065420560748,0.3850467289719626,0.11775700934579439,0.05046728971962617,0.001869158878504673,0.0,0.44077898747715194,0.44285364871404687,0.42690766079771814,0.37003265952057096,0.436099240636286,0.4291219947478468,3,hiligaynon,low_resource
835,8.98,4.3006681514476615,0.1603563474387528,0.35634743875278396,0.11581291759465479,0.08240534521158129,0.0,0.0,0.45651842082907745,0.4230282484760377,0.4315136354446954,0.3827485981762866,0.4410034429263585,0.4219154834433184,3,hiligaynon,low_resource
836,13.378787878787879,4.276330690826727,0.1551528878822197,0.31257078142695355,0.13137032842582105,0.057757644394110984,0.0,0.0,0.463665532314703,0.48396569203716416,0.4397284683269444,0.41871128326706675,0.4833560625536286,0.5280717777060076,3,hiligaynon,low_resource
837,10.045454545454545,4.570135746606335,0.2171945701357466,0.497737556561086,0.11312217194570136,0.1085972850678733,0.004524886877828055,0.0,0.40643049120294583,0.37461544441479183,0.3942244112179182,0.31291332043802195,0.39671162185792025,0.3970522436756558,3,hiligaynon,low_resource
838,12.887640449438202,4.251961639058413,0.17349607672188316,0.22755013077593722,0.12728857890148212,0.07672188317349608,0.0017436791630340018,0.0,0.41852049178334255,0.36001512367575844,0.41086873099057836,0.3363121617660098,0.44785893344731253,0.3746851267085153,3,hiligaynon,low_resource
839,11.61111111111111,4.435406698564593,0.18181818181818182,0.5358851674641149,0.10526315789473684,0.07177033492822966,0.0,0.0,0.41824272734159323,0.39043941856291164,0.41685099477119514,0.3479389782959835,0.4392118670939274,0.42231880247052733,3,hiligaynon,low_resource
840,14.325581395348838,4.402597402597403,0.2012987012987013,0.3717532467532468,0.1525974025974026,0.048701298701298704,0.0,0.0,0.42471704009913236,0.43728710411467014,0.43883178003096235,0.3905174415999781,0.4547348131431123,0.4666531956932481,3,hiligaynon,low_resource
841,9.708333333333334,4.3111587982832615,0.1351931330472103,0.31759656652360513,0.10300429184549356,0.09012875536480687,0.0,0.0,0.44085612126523194,0.39541432183781977,0.422284121030058,0.31669832040670537,0.4189648059753227,0.42685675366063885,3,hiligaynon,low_resource
842,13.03448275862069,4.714285714285714,0.24074074074074073,0.46296296296296297,0.12433862433862433,0.07142857142857142,0.0,0.0,0.4424440553465569,0.4166334578359173,0.4153421390080504,0.375046630137406,0.4430242064571686,0.4370169794317033,3,hiligaynon,low_resource
843,11.581395348837209,4.102409638554217,0.12048192771084337,0.4036144578313253,0.1285140562248996,0.10240963855421686,0.0,0.004016064257028112,0.4492953621180021,0.4442105378606529,0.4336818691195653,0.4022393032526456,0.447412292779637,0.45121350726267506,3,hiligaynon,low_resource
844,9.7,4.711340206185567,0.25773195876288657,0.6288659793814433,0.16494845360824742,0.041237113402061855,0.0,0.0,0.38393093359876374,0.30052480041030916,0.39777042682291186,0.240041427757104,0.39338408532911423,0.32003625797257607,3,hiligaynon,low_resource
845,9.814814814814815,4.543396226415094,0.22641509433962265,0.36981132075471695,0.2,0.09056603773584905,0.0,0.0,0.406950292700424,0.32400903955941984,0.404153923093451,0.32773434234171045,0.4074182804693821,0.30227953722574047,3,hiligaynon,low_resource
846,9.03448275862069,4.333969465648855,0.1736641221374046,0.37213740458015265,0.12595419847328243,0.08206106870229007,0.0057251908396946565,0.0,0.40617478730519835,0.34309968857306694,0.42374238226348115,0.3162720350217208,0.4110423407869434,0.3692815628477925,3,hiligaynon,low_resource
847,12.175438596491228,4.54178674351585,0.1844380403458213,0.34438040345821325,0.1585014409221902,0.06051873198847262,0.0,0.0,0.4456570123299586,0.38072187396386453,0.40772389544224086,0.3116834081323021,0.46914785374829326,0.43452560916490757,3,hiligaynon,low_resource
848,11.088888888888889,4.5551102204408815,0.20040080160320642,0.37675350701402804,0.13026052104208416,0.09018036072144289,0.006012024048096192,0.0,0.4168109288656332,0.38454201891666057,0.4120652939653857,0.3528434764773238,0.4375891789533991,0.42023192401938114,3,hiligaynon,low_resource
849,9.418604651162791,4.7407407407407405,0.24691358024691357,0.43950617283950616,0.11358024691358025,0.0691358024691358,0.0,0.0,0.4667032439294072,0.49872461656498834,0.4479671595645214,0.4206710222674472,0.46007715861415943,0.4714108023982856,3,hiligaynon,low_resource
850,13.526315789473685,3.9105058365758754,0.11673151750972763,0.31906614785992216,0.19066147859922178,0.14396887159533073,0.0,0.0,0.3943383610752355,0.3810875414654345,0.3860072531607316,0.3462221955489473,0.4182999668249242,0.37203221720507823,3,hiligaynon,low_resource
851,17.982456140350877,4.52780487804878,0.21853658536585366,0.2839024390243902,0.17170731707317075,0.06439024390243903,0.000975609756097561,0.0,0.39892268146053916,0.39657955229485453,0.4051501835056516,0.3356581508618897,0.3977933949572266,0.3337854900931726,3,hiligaynon,low_resource
852,9.591836734693878,4.527659574468085,0.1851063829787234,0.4425531914893617,0.13404255319148936,0.10425531914893617,0.0,0.0,0.4090823719658716,0.37194579194058885,0.40579300979706995,0.34274349514082414,0.42043428681587336,0.35429350496802675,3,hiligaynon,low_resource
853,10.508474576271187,4.790322580645161,0.2403225806451613,0.35,0.15645161290322582,0.05161290322580645,0.0,0.0,0.46067825703845405,0.4803718257891935,0.4448117161629534,0.38060981906047137,0.4818075383898228,0.5234237467150611,3,hiligaynon,low_resource
854,10.407407407407407,4.110320284697509,0.12099644128113879,0.40569395017793597,0.1423487544483986,0.09252669039145907,0.0,0.0,0.4090607689507837,0.3307611308610674,0.35733554169342224,0.30070087886468855,0.368802474964819,0.3379428742475694,3,hiligaynon,low_resource
855,13.909090909090908,4.130718954248366,0.12908496732026145,0.32679738562091504,0.13725490196078433,0.1323529411764706,0.0,0.0,0.4176511095223059,0.4033644844471548,0.4133793025521012,0.3533880500288075,0.4306295413072,0.42214308647854887,3,hiligaynon,low_resource
856,13.545454545454545,4.580536912751678,0.1912751677852349,0.348993288590604,0.15436241610738255,0.09228187919463088,0.0,0.0,0.44327758631484987,0.47250413492822096,0.43609693092936547,0.3980012060955228,0.4505537026576527,0.4710454885401242,3,hiligaynon,low_resource
857,10.775510204081632,4.74905303030303,0.22632575757575757,0.3390151515151515,0.13636363636363635,0.07954545454545454,0.0,0.0,0.4524050322164255,0.45193993147870387,0.4473867855853194,0.41734420059256194,0.4607170607722466,0.4598202431773162,3,hiligaynon,low_resource
858,7.611111111111111,4.255474452554744,0.12408759124087591,0.5328467153284672,0.12408759124087591,0.06569343065693431,0.0,0.0,0.3738959246175463,0.3133054647994467,0.37524508752294833,0.28879770807655614,0.39141331535430074,0.3359466616719169,3,hiligaynon,low_resource
859,13.203703703703704,4.664796633941094,0.21037868162692847,0.36044880785413747,0.12482468443197756,0.06591865357643759,0.0,0.0,0.4377913692866662,0.4355065735589026,0.4264822393334853,0.40400999579758023,0.44629987672593185,0.4343886062207019,3,hiligaynon,low_resource
860,11.647058823529411,4.5606060606060606,0.24242424242424243,0.6212121212121212,0.23232323232323232,0.04040404040404041,0.0,0.0,0.3778795155476251,0.3405971104483353,0.41203960506293746,0.3210617542663578,0.3788720329584647,0.32283622026134795,1,minasbate,low_resource
861,16.928571428571427,4.113924050632911,0.14345991561181434,0.34177215189873417,0.15611814345991562,0.12658227848101267,0.0,0.0,0.37562638593721615,0.3056249884456838,0.3795187167874294,0.2870721839691966,0.3493466444942282,0.25531494546696987,1,minasbate,low_resource
862,10.75,4.465116279069767,0.24806201550387597,0.4883720930232558,0.18992248062015504,0.12403100775193798,0.0,0.0,0.39308812429116274,0.277869253937104,0.4284570417769814,0.284470088185105,0.3904773020243019,0.2335097168371934,1,minasbate,low_resource
863,6.325,4.08300395256917,0.16600790513833993,0.41106719367588934,0.13438735177865613,0.1422924901185771,0.0,0.0,0.4220744798982901,0.3583669566658372,0.42349295078453986,0.308247992385647,0.37677563942311626,0.29566073974832924,1,minasbate,low_resource
864,7.157894736842105,4.1911764705882355,0.16911764705882354,0.3161764705882353,0.11029411764705882,0.0661764705882353,0.0,0.0,0.33488484828596277,0.2509886720820995,0.34686622299305886,0.2434449352132063,0.30162484567038356,0.22901723749285885,1,minasbate,low_resource
865,7.666666666666667,4.2898550724637685,0.17391304347826086,0.5362318840579711,0.14492753623188406,0.10144927536231885,0.0,0.0,0.28678500822466974,0.16002767358875725,0.2797050153907936,0.11627466376445353,0.2723884668421885,0.18437166072532912,1,minasbate,low_resource
866,8.1,4.080246913580247,0.24691358024691357,0.2777777777777778,0.2345679012345679,0.08024691358024691,0.0,0.0,0.3616884596187152,0.3624836173983365,0.35725690204331273,0.25159597042526566,0.3621134157547193,0.30727601611242356,1,minasbate,low_resource
867,4.142857142857143,3.1379310344827585,0.034482758620689655,0.27586206896551724,0.20689655172413793,0.0,0.0,0.0,0.09293329667027313,0.015155618411845375,0.1000087177152129,0.009217474454472126,0.07984145171541576,0.011915733610710728,1,minasbate,low_resource
868,8.666666666666666,4.32051282051282,0.19230769230769232,0.5384615384615384,0.11538461538461539,0.0641025641025641,0.01282051282051282,0.0,0.3291039776241149,0.18739957650045555,0.352582924361269,0.22408468785409183,0.33650849487182743,0.20818607970624112,1,minasbate,low_resource
869,7.5,4.743589743589744,0.2512820512820513,0.4256410256410256,0.16923076923076924,0.11282051282051282,0.0,0.0,0.34852238184111145,0.21925677393797594,0.36827683015977314,0.21083202886553548,0.31794821147358476,0.1707921754835255,1,minasbate,low_resource
870,6.595744680851064,4.480645161290322,0.19032258064516128,0.3741935483870968,0.15806451612903225,0.11935483870967742,0.0,0.0,0.395159634520924,0.2900801368665999,0.42322522995528006,0.3145804346250101,0.39236366044544607,0.2845374464377645,1,minasbate,low_resource
871,18.041666666666668,4.427251732101617,0.19630484988452657,0.40415704387990764,0.16859122401847576,0.15704387990762125,0.004618937644341801,0.0,0.377964083133226,0.28435312484444475,0.419337694163704,0.24278467306167012,0.3765823304254519,0.21735685523653628,1,minasbate,low_resource
872,12.176470588235293,4.142512077294686,0.15217391304347827,0.3357487922705314,0.16183574879227053,0.11594202898550725,0.0,0.0,0.39165170839047747,0.31280006795606685,0.4313000852013408,0.28740376559863373,0.3733653977284915,0.2745889452412434,1,minasbate,low_resource
873,12.571428571428571,3.9545454545454546,0.11363636363636363,0.3977272727272727,0.2840909090909091,0.07954545454545454,0.0,0.0,0.33094172555713264,0.20862587751492212,0.3113835295350444,0.13965892074670042,0.3380838538038032,0.1979169502374448,1,minasbate,low_resource
874,8.60344827586207,4.4969939879759515,0.23647294589178355,0.3727454909819639,0.156312625250501,0.1062124248496994,0.0,0.0,0.3889941776150235,0.3072754894667975,0.4498866625083927,0.2878596728769426,0.3800506319422563,0.27304459041436474,1,minasbate,low_resource
875,12.76923076923077,3.933734939759036,0.13253012048192772,0.5060240963855421,0.2289156626506024,0.1686746987951807,0.006024096385542169,0.0,0.38187702592802786,0.1993919509946088,0.36349440813267825,0.24290091402182,0.33876384445883106,0.20255800714769595,1,minasbate,low_resource
876,8.642857142857142,4.264462809917355,0.1487603305785124,0.5206611570247934,0.2066115702479339,0.09917355371900827,0.0,0.0,0.324366042545359,0.19908492604796124,0.3213052798880145,0.182664938605559,0.32183866504092273,0.17974616708813498,1,minasbate,low_resource
877,4.571428571428571,4.361607142857143,0.16071428571428573,0.5446428571428571,0.16964285714285715,0.12946428571428573,0.03571428571428571,0.0,0.3914894384380625,0.2997162370274744,0.4131289275430168,0.29132387079065447,0.36529003845054586,0.2579678923921228,1,minasbate,low_resource
878,13.038461538461538,4.327433628318584,0.17404129793510326,0.40412979351032446,0.1415929203539823,0.16224188790560473,0.0058997050147492625,0.0,0.4022582891741978,0.2140104180269813,0.4085590026668195,0.19632476518471206,0.410478475166495,0.227248380439713,1,minasbate,low_resource
879,11.583333333333334,3.8992805755395685,0.10071942446043165,0.3669064748201439,0.1366906474820144,0.30935251798561153,0.014388489208633094,0.0,0.29237263485306886,0.18562163315297636,0.27721330450444154,0.20216443762988084,0.2905480154120625,0.18570321637490686,1,minasbate,low_resource
880,6.03125,4.316062176165803,0.18652849740932642,0.46113989637305697,0.13989637305699482,0.15025906735751296,0.0,0.0,0.38313129395226614,0.2958297437046875,0.39417294219602184,0.2470733977118978,0.3374008372552752,0.22262921636129313,1,minasbate,low_resource
881,5.0,5.085714285714285,0.17142857142857143,0.42857142857142855,0.08571428571428572,0.08571428571428572,0.0,0.0,0.30943830732741795,0.1575983138467363,0.31794438757646554,0.1503676310716179,0.3351156588307659,0.16047364572890718,1,minasbate,low_resource
882,9.272727272727273,3.8137254901960786,0.0784313725490196,0.45098039215686275,0.17647058823529413,0.12745098039215685,0.0,0.0,0.3397468768196857,0.20867842317829646,0.3702098089110643,0.19092941230524887,0.341745819947003,0.23880045876325418,1,minasbate,low_resource
883,7.0,4.103896103896104,0.12987012987012986,0.44155844155844154,0.2077922077922078,0.09740259740259741,0.0,0.0,0.360546434337112,0.17923071530030193,0.37037872377602277,0.15434715914683966,0.347727936929249,0.18240040021779108,1,minasbate,low_resource
884,8.444444444444445,4.8355263157894735,0.2631578947368421,0.5197368421052632,0.125,0.19736842105263158,0.013157894736842105,0.0,0.37488551331438486,0.24489089448623266,0.40094918702004273,0.24173025108256804,0.3796638538650245,0.2062950805797588,1,minasbate,low_resource
885,9.866666666666667,4.254504504504505,0.16441441441441443,0.36711711711711714,0.18468468468468469,0.11711711711711711,0.0,0.0,0.38885436477900887,0.2551837283988555,0.4290507624609457,0.24930863041622844,0.3925594373152233,0.23062844483611253,1,minasbate,low_resource
886,8.1,4.8765432098765435,0.30864197530864196,0.41975308641975306,0.09876543209876543,0.09876543209876543,0.0,0.0,0.33444446840184267,0.20844267199434974,0.35249773100367066,0.20390962706615245,0.34305110246869863,0.2113003635437596,1,minasbate,low_resource
887,11.785714285714286,4.054545454545455,0.10909090909090909,0.4,0.16363636363636364,0.10303030303030303,0.006060606060606061,0.0,0.35187494213654824,0.24435415473800556,0.39205276335610034,0.20249261285166031,0.36972575355260195,0.19389252746223085,1,minasbate,low_resource
888,6.333333333333333,4.231578947368421,0.11578947368421053,0.2736842105263158,0.22105263157894736,0.23157894736842105,0.0,0.0,0.20565794480808047,0.052896286177855655,0.23783581026071715,0.048075100480467,0.2416962942925906,0.034084294799626075,1,minasbate,low_resource
889,10.363636363636363,4.0701754385964914,0.14912280701754385,0.5,0.2631578947368421,0.17543859649122806,0.0,0.0,0.3694873373763388,0.2594225938212096,0.36779778905676463,0.24602450395700814,0.3299273673705202,0.2357542808429109,1,minasbate,low_resource
890,13.31578947368421,4.509881422924901,0.2015810276679842,0.4268774703557312,0.1976284584980237,0.09486166007905138,0.0,0.0,0.37498307491366784,0.27652783221473815,0.42020631696902144,0.2888691694003768,0.3746554781482045,0.20636376202734982,1,minasbate,low_resource
891,7.2727272727272725,4.1625,0.15,0.475,0.1875,0.15,0.0,0.0,0.3453129021533766,0.15637321372395555,0.3694873459983089,0.13911124039510725,0.34564221234431775,0.13086337923064176,1,minasbate,low_resource
892,7.233333333333333,4.170506912442396,0.17050691244239632,0.41013824884792627,0.2626728110599078,0.10138248847926268,0.0,0.0,0.3639645341974227,0.2784380790270017,0.39361101060315695,0.2382701599361339,0.36949294793913906,0.2300094175323111,1,minasbate,low_resource
893,4.5625,4.534246575342466,0.2328767123287671,0.6301369863013698,0.2191780821917808,0.0547945205479452,0.0,0.0,0.2854891095538932,0.12851645328859318,0.28280731139015247,0.11530830547125775,0.23670610860704688,0.09344924438591443,1,minasbate,low_resource
894,13.9,3.9424460431654675,0.1366906474820144,0.41007194244604317,0.2158273381294964,0.1366906474820144,0.0,0.0,0.35968760224204455,0.23567030695894536,0.38451025555236107,0.2056086847834002,0.3579643967310883,0.197170228858957,1,minasbate,low_resource
895,9.15,4.377049180327869,0.16939890710382513,0.2786885245901639,0.17486338797814208,0.09836065573770492,0.0,0.0,0.29114803795987554,0.19816058212666252,0.298775813671664,0.14855542573130393,0.3056277877521919,0.19495593321978738,1,minasbate,low_resource
896,7.793103448275862,4.234513274336283,0.2079646017699115,0.34513274336283184,0.16371681415929204,0.12831858407079647,0.004424778761061947,0.0,0.3275039026812442,0.1852988780968101,0.3262341111678695,0.14932876856063354,0.314000702676943,0.17220069886858427,1,minasbate,low_resource
897,6.722222222222222,4.24793388429752,0.19834710743801653,0.4793388429752066,0.14049586776859505,0.1322314049586777,0.0,0.0,0.3461253499347949,0.28212955453587,0.37084223263569216,0.22431588202651392,0.3328585643150774,0.24419256301080938,1,minasbate,low_resource
898,5.0,4.542857142857143,0.17142857142857143,0.6857142857142857,0.08571428571428572,0.11428571428571428,0.0,0.0,0.29774193179840547,0.17640125847597607,0.301316416891404,0.14125912345790193,0.2730574560047451,0.14745351694786507,1,minasbate,low_resource
899,6.555555555555555,4.237288135593221,0.1694915254237288,0.5932203389830508,0.15254237288135594,0.13559322033898305,0.0,0.0,0.29835519618465584,0.10271902684465628,0.2846997271366291,0.06379941326720368,0.32455583068207255,0.11172616558685738,1,minasbate,low_resource
900,12.0,3.9583333333333335,0.11458333333333333,0.5208333333333334,0.11458333333333333,0.10416666666666667,0.0,0.0,0.2899031595042523,0.165232012603993,0.3241105663085709,0.15792953892181977,0.2766212220284527,0.16918906571486322,1,minasbate,low_resource
901,8.5,4.341176470588235,0.17647058823529413,0.4823529411764706,0.2235294117647059,0.2235294117647059,0.0,0.0,0.327925938537651,0.23583933212818808,0.35536923035537177,0.23254760790854645,0.3322534228850581,0.20967148968546404,1,minasbate,low_resource
902,5.533333333333333,4.337349397590361,0.26506024096385544,0.4578313253012048,0.0963855421686747,0.14457831325301204,0.012048192771084338,0.0,0.32639865402792545,0.13722194056194892,0.3515287842178245,0.13697636823672085,0.33245117693413856,0.13646097359083137,1,minasbate,low_resource
903,9.833333333333334,4.1525423728813555,0.1864406779661017,0.3813559322033898,0.22033898305084745,0.16101694915254236,0.00847457627118644,0.0,0.35540713339069274,0.30590186889000076,0.3509108387482321,0.21875157907033135,0.32407245104985605,0.2474187474971034,1,minasbate,low_resource
904,6.75,4.166666666666667,0.14814814814814814,0.6481481481481481,0.037037037037037035,0.16666666666666666,0.0,0.0,0.3928094278711742,0.3626694752096709,0.3936969416914408,0.3229207407008702,0.39496184251330424,0.33350810478931403,1,minasbate,low_resource
905,6.571428571428571,4.9021739130434785,0.2717391304347826,0.41304347826086957,0.11956521739130435,0.11956521739130435,0.0,0.0,0.3002847624234348,0.16957616592314753,0.3158780186386185,0.14100228475474708,0.32022856838303243,0.16849421493225014,1,minasbate,low_resource
906,5.431372549019608,4.548736462093863,0.2527075812274368,0.4151624548736462,0.20938628158844766,0.09747292418772563,0.0,0.0,0.3652302431098443,0.2692883271262112,0.39686304979173714,0.2572782399508424,0.35717262029227004,0.23663786957317312,1,minasbate,low_resource
907,5.166666666666667,5.0,0.3225806451612903,0.5967741935483871,0.06451612903225806,0.1935483870967742,0.0,0.0,0.28570802947577506,0.19174281451752256,0.2934301376953094,0.1920403626552169,0.254091553466727,0.15820548822584718,1,minasbate,low_resource
908,11.461538461538462,5.134228187919463,0.33557046979865773,0.2953020134228188,0.12080536912751678,0.19463087248322147,0.0,0.0,0.2640779907162909,0.12795933315338429,0.26879256738654156,0.11809464387132414,0.24285651467283764,0.07914949361730347,1,minasbate,low_resource
909,9.966666666666667,4.521739130434782,0.2040133779264214,0.44816053511705684,0.16722408026755853,0.0903010033444816,0.0,0.0,0.38004049340248564,0.2606146777261115,0.3846774729149915,0.22578808507750767,0.32846784271625434,0.21091042759761144,1,minasbate,low_resource
910,7.276595744680851,4.4035087719298245,0.18421052631578946,0.4093567251461988,0.17251461988304093,0.12280701754385964,0.0,0.0,0.40687062040723265,0.3184923677412347,0.41510982515937617,0.277241519629648,0.37732550368327905,0.2787218467911698,1,minasbate,low_resource
911,6.2,3.838709677419355,0.12903225806451613,0.6290322580645161,0.14516129032258066,0.16129032258064516,0.0,0.0,0.35641954750361554,0.2686788457526349,0.37290477694923957,0.24414960264901306,0.3610641732263758,0.22169632263531808,1,minasbate,low_resource
912,5.380952380952381,4.256637168141593,0.19469026548672566,0.415929203539823,0.22123893805309736,0.12389380530973451,0.0,0.0,0.2981677716932665,0.17396547865985185,0.3060998006212073,0.18624179812585,0.2937876439672037,0.16917279242217623,1,minasbate,low_resource
913,14.88888888888889,4.373134328358209,0.2462686567164179,0.44776119402985076,0.1791044776119403,0.1791044776119403,0.0,0.0,0.32335740434917176,0.219454526723475,0.37302076465348105,0.2593187276144431,0.3284753363076184,0.20020738013901582,1,minasbate,low_resource
914,8.037037037037036,4.092165898617512,0.1152073732718894,0.39631336405529954,0.16589861751152074,0.05069124423963134,0.0,0.0,0.3769956333686052,0.24734164231135722,0.37642369557231053,0.21373349816495474,0.34240082945337075,0.24152615841537894,1,minasbate,low_resource
915,5.333333333333333,5.9375,0.375,0.6875,0.125,0.0,0.0,0.0,0.3229605185025437,0.15947885348075613,0.3227936996627615,0.17093631827910305,0.3028709459067458,0.09905414439920568,1,minasbate,low_resource
916,10.0,4.163636363636364,0.13636363636363635,0.5181818181818182,0.15454545454545454,0.13636363636363635,0.0,0.0,0.37506663058058703,0.28545476801624103,0.37269127325384216,0.22038471616889796,0.3831743272676325,0.25732778042887106,1,minasbate,low_resource
917,9.657142857142857,4.372781065088757,0.23076923076923078,0.3343195266272189,0.17751479289940827,0.10355029585798817,0.0029585798816568047,0.0,0.34719582455511516,0.21548943870628698,0.37547771961488113,0.20063932747507676,0.361749705818516,0.1680461869225996,1,minasbate,low_resource
918,7.230769230769231,4.351063829787234,0.26595744680851063,0.23404255319148937,0.13829787234042554,0.19148936170212766,0.0,0.0,0.2856407459115782,0.16322049079976406,0.27236879837390543,0.14571952531068905,0.27483691637147595,0.16219759031841985,1,minasbate,low_resource
919,6.5,3.7948717948717947,0.05128205128205128,0.6153846153846154,0.23076923076923078,0.10256410256410256,0.0,0.0,0.20875138652518713,0.05134811174748585,0.21427962820305124,0.07530815547670419,0.21767602654179527,0.042923085765840724,1,minasbate,low_resource
920,7.888888888888889,3.9507042253521125,0.19014084507042253,0.45774647887323944,0.23943661971830985,0.09859154929577464,0.0,0.0,0.3013150453532139,0.1280851024356906,0.3293977547115321,0.14533337983369832,0.32332333484038495,0.15384288900517057,1,minasbate,low_resource
921,8.918367346938776,4.091533180778032,0.16475972540045766,0.4073226544622426,0.18993135011441648,0.10526315789473684,0.006864988558352402,0.0,0.383382228481,0.2781506163812561,0.4000256536796191,0.27290369581745466,0.3679998687045865,0.24274691105243368,1,minasbate,low_resource
922,3.9411764705882355,5.059701492537314,0.3283582089552239,0.40298507462686567,0.04477611940298507,0.08955223880597014,0.0,0.0,0.29018344276418256,0.1668285654653799,0.30866671737362117,0.1744681262801533,0.2926298953913802,0.1499833213720705,1,minasbate,low_resource
923,4.571428571428571,3.8020833333333335,0.07291666666666667,0.2916666666666667,0.0625,0.13541666666666666,0.03125,0.0,0.22792156642846823,0.06371749339727713,0.2467116008609149,0.12951848056396031,0.22445999730052724,0.0553234719180552,1,minasbate,low_resource
924,7.84,3.933673469387755,0.14795918367346939,0.41836734693877553,0.22448979591836735,0.11224489795918367,0.00510204081632653,0.0,0.389993970345671,0.2849653763327805,0.3685137397996771,0.24264487831944795,0.35516561251390744,0.21930474830220617,1,minasbate,low_resource
925,4.864864864864865,4.538888888888889,0.2,0.5222222222222223,0.15555555555555556,0.09444444444444444,0.0,0.0,0.37491611579353346,0.2568661069826027,0.4030925177665129,0.27426236384873404,0.3571875577574674,0.215488441951153,1,minasbate,low_resource
926,5.923076923076923,3.935064935064935,0.16883116883116883,0.4675324675324675,0.1038961038961039,0.16883116883116883,0.0,0.0,0.32789836697534647,0.16535544665558857,0.3103472342836114,0.18708018554695757,0.33563912285297604,0.1682682889744604,1,minasbate,low_resource
927,11.555555555555555,4.115384615384615,0.14423076923076922,0.4326923076923077,0.20192307692307693,0.17307692307692307,0.0,0.0,0.2813407081109588,0.09395579236842527,0.2986763017297972,0.086231616024562,0.2913247395538292,0.11271484193756424,1,minasbate,low_resource
928,6.029411764705882,5.0634146341463415,0.33658536585365856,0.43902439024390244,0.15609756097560976,0.08780487804878048,0.0,0.0,0.37392722868727785,0.24650344426307175,0.3686090867602403,0.24117899118471997,0.3613033972533311,0.21166615085392332,1,minasbate,low_resource
929,4.25,4.617647058823529,0.23529411764705882,0.38235294117647056,0.0,0.35294117647058826,0.0,0.0,0.15223854551361196,0.05537567887228236,0.1441791172778883,0.05365468903405193,0.13912919774963792,0.027396674225006117,1,minasbate,low_resource
930,24.0,3.9583333333333335,0.125,0.7083333333333334,0.3333333333333333,0.0,0.0,0.0,0.27631846571969354,0.16814736859585896,0.2689558359432008,0.176739634948407,0.25339411085025537,0.158176406472704,1,minasbate,low_resource
931,5.777777777777778,3.9038461538461537,0.09615384615384616,0.36538461538461536,0.15384615384615385,0.21153846153846154,0.0,0.0,0.26523034804666307,0.08063569312165804,0.24041575909562304,0.06795278895228599,0.25090228533226816,0.07032089399303461,1,minasbate,low_resource
932,9.444444444444445,3.8,0.10588235294117647,0.4823529411764706,0.23529411764705882,0.09411764705882353,0.0,0.0,0.2999643460058472,0.1697716783948555,0.27676412940598366,0.16139448242052545,0.2734311870967133,0.14218752850797559,1,minasbate,low_resource
933,7.0,3.9047619047619047,0.20634920634920634,0.36507936507936506,0.2857142857142857,0.15873015873015872,0.015873015873015872,0.0,0.27580639057485923,0.12434103906540812,0.2855179671412768,0.10754593751688919,0.2448352757585461,0.12359770429458707,1,minasbate,low_resource
934,8.052631578947368,3.8627450980392157,0.1111111111111111,0.48366013071895425,0.22875816993464052,0.0915032679738562,0.0,0.0,0.3416405573451631,0.1615005751026229,0.3259678212757352,0.1515261333435368,0.3254464414436702,0.16127288197287848,1,minasbate,low_resource
935,6.5,4.17948717948718,0.23076923076923078,0.4188034188034188,0.21367521367521367,0.09401709401709402,0.0,0.0,0.3463981137720244,0.20294859503214582,0.37058716734859115,0.1972606832310007,0.3574048299884479,0.2045538034526418,1,minasbate,low_resource
936,5.2727272727272725,4.0344827586206895,0.10344827586206896,0.3879310344827586,0.1810344827586207,0.034482758620689655,0.0,0.0,0.3021356868091487,0.1971131629353313,0.25437174354603886,0.14838588838954608,0.2935173472687004,0.1791371514756611,1,minasbate,low_resource
937,16.666666666666668,4.075,0.135,0.41,0.17,0.175,0.0,0.0,0.3267355106206302,0.1988291290093799,0.3294191915230018,0.1693162544086152,0.31320979149831246,0.18460460086324332,1,minasbate,low_resource
938,7.1,3.943661971830986,0.1267605633802817,0.43661971830985913,0.08450704225352113,0.15492957746478872,0.0,0.0,0.3044942255582518,0.1894722616344846,0.2968734606172894,0.14854340769328742,0.32039780289377084,0.20464771003898022,1,minasbate,low_resource
939,3.1,3.5161290322580645,0.0,0.2903225806451613,0.3225806451612903,0.03225806451612903,0.0,0.0,0.08779156893944243,0.03778916432445122,0.09033210547866637,0.017796489130806444,0.08815356954813305,0.02444119962471466,1,minasbate,low_resource
940,17.1,4.444444444444445,0.1286549707602339,0.4853801169590643,0.1111111111111111,0.15204678362573099,0.005847953216374269,0.0,0.34818046893919574,0.3059113640117545,0.36223261425503334,0.27574588792625443,0.34790560984079816,0.22727845447355646,1,minasbate,low_resource
941,5.928571428571429,4.265060240963855,0.20481927710843373,0.40963855421686746,0.14457831325301204,0.07228915662650602,0.0,0.0,0.3085183720450831,0.18782313079409269,0.3389496325352008,0.21276123790076806,0.3238508541559112,0.1787736878560993,1,minasbate,low_resource
942,6.714285714285714,4.134751773049645,0.15602836879432624,0.3120567375886525,0.28368794326241137,0.10638297872340426,0.0,0.0,0.3542690156678952,0.19644101157699265,0.36145525567328973,0.18200035543092974,0.3828474346826695,0.1587942332354235,1,minasbate,low_resource
943,5.052631578947368,4.5625,0.23958333333333334,0.375,0.03125,0.13541666666666666,0.0,0.0,0.26125280208319185,0.12453532203667766,0.2587175336835227,0.09697078560292306,0.26466449956381094,0.08907420620486246,1,minasbate,low_resource
944,3.55,4.661971830985915,0.23943661971830985,0.36619718309859156,0.07042253521126761,0.056338028169014086,0.0,0.0,0.33796453568095713,0.167276451995608,0.3600791189239992,0.15605009014850219,0.3177669691917288,0.11884525911821862,1,minasbate,low_resource
945,7.5,5.683333333333334,0.36666666666666664,0.55,0.05,0.016666666666666666,0.0,0.0,0.32204501642792477,0.24025986852877612,0.31695363936660864,0.23367224697287167,0.30789482919637823,0.23431535086012031,1,minasbate,low_resource
946,22.88888888888889,4.179611650485437,0.16990291262135923,0.4223300970873786,0.1553398058252427,0.15048543689320387,0.0,0.0,0.3818761386329214,0.24312801031742903,0.4096762072019477,0.19455270421531876,0.37259661495424223,0.20429411407879516,1,minasbate,low_resource
947,6.222222222222222,4.5285714285714285,0.18928571428571428,0.3964285714285714,0.12857142857142856,0.09642857142857143,0.0,0.0,0.3938766178512702,0.2865950986912554,0.40349706406706964,0.24739232973194383,0.3874232368124452,0.2558890843139078,1,minasbate,low_resource
948,6.052631578947368,4.156521739130435,0.21739130434782608,0.5565217391304348,0.17391304347826086,0.14782608695652175,0.0,0.0,0.3653427699159105,0.24335682337214365,0.38319749587175966,0.22073862821549395,0.3686526694777427,0.19427650930748172,1,minasbate,low_resource
949,9.285714285714286,4.153846153846154,0.18461538461538463,0.4153846153846154,0.27692307692307694,0.16923076923076924,0.015384615384615385,0.0,0.287776630052944,0.13245840339826837,0.29500682332496186,0.11133811570966923,0.26935248917349797,0.11261210459847733,1,minasbate,low_resource
950,16.692307692307693,4.11520737327189,0.09216589861751152,0.29493087557603687,0.14285714285714285,0.28110599078341014,0.0,0.0,0.2476507914134294,0.12354015007547327,0.24142226487911397,0.12401574724289936,0.21569601184448298,0.09879107532633329,1,minasbate,low_resource
951,8.0,4.2875,0.15,0.5125,0.175,0.1125,0.0,0.0,0.31442876307486267,0.1184126171543385,0.32940736718429237,0.14981543992563157,0.29151973392693054,0.1193589136928332,1,minasbate,low_resource
952,5.571428571428571,4.871794871794871,0.2564102564102564,0.48717948717948717,0.23076923076923078,0.1794871794871795,0.0,0.0,0.246786765512127,0.1037881221105989,0.24884755941128728,0.06261842720489813,0.2346712787268844,0.08006381875470309,1,minasbate,low_resource
953,11.666666666666666,4.380952380952381,0.19047619047619047,0.3904761904761905,0.21904761904761905,0.17142857142857143,0.0,0.0,0.30272761532102865,0.16058934390250115,0.31022509638708373,0.1686239390450703,0.28343904467202774,0.15247457854027335,1,minasbate,low_resource
954,9.166666666666666,4.054545454545455,0.15757575757575756,0.3090909090909091,0.1696969696969697,0.17575757575757575,0.0,0.0,0.32817448117028536,0.24371773679454056,0.3384307657714416,0.20161528918710273,0.33792134598779144,0.2427220444002079,1,minasbate,low_resource
955,7.105263157894737,4.185185185185185,0.17777777777777778,0.4148148148148148,0.08888888888888889,0.18518518518518517,0.0,0.0,0.3631237725470647,0.2110503351724137,0.3536541261600754,0.19864795004544303,0.3782423651923407,0.2375598189225144,1,minasbate,low_resource
956,9.1,4.043956043956044,0.17032967032967034,0.44505494505494503,0.1978021978021978,0.1043956043956044,0.0,0.0,0.3571333513793108,0.250408348227022,0.3495408926488925,0.1610428349176762,0.3522643448731724,0.23744174372056576,1,minasbate,low_resource
957,5.125,4.585365853658536,0.21951219512195122,0.7804878048780488,0.21951219512195122,0.07317073170731707,0.0,0.0,0.2631858792527435,0.13870959455215925,0.2695977661976022,0.1181586926725009,0.23704251461452322,0.12866507460829693,1,minasbate,low_resource
958,5.8125,4.150537634408602,0.11827956989247312,0.3279569892473118,0.13440860215053763,0.10215053763440861,0.0,0.0,0.32735017500585223,0.24883683485915306,0.3430639970906513,0.1828349613923901,0.34463987728363743,0.2309110038109905,1,minasbate,low_resource
959,5.078947368421052,4.251295336787565,0.13989637305699482,0.39896373056994816,0.13730569948186527,0.11917098445595854,0.0,0.0,0.39170499514885326,0.3166768457671749,0.3872519855629762,0.2526262746500283,0.37450192013326133,0.2577032061530327,1,minasbate,low_resource
960,8.1,4.518518518518518,0.19753086419753085,0.5555555555555556,0.20987654320987653,0.09876543209876543,0.0,0.0,0.3754645547215968,0.30519608547624494,0.39655490022412954,0.30193651668592114,0.3934765337884658,0.25745144548156007,1,minasbate,low_resource
961,11.090909090909092,3.9672131147540983,0.16393442622950818,0.47540983606557374,0.22131147540983606,0.14754098360655737,0.0,0.0,0.3441139067757864,0.30091581823400726,0.38533589988106925,0.23103375735240306,0.37775078086628533,0.24405206318544964,1,minasbate,low_resource
962,7.5,4.266666666666667,0.17777777777777778,0.4888888888888889,0.2222222222222222,0.1111111111111111,0.0,0.0,0.2868813624538777,0.1946122246766071,0.3021490854808484,0.1458578941277267,0.3141731010556182,0.18128628090095625,1,minasbate,low_resource
963,5.976190476190476,4.127490039840637,0.1394422310756972,0.3147410358565737,0.13147410358565736,0.08764940239043825,0.07171314741035857,0.0,0.2670809515665365,0.1686649159064159,0.28497466707856595,0.18868509236169803,0.27613045537860625,0.14396328014470217,1,minasbate,low_resource
964,7.8,4.461538461538462,0.28205128205128205,0.47435897435897434,0.20512820512820512,0.15384615384615385,0.0,0.0,0.25962246434739783,0.1860684701266789,0.2910615724030457,0.21971689295284116,0.23782891844429907,0.1371064183129427,1,minasbate,low_resource
965,7.947368421052632,5.099337748344371,0.2913907284768212,0.2119205298013245,0.10927152317880795,0.12251655629139073,0.0,0.0,0.37285003660751453,0.29597024403765,0.3905518490707005,0.27727143294219336,0.34055207887766936,0.2773548496944085,1,minasbate,low_resource
966,4.555555555555555,4.560975609756097,0.21951219512195122,0.5121951219512195,0.1951219512195122,0.17073170731707318,0.0,0.0,0.2956067994109313,0.1650804160682262,0.31905171838283614,0.17703415129614625,0.25949909680345556,0.11076295313627463,1,minasbate,low_resource
967,5.2272727272727275,4.078260869565217,0.1565217391304348,0.34782608695652173,0.1391304347826087,0.02608695652173913,0.0,0.0,0.32528854290871406,0.24745635240187724,0.31299766721101624,0.2289423525583583,0.31356055657556337,0.17859287533982113,1,minasbate,low_resource
968,9.181818181818182,4.069306930693069,0.12871287128712872,0.48514851485148514,0.15841584158415842,0.18811881188118812,0.0,0.0,0.3388434126698461,0.23595168078437143,0.3443257256899571,0.1644212720982618,0.3645230605387663,0.16289964213932795,1,minasbate,low_resource
969,5.64,4.170212765957447,0.1702127659574468,0.5886524822695035,0.1702127659574468,0.09929078014184398,0.0,0.0,0.3590997997107397,0.2409799103312253,0.37222637967890854,0.20559241871558243,0.3530113181685257,0.22653874318369924,1,minasbate,low_resource
970,5.166666666666667,4.483870967741935,0.3225806451612903,0.6451612903225806,0.22580645161290322,0.0967741935483871,0.0,0.0,0.28965475394355433,0.1161988009912873,0.304253762403069,0.12203306684543011,0.28448934010358456,0.08567019581038163,1,minasbate,low_resource
971,7.636363636363637,4.357142857142857,0.2619047619047619,0.40476190476190477,0.047619047619047616,0.21428571428571427,0.0,0.0,0.3010301081720545,0.13441527556011024,0.3246166897414085,0.10840560467241266,0.2942885370241258,0.12281309706846026,1,minasbate,low_resource
972,4.166666666666667,3.66,0.12,0.35,0.23,0.06,0.02,0.0,0.33962875222614664,0.27214916457602034,0.3230557887889984,0.21783561161073828,0.30646143961147193,0.22708648714168175,1,minasbate,low_resource
973,13.8125,4.262443438914027,0.167420814479638,0.40271493212669685,0.14479638009049775,0.09954751131221719,0.0,0.0,0.3548766401316929,0.25781241773847335,0.37225629916021385,0.21462853582864444,0.3550982776335822,0.21291534751616878,1,minasbate,low_resource
974,9.88888888888889,4.846441947565543,0.24719101123595505,0.5730337078651685,0.15730337078651685,0.11235955056179775,0.0,0.0,0.3910090944300312,0.3662105788027419,0.42793856336121266,0.3447104539234881,0.39494801417263464,0.28237458178028146,1,minasbate,low_resource
975,8.818181818181818,4.108247422680412,0.17010309278350516,0.35051546391752575,0.16494845360824742,0.0979381443298969,0.0,0.0,0.36265577181210246,0.2251121151769316,0.3752823617075468,0.24029653215259925,0.37180496649923245,0.23674140898676513,1,minasbate,low_resource
976,19.5,4.219373219373219,0.18233618233618235,0.3247863247863248,0.2222222222222222,0.10256410256410256,0.0,0.0,0.3249992956142302,0.21838085378524444,0.3326612407445216,0.18433491953297668,0.3224827208560574,0.21685905250635326,1,minasbate,low_resource
977,6.083333333333333,3.5205479452054793,0.0136986301369863,0.3424657534246575,0.1232876712328767,0.273972602739726,0.0,0.0,0.23575760816350455,0.12233794623905794,0.2492787593499631,0.1476513527849506,0.23234707039855687,0.08474609082748791,1,minasbate,low_resource
978,8.214285714285714,4.278260869565218,0.1826086956521739,0.48695652173913045,0.1956521739130435,0.10869565217391304,0.0,0.0,0.38612251859599767,0.30467926963330183,0.42403047961052787,0.2987923227344425,0.342370222799926,0.21103632798332875,1,minasbate,low_resource
979,8.266666666666667,4.42741935483871,0.20967741935483872,0.5241935483870968,0.14516129032258066,0.0967741935483871,0.0,0.0,0.35668631702870124,0.28115849285245237,0.3632361330026453,0.2781362354720823,0.3226302483387808,0.2636716065278608,2,minasbate,low_resource
980,11.789473684210526,4.491071428571429,0.23214285714285715,0.41517857142857145,0.20535714285714285,0.11830357142857142,0.0,0.0,0.42029357662028954,0.31552030942518394,0.43416338515607533,0.33405445859446525,0.41552129462486875,0.2716419068919136,2,minasbate,low_resource
981,11.9,4.220168067226891,0.173109243697479,0.31596638655462184,0.20168067226890757,0.10756302521008404,0.0,0.0,0.40524451000124956,0.2525629010447639,0.42123443886281503,0.24086973719074625,0.3901501521151297,0.2393608188001391,2,minasbate,low_resource
982,7.904761904761905,4.0843373493975905,0.12349397590361445,0.3885542168674699,0.18373493975903615,0.10240963855421686,0.024096385542168676,0.0,0.3812500768482876,0.2263238860503615,0.39515651872278496,0.18674758257014093,0.367040929956764,0.23243066469663431,2,minasbate,low_resource
983,11.166666666666666,4.155223880597015,0.16716417910447762,0.41492537313432837,0.23283582089552238,0.0955223880597015,0.0,0.0,0.3606963919749542,0.2620769772722456,0.4017049945906954,0.23780489751301537,0.36339981579916003,0.2328379152063265,2,minasbate,low_resource
984,12.35,4.728744939271255,0.24696356275303644,0.4392712550607287,0.20850202429149797,0.10323886639676114,0.0,0.0,0.44017746261111707,0.4196187221168411,0.4695518912573325,0.3913152607133181,0.42823270796375734,0.3378902941028249,2,minasbate,low_resource
985,12.047619047619047,4.294466403162056,0.18774703557312253,0.35968379446640314,0.16205533596837945,0.11857707509881422,0.0,0.0,0.3892512857578175,0.28461327431843503,0.4235168061523936,0.2765371524226576,0.36515172827122294,0.27294499421901297,2,minasbate,low_resource
986,9.36,4.22008547008547,0.20512820512820512,0.38461538461538464,0.21153846153846154,0.09401709401709402,0.002136752136752137,0.0,0.4204326052838108,0.375902481188894,0.45348952032389334,0.33208461532670763,0.4030566487597396,0.3286267881454851,2,minasbate,low_resource
987,10.056603773584905,4.1876172607879925,0.16885553470919323,0.37523452157598497,0.22889305816135083,0.1200750469043152,0.0,0.0,0.43028042378898057,0.307504771302181,0.4421610177266289,0.25384500439462276,0.4051143623007327,0.25789036162542844,2,minasbate,low_resource
988,13.969696969696969,4.323210412147505,0.19088937093275488,0.368763557483731,0.15184381778741865,0.14533622559652928,0.0,0.0,0.38302743416021057,0.31193099897929316,0.425935849220053,0.26624798472536504,0.38995056653055554,0.2770658553907282,2,minasbate,low_resource
989,11.738461538461538,4.386631716906947,0.21494102228047182,0.36435124508519,0.1913499344692005,0.10878112712975098,0.0,0.0,0.3845046629705828,0.36528361554984,0.41915047077276657,0.3218815065925015,0.38096496145429,0.2843354985874158,2,minasbate,low_resource
990,13.838709677419354,4.426573426573427,0.22144522144522144,0.372960372960373,0.1864801864801865,0.12121212121212122,0.0,0.0,0.4085040041794454,0.3427777319758959,0.43372160912643776,0.30965266396284313,0.40818155289299657,0.32880078382659195,2,minasbate,low_resource
991,9.3,4.385304659498208,0.2060931899641577,0.3763440860215054,0.1881720430107527,0.10215053763440861,0.0035842293906810036,0.0017921146953405018,0.4026480083384214,0.4003597424159252,0.4151829962199628,0.32328447769122526,0.40692009260648,0.31592654584662483,2,minasbate,low_resource
992,9.27027027027027,4.122448979591836,0.19533527696793002,0.4198250728862974,0.20408163265306123,0.13702623906705538,0.0,0.0,0.3891119939428701,0.3014651463040483,0.4203482649217732,0.25667864800191653,0.4039705311170711,0.24407452063456847,2,minasbate,low_resource
993,11.704225352112676,4.452466907340553,0.2250300842358604,0.3489771359807461,0.17208182912154033,0.12876052948255115,0.0,0.0,0.4040645628884092,0.34268910543882564,0.4456380909264007,0.308476661262206,0.4006431961116867,0.2521847159187074,2,minasbate,low_resource
994,11.68,4.330479452054795,0.21404109589041095,0.3698630136986301,0.1832191780821918,0.09246575342465753,0.0,0.0,0.41367956885691826,0.3730016228629091,0.4356334960786719,0.3553809400864185,0.4070961122510226,0.3071427251956619,2,minasbate,low_resource
995,14.588235294117647,4.342741935483871,0.21370967741935484,0.4798387096774194,0.21370967741935484,0.12096774193548387,0.0,0.0,0.4080606590748242,0.26916869615394745,0.4139913538679693,0.21513702961453027,0.4005929572960614,0.28228268965910736,2,minasbate,low_resource
996,11.16,4.516129032258065,0.17562724014336917,0.37992831541218636,0.17921146953405018,0.13620071684587814,0.0,0.0,0.36749540925376734,0.27955706133915315,0.4005745221788494,0.2626285839751232,0.36655602510281066,0.25492563312064764,2,minasbate,low_resource
997,8.051724137931034,4.505353319057816,0.20985010706638116,0.4068522483940043,0.12205567451820129,0.10920770877944326,0.0,0.0,0.3823783970792714,0.291484972056186,0.4101150928399236,0.22190298989784646,0.39086263384467157,0.2772454536919128,2,minasbate,low_resource
998,7.172413793103448,4.302884615384615,0.21634615384615385,0.44711538461538464,0.16346153846153846,0.0673076923076923,0.0,0.0,0.3415093251840241,0.2600233807943795,0.3667146692555074,0.2003278145855767,0.3509456837604165,0.24792733162039432,2,minasbate,low_resource
999,4.75,5.605263157894737,0.42105263157894735,0.4473684210526316,0.07894736842105263,0.02631578947368421,0.0,0.0,0.29491737763144404,0.1742865223471652,0.27408203150239224,0.132671196267257,0.29903653850499434,0.12257091788068096,2,minasbate,low_resource
1000,17.68,4.420814479638009,0.21945701357466063,0.43665158371040724,0.19230769230769232,0.10633484162895927,0.0022624434389140274,0.0,0.37224964565343766,0.31882429613050867,0.3976387330464944,0.26611819630812283,0.38251645207159185,0.28379248073937674,2,minasbate,low_resource
1001,9.64,4.4937759336099585,0.1950207468879668,0.49377593360995853,0.16182572614107885,0.13278008298755187,0.004149377593360996,0.0,0.38799972627315643,0.2772871006378606,0.4025760565981363,0.2527723345468099,0.3861668398817706,0.2978393570160988,2,minasbate,low_resource
1002,11.090909090909092,4.637295081967213,0.23565573770491804,0.4098360655737705,0.17418032786885246,0.08811475409836066,0.03278688524590164,0.0,0.381557640867679,0.2808742567571347,0.42804397162011365,0.22848395592943752,0.36803613724778816,0.25126315576673136,2,minasbate,low_resource
1003,12.987654320987655,4.17680608365019,0.17490494296577946,0.2889733840304182,0.19296577946768062,0.15684410646387834,0.0009505703422053232,0.0,0.40283519034214954,0.35376668180525256,0.4336917283184129,0.25545584232243884,0.38519098227717824,0.26945182707398996,2,minasbate,low_resource
1004,14.339622641509434,4.411842105263158,0.1763157894736842,0.34078947368421053,0.15,0.1355263157894737,0.0,0.0,0.4099532523331075,0.3395391860773488,0.4313962806760115,0.2684422801150186,0.4240544885361528,0.28059056950263517,2,minasbate,low_resource
1005,13.909090909090908,4.052287581699346,0.16013071895424835,0.43137254901960786,0.17320261437908496,0.1437908496732026,0.0,0.0,0.3838920893103694,0.3544163198638192,0.41360005650945025,0.30749670690591935,0.38654092852721594,0.29469896444258015,2,minasbate,low_resource
1006,4.75,4.342105263157895,0.10526315789473684,0.42105263157894735,0.10526315789473684,0.07894736842105263,0.02631578947368421,0.0,0.18963295761555357,0.08711654136622761,0.21816437251896217,0.10038862490157749,0.1912670830413329,0.06331223190889389,2,minasbate,low_resource
1007,9.135135135135135,4.491124260355029,0.19230769230769232,0.2514792899408284,0.15384615384615385,0.16863905325443787,0.0,0.0,0.3950380471282021,0.27172552600297306,0.40088816005067957,0.2522606357847064,0.3756959241703376,0.2358754751176596,2,minasbate,low_resource
1008,9.0,3.871794871794872,0.1111111111111111,0.3162393162393162,0.2222222222222222,0.02564102564102564,0.0,0.0,0.29095058589665157,0.18044952834858696,0.3336790399807588,0.16451740823304511,0.30616468789448753,0.20778726409943699,2,minasbate,low_resource
1009,13.766666666666667,4.268765133171913,0.21549636803874092,0.39951573849878935,0.17433414043583534,0.14043583535108958,0.0,0.0,0.38997080709907345,0.35716054102419736,0.42562811813175583,0.2589500958535902,0.3973422483220254,0.2991239984085537,2,minasbate,low_resource
1010,9.452830188679245,4.16566866267465,0.17165668662674652,0.3772455089820359,0.20359281437125748,0.09580838323353294,0.021956087824351298,0.0,0.42183299781378353,0.33357323983752035,0.429904257509378,0.34558600209174234,0.40180380852819503,0.3110541814451577,2,minasbate,low_resource
1011,9.0,4.277777777777778,0.0,0.7222222222222222,0.16666666666666666,0.2222222222222222,0.0,0.0,0.3217964160705487,0.1410461695197429,0.28782860327920534,0.12685709783297378,0.2747450252987816,0.11335543495100507,2,minasbate,low_resource
1012,7.5,3.783333333333333,0.13333333333333333,0.36666666666666664,0.23333333333333334,0.05,0.0,0.0,0.26254686692281315,0.12842949166423073,0.26806923021468176,0.13001779335513403,0.25119482654520786,0.12746781391994777,2,minasbate,low_resource
1013,6.5,4.4423076923076925,0.1987179487179487,0.5192307692307693,0.20512820512820512,0.07051282051282051,0.00641025641025641,0.0,0.307608339985354,0.23544721879579392,0.323159501219414,0.19897793809197548,0.3064407930193718,0.21214151617113242,2,minasbate,low_resource
1014,4.4,3.8636363636363638,0.11363636363636363,0.4772727272727273,0.2727272727272727,0.11363636363636363,0.0,0.0,0.22689353220092867,0.08030534721911228,0.2213604121626612,0.08249451729745454,0.22436864576467835,0.09503644782562462,2,minasbate,low_resource
1015,9.0,4.642857142857143,0.2619047619047619,0.5793650793650794,0.2619047619047619,0.0873015873015873,0.0,0.0,0.36941924647462987,0.28482363926141313,0.3889462710025053,0.33628156809646437,0.3362960717934888,0.23735101012163007,2,minasbate,low_resource
1016,9.428571428571429,4.2727272727272725,0.21212121212121213,0.3787878787878788,0.24242424242424243,0.045454545454545456,0.0,0.0,0.25300878325513176,0.11446817534945945,0.26112220966605637,0.07125411834847124,0.2787496163015179,0.10404238705853085,2,minasbate,low_resource
1017,7.3,3.8767123287671232,0.1095890410958904,0.4520547945205479,0.2465753424657534,0.1643835616438356,0.0,0.0,0.2848930001210227,0.10256706941996022,0.2763148361575875,0.08861576348661798,0.28047005868162894,0.08908370521421044,2,minasbate,low_resource
1018,8.192307692307692,4.28169014084507,0.20187793427230047,0.39906103286384975,0.17370892018779344,0.08450704225352113,0.0,0.0,0.3601563228869162,0.29122250228160707,0.3843303922580431,0.22683410733762135,0.36519766748395854,0.26442834766506323,2,minasbate,low_resource
1019,10.72,4.016791044776119,0.15298507462686567,0.3694029850746269,0.21455223880597016,0.08582089552238806,0.0037313432835820895,0.0,0.4039707966433969,0.38815565705197963,0.43726730441452494,0.3267835275343641,0.40566405954415274,0.33056420666188885,2,minasbate,low_resource
1020,14.481481481481481,4.442455242966752,0.24040920716112532,0.37595907928388744,0.15601023017902813,0.1278772378516624,0.0,0.0,0.41356312756136226,0.36395805951662585,0.4533261638990421,0.3118636572400543,0.41562144948500945,0.27348961142065137,2,minasbate,low_resource
1021,8.222222222222221,4.3558558558558556,0.18018018018018017,0.38963963963963966,0.17567567567567569,0.12387387387387387,0.0022522522522522522,0.0,0.38547529669346137,0.2898980875636725,0.4059238582321273,0.2732950702330461,0.37166769840950403,0.24300086617928807,2,minasbate,low_resource
1022,5.416666666666667,4.1461538461538465,0.2076923076923077,0.3076923076923077,0.27692307692307694,0.08461538461538462,0.0,0.0,0.2838704055169242,0.1454216929966451,0.2868307462382177,0.16856961840647341,0.25569225708549326,0.17201632904739325,2,minasbate,low_resource
1023,9.571428571428571,4.634328358208955,0.22238805970149253,0.3373134328358209,0.1880597014925373,0.10149253731343283,0.0,0.0,0.3895133857896186,0.3280915882252895,0.4314972186693223,0.28946972338977217,0.406225781756921,0.3117958821860119,2,minasbate,low_resource
1024,11.73076923076923,4.160655737704918,0.1901639344262295,0.43278688524590164,0.18688524590163935,0.09180327868852459,0.003278688524590164,0.0,0.40351867555786486,0.30446873206256125,0.43122866261997556,0.3019457255104006,0.3779667368066387,0.25474709495780284,2,minasbate,low_resource
1025,9.162162162162161,4.353982300884955,0.2153392330383481,0.3834808259587021,0.21238938053097345,0.0943952802359882,0.0,0.0,0.35084736757356705,0.2556394725837435,0.3905043530497659,0.24768241581928235,0.3552266618907218,0.24572374705998187,2,minasbate,low_resource
1026,6.7727272727272725,4.62751677852349,0.22818791946308725,0.4429530201342282,0.2181208053691275,0.06711409395973154,0.003355704697986577,0.0,0.4196309544372166,0.36397279831430424,0.395743870543451,0.2524484750294838,0.38328674966994747,0.3096859217713126,2,minasbate,low_resource
1027,6.416666666666667,4.402597402597403,0.2077922077922078,0.4025974025974026,0.025974025974025976,0.05194805194805195,0.0,0.0,0.24956158067412024,0.1571259639082869,0.2236205888329199,0.14479546232109855,0.2305062857529733,0.13921988984780576,2,minasbate,low_resource
1028,13.25531914893617,4.423756019261638,0.21348314606741572,0.3868378812199037,0.20706260032102727,0.09951845906902086,0.0016051364365971107,0.0,0.4047984406212992,0.3863474610907637,0.4531956602133915,0.3662424145581423,0.4136922563319175,0.3004922832555228,2,minasbate,low_resource
1029,13.5,4.333333333333333,0.18518518518518517,0.35802469135802467,0.1111111111111111,0.1728395061728395,0.0,0.0,0.2523657959405869,0.1207426518630057,0.2721173186240189,0.1618307546615362,0.270616375806291,0.13618945238546976,2,minasbate,low_resource
1030,8.416666666666666,4.069306930693069,0.12871287128712872,0.40594059405940597,0.1782178217821782,0.132013201320132,0.006600660066006601,0.0,0.38214986984715194,0.238865052013038,0.38720355114318306,0.22239561511005662,0.3673459716466416,0.21630183444427056,2,minasbate,low_resource
1031,8.2,3.792682926829268,0.25609756097560976,0.3902439024390244,0.5121951219512195,0.07317073170731707,0.0,0.0,0.3239704529863927,0.18805255603074172,0.36102987481681575,0.15951154395316533,0.3440741162245656,0.2162785899908207,2,minasbate,low_resource
1032,12.470588235294118,4.363207547169812,0.20754716981132076,0.5188679245283019,0.18867924528301888,0.11320754716981132,0.0,0.0,0.41173247901218474,0.2924574566975039,0.42778715049326643,0.29744590794585185,0.3948790832136073,0.27312294584080915,2,minasbate,low_resource
1033,7.882352941176471,4.1716417910447765,0.14925373134328357,0.48507462686567165,0.17164179104477612,0.14925373134328357,0.0,0.0,0.3410519333838889,0.19510690187980867,0.35544319759630244,0.18537429266046784,0.34459756352476884,0.18983936869109458,2,minasbate,low_resource
1034,14.428571428571429,4.03960396039604,0.12871287128712872,0.39603960396039606,0.19801980198019803,0.16831683168316833,0.0,0.0,0.31619736930067566,0.1859913631452506,0.3315017414302399,0.15345565410566858,0.33766125666683194,0.14078364815557629,2,minasbate,low_resource
1035,8.045454545454545,4.3107344632768365,0.1751412429378531,0.5254237288135594,0.1694915254237288,0.1694915254237288,0.0,0.0,0.38616196137591247,0.301935024384389,0.4342861952849327,0.25563552952130436,0.3906712667017371,0.23378725734388864,2,minasbate,low_resource
1036,6.8,3.9941176470588236,0.16470588235294117,0.4647058823529412,0.25882352941176473,0.12352941176470589,0.0,0.0,0.3382644723374826,0.2480334372687392,0.3766070385160627,0.21903475129725083,0.3484937650519631,0.21665664643389504,2,minasbate,low_resource
1037,10.6,4.60377358490566,0.2578616352201258,0.3836477987421384,0.09433962264150944,0.27044025157232704,0.0,0.0,0.3262946129830923,0.18521725237473347,0.32578103026250377,0.20266115756912567,0.30434814207123595,0.16458596877192577,2,minasbate,low_resource
1038,6.658536585365853,4.531135531135531,0.21978021978021978,0.45054945054945056,0.21611721611721613,0.09157509157509157,0.0,0.0,0.36295809483609026,0.3302384583155534,0.3821927040103346,0.23176990778759743,0.380689676476434,0.305900029080063,2,minasbate,low_resource
1039,8.411764705882353,4.2027972027972025,0.17482517482517482,0.4965034965034965,0.15384615384615385,0.11188811188811189,0.0,0.0,0.37359494514105296,0.2649399170737847,0.3889083354453297,0.20574694695812668,0.37449425271362297,0.22137386906893164,2,minasbate,low_resource
1040,8.076923076923077,3.9952380952380953,0.12857142857142856,0.5142857142857142,0.14761904761904762,0.18095238095238095,0.0,0.0,0.37743201555893924,0.29861783615045645,0.4015057614582575,0.202023121760775,0.3811587710062339,0.260541987486568,2,minasbate,low_resource
1041,10.0,3.75,0.05,0.4625,0.1875,0.2125,0.0,0.0,0.2565795693882506,0.15541138515518685,0.2547559497428608,0.13368485935669863,0.2483629982183626,0.09950888745533688,2,minasbate,low_resource
1042,9.142857142857142,4.109375,0.125,0.359375,0.15625,0.109375,0.0,0.0,0.3372296772222152,0.2475352431565754,0.34002170030822654,0.18943898072431478,0.3449528254160354,0.24861622203428976,2,minasbate,low_resource
1043,12.588235294117647,4.397196261682243,0.1939252336448598,0.3878504672897196,0.18691588785046728,0.10981308411214953,0.0,0.0,0.36359352412120055,0.3174719475974974,0.4069774866385333,0.28394734309807146,0.38758072295525725,0.27641278073611164,2,minasbate,low_resource
1044,6.285714285714286,4.295454545454546,0.20075757575757575,0.4015151515151515,0.21212121212121213,0.16287878787878787,0.0,0.0,0.36102400462503387,0.3190022657769233,0.4010571772960314,0.25320065816983256,0.35975146454236756,0.2920921353305142,2,minasbate,low_resource
1045,9.61111111111111,3.9653179190751446,0.12716763005780346,0.5549132947976878,0.2138728323699422,0.12716763005780346,0.011560693641618497,0.0,0.3616814304941408,0.21191811382723927,0.3627763352163474,0.1718806540648908,0.3357485088301244,0.1913103448407977,2,minasbate,low_resource
1046,7.038461538461538,4.497267759562842,0.20765027322404372,0.6010928961748634,0.18579234972677597,0.1092896174863388,0.0,0.0,0.4002227155237648,0.26833210655426937,0.4087145453419242,0.20167360233713957,0.3726385619654984,0.20160363472106468,2,minasbate,low_resource
1047,7.379310344827586,4.581775700934579,0.21962616822429906,0.45794392523364486,0.12149532710280374,0.1191588785046729,0.0,0.0,0.4174726613198599,0.3213887559980774,0.4253317537551049,0.2771689350908828,0.41869765879744036,0.2789556035531476,2,minasbate,low_resource
1048,7.555555555555555,4.514705882352941,0.2426470588235294,0.4411764705882353,0.19117647058823528,0.08823529411764706,0.0,0.0,0.3708674571696003,0.24254441500988275,0.3540727070919522,0.1764001465292152,0.3583600891558719,0.26236113971857766,2,minasbate,low_resource
1049,4.836065573770492,4.284745762711864,0.15593220338983052,0.45084745762711864,0.16271186440677965,0.09491525423728814,0.0,0.0,0.3720198722452009,0.29056568096331425,0.38813433749352194,0.2246398275592132,0.38384118661613953,0.2930201081138497,2,minasbate,low_resource
1050,6.791666666666667,4.493865030674846,0.24846625766871167,0.39570552147239263,0.1687116564417178,0.0950920245398773,0.009202453987730062,0.0,0.39369199208171607,0.3637928823365407,0.41408414486653566,0.32709089008826214,0.3551747667249852,0.32025912410709556,2,minasbate,low_resource
1051,12.105263157894736,3.993478260869565,0.15,0.3695652173913043,0.23478260869565218,0.11739130434782609,0.0,0.0,0.37800532497392353,0.3209116891115075,0.41177065064723173,0.3270439750009698,0.3845705904892629,0.2997167357748681,3,minasbate,low_resource
1052,12.692307692307692,4.515151515151516,0.19393939393939394,0.48484848484848486,0.12727272727272726,0.1393939393939394,0.0,0.0,0.3695266663273169,0.2643184595559667,0.3972559300704125,0.21746592627394565,0.3719691432323669,0.22527749678956766,3,minasbate,low_resource
1053,20.813953488372093,4.359776536312849,0.2122905027932961,0.17653631284916202,0.09385474860335195,0.15195530726256984,0.0,0.0,0.3788033455634965,0.2921216825680928,0.3957145338527232,0.24200167866522748,0.3802644927432334,0.2221238191093375,3,minasbate,low_resource
1054,5.32,4.6992481203007515,0.2706766917293233,0.42105263157894735,0.19548872180451127,0.07142857142857142,0.0,0.0,0.41231329698186187,0.3407424127490953,0.44791387998636506,0.3163391763671445,0.4048449854421319,0.3125651560238699,3,minasbate,low_resource
1055,15.04,4.472517730496454,0.22340425531914893,0.3182624113475177,0.1675531914893617,0.1356382978723404,0.0,0.0,0.4320035383370171,0.35637456486290575,0.4597540405734441,0.31220112513229414,0.4230086886539862,0.31813467022924924,3,minasbate,low_resource
1056,10.9625,4.346636259977195,0.23033067274800456,0.3215507411630559,0.1904218928164196,0.1402508551881414,0.0,0.0,0.37905653093851766,0.30729522753014005,0.41693430896579964,0.27277903515875207,0.3824916214008678,0.24075494350835,3,minasbate,low_resource
1057,11.705128205128204,4.472070098576123,0.21358159912376778,0.3603504928806134,0.1851040525739321,0.10733844468784227,0.0032858707557502738,0.0,0.4026597267242897,0.39632915366415644,0.46824293650291443,0.38308860652253945,0.38774511163767017,0.3125991520679776,3,minasbate,low_resource
1058,14.558823529411764,4.204040404040404,0.2202020202020202,0.33535353535353535,0.22626262626262628,0.10101010101010101,0.0,0.0,0.4188746880301852,0.36849157619062456,0.4380895126642258,0.3437456468738519,0.3809752029349455,0.3085544517985294,3,minasbate,low_resource
1059,14.106382978723405,4.295625942684766,0.248868778280543,0.29411764705882354,0.16138763197586728,0.13423831070889894,0.0,0.0,0.39576463291867336,0.32809403079122695,0.4023485489038855,0.28031718434026337,0.3948266918964952,0.29623569272034056,3,minasbate,low_resource
1060,14.458333333333334,4.1570605187319885,0.18011527377521613,0.3256484149855908,0.2420749279538905,0.10951008645533142,0.0345821325648415,0.0,0.39879093024449114,0.32649555682224796,0.382501548539307,0.28302123012518604,0.37484126585455324,0.2923090377758312,3,minasbate,low_resource
1061,9.472222222222221,4.316715542521994,0.19648093841642228,0.40762463343108507,0.187683284457478,0.12609970674486803,0.0,0.0,0.37306350624108886,0.3353703151505465,0.4076912921391919,0.25172002297954044,0.3912126140047769,0.28047865122586246,3,minasbate,low_resource
1062,9.886363636363637,4.334482758620689,0.20344827586206896,0.34597701149425286,0.2045977011494253,0.13908045977011493,0.0034482758620689655,0.0011494252873563218,0.422810390542326,0.35888598376054875,0.45105060664758845,0.3177258816433504,0.4111065615353644,0.261544516325107,3,minasbate,low_resource
1063,14.47887323943662,4.283073929961089,0.2140077821011673,0.3151750972762646,0.20136186770428016,0.10700389105058365,0.0,0.0,0.40047109915987966,0.3442860341581031,0.43931905508268404,0.2806590659694215,0.39734307086309967,0.2503314368196503,3,minasbate,low_resource
1064,18.466666666666665,4.231046931407942,0.20577617328519857,0.37184115523465705,0.16606498194945848,0.16606498194945848,0.0,0.0,0.40410867484225416,0.33033818964564327,0.43775263445251683,0.3051631100069355,0.3857583147585369,0.2580889963934634,3,minasbate,low_resource
1065,11.434782608695652,4.3726235741444865,0.19011406844106463,0.4448669201520912,0.13688212927756654,0.17110266159695817,0.0,0.0,0.35262198648253784,0.2437063019195118,0.3927938109604557,0.21296391082661772,0.3703505092313979,0.17116658556421432,3,minasbate,low_resource
1066,9.217391304347826,4.294811320754717,0.19811320754716982,0.3443396226415094,0.1650943396226415,0.09198113207547169,0.0,0.0,0.3913499143771162,0.3698730344239857,0.42108374041859137,0.29606213535940384,0.3837042276054468,0.3155531104636108,3,minasbate,low_resource
1067,10.306122448979592,4.231683168316832,0.2,0.4178217821782178,0.13663366336633664,0.13267326732673268,0.0,0.0039603960396039604,0.4067443924517935,0.3645087725583122,0.43021721519990547,0.33396482698749225,0.40532849757709194,0.28562338817248906,3,minasbate,low_resource
1068,9.763157894736842,4.525606469002695,0.1940700808625337,0.37735849056603776,0.1509433962264151,0.11590296495956873,0.0026954177897574125,0.0026954177897574125,0.3738755050458432,0.3296410106644935,0.3936192149600676,0.2446916893141899,0.3579356897162114,0.27431542824402333,3,minasbate,low_resource
1069,6.724137931034483,4.102564102564102,0.14358974358974358,0.4666666666666667,0.1641025641025641,0.06153846153846154,0.0,0.0,0.3676385421614454,0.2848495625738028,0.3676940986355849,0.20660417500604156,0.35150761824704163,0.2581158918777951,3,minasbate,low_resource
1070,10.752293577981652,4.239761092150171,0.19027303754266212,0.2781569965870307,0.17747440273037543,0.1356655290102389,0.043515358361774746,0.0,0.39570069530650676,0.3308048530244207,0.4397698886200924,0.272241780157066,0.3919260562368339,0.27953854586874133,3,minasbate,low_resource
1071,17.0,4.382352941176471,0.20261437908496732,0.477124183006536,0.17647058823529413,0.13071895424836602,0.0,0.0,0.3843849384423564,0.2849062506635484,0.39011086109041715,0.25043616406365354,0.3658853169381387,0.26073324149234023,3,minasbate,low_resource
1072,13.117647058823529,4.116591928251121,0.15695067264573992,0.34379671150971597,0.16292974588938713,0.14947683109118087,0.0,0.0,0.4106740591350546,0.3841111287589908,0.41403956630990824,0.28012523023876207,0.4221093176623298,0.35033921838131826,3,minasbate,low_resource
1073,9.851063829787234,4.444924406047516,0.22462203023758098,0.4017278617710583,0.18142548596112312,0.1511879049676026,0.0,0.0,0.39448060961572645,0.33260813264404593,0.41507642230579667,0.31087014086347636,0.40407930839046474,0.2706523311945718,3,minasbate,low_resource
1074,10.511111111111111,4.274841437632135,0.19873150105708245,0.3974630021141649,0.2029598308668076,0.12473572938689217,0.0,0.0,0.3940971995098944,0.3402684075463421,0.42524020829487325,0.3108602569919845,0.38137652385438675,0.2805169986186883,3,minasbate,low_resource
1075,15.5,4.207130730050934,0.15280135823429541,0.37860780984719866,0.23429541595925296,0.10526315789473684,0.0,0.0,0.3931839159474966,0.3490956757701871,0.4265279339409584,0.2929533867004221,0.3958036905582305,0.30891578422617405,3,minasbate,low_resource
1076,10.02,4.301397205588822,0.1596806387225549,0.3992015968063872,0.18363273453093812,0.12574850299401197,0.0,0.0,0.401183186617992,0.31815029810139106,0.418716248377925,0.3016049934857874,0.38263316471118897,0.2521320574688198,3,minasbate,low_resource
1077,9.48936170212766,4.060538116591928,0.18385650224215247,0.32286995515695066,0.19730941704035873,0.13228699551569506,0.002242152466367713,0.0,0.35345115922832165,0.2651051760421035,0.3918968828234037,0.24509135683670905,0.3560239277492127,0.2012278751549229,3,minasbate,low_resource
1078,11.8,4.450094161958568,0.2128060263653484,0.3747645951035782,0.1694915254237288,0.12994350282485875,0.0,0.0,0.4288441259252077,0.3782914021236687,0.442860045117482,0.32325620849454345,0.384843788393188,0.2991426772216087,3,minasbate,low_resource
1079,12.885714285714286,4.419068736141907,0.17960088691796008,0.36807095343680707,0.14412416851441243,0.13968957871396895,0.0,0.0,0.37651419475379444,0.3460004613585424,0.4155991290822445,0.29464155607649967,0.37018976588199737,0.27822164545881994,3,minasbate,low_resource
1080,13.07,4.062739097169089,0.1476664116296863,0.2486610558530987,0.19051262433052793,0.117061973986228,0.0,0.0,0.41223685272379235,0.3377467784050235,0.44056043708149906,0.30952902972848617,0.41567172535482344,0.31654364500726934,3,minasbate,low_resource
1081,12.15,4.209876543209877,0.19547325102880658,0.36419753086419754,0.19547325102880658,0.14609053497942387,0.0,0.0,0.3769184494860198,0.33102475483711585,0.40663231610605133,0.23438238009930443,0.3824037432148648,0.27517438185671084,3,minasbate,low_resource
1082,8.777777777777779,4.291139240506329,0.16772151898734178,0.46835443037974683,0.19936708860759494,0.10759493670886076,0.0,0.0,0.3988472674143523,0.34254892758610656,0.4348948722025885,0.31193786226131653,0.3786027709310616,0.2515953725432243,3,minasbate,low_resource
1083,4.833333333333333,3.853448275862069,0.13793103448275862,0.19827586206896552,0.16091954022988506,0.08620689655172414,0.0,0.0,0.27648226090960143,0.17731997465248364,0.2781542959837607,0.16045554557819444,0.22841571906178568,0.15616800914064582,3,minasbate,low_resource
1084,12.413793103448276,4.475,0.2222222222222222,0.425,0.16944444444444445,0.10833333333333334,0.0,0.0,0.4284875407383249,0.31504335259355615,0.4307300967275456,0.2502487256368853,0.4090170688319646,0.28411910730319057,3,minasbate,low_resource
1085,13.066666666666666,4.377551020408164,0.21173469387755103,0.42857142857142855,0.18877551020408162,0.09693877551020408,0.00510204081632653,0.0,0.3747062828048897,0.2135526941548446,0.3747729693119086,0.19974633005200595,0.3878977976410532,0.19993855225588827,3,minasbate,low_resource
1086,14.103896103896103,4.523020257826888,0.2292817679558011,0.31583793738489874,0.1869244935543278,0.12430939226519337,0.0,0.0,0.41475218704902594,0.3492025600837925,0.4385262458696437,0.29433664439968193,0.41000368184134944,0.3048464555171113,3,minasbate,low_resource
1087,17.022727272727273,3.94392523364486,0.09479305740987984,0.31108144192256343,0.14552736982643524,0.1588785046728972,0.0,0.0,0.41346123748336844,0.37535999819158156,0.42945891703881167,0.32979432517874635,0.40889797133218453,0.3233851650491282,3,minasbate,low_resource
1088,9.714285714285714,4.283613445378151,0.21638655462184875,0.33403361344537813,0.17857142857142858,0.10714285714285714,0.004201680672268907,0.0,0.37080537578468725,0.2889910660522137,0.41428372899432353,0.2892890305116423,0.3654375874317439,0.23570543276359807,3,minasbate,low_resource
1089,6.867647058823529,4.505353319057816,0.1841541755888651,0.3811563169164882,0.22698072805139186,0.07922912205567452,0.0,0.0,0.4228933572954208,0.3482630444227525,0.447497463221049,0.2731868908859774,0.4032326775897632,0.29072062549378697,3,minasbate,low_resource
1090,12.375,4.474747474747475,0.20202020202020202,0.5454545454545454,0.2222222222222222,0.04040404040404041,0.0,0.0,0.350418180266738,0.28414058362295985,0.37197763230742215,0.28065403033707265,0.30471853742824595,0.2494114388684716,3,minasbate,low_resource
1091,14.11111111111111,4.199475065616798,0.17191601049868765,0.33070866141732286,0.21916010498687663,0.13385826771653545,0.0,0.0,0.41006915363907503,0.3134843031212222,0.43747181385390016,0.30883792802450916,0.41726511643323344,0.2746842580811935,3,minasbate,low_resource
1092,10.7,4.271028037383178,0.205607476635514,0.39953271028037385,0.1425233644859813,0.1588785046728972,0.0,0.0,0.40815742487128037,0.3370251222167117,0.4179595454008525,0.25455721164181777,0.40514764558249766,0.2673065829757022,3,minasbate,low_resource
1093,10.08974358974359,4.365946632782719,0.17916137229987295,0.386277001270648,0.16264294790343076,0.10546378653113088,0.007623888182973317,0.0012706480304955528,0.4042815301554472,0.3601350594699424,0.4292021218946508,0.31336683453129066,0.3820078272806276,0.3232949022655938,3,minasbate,low_resource
1094,12.355555555555556,4.2086330935251794,0.18705035971223022,0.36510791366906475,0.22482014388489208,0.16007194244604317,0.0,0.0,0.41091965335101394,0.3201695781563004,0.4467093909241731,0.2617644546922021,0.42028122428451475,0.25612424216825763,3,minasbate,low_resource
1095,11.181818181818182,3.964769647696477,0.11246612466124661,0.2859078590785908,0.1910569105691057,0.13956639566395665,0.0,0.0,0.4067963834194984,0.3100248247176486,0.43167939703551067,0.27100379947270953,0.4026040090399458,0.27811547672271286,3,minasbate,low_resource
1096,12.461538461538462,4.25,0.18209876543209877,0.44135802469135804,0.17592592592592593,0.11419753086419752,0.0,0.0,0.3591868101087985,0.31263682233072626,0.4001010862453567,0.2680290126638811,0.3988069455950987,0.32655959593655115,3,minasbate,low_resource
1097,5.944444444444445,4.5327102803738315,0.22429906542056074,0.5514018691588785,0.16355140186915887,0.09813084112149532,0.028037383177570093,0.0,0.3827527976810677,0.28671437835783714,0.42406563755060556,0.24601040820888054,0.37176478709490196,0.23572400578723388,3,minasbate,low_resource
1098,11.591836734693878,4.617957746478873,0.198943661971831,0.43133802816901406,0.15316901408450703,0.125,0.007042253521126761,0.0,0.3986215439715766,0.36268610217021846,0.44089082947580993,0.32409351140883147,0.39363327348130583,0.27645063213634824,3,minasbate,low_resource
1099,10.095238095238095,4.584905660377358,0.23113207547169812,0.5518867924528302,0.1650943396226415,0.08018867924528301,0.0,0.0,0.3761576341133645,0.35279169523718035,0.3950207493411483,0.33521228030230504,0.37944835697211726,0.34517884309054064,3,minasbate,low_resource
1100,12.917808219178083,4.065747613997879,0.17179215270413573,0.33934252386002123,0.1919406150583245,0.10604453870625663,0.005302226935312832,0.0010604453870625664,0.4357161247393321,0.35218744195434326,0.4288570896311385,0.3094912751553922,0.406499142599649,0.324575838540394,3,minasbate,low_resource
1101,8.966666666666667,4.4275092936802976,0.1970260223048327,0.36059479553903345,0.1412639405204461,0.1449814126394052,0.0,0.0,0.35280296919547854,0.29247725978219924,0.35804428716019127,0.2337938175487813,0.3548913878089094,0.24450756708476146,3,minasbate,low_resource
1102,12.72,5.0251572327044025,0.27672955974842767,0.5817610062893082,0.10377358490566038,0.1320754716981132,0.0,0.0,0.42330772478249895,0.3670711408215329,0.44975645832478534,0.37519259244380876,0.41478378356423207,0.27461411304111544,3,minasbate,low_resource
1103,10.44,4.513409961685824,0.21455938697318008,0.4329501915708812,0.12643678160919541,0.17049808429118773,0.0,0.0,0.40961919241492956,0.32934749723250095,0.42872836986059876,0.31624092455772074,0.4001908522541449,0.24208178132794836,3,minasbate,low_resource
1104,9.096774193548388,3.99645390070922,0.14184397163120568,0.3829787234042553,0.1950354609929078,0.1099290780141844,0.0,0.0,0.3478136093636002,0.28377419350004085,0.35997168961138515,0.21771048739654786,0.3394482839199607,0.28623409772911984,3,minasbate,low_resource
1105,9.565217391304348,4.297727272727273,0.22045454545454546,0.3613636363636364,0.22045454545454546,0.12272727272727273,0.0,0.0,0.3644088484838583,0.28595404452493406,0.39384938043297724,0.2617236152707945,0.3759059701415863,0.23756697867868148,3,minasbate,low_resource
1106,10.65,4.359154929577465,0.2112676056338028,0.431924882629108,0.18779342723004694,0.11502347417840375,0.0,0.0,0.40392421409761275,0.33310043427767133,0.4307812651244231,0.3010668021518616,0.40573493229092555,0.2665041018077224,3,minasbate,low_resource
1107,7.611111111111111,4.321167883211679,0.19708029197080293,0.5,0.1678832116788321,0.12773722627737227,0.0036496350364963502,0.0,0.42188312197370104,0.3674595223395788,0.4215605418083792,0.30631953705920256,0.40334240678424704,0.31065104484869144,3,minasbate,low_resource
1108,10.73076923076923,4.32078853046595,0.18996415770609318,0.3906810035842294,0.20430107526881722,0.13082437275985664,0.0,0.0,0.4384422405905502,0.37064386517479375,0.4505725975288094,0.3179655569678594,0.41003702170646245,0.30310558131016724,3,minasbate,low_resource
1109,10.465116279069768,4.366666666666666,0.2088888888888889,0.39111111111111113,0.20222222222222222,0.10666666666666667,0.0,0.0,0.37715313489327495,0.30635681323138747,0.39891745103590764,0.27240734753790535,0.3561585974982033,0.27737535294960686,3,minasbate,low_resource
1110,14.851851851851851,4.379052369077307,0.2194513715710723,0.44139650872817954,0.18952618453865336,0.10723192019950124,0.0,0.0,0.4046234311898484,0.31280156905667217,0.43522853835459746,0.3047498686064646,0.3891534420709064,0.2540884248172601,3,minasbate,low_resource
1111,13.727272727272727,4.262693156732892,0.19205298013245034,0.2836644591611479,0.22958057395143489,0.10264900662251655,0.0,0.0,0.43344668666545116,0.41248182775079684,0.43976367034758174,0.3242748715397692,0.4288820515409366,0.3444344178568836,3,minasbate,low_resource
1112,6.928571428571429,4.082474226804123,0.15463917525773196,0.5773195876288659,0.13402061855670103,0.08247422680412371,0.0,0.0,0.3269942276918376,0.20740950876548067,0.33570715097504955,0.1596364800486406,0.3389450527657521,0.19001261930980404,3,minasbate,low_resource
1113,10.25974025974026,4.008860759493671,0.13164556962025317,0.2873417721518987,0.16075949367088607,0.1468354430379747,0.0,0.0,0.41854611097184374,0.3837020132991322,0.4346034456176369,0.310361155419781,0.4023805007200902,0.3180998575518587,3,minasbate,low_resource
1114,12.595744680851064,4.3125,0.19594594594594594,0.36993243243243246,0.19932432432432431,0.10472972972972973,0.0,0.0,0.3738229363395522,0.31274796821940276,0.39791125521999604,0.292345067231329,0.3798262220461038,0.2710127350569278,3,minasbate,low_resource
1115,5.64935064935065,4.774712643678161,0.2367816091954023,0.4436781609195402,0.11494252873563218,0.13333333333333333,0.0,0.0,0.3976059664122107,0.2890064947193888,0.4481739570426658,0.32832511133651343,0.37407458138387245,0.22373680441956628,3,minasbate,low_resource
1116,13.529411764705882,4.371739130434783,0.16956521739130434,0.3869565217391304,0.18695652173913044,0.12173913043478261,0.0,0.0,0.396031913979681,0.3791191377414032,0.40232670575321317,0.2883354865455867,0.37765312885770935,0.33084175368348234,3,minasbate,low_resource
1117,15.163636363636364,4.473621103117506,0.2290167865707434,0.3369304556354916,0.1606714628297362,0.15947242206235013,0.002398081534772182,0.0,0.3864958132543306,0.35912944385324413,0.42398054406548363,0.28308651539143265,0.37692074749241633,0.24424113789951057,3,minasbate,low_resource
1118,7.628571428571429,4.284644194756554,0.14606741573033707,0.352059925093633,0.21348314606741572,0.10486891385767791,0.0,0.0,0.40633689732722245,0.36804944655087446,0.42368297727568,0.3148824383047318,0.3939747080005583,0.35122336613901933,3,minasbate,low_resource
1119,8.263157894736842,4.598726114649682,0.1910828025477707,0.445859872611465,0.16560509554140126,0.050955414012738856,0.0,0.0,0.36245034206972443,0.3332374635525764,0.35962522491759696,0.2811233820682085,0.3811618384334447,0.33527658695266993,1,karay-a,low_resource
1120,13.0,4.230769230769231,0.17582417582417584,0.5164835164835165,0.08791208791208792,0.06593406593406594,0.0,0.0,0.2817978697296011,0.2285182585140342,0.2500743251858192,0.23446927088768327,0.2733947106559206,0.2595810056184605,1,karay-a,low_resource
1121,13.666666666666666,4.2682926829268295,0.2682926829268293,0.5609756097560976,0.3170731707317073,0.07317073170731707,0.0,0.0,0.2663881705243284,0.14544642843794195,0.2728930787508752,0.09916727893954906,0.2550503376798185,0.0866615459873217,1,karay-a,low_resource
1122,7.421052631578948,4.404255319148936,0.1702127659574468,0.3049645390070922,0.04964539007092199,0.04964539007092199,0.0,0.0,0.3044017929939001,0.27898366800097324,0.28133330075554047,0.2545437511804712,0.2997069757534296,0.28767312840387854,1,karay-a,low_resource
1123,9.157894736842104,4.103448275862069,0.10919540229885058,0.367816091954023,0.07471264367816093,0.07471264367816093,0.040229885057471264,0.0,0.34009721712758867,0.3114132696414928,0.3645383149237637,0.2868512831267249,0.3584139546866722,0.33057222160629834,1,karay-a,low_resource
1124,12.894736842105264,4.518367346938776,0.19183673469387755,0.3795918367346939,0.11020408163265306,0.12244897959183673,0.0,0.0,0.4274421062961154,0.3753530365895579,0.4246518496714774,0.3461708283589562,0.42509279848395326,0.3630255611070742,1,karay-a,low_resource
1125,7.2,5.138888888888889,0.3194444444444444,0.5694444444444444,0.18055555555555555,0.013888888888888888,0.0,0.0,0.25863255617352293,0.2014523955468015,0.2884743851831984,0.21871819189856653,0.26575421528749804,0.23123228465672513,1,karay-a,low_resource
1126,8.307692307692308,3.675925925925926,0.1111111111111111,0.35185185185185186,0.16666666666666666,0.2037037037037037,0.0,0.0,0.3074520016926355,0.2535018973469974,0.3256201520131533,0.2564662932032758,0.3073351456296365,0.2001547105821134,1,karay-a,low_resource
1127,8.7,4.689655172413793,0.19540229885057472,0.47126436781609193,0.12643678160919541,0.034482758620689655,0.0,0.0,0.3428463858474523,0.25630343432691494,0.30690318305605335,0.20462426057867855,0.35690589979994763,0.248690518657785,1,karay-a,low_resource
1128,8.461538461538462,4.581818181818182,0.19090909090909092,0.45454545454545453,0.18181818181818182,0.05454545454545454,0.00909090909090909,0.0,0.2529295711268899,0.16081754390653472,0.2359684304760327,0.16318777063770248,0.2556081348662204,0.13893619657755563,1,karay-a,low_resource
1129,5.9411764705882355,3.924092409240924,0.12871287128712872,0.3069306930693069,0.10561056105610561,0.056105610561056105,0.0891089108910891,0.0,0.3022136602063748,0.2791047573004422,0.3042507351049056,0.28025205482609933,0.3341486466192204,0.3057930313985823,1,karay-a,low_resource
1130,6.6,4.681818181818182,0.18181818181818182,0.5909090909090909,0.045454545454545456,0.09090909090909091,0.0,0.0,0.3627993843634334,0.31489378013986513,0.3760130650613663,0.29624368466147105,0.3714553911251719,0.25992236588923634,1,karay-a,low_resource
1131,5.222222222222222,4.9787234042553195,0.2127659574468085,0.44680851063829785,0.0425531914893617,0.0,0.0,0.0,0.3175649367203507,0.21377039897573846,0.30334466047117453,0.2063094229026127,0.32180222340238473,0.22256254559819497,1,karay-a,low_resource
1132,9.384615384615385,4.754098360655738,0.21311475409836064,0.4672131147540984,0.07377049180327869,0.10655737704918032,0.0,0.0,0.39602855631051864,0.3463060885337749,0.3729866034709884,0.27896238131190965,0.4079180784617326,0.3463270136442889,1,karay-a,low_resource
1133,11.545454545454545,4.677165354330708,0.1732283464566929,0.49606299212598426,0.11811023622047244,0.07086614173228346,0.0,0.0,0.36856834757451634,0.2792492792982137,0.3790231721115811,0.2652499581707277,0.3749516181339663,0.2567397136636714,1,karay-a,low_resource
1134,8.875,4.225352112676056,0.11267605633802817,0.4647887323943662,0.2112676056338028,0.056338028169014086,0.0,0.0,0.29185095509396486,0.22776390554849363,0.2889273705644542,0.25093005625941617,0.27591455440229856,0.23157996515464735,1,karay-a,low_resource
1135,6.857142857142857,4.333333333333333,0.16666666666666666,0.6041666666666666,0.1875,0.0625,0.0,0.0,0.3254440788844634,0.26895935567065504,0.3544777807836056,0.27861922306193554,0.32045084339530017,0.2370473737166373,1,karay-a,low_resource
1136,5.944444444444445,5.05607476635514,0.205607476635514,0.5420560747663551,0.04672897196261682,0.07476635514018691,0.0,0.0,0.37682340869190195,0.34441139489155453,0.37819843047754176,0.31348512705089426,0.39284694334289527,0.38163948811499016,1,karay-a,low_resource
1137,7.846153846153846,4.823529411764706,0.17647058823529413,0.4117647058823529,0.10784313725490197,0.0196078431372549,0.0,0.0,0.33568134443133146,0.3224714980976121,0.33292433706490865,0.29178301879758123,0.3265239281171246,0.28941763496321776,1,karay-a,low_resource
1138,8.3,5.036144578313253,0.1927710843373494,0.6024096385542169,0.08433734939759036,0.04819277108433735,0.0,0.0,0.33182083999185724,0.25169154203622807,0.31693312982352906,0.23583530484694226,0.3354043945665023,0.2861362917983884,1,karay-a,low_resource
1139,9.15,4.53551912568306,0.15846994535519127,0.43169398907103823,0.1092896174863388,0.03278688524590164,0.0,0.0,0.3520021320754493,0.23253520959217466,0.3600492091436472,0.20997068815973013,0.37222812680722456,0.2409083856747976,1,karay-a,low_resource
1140,3.5294117647058822,5.483333333333333,0.38333333333333336,0.4666666666666667,0.05,0.016666666666666666,0.0,0.0,0.27124907236108775,0.13412969390957993,0.2806733350237611,0.14051165455705864,0.266411285050996,0.1115207693589354,1,karay-a,low_resource
1141,3.9166666666666665,4.531914893617022,0.14893617021276595,0.6595744680851063,0.0,0.0851063829787234,0.0,0.0,0.3369236141811801,0.24129659667090347,0.33489257810802847,0.23834393744734172,0.33341457799221963,0.24409186143672876,1,karay-a,low_resource
1142,6.2,4.548387096774194,0.2903225806451613,0.23655913978494625,0.17204301075268819,0.0967741935483871,0.0,0.0,0.30073900026178824,0.16050476096340577,0.2902184259536558,0.19472159536427228,0.30667528370646613,0.14739371535429277,1,karay-a,low_resource
1143,11.444444444444445,5.12621359223301,0.21359223300970873,0.4368932038834951,0.10679611650485436,0.05825242718446602,0.0,0.0,0.3347553115058569,0.21632615583721157,0.3350991206217945,0.23136645699132305,0.342725186664046,0.2376981315055932,1,karay-a,low_resource
1144,9.090909090909092,4.9,0.26,0.47,0.14,0.1,0.0,0.0,0.2992953241359315,0.23430715986749565,0.32348126182028025,0.25495971633901054,0.3247056041383127,0.20783825031004743,1,karay-a,low_resource
1145,9.25,4.5027027027027025,0.2702702702702703,0.2702702702702703,0.12432432432432433,0.08648648648648649,0.0,0.0,0.3402787353149263,0.25188211195221577,0.34077890493736784,0.23661638785436306,0.34963259612692593,0.2727843978911087,1,karay-a,low_resource
1146,4.235294117647059,5.263888888888889,0.3194444444444444,0.4305555555555556,0.027777777777777776,0.1111111111111111,0.0,0.0,0.27516137965038556,0.22766399774146434,0.286509593490146,0.21078723233614707,0.27174268969469756,0.2001723670035381,1,karay-a,low_resource
1147,8.25,4.5227272727272725,0.23863636363636365,0.3977272727272727,0.1856060606060606,0.12878787878787878,0.0,0.0,0.3857884071968939,0.28024283015521323,0.3814613520730017,0.31713509597381084,0.40214836045244895,0.3058928546840926,1,karay-a,low_resource
1148,5.714285714285714,4.4875,0.1125,0.325,0.15,0.0,0.0,0.0,0.3289612776160088,0.17710581453997334,0.3433547579450369,0.16731018297891903,0.3518685837056954,0.15407866588797076,1,karay-a,low_resource
1149,9.666666666666666,4.482758620689655,0.14655172413793102,0.5258620689655172,0.1724137931034483,0.07758620689655173,0.0,0.0,0.3515222363130762,0.30227889816855236,0.3757270084800572,0.26320132016498565,0.35274177570653914,0.30532876693598543,1,karay-a,low_resource
1150,16.142857142857142,4.946902654867257,0.2743362831858407,0.5221238938053098,0.1415929203539823,0.061946902654867256,0.0,0.0,0.3698426783418947,0.28683572149546016,0.40215553378061847,0.30328785220513865,0.38485300489991736,0.279429221662732,1,karay-a,low_resource
1151,8.0,4.763888888888889,0.18055555555555555,0.5,0.18055555555555555,0.08333333333333333,0.0,0.0,0.268883719975298,0.1440297134703243,0.24897129768650123,0.13859413842255408,0.2701470779968354,0.10694007148931355,1,karay-a,low_resource
1152,31.0,3.870967741935484,0.12903225806451613,0.5806451612903226,0.25806451612903225,0.0,0.0,0.0,0.2076041669961337,0.1360658843043053,0.181011018339197,0.14180173776065302,0.1886638582138693,0.11859288228993532,1,karay-a,low_resource
1153,6.625,3.7547169811320753,0.05660377358490566,0.32075471698113206,0.1509433962264151,0.22641509433962265,0.0,0.0,0.2606418032356939,0.15815915499949654,0.2495022530777395,0.15259985785841235,0.2436217419757249,0.11815308529359415,1,karay-a,low_resource
1154,6.555555555555555,6.016949152542373,0.4067796610169492,0.4745762711864407,0.03389830508474576,0.03389830508474576,0.0,0.0,0.3065585187147715,0.22782309762565064,0.2858966889535505,0.21398264781299273,0.2706255312241596,0.2037290452096647,1,karay-a,low_resource
1155,10.0,3.8,0.16666666666666666,0.4222222222222222,0.28888888888888886,0.37777777777777777,0.0,0.0,0.28323385651447563,0.1766298488218082,0.27335353476095514,0.16735783218428182,0.28033518238486654,0.17713207388607854,1,karay-a,low_resource
1156,5.461538461538462,4.380281690140845,0.22535211267605634,0.6056338028169014,0.1267605633802817,0.1267605633802817,0.0,0.0,0.2726824965204375,0.11880863068619309,0.27306110735730865,0.1212701691270543,0.23461054416294938,0.11488986627711621,1,karay-a,low_resource
1157,5.111111111111111,4.391304347826087,0.08695652173913043,0.6521739130434783,0.043478260869565216,0.08695652173913043,0.0,0.0,0.2847448970519555,0.23216155627301766,0.3042462627320236,0.21158952113341742,0.30062264140466205,0.2881566151186136,1,karay-a,low_resource
1158,10.555555555555555,5.157894736842105,0.3157894736842105,0.45263157894736844,0.09473684210526316,0.021052631578947368,0.0,0.0,0.3408510452318782,0.2634412043956222,0.3641124535084006,0.28088393206683987,0.3541585034364256,0.22224804941061846,1,karay-a,low_resource
1159,3.5,5.642857142857143,0.35714285714285715,0.75,0.0,0.03571428571428571,0.0,0.0,0.34468672850997045,0.2549607134248924,0.3544347812539082,0.29964525851792617,0.3688128909664422,0.2573051929130966,1,karay-a,low_resource
1160,5.0,4.328571428571428,0.21428571428571427,0.4714285714285714,0.18571428571428572,0.014285714285714285,0.0,0.0,0.2631788555549302,0.1606014917656992,0.27612474703354534,0.2177070365238867,0.2693212478608185,0.14309201229521532,1,karay-a,low_resource
1161,7.85,4.305732484076433,0.17834394904458598,0.4140127388535032,0.07643312101910828,0.044585987261146494,0.0,0.0,0.32137557976726555,0.3057284653382953,0.3372655678985616,0.3341330368383285,0.33833809694269557,0.2628130256131616,1,karay-a,low_resource
1162,5.818181818181818,4.1875,0.125,0.578125,0.078125,0.203125,0.0,0.0,0.26376285020198054,0.1706362944494381,0.2632796725888082,0.1593276321625818,0.24142225123670913,0.17052901471698112,1,karay-a,low_resource
1163,4.8125,4.402597402597403,0.1038961038961039,0.6233766233766234,0.1038961038961039,0.15584415584415584,0.0,0.0,0.2774285811335673,0.17699181772630138,0.30539889932811914,0.19495749057318598,0.2923232971224334,0.1541600990114532,1,karay-a,low_resource
1164,6.090909090909091,4.7388059701492535,0.11194029850746269,0.4552238805970149,0.05223880597014925,0.05970149253731343,0.0,0.0,0.30523339197575833,0.20859164416237605,0.3112640633811531,0.2335891276594297,0.3204721280507442,0.24536568437463163,1,karay-a,low_resource
1165,6.777777777777778,5.213114754098361,0.18032786885245902,0.4426229508196721,0.16393442622950818,0.14754098360655737,0.01639344262295082,0.0,0.2557893639146536,0.09136491845614611,0.26000687343599493,0.1388125482448926,0.2515278148150465,0.08498696901737242,1,karay-a,low_resource
1166,6.666666666666667,4.615,0.22,0.405,0.18,0.075,0.0,0.0,0.34251104545827654,0.310932716038861,0.37410064252671116,0.2934138854669075,0.36150152836747357,0.23149909194898413,1,karay-a,low_resource
1167,3.107142857142857,5.482758620689655,0.13793103448275862,0.3793103448275862,0.034482758620689655,0.011494252873563218,0.022988505747126436,0.0,0.2380488254438771,0.1357158937478804,0.21892035775476512,0.14926575991623023,0.2364561924632386,0.1233451091266398,1,karay-a,low_resource
1168,8.44186046511628,4.641873278236915,0.21212121212121213,0.465564738292011,0.1322314049586777,0.049586776859504134,0.005509641873278237,0.0,0.4209665509876305,0.3196013332758964,0.4234188207380345,0.3219399917225786,0.43115212002157993,0.3508384861401877,1,karay-a,low_resource
1169,5.857142857142857,5.024390243902439,0.14634146341463414,0.4146341463414634,0.1951219512195122,0.12195121951219512,0.0,0.0,0.33576025671974247,0.22196770392804901,0.3313893396886545,0.19982842569417314,0.3680438472635832,0.20601522737558486,1,karay-a,low_resource
1170,7.0,4.423076923076923,0.23626373626373626,0.4010989010989011,0.1978021978021978,0.08241758241758242,0.0,0.0,0.362968679586024,0.31778289381707026,0.3877982253498437,0.30128284679311296,0.38761449886288984,0.2945943624179429,1,karay-a,low_resource
1171,9.375,4.586666666666667,0.18666666666666668,0.5733333333333334,0.14666666666666667,0.13333333333333333,0.0,0.0,0.3435723429053688,0.24234696272207942,0.3564858149704624,0.20061946167531888,0.3374613592915773,0.28178992387231483,1,karay-a,low_resource
1172,5.333333333333333,4.75,0.2916666666666667,0.4166666666666667,0.20833333333333334,0.16666666666666666,0.0,0.041666666666666664,0.27344932178342596,0.12092423161549534,0.2604599169728257,0.1321511949667237,0.23450549470884285,0.0697804479327992,1,karay-a,low_resource
1173,4.0,4.282608695652174,0.2391304347826087,0.41304347826086957,0.22826086956521738,0.05434782608695652,0.0,0.0,0.2569525143286244,0.1756283472955508,0.25358608872817445,0.20155470486659524,0.2374542504041255,0.20210114466919094,1,karay-a,low_resource
1174,5.833333333333333,4.442857142857143,0.17142857142857143,0.5428571428571428,0.1357142857142857,0.07857142857142857,0.0,0.0,0.4013434283579374,0.358127742149215,0.38206449571255735,0.3092550931538175,0.40180351638774686,0.3551192911568395,1,karay-a,low_resource
1175,13.583333333333334,4.533742331288344,0.1901840490797546,0.43558282208588955,0.2085889570552147,0.1411042944785276,0.0,0.0,0.304054201127925,0.19727894802433427,0.33385717486511257,0.17622004008379383,0.3237639365577877,0.19694302536063335,1,karay-a,low_resource
1176,24.0,4.416666666666667,0.1875,0.6875,0.1875,0.020833333333333332,0.0,0.0,0.2888933052273708,0.195309776279593,0.3169027998318216,0.20395483834759812,0.30157181301643093,0.18499654450439626,1,karay-a,low_resource
1177,6.111111111111111,4.381818181818182,0.10909090909090909,0.6181818181818182,0.09090909090909091,0.10909090909090909,0.0,0.0,0.2843510931790775,0.21299975428306261,0.2933170314474865,0.2294642208398116,0.2967124901586139,0.1916341704668538,1,karay-a,low_resource
1178,6.894736842105263,4.290076335877862,0.1297709923664122,0.2900763358778626,0.16030534351145037,0.10687022900763359,0.0,0.0,0.29345480980151356,0.22329533824779146,0.2732369546251241,0.18476652776849403,0.32189157501160476,0.28396680246733197,1,karay-a,low_resource
1179,9.130434782608695,4.780952380952381,0.2761904761904762,0.5190476190476191,0.16666666666666666,0.0761904761904762,0.0,0.0,0.41390700756455273,0.3221260399774625,0.4183380280126665,0.325820025128301,0.4079322071210188,0.3567449363823984,2,karay-a,low_resource
1180,8.26086956521739,4.1421052631578945,0.13157894736842105,0.24210526315789474,0.10526315789473684,0.05263157894736842,0.0,0.005263157894736842,0.3861642239673769,0.358166975479743,0.356088492994736,0.25127427184393203,0.4019199664869783,0.3703371504568855,2,karay-a,low_resource
1181,7.411764705882353,4.555555555555555,0.21428571428571427,0.5396825396825397,0.10317460317460317,0.06349206349206349,0.0,0.0,0.3510126816263024,0.35783642811410216,0.3594259916214324,0.3051049212443599,0.3639997294106574,0.34431644712128767,2,karay-a,low_resource
1182,6.0588235294117645,4.194174757281553,0.05825242718446602,0.20388349514563106,0.18446601941747573,0.0970873786407767,0.0,0.0,0.19582532529517524,0.12138757327683894,0.19805584822613082,0.11264005107680841,0.19288413318318004,0.07424784618798592,2,karay-a,low_resource
1183,14.428571428571429,4.02970297029703,0.0891089108910891,0.38613861386138615,0.22772277227722773,0.009900990099009901,0.0,0.0,0.2976345107129377,0.18629382231466332,0.2968182887926703,0.16685312495187368,0.31693929479639604,0.1815273102692921,2,karay-a,low_resource
1184,5.166666666666667,5.080645161290323,0.25806451612903225,0.5161290322580645,0.016129032258064516,0.016129032258064516,0.0,0.0,0.3221679925292745,0.23048665461668338,0.30366963769705146,0.22780558829505274,0.3008250612321964,0.22170289651660782,2,karay-a,low_resource
1185,14.551724137931034,4.464454976303317,0.2014218009478673,0.35308056872037913,0.09004739336492891,0.08767772511848342,0.0,0.0,0.4183461788924517,0.43321230973118313,0.4202994923422961,0.3692145195434811,0.42493969480624194,0.4472220614283348,2,karay-a,low_resource
1186,6.888888888888889,4.521505376344086,0.15591397849462366,0.46236559139784944,0.13978494623655913,0.10215053763440861,0.0,0.0,0.41764644963797465,0.3100725071944744,0.4060275518244205,0.30950885810746,0.42638450229520525,0.34187297866761457,2,karay-a,low_resource
1187,7.943396226415095,4.72209026128266,0.22802850356294538,0.38954869358669836,0.12351543942992874,0.08076009501187649,0.0,0.0,0.4494725275581934,0.37182697799039577,0.44430245449601247,0.3576704211676681,0.4350748490374912,0.36331410400927916,2,karay-a,low_resource
1188,12.183673469387756,4.576214405360134,0.18257956448911222,0.39865996649916247,0.1407035175879397,0.10385259631490787,0.0,0.0,0.41763479480696364,0.38004010934103,0.3893890358177012,0.30727367451854193,0.4367650908930753,0.39885721362764615,2,karay-a,low_resource
1189,11.166666666666666,4.452025586353945,0.19189765458422176,0.29850746268656714,0.15778251599147122,0.13326226012793177,0.0042643923240938165,0.0,0.44856663126604507,0.40372126745118764,0.45604934312603934,0.31533826612019467,0.44778409109760786,0.3934442658636631,2,karay-a,low_resource
1190,8.2,5.065040650406504,0.3170731707317073,0.4715447154471545,0.06504065040650407,0.0975609756097561,0.0,0.0,0.3347445408882914,0.325285486879182,0.3164061048806719,0.28712822511350433,0.3138389573024883,0.2802562567969101,2,karay-a,low_resource
1191,10.277777777777779,4.805405405405406,0.24864864864864866,0.572972972972973,0.10810810810810811,0.10810810810810811,0.0,0.0,0.3867554586467199,0.35493143896023144,0.40977253082692194,0.3569640500271167,0.4018724975247123,0.3543232371595678,2,karay-a,low_resource
1192,6.0,4.2555555555555555,0.16666666666666666,0.49444444444444446,0.15555555555555556,0.13333333333333333,0.011111111111111112,0.0,0.3444424279499318,0.26194223829148594,0.3658491727868015,0.21632947653940454,0.36657881483334703,0.24730399142954437,2,karay-a,low_resource
1193,9.81159420289855,4.623338257016248,0.23190546528803546,0.35302806499261447,0.13884785819793205,0.09896602658788774,0.0,0.0,0.4179600843092427,0.382138929320386,0.4271984576880003,0.37383343539324915,0.4347956860238599,0.37614719298613064,2,karay-a,low_resource
1194,10.0,4.9,0.2,0.9,0.1,0.0,0.0,0.0,0.22614834591271504,0.1116937170285813,0.24388473504834818,0.14725112298380827,0.24763740990677996,0.12103306147587675,2,karay-a,low_resource
1195,7.705882352941177,4.927480916030534,0.25572519083969464,0.48091603053435117,0.12213740458015267,0.05343511450381679,0.0,0.0,0.39936116331671634,0.33018653356686545,0.39058363484523195,0.2887550760003093,0.3723044903297198,0.3274300067094718,2,karay-a,low_resource
1196,10.096774193548388,4.865814696485623,0.20766773162939298,0.4440894568690096,0.06070287539936102,0.12140575079872204,0.0,0.0,0.3538232872863403,0.3567714972703722,0.3702671421089219,0.30800621231033976,0.3613280948735038,0.3847582157716751,2,karay-a,low_resource
1197,4.921052631578948,4.481283422459893,0.1925133689839572,0.49732620320855614,0.11229946524064172,0.09090909090909091,0.0,0.0,0.41730872008765424,0.3521975133336641,0.4249606780383868,0.37587564149193387,0.4158491480677126,0.3412177379088513,2,karay-a,low_resource
1198,9.21875,4.715254237288136,0.2135593220338983,0.42033898305084744,0.14915254237288136,0.07457627118644068,0.0,0.0,0.361396195159904,0.32918570308110345,0.3889226870709042,0.29638166260022086,0.38488844491529484,0.34383842055142666,2,karay-a,low_resource
1199,5.928571428571429,4.506024096385542,0.18072289156626506,0.4819277108433735,0.10843373493975904,0.14457831325301204,0.0,0.0,0.3433730039802916,0.2262005150922912,0.3540068809839042,0.22078217516186274,0.31324752133618866,0.21588860060252849,2,karay-a,low_resource
1200,6.666666666666667,4.77,0.2,0.51,0.07,0.07,0.01,0.0,0.34990820705406644,0.3085387414660341,0.327069448822958,0.29582673093158934,0.3191474480779478,0.3261793429373993,2,karay-a,low_resource
1201,7.761904761904762,4.110429447852761,0.17177914110429449,0.44785276073619634,0.10429447852760736,0.15950920245398773,0.0,0.0,0.36734030158736025,0.27718007557234825,0.36182530626908965,0.2831712681167481,0.38046911418315016,0.3219219731970644,2,karay-a,low_resource
1202,7.702702702702703,4.364912280701755,0.1649122807017544,0.34385964912280703,0.18947368421052632,0.0456140350877193,0.0035087719298245615,0.0,0.3769021966251395,0.29093671059076126,0.3540797892778339,0.244862715338776,0.3722584230088531,0.25742245671727737,2,karay-a,low_resource
1203,10.0,4.4,0.1,0.9,0.1,0.0,0.0,0.0,0.17636186475894883,0.10447827357598416,0.1921561429395046,0.14117606567300917,0.20121029157946224,0.13316739817237358,2,karay-a,low_resource
1204,8.916666666666666,4.485981308411215,0.24299065420560748,0.3644859813084112,0.11214953271028037,0.12149532710280374,0.009345794392523364,0.0,0.3350587002913667,0.2846132878685641,0.33189703892352324,0.217465330504439,0.3421499617587128,0.25073897802875067,2,karay-a,low_resource
1205,7.5,4.386666666666667,0.26666666666666666,0.4,0.26666666666666666,0.02666666666666667,0.0,0.0,0.3146106209673297,0.15965121603834723,0.33314475579408726,0.14354349519165258,0.3346977601263247,0.20382220883000846,2,karay-a,low_resource
1206,7.391304347826087,4.688235294117647,0.2,0.34705882352941175,0.09411764705882353,0.07058823529411765,0.011764705882352941,0.0,0.3376229384328289,0.27009446748374105,0.34934017481716545,0.23271613095141433,0.3399853692371524,0.29325385815382393,2,karay-a,low_resource
1207,8.842105263157896,4.5625,0.18452380952380953,0.24702380952380953,0.13392857142857142,0.041666666666666664,0.0,0.0,0.3085352233535353,0.21989038284718723,0.29045975333986884,0.19605897211316015,0.31094844059480975,0.22752212001803918,2,karay-a,low_resource
1208,4.583333333333333,4.545454545454546,0.18181818181818182,0.7090909090909091,0.10909090909090909,0.09090909090909091,0.0,0.0,0.297934706004272,0.23664846981689291,0.32626927914123427,0.2791507328730721,0.31303204988997524,0.21411401052483575,2,karay-a,low_resource
1209,10.18421052631579,4.702842377260982,0.24160206718346253,0.35142118863049093,0.17958656330749354,0.07235142118863049,0.0,0.0,0.43985908400355817,0.417071248481881,0.4109832979102332,0.3504225159700074,0.45180042644562657,0.44075939895781546,2,karay-a,low_resource
1210,11.0625,4.242937853107344,0.13559322033898305,0.4858757062146893,0.15819209039548024,0.14689265536723164,0.0,0.0,0.37955414676441773,0.22956678186598406,0.3475139123838692,0.205436483464241,0.3605167545815082,0.2680570057541647,2,karay-a,low_resource
1211,12.880952380952381,4.6136783733826245,0.24584103512014788,0.4269870609981516,0.1478743068391867,0.07393715341959335,0.0,0.0,0.41448061579062556,0.45278263021405746,0.4393734862377829,0.406007086633174,0.43060051074290273,0.4591268980400421,3,karay-a,low_resource
1212,11.23076923076923,4.527397260273973,0.15753424657534246,0.4246575342465753,0.06164383561643835,0.1232876712328767,0.0,0.0,0.3443471339046075,0.29167727297128365,0.3418940528153523,0.29721474960725297,0.3633228190089015,0.33402864319876396,3,karay-a,low_resource
1213,9.774193548387096,4.587458745874588,0.3069306930693069,0.3696369636963696,0.1353135313531353,0.07590759075907591,0.0,0.0,0.3316548396884078,0.32841106343401344,0.35752291072385506,0.3347677421047624,0.3453987773761899,0.3327660779186818,3,karay-a,low_resource
1214,8.0,4.694444444444445,0.22685185185185186,0.5694444444444444,0.1111111111111111,0.12037037037037036,0.0,0.0,0.41460623396149654,0.38287537363657304,0.415396788449714,0.35467215670094526,0.43267351087190986,0.3865167954420698,3,karay-a,low_resource
1215,9.493333333333334,4.595505617977528,0.1797752808988764,0.39185393258426965,0.1544943820224719,0.08426966292134831,0.0,0.0,0.4099745555314761,0.4027235437037422,0.41569532126861364,0.38493822821454293,0.41465509604423084,0.40592075746144135,3,karay-a,low_resource
1216,9.357142857142858,4.758269720101781,0.272264631043257,0.43765903307888043,0.15267175572519084,0.08396946564885496,0.0,0.0,0.4166557171936318,0.3719717828477823,0.42111922449669786,0.33375630033584347,0.4196218805968951,0.37944332808044146,3,karay-a,low_resource
1217,12.525,4.447105788423154,0.19161676646706588,0.33532934131736525,0.13373253493013973,0.10379241516966067,0.0,0.0,0.41541691220387217,0.4047743292522056,0.43985253405658226,0.350337272744972,0.42879405952398836,0.3876483269286162,3,karay-a,low_resource
1218,12.73076923076923,4.303625377643504,0.15709969788519637,0.3429003021148036,0.13746223564954682,0.08761329305135952,0.0,0.0,0.43693429195427586,0.414194430019369,0.426258874466872,0.3609677503447672,0.4273879527945928,0.4205952583630223,3,karay-a,low_resource
1219,8.49056603773585,4.471111111111111,0.16666666666666666,0.4177777777777778,0.19333333333333333,0.09111111111111111,0.0,0.0,0.4220888836950262,0.37677713683660524,0.43224136895428733,0.34319657772378775,0.42427407737954037,0.3503795036717648,3,karay-a,low_resource
1220,5.02,4.394422310756972,0.16733067729083664,0.5139442231075697,0.1593625498007968,0.12350597609561753,0.035856573705179286,0.0,0.41363182046058994,0.3349539008776211,0.42735510168778235,0.2866701410191315,0.4148837277048081,0.38140319126250843,3,karay-a,low_resource
1221,16.482758620689655,4.583682008368201,0.2405857740585774,0.3807531380753138,0.1589958158995816,0.07322175732217573,0.0,0.0,0.40454229353339144,0.3845618870205235,0.42616605298493276,0.3291079851938532,0.4212599752632784,0.38354177541149814,3,karay-a,low_resource
1222,13.682926829268293,4.688057040998218,0.28342245989304815,0.34759358288770054,0.1586452762923351,0.07308377896613191,0.0,0.0,0.4059247278958737,0.43128333860949963,0.40514519253985476,0.3958978355241176,0.4131952042180614,0.43160194399239377,3,karay-a,low_resource
1223,12.551724137931034,4.945054945054945,0.29120879120879123,0.45604395604395603,0.10989010989010989,0.09615384615384616,0.005494505494505495,0.0,0.38684011974716226,0.363662643613678,0.42465639857968956,0.3751954300785309,0.4083870641421541,0.3658475580736698,3,karay-a,low_resource
1224,8.402298850574713,4.723666210670315,0.22024623803009577,0.3898768809849521,0.1545827633378933,0.1039671682626539,0.004103967168262654,0.0027359781121751026,0.42955117799472115,0.4088275754682881,0.43670656394419244,0.39522136983872413,0.44000634316272214,0.38064412739088693,3,karay-a,low_resource
1225,10.125,4.4907407407407405,0.1419753086419753,0.48148148148148145,0.11728395061728394,0.10493827160493827,0.006172839506172839,0.0,0.4080583684150661,0.36183017921927507,0.4147047272444001,0.336835239843321,0.4336001107365368,0.38899253997208305,3,karay-a,low_resource
1226,20.033333333333335,4.1630615640599,0.14309484193011648,0.34775374376039936,0.17970049916805325,0.1048252911813644,0.0,0.0,0.41929890547109744,0.40586196570276123,0.4104375481501849,0.36250585458499573,0.3882843195232887,0.3879491755345513,3,karay-a,low_resource
1227,13.1,4.379770992366412,0.20038167938931298,0.34541984732824427,0.14885496183206107,0.05725190839694656,0.0,0.0,0.42214810447529744,0.3883918279461583,0.42768668444513724,0.3498090027520194,0.4284184168605377,0.39221060991495355,3,karay-a,low_resource
1228,13.413793103448276,4.5244215938303345,0.16709511568123395,0.40616966580976865,0.12853470437017994,0.13110539845758354,0.005141388174807198,0.0,0.36796969673941404,0.23629751639990626,0.38096155562815914,0.256837015808888,0.38223136677828085,0.24092504255735595,3,karay-a,low_resource
1229,12.6875,4.753694581280788,0.22413793103448276,0.39408866995073893,0.12561576354679804,0.09359605911330049,0.017241379310344827,0.0,0.39712520085898945,0.367738854344172,0.421263484332566,0.3632793221049111,0.414235812111472,0.37779883387053365,3,karay-a,low_resource
1230,10.212765957446809,4.245833333333334,0.14583333333333334,0.35833333333333334,0.16666666666666666,0.05,0.0020833333333333333,0.0,0.4120335698871479,0.38472517848548204,0.43619043891320497,0.3740900671651724,0.419840791431945,0.37256982119348225,3,karay-a,low_resource
1231,8.586206896551724,4.644578313253012,0.19477911646586346,0.3514056224899598,0.0783132530120482,0.10240963855421686,0.0,0.0,0.42226194732173666,0.36345527574213704,0.4218236614571082,0.3662175298657452,0.418032502262205,0.3922639378443415,3,karay-a,low_resource
1232,12.333333333333334,4.457380457380458,0.21621621621621623,0.3866943866943867,0.14137214137214138,0.15592515592515593,0.0,0.0,0.4159639458075748,0.3528263384168954,0.41288245725765665,0.35849405853492433,0.4288081524786543,0.3800221388610541,3,karay-a,low_resource
1233,8.454545454545455,4.697132616487456,0.2025089605734767,0.3960573476702509,0.12186379928315412,0.06630824372759857,0.0035842293906810036,0.0,0.42343879695567743,0.4068100274580922,0.4220777972300372,0.3919916539249862,0.4408252092606757,0.3847890575235091,3,karay-a,low_resource
1234,10.787878787878787,4.97191011235955,0.25280898876404495,0.4297752808988764,0.09269662921348315,0.05337078651685393,0.0,0.0,0.41014042529032657,0.3736058827162317,0.4104384131532848,0.36837300116376964,0.4156954306617759,0.39131541308599543,3,karay-a,low_resource
1235,12.28,4.7947882736156355,0.25732899022801303,0.4592833876221498,0.15309446254071662,0.08143322475570032,0.0,0.0,0.41973211582825,0.42928917522305515,0.4199633738670636,0.34850224803439606,0.43485790579648803,0.42933647882239373,3,karay-a,low_resource
1236,16.285714285714285,4.458333333333333,0.19956140350877194,0.3881578947368421,0.14912280701754385,0.06578947368421052,0.0,0.0,0.3945601863724946,0.4068655592713709,0.421569093212994,0.38123166274387443,0.4083734008839513,0.409777386666932,3,karay-a,low_resource
1237,12.596774193548388,4.7554417413572345,0.20742637644046094,0.39564660691421255,0.11139564660691421,0.08450704225352113,0.0,0.0,0.40923336269332866,0.43452544149943145,0.43062907797271166,0.389884660944514,0.4253526965549054,0.4124069995608265,3,karay-a,low_resource
1238,11.114285714285714,4.605398457583547,0.20051413881748073,0.3213367609254499,0.12339331619537275,0.05141388174807198,0.0,0.0,0.4313509099246631,0.3978550746874992,0.44776807827026244,0.35662445771767903,0.4343874886399691,0.3739714549717982,3,karay-a,low_resource
1239,19.74074074074074,4.870544090056285,0.24202626641651032,0.44652908067542213,0.1050656660412758,0.08818011257035648,0.00375234521575985,0.0,0.4584724450058704,0.4144772763773307,0.45424548588579533,0.37754216314440536,0.4576023639664634,0.3939747447371814,3,karay-a,low_resource
1240,11.238095238095237,4.690677966101695,0.19491525423728814,0.5254237288135594,0.1228813559322034,0.09745762711864407,0.0,0.0,0.4115880680679363,0.35904161998914136,0.3925041951265752,0.2837894433842604,0.426942519455533,0.37088049650554694,3,karay-a,low_resource
1241,12.676470588235293,4.821345707656612,0.25986078886310904,0.3805104408352668,0.1345707656612529,0.08816705336426914,0.004640371229698376,0.0,0.41436290653405156,0.3301255513706753,0.40968840597198447,0.31709415145953507,0.4239572308828411,0.33732173647279395,3,karay-a,low_resource
1242,11.637931034482758,4.515555555555555,0.17777777777777778,0.42074074074074075,0.14962962962962964,0.08888888888888889,0.0,0.0,0.44156452768952503,0.41220997771140666,0.44680614831697524,0.3732608505710916,0.44759999799204014,0.380708497669269,3,karay-a,low_resource
1243,9.304347826086957,4.644859813084112,0.23598130841121495,0.39953271028037385,0.13551401869158877,0.10747663551401869,0.0,0.0,0.4190025631074063,0.3814561405860037,0.40776902037630064,0.38427867838189617,0.4217040380656821,0.3869658144029936,3,karay-a,low_resource
1244,10.573033707865168,4.81615302869288,0.23379383634431455,0.2911795961742827,0.14027630180658873,0.07013815090329437,0.0,0.0,0.456369654623314,0.39475804551032156,0.4636874730168137,0.38751802700953103,0.44927936506350064,0.40621311334808463,3,karay-a,low_resource
1245,8.387096774193548,4.611538461538461,0.18653846153846154,0.3269230769230769,0.12115384615384615,0.075,0.0,0.0,0.39114794358478255,0.3267438477879838,0.40492338223015323,0.30519467897490477,0.3972613028504403,0.31726712770787896,3,karay-a,low_resource
1246,7.833333333333333,4.51595744680851,0.20212765957446807,0.5425531914893617,0.1595744680851064,0.11702127659574468,0.0,0.0,0.38149172732342695,0.3219091872670997,0.3564703052744414,0.2767578310644037,0.3898200182058399,0.3346804037024088,3,karay-a,low_resource
1247,13.567567567567568,4.573705179282869,0.199203187250996,0.450199203187251,0.13745019920318724,0.0796812749003984,0.0,0.0,0.4205259371565366,0.39338123533920877,0.4550324821293253,0.358750653472444,0.4240000684267547,0.40632574068693444,3,karay-a,low_resource
1248,9.714285714285714,4.908088235294118,0.20955882352941177,0.40808823529411764,0.16544117647058823,0.0661764705882353,0.0,0.0,0.32172597453410867,0.27163636360991983,0.3565374854460486,0.2855512185190917,0.3387508143053257,0.294961233843009,3,karay-a,low_resource
1249,12.976190476190476,4.447706422018348,0.2018348623853211,0.43302752293577984,0.1724770642201835,0.07339449541284404,0.001834862385321101,0.0,0.4077346141510948,0.4569597414050699,0.4354088794982831,0.38400049227624933,0.41764715155132665,0.41121284671378,3,karay-a,low_resource
1250,13.5,4.51604938271605,0.1925925925925926,0.41975308641975306,0.145679012345679,0.07901234567901234,0.0,0.0,0.4159674652797124,0.3805408344717229,0.4134099077561056,0.34962311546814917,0.41676538221565473,0.3756018841338855,3,karay-a,low_resource
1251,14.892857142857142,4.6594724220623505,0.19664268585131894,0.3980815347721823,0.11750599520383694,0.09352517985611511,0.0,0.0,0.3971208713535035,0.38619969251125097,0.4144785764623282,0.36447753859826487,0.4132540986725542,0.3742287608548346,3,karay-a,low_resource
1252,7.678571428571429,4.741860465116279,0.2,0.45813953488372094,0.1813953488372093,0.07674418604651163,0.004651162790697674,0.0,0.4311955285094758,0.3855807906361589,0.4212511307797317,0.3444543843905362,0.44018142591812837,0.3915156560554304,3,karay-a,low_resource
1253,13.868421052631579,4.817836812144212,0.19924098671726756,0.3700189753320683,0.1555977229601518,0.07210626185958255,0.0,0.0,0.42786370346734526,0.41810307876727826,0.4307772568923674,0.37017539320387277,0.428467141969686,0.3862764171956979,3,karay-a,low_resource
1254,12.303030303030303,4.551724137931035,0.2019704433497537,0.41133004926108374,0.12807881773399016,0.10837438423645321,0.0,0.0,0.4175540211859932,0.37402212265277224,0.43676056726337814,0.3848030880194857,0.41975879208577865,0.35674164486943605,3,karay-a,low_resource
1255,10.216216216216216,4.251322751322752,0.1931216931216931,0.3783068783068783,0.164021164021164,0.10582010582010581,0.0,0.0,0.4075926557605466,0.3827200749733632,0.43996136580901063,0.35636122863434555,0.42406151394073605,0.38426745325032646,3,karay-a,low_resource
1256,15.122448979591837,4.496626180836707,0.18353576248313092,0.3630229419703104,0.09446693657219973,0.059379217273954114,0.002699055330634278,0.0,0.39135383266615653,0.3668311157724188,0.40193236218224754,0.3550764938694244,0.40642614353464757,0.3913975040910926,3,karay-a,low_resource
1257,5.475,4.908675799086758,0.2602739726027397,0.3881278538812785,0.1598173515981735,0.0410958904109589,0.0,0.0,0.31354609873809874,0.2175804311102701,0.2792532809696052,0.17441416654497346,0.2912543888760574,0.22281731450625836,3,karay-a,low_resource
1258,9.733333333333333,4.723744292237443,0.2511415525114155,0.4269406392694064,0.16210045662100456,0.07990867579908675,0.0,0.0,0.42925350886012936,0.3541686745723477,0.42394120380583505,0.3403492671597014,0.4309817591723662,0.38190348992973683,3,karay-a,low_resource
1259,13.722222222222221,4.57085020242915,0.18893387314439947,0.3090418353576248,0.15519568151147098,0.0728744939271255,0.001349527665317139,0.0,0.428406176456292,0.3531647937571253,0.40431618743487946,0.3325931523758659,0.44962284625851234,0.3978065824454457,3,karay-a,low_resource
1260,7.614035087719298,4.887096774193548,0.21889400921658986,0.41705069124423966,0.15207373271889402,0.07603686635944701,0.0,0.0,0.4260337140446707,0.404814814141617,0.38307269883303896,0.3416959868941992,0.3757496102631194,0.4143009531392849,3,karay-a,low_resource
1261,10.233333333333333,4.648208469055374,0.2280130293159609,0.46905537459283386,0.15960912052117263,0.03257328990228013,0.003257328990228013,0.0,0.4198552386844827,0.40472565759466245,0.41813442190987304,0.38139368274050267,0.4197580503617943,0.4162936165596113,3,karay-a,low_resource
1262,10.5,4.4523809523809526,0.20238095238095238,0.6309523809523809,0.19047619047619047,0.08333333333333333,0.0,0.0,0.35425983167489905,0.22780109118824388,0.37045152213603333,0.22098369435119586,0.3593184979603612,0.19698530326446256,3,karay-a,low_resource
1263,9.153846153846153,4.563025210084033,0.20168067226890757,0.3865546218487395,0.16596638655462184,0.11554621848739496,0.0,0.0,0.42399730625678617,0.39811003396162553,0.4167535682382987,0.342301297641979,0.4452238000116368,0.366213725957877,3,karay-a,low_resource
1264,12.369565217391305,4.945518453427065,0.27943760984182775,0.4147627416520211,0.1546572934973638,0.06854130052724078,0.0017574692442882249,0.0,0.4235216983944632,0.4011334910381499,0.4232579144904171,0.35149524785359754,0.4253330801819107,0.38000327047786403,3,karay-a,low_resource
1265,7.127272727272727,4.821428571428571,0.20153061224489796,0.4336734693877551,0.14540816326530612,0.07142857142857142,0.0,0.0,0.4303199353560916,0.3760378911889772,0.4112957688326357,0.317345915364993,0.444058459962028,0.3984642298285089,3,karay-a,low_resource
1266,8.580246913580247,4.683453237410072,0.17553956834532375,0.39280575539568346,0.1223021582733813,0.07338129496402877,0.004316546762589928,0.0,0.39623327020150934,0.3769029409467325,0.4066142596364334,0.34415624923654126,0.4050466662817476,0.3821130208362796,3,karay-a,low_resource
1267,10.40625,4.4324324324324325,0.18018018018018017,0.42042042042042044,0.12912912912912913,0.07507507507507508,0.0,0.0,0.4086880869183732,0.3475449723562889,0.39095532558956925,0.301267459326051,0.42501448496500766,0.37176365970309744,3,karay-a,low_resource
1268,12.893617021276595,4.9372937293729375,0.25412541254125415,0.4521452145214521,0.1188118811881188,0.0924092409240924,0.0016501650165016502,0.0,0.4388400971649595,0.4322901348640029,0.4597096765884749,0.39752063119583786,0.42997190217341974,0.39616215050013986,3,karay-a,low_resource
1269,14.307692307692308,4.846774193548387,0.24193548387096775,0.41397849462365593,0.06989247311827956,0.08333333333333333,0.0,0.0,0.4057641196506019,0.41385191408649497,0.4138595999957736,0.342240705279815,0.4261337900716166,0.3655408961691149,3,karay-a,low_resource
1270,14.75,4.796610169491525,0.24939467312348668,0.3414043583535109,0.14891041162227603,0.08353510895883777,0.0,0.0,0.37355477287965094,0.38559578008278306,0.39860808370121115,0.3413706546918532,0.38213050474129595,0.35280162167636225,3,karay-a,low_resource
1271,10.871428571428572,4.449408672798949,0.17608409986859397,0.3219448094612352,0.1471747700394218,0.06176084099868594,0.001314060446780552,0.0,0.4226390492646016,0.37914235300003835,0.4247745494079725,0.3639214569421253,0.42936973790408084,0.37663803537789703,3,karay-a,low_resource
1272,8.23076923076923,4.481308411214953,0.205607476635514,0.37616822429906543,0.20093457943925233,0.0630841121495327,0.0,0.0,0.3999624899631556,0.2981786801185626,0.439729039749728,0.3011299786478438,0.40289035920336147,0.3260409900586213,3,karay-a,low_resource
1273,12.80952380952381,4.4535315985130115,0.18029739776951673,0.379182156133829,0.16728624535315986,0.09479553903345725,0.0,0.0,0.4462470095957169,0.4092620383328525,0.43895142003732307,0.3673250689306792,0.4332649807926104,0.3825325161791905,3,karay-a,low_resource
1274,8.303030303030303,4.313868613138686,0.13138686131386862,0.4416058394160584,0.1678832116788321,0.12043795620437957,0.0036496350364963502,0.0,0.38442024916607953,0.3080767594420606,0.38020993275192055,0.280581266176588,0.3805571713420422,0.3204616641525122,3,karay-a,low_resource
1275,11.645833333333334,4.470483005366726,0.18604651162790697,0.40608228980322003,0.16279069767441862,0.1001788908765653,0.0017889087656529517,0.0,0.43869870146760354,0.4614004661537845,0.4270762746122889,0.39690071495739315,0.44401152485566686,0.4436097941440373,3,karay-a,low_resource
1276,10.948051948051948,4.575326215895611,0.2099644128113879,0.3404507710557533,0.14590747330960854,0.10201660735468565,0.0,0.0,0.43058604756147206,0.3833807810463582,0.4440700231044482,0.3574485793362553,0.4233776701561469,0.3573166573226101,3,karay-a,low_resource
1277,7.1395348837209305,4.62214983713355,0.23778501628664495,0.48534201954397393,0.14332247557003258,0.09120521172638436,0.0,0.0,0.44100943945960186,0.42355049252413757,0.43969858510829346,0.4129402994205535,0.43543058921214295,0.39517544023881745,3,karay-a,low_resource
1278,11.857142857142858,4.891566265060241,0.25903614457831325,0.4036144578313253,0.12951807228915663,0.060240963855421686,0.0,0.0,0.4423207406846022,0.39916336177175715,0.426673656407761,0.35574949877794837,0.44249898346842786,0.3972472888034846,3,karay-a,low_resource
1279,10.058823529411764,4.713450292397661,0.2046783625730994,0.4473684210526316,0.16374269005847952,0.06432748538011696,0.0,0.0,0.4108158270686046,0.3662372892703326,0.4254543275852829,0.29593109596251704,0.40948684035022004,0.3362159036373376,3,karay-a,low_resource
1280,13.32258064516129,4.481840193704601,0.19128329297820823,0.4043583535108959,0.17675544794188863,0.0847457627118644,0.0,0.0,0.4103920947844714,0.4051143511872054,0.4210523797708334,0.3408588181085498,0.41410600333873926,0.40663904377185967,3,karay-a,low_resource
1281,13.025641025641026,4.478346456692913,0.1968503937007874,0.35826771653543305,0.12401574803149606,0.12992125984251968,0.0,0.0,0.41917168896778645,0.3970998939305563,0.4441229855957412,0.37179173781643254,0.4272440633886978,0.3687134892397364,3,karay-a,low_resource
1282,13.409090909090908,4.735593220338983,0.21864406779661016,0.39322033898305087,0.12372881355932204,0.06779661016949153,0.0,0.0,0.3915674116368391,0.35212971909850904,0.38467102011197085,0.32525393164032856,0.3986460107179426,0.3563217235499418,3,karay-a,low_resource
1283,13.476190476190476,4.8250883392226145,0.22438162544169613,0.38869257950530034,0.10777385159010601,0.0706713780918728,0.0,0.0,0.39923337138134884,0.4298702764361271,0.4251905849089079,0.3834371859354541,0.4106226055354402,0.3850502945948546,3,karay-a,low_resource
1284,20.875,4.704590818363274,0.2315369261477046,0.44510978043912175,0.1317365269461078,0.0658682634730539,0.001996007984031936,0.0,0.396871584015378,0.40008995409689374,0.4143545358598598,0.3877273373178528,0.4062774422098649,0.38499443733954347,3,karay-a,low_resource
1285,16.238095238095237,4.483870967741935,0.17302052785923755,0.41935483870967744,0.1495601173020528,0.093841642228739,0.01466275659824047,0.0,0.4117787931460476,0.39896791379619856,0.4174770991889926,0.3606267359984391,0.4296425923286932,0.4025195541515812,3,karay-a,low_resource
1286,6.8125,4.409785932721713,0.22935779816513763,0.21712538226299694,0.13149847094801223,0.13761467889908258,0.0,0.0,0.2716847162790312,0.20135141409217044,0.2878359866139816,0.1924325589900157,0.26481489038579875,0.1492895801671965,3,karay-a,low_resource
1287,10.761904761904763,4.584070796460177,0.2168141592920354,0.415929203539823,0.15265486725663716,0.07964601769911504,0.0022123893805309734,0.0,0.41876166973860524,0.4183703344939566,0.4124776257260345,0.35799001627396504,0.42095579280100504,0.4084936787008164,3,karay-a,low_resource
1288,6.944444444444445,4.712,0.216,0.436,0.136,0.084,0.0,0.0,0.4088562691486214,0.36034624316728714,0.43430556951035876,0.30455450061749323,0.4072676138194134,0.364964402504687,3,karay-a,low_resource
1289,14.972222222222221,4.410018552875695,0.1280148423005566,0.2782931354359926,0.12244897959183673,0.09647495361781076,0.0,0.0,0.405095654458619,0.3326905036251359,0.41470489725397136,0.3418429330340162,0.4154639122949748,0.3640024968242618,3,karay-a,low_resource
1290,11.590909090909092,4.572549019607843,0.22745098039215686,0.4980392156862745,0.2549019607843137,0.0196078431372549,0.0,0.0,0.4192818327171985,0.3849104182599876,0.44341406205738504,0.38583073734726775,0.42270620339505516,0.3568965601858612,1,rinconada,low_resource
1291,5.428571428571429,4.684210526315789,0.13157894736842105,0.5263157894736842,0.02631578947368421,0.15789473684210525,0.0,0.0,0.29885779738481505,0.14225714382013013,0.26280057490975584,0.13365953906791947,0.2779623313841472,0.14016271654146725,1,rinconada,low_resource
1292,16.653846153846153,4.655889145496536,0.21709006928406466,0.44803695150115475,0.19168591224018475,0.09006928406466513,0.006928406466512702,0.0,0.4245902002131115,0.35442291487077066,0.4623871086288411,0.33783346457696184,0.4295088534672137,0.32247641935291943,1,rinconada,low_resource
1293,13.75,4.887878787878788,0.26666666666666666,0.5878787878787879,0.19393939393939394,0.030303030303030304,0.0,0.0,0.39980628918182587,0.365281027511297,0.453051050938961,0.3654442786014768,0.4148065887588346,0.35597023771933495,1,rinconada,low_resource
1294,5.866666666666666,4.924242424242424,0.25,0.4962121212121212,0.20454545454545456,0.015151515151515152,0.0,0.0,0.35812580412901207,0.2639125604452513,0.3980603257929737,0.25656432485554426,0.33170405103743983,0.233216576939947,1,rinconada,low_resource
1295,14.037037037037036,4.588390501319261,0.18997361477572558,0.41424802110817943,0.20316622691292877,0.12137203166226913,0.0079155672823219,0.0,0.39381917629726176,0.3304350878849429,0.39589016295352664,0.3056683710259035,0.40278445410082037,0.2814001087500456,1,rinconada,low_resource
1296,8.887096774193548,4.55535390199637,0.1869328493647913,0.3938294010889292,0.21415607985480944,0.038112522686025406,0.0,0.0,0.3901136404571967,0.3639949661039996,0.4017440421600269,0.34620927106524035,0.40116435494892977,0.36944269257463314,1,rinconada,low_resource
1297,4.625,5.621621621621622,0.43243243243243246,0.5135135135135135,0.05405405405405406,0.05405405405405406,0.0,0.0,0.2737158020025694,0.22613831832218032,0.24673033983836928,0.14282787408152106,0.2620744393634746,0.16603213538653674,1,rinconada,low_resource
1298,6.7,4.8059701492537314,0.23880597014925373,0.5671641791044776,0.34328358208955223,0.05970149253731343,0.014925373134328358,0.0,0.3098700872718528,0.20918375759561936,0.2956183536298493,0.19037075803878092,0.30216567901190544,0.21256748046248128,1,rinconada,low_resource
1299,8.415094339622641,4.690582959641255,0.2219730941704036,0.3923766816143498,0.23766816143497757,0.033632286995515695,0.0,0.0,0.37175512789574305,0.34186377898642356,0.398854064551735,0.31184913095899536,0.3577481048102123,0.306842323126326,1,rinconada,low_resource
1300,8.916666666666666,4.700934579439252,0.2336448598130841,0.5327102803738317,0.29906542056074764,0.009345794392523364,0.0,0.0,0.3598024761630616,0.2989347496859256,0.36883885894810536,0.29193066924283023,0.3653735439814219,0.34132490097111956,1,rinconada,low_resource
1301,10.294117647058824,4.588571428571429,0.21714285714285714,0.5085714285714286,0.24,0.03428571428571429,0.0,0.0,0.39406030368053535,0.3058099476735719,0.3743298770497315,0.267740530449384,0.3755599422142624,0.2885430449138243,1,rinconada,low_resource
1302,5.833333333333333,4.462857142857143,0.15428571428571428,0.38285714285714284,0.24,0.05714285714285714,0.011428571428571429,0.0,0.25726795906414046,0.15598898098395614,0.26406965158842255,0.15942610529081722,0.23257701433470118,0.13922281735590175,1,rinconada,low_resource
1303,7.375,4.033898305084746,0.1864406779661017,0.4745762711864407,0.288135593220339,0.2711864406779661,0.0,0.0,0.24799209960587637,0.09663192540089342,0.24832346693940438,0.10189980731695235,0.2467748668425171,0.06649623273257751,1,rinconada,low_resource
1304,10.482142857142858,4.320272572402044,0.1686541737649063,0.35604770017035775,0.2231686541737649,0.14821124361158433,0.0,0.0,0.4305460880806623,0.38633683995090706,0.4548202914844554,0.3853281883301523,0.43396065524875316,0.3528627675293815,1,rinconada,low_resource
1305,11.692307692307692,4.614035087719298,0.23464912280701755,0.42543859649122806,0.21710526315789475,0.03728070175438596,0.0,0.0,0.3924956831599061,0.35028800863458764,0.39077980859183103,0.2954231608531755,0.391595809104709,0.36318952509743196,1,rinconada,low_resource
1306,3.877551020408163,5.310526315789474,0.30526315789473685,0.49473684210526314,0.15263157894736842,0.02631578947368421,0.0,0.0,0.35546553173035295,0.23671910716411154,0.3444432575233685,0.21700512141229192,0.3544864377310822,0.2022339658655183,1,rinconada,low_resource
1307,5.125,4.926829268292683,0.2682926829268293,0.5365853658536586,0.17073170731707318,0.07317073170731707,0.0,0.0,0.2900729525751011,0.2073377982102518,0.31823010702871846,0.2036982716680798,0.2824205196912204,0.16510161482235838,1,rinconada,low_resource
1308,7.05,3.971631205673759,0.1773049645390071,0.2907801418439716,0.22695035460992907,0.0,0.0,0.0,0.25803039366402597,0.23485175577553213,0.26601626938105344,0.25249124532344547,0.24804129904085148,0.16365434024727032,1,rinconada,low_resource
1309,8.88888888888889,4.465,0.22,0.45,0.245,0.04,0.0,0.0,0.3982661242047448,0.3758965875789325,0.4216274143275139,0.34288957946779863,0.403813355158467,0.36629103894858467,1,rinconada,low_resource
1310,7.2,4.347222222222222,0.16666666666666666,0.7638888888888888,0.125,0.08333333333333333,0.0,0.0,0.305491911751284,0.27179747780413455,0.31297942817695706,0.2597908505835618,0.30012143321188955,0.27863902956651776,1,rinconada,low_resource
1311,5.375,3.7674418604651163,0.11627906976744186,0.46511627906976744,0.13953488372093023,0.09302325581395349,0.0,0.0,0.26518116474772296,0.10005985077857867,0.2294593741347319,0.10058237285599197,0.2419444636999128,0.12553054310228384,1,rinconada,low_resource
1312,11.833333333333334,4.582159624413146,0.24882629107981222,0.5211267605633803,0.24882629107981222,0.03755868544600939,0.0,0.0,0.38012475079552216,0.2997797413424749,0.38706969203694197,0.29103697071045825,0.35536644963411573,0.2573925810527389,1,rinconada,low_resource
1313,10.11111111111111,5.021978021978022,0.21978021978021978,0.42857142857142855,0.2087912087912088,0.02197802197802198,0.0,0.0,0.29522239763027414,0.16825608244686313,0.29937539705661864,0.1782848347686911,0.28849704502254553,0.1938584896068799,1,rinconada,low_resource
1314,5.75,4.673913043478261,0.2391304347826087,0.7608695652173914,0.2391304347826087,0.021739130434782608,0.0,0.0,0.3275571045733419,0.23672778667762095,0.34354736117420537,0.23894467801921268,0.32551931360962355,0.24511285065414742,1,rinconada,low_resource
1315,11.368421052631579,3.949074074074074,0.07407407407407407,0.4027777777777778,0.24537037037037038,0.07407407407407407,0.013888888888888888,0.0,0.31469144714679925,0.16162529332051598,0.3253620920317956,0.1615966872178914,0.28130767821572206,0.16830869718181088,1,rinconada,low_resource
1316,6.333333333333333,5.912280701754386,0.43859649122807015,0.3157894736842105,0.14035087719298245,0.0,0.0,0.0,0.3018738442523526,0.1921677925772631,0.3256678668104417,0.18230135631463898,0.30251942866662995,0.151670846260396,1,rinconada,low_resource
1317,8.933333333333334,4.350746268656716,0.19402985074626866,0.4925373134328358,0.17164179104477612,0.04477611940298507,0.0,0.0,0.3880031958848542,0.26734476325957474,0.35250741159695065,0.2382113717539205,0.34859239054002944,0.19977440470615349,1,rinconada,low_resource
1318,7.852941176470588,4.808988764044944,0.26591760299625467,0.47191011235955055,0.24344569288389514,0.026217228464419477,0.0,0.0,0.39116734798559066,0.2981727503558639,0.4113297240307328,0.26396652141977406,0.37437609162658414,0.30414733785508086,1,rinconada,low_resource
1319,12.35483870967742,4.5718015665796345,0.21148825065274152,0.4960835509138381,0.21409921671018275,0.04699738903394256,0.0026109660574412533,0.0,0.4175914517527899,0.39752058830016923,0.45383066959593016,0.34903606986033997,0.4137349611017371,0.3328510687716467,1,rinconada,low_resource
1320,5.411764705882353,4.336956521739131,0.22826086956521738,0.5054347826086957,0.1956521739130435,0.10869565217391304,0.0,0.0,0.34883105425285615,0.23722998748046545,0.3461609487520695,0.22305366933294232,0.28978441265141525,0.18697800976918674,1,rinconada,low_resource
1321,9.928571428571429,4.5359712230215825,0.21942446043165467,0.39928057553956836,0.2446043165467626,0.09712230215827339,0.0,0.0,0.40556155733402355,0.32834217014859945,0.42982038775761156,0.30160273997410375,0.42141289436691737,0.32801819081294126,1,rinconada,low_resource
1322,8.380952380952381,4.0397727272727275,0.13636363636363635,0.4034090909090909,0.29545454545454547,0.011363636363636364,0.005681818181818182,0.0,0.24008215044240214,0.14354336541366539,0.22933896093019526,0.1765233286079982,0.23856170007037938,0.13346432161743435,1,rinconada,low_resource
1323,7.928571428571429,3.855855855855856,0.0990990990990991,0.24324324324324326,0.2072072072072072,0.26126126126126126,0.0,0.0,0.2940354883734456,0.1542920291581461,0.27759511111732865,0.12203297322608163,0.28903391456325805,0.13534377839020026,1,rinconada,low_resource
1324,9.869565217391305,4.0881057268722465,0.17841409691629956,0.42731277533039647,0.28193832599118945,0.04405286343612335,0.0,0.0,0.40169333784721384,0.3265501089636689,0.41636981759660024,0.2985739847413038,0.3955763440073266,0.2417806131076138,1,rinconada,low_resource
1325,4.2105263157894735,3.975,0.1375,0.4375,0.275,0.0125,0.025,0.0,0.2427723493956368,0.15990892998217296,0.2528892443216616,0.17255329001984754,0.2211548864013192,0.13057715455417254,1,rinconada,low_resource
1326,4.75,5.43859649122807,0.3508771929824561,0.5087719298245614,0.14035087719298245,0.05263157894736842,0.0,0.017543859649122806,0.27443102645944234,0.15348381604895944,0.2981887329583396,0.16314847811776279,0.24965235351699197,0.1576898748799608,1,rinconada,low_resource
1327,9.0,4.516666666666667,0.18333333333333332,0.48333333333333334,0.18333333333333332,0.027777777777777776,0.0,0.0,0.3393316309100782,0.22319739083534576,0.3569455849621768,0.23714011613348346,0.3228791115649364,0.20265588867374906,1,rinconada,low_resource
1328,6.166666666666667,4.95945945945946,0.2702702702702703,0.581081081081081,0.0945945945945946,0.10810810810810811,0.0,0.0,0.338807785966927,0.23790939100597683,0.3511892218997016,0.2560312243453627,0.36611803604560444,0.24168588525306386,1,rinconada,low_resource
1329,4.392156862745098,4.482142857142857,0.13392857142857142,0.3080357142857143,0.20535714285714285,0.013392857142857142,0.08035714285714286,0.0,0.2772091707238362,0.2074599323881849,0.2805347340644894,0.21769387782182117,0.2925137755675264,0.17924514616462375,1,rinconada,low_resource
1330,4.75,4.131578947368421,0.18421052631578946,0.5263157894736842,0.24736842105263157,0.08947368421052632,0.0,0.0,0.34259971079234824,0.24606150954042683,0.32885325547955896,0.1984486894848872,0.34200158327921665,0.20981208171077803,1,rinconada,low_resource
1331,6.5,4.448717948717949,0.2264957264957265,0.405982905982906,0.23931623931623933,0.02564102564102564,0.0,0.0,0.37534481547530923,0.31950467895767587,0.363308913623465,0.28296666639243045,0.3723919408344203,0.31466601385758286,1,rinconada,low_resource
1332,5.117647058823529,4.540229885057471,0.20689655172413793,0.5747126436781609,0.2471264367816092,0.05747126436781609,0.028735632183908046,0.0,0.3838958750334117,0.33696068511019334,0.4275198606500108,0.3231818217173668,0.3751330212617693,0.3383181274914604,1,rinconada,low_resource
1333,7.444444444444445,4.186567164179104,0.15671641791044777,0.44776119402985076,0.1791044776119403,0.029850746268656716,0.0,0.0,0.3109822480370881,0.19928109649502534,0.31900398504209615,0.17947658404835737,0.307708134200737,0.17852339032061226,1,rinconada,low_resource
1334,6.266666666666667,4.117021276595745,0.14893617021276595,0.3404255319148936,0.2765957446808511,0.09574468085106383,0.0,0.0,0.16560907373728279,0.0836201789952881,0.1516555116069646,0.06901455043167931,0.15165091248650298,0.0772893711363132,1,rinconada,low_resource
1335,9.090909090909092,4.25,0.24,0.47,0.09,0.1,0.0,0.0,0.2560430033441449,0.17129828375115866,0.26248265098949936,0.19805512174848144,0.23593590823582508,0.12891347706175718,1,rinconada,low_resource
1336,9.875,4.468354430379747,0.22784810126582278,0.5443037974683544,0.21518987341772153,0.02531645569620253,0.0,0.0,0.26211063027736436,0.14119717701435666,0.25044195556555227,0.13649236546364113,0.2531130541018514,0.14410949535382092,1,rinconada,low_resource
1337,6.4,4.734375,0.22916666666666666,0.5260416666666666,0.21875,0.03125,0.0,0.0,0.33056868390715644,0.28720740558859537,0.33260283401539126,0.2504367384754035,0.3205417855535503,0.27060228264404806,1,rinconada,low_resource
1338,9.5,3.642105263157895,0.06315789473684211,0.3473684210526316,0.2736842105263158,0.12631578947368421,0.0,0.0,0.2373820899589582,0.15428167988555386,0.2467143454802278,0.15240138278867904,0.22571570998492987,0.12159009953299915,1,rinconada,low_resource
1339,6.1,4.508196721311475,0.2459016393442623,0.5573770491803278,0.2459016393442623,0.03278688524590164,0.0,0.0,0.2682712105793894,0.16439064436044193,0.27691844220247647,0.1788829888363583,0.25298596860486766,0.13620112710876842,1,rinconada,low_resource
1340,7.454545454545454,4.317073170731708,0.18292682926829268,0.5487804878048781,0.21951219512195122,0.10975609756097561,0.0,0.0,0.31531820665356436,0.1721304386268157,0.3227009168223929,0.14730185706127344,0.2916813308808374,0.1547296684621548,1,rinconada,low_resource
1341,8.052631578947368,4.333333333333333,0.1503267973856209,0.49673202614379086,0.22875816993464052,0.05228758169934641,0.0,0.0,0.36844511695052884,0.24732547684253103,0.3603927209057664,0.24315560894224722,0.3347358102344986,0.2289321281951448,1,rinconada,low_resource
1342,8.454545454545455,4.279569892473118,0.16129032258064516,0.5376344086021505,0.27956989247311825,0.043010752688172046,0.0,0.0,0.3177709200169194,0.3186247433575465,0.3228436976839978,0.23104087374746587,0.32875921916441775,0.2567290516652392,1,rinconada,low_resource
1343,13.444444444444445,4.5041322314049586,0.23140495867768596,0.48760330578512395,0.2644628099173554,0.05785123966942149,0.01652892561983471,0.0,0.36388646490099175,0.2909202577185459,0.3800081132930919,0.28441925110987504,0.36666530017623283,0.23926059541500755,1,rinconada,low_resource
1344,10.88888888888889,4.841836734693878,0.27040816326530615,0.42346938775510207,0.2372448979591837,0.015306122448979591,0.0,0.0,0.4072196735775316,0.43049012342275983,0.4444239389396846,0.38287351420294424,0.41975733241594987,0.3750200262497149,1,rinconada,low_resource
1345,13.941176470588236,4.6835443037974684,0.2109704641350211,0.5738396624472574,0.24472573839662448,0.05485232067510549,0.0,0.0,0.37898730112480344,0.31600411439297377,0.3869694417517058,0.384761981029448,0.35065123916892593,0.2776487165857051,1,rinconada,low_resource
1346,4.1875,5.2388059701492535,0.3283582089552239,0.44776119402985076,0.04477611940298507,0.08955223880597014,0.0,0.0,0.25475651292566176,0.21603108762643505,0.22196549642110142,0.17900542746126757,0.23843769604168752,0.1851558381524945,1,rinconada,low_resource
1347,6.75,5.0,0.2222222222222222,0.6296296296296297,0.18518518518518517,0.0,0.0,0.0,0.30608779260673774,0.1877657881291394,0.2580807824732864,0.19341898013872522,0.2654514940967506,0.186263362263851,1,rinconada,low_resource
1348,10.631578947368421,4.574257425742574,0.2376237623762376,0.6188118811881188,0.2376237623762376,0.04455445544554455,0.0,0.0,0.38312979678168596,0.32147568972526086,0.40802158764366064,0.32699200838572695,0.3852855914572349,0.31531620323225606,1,rinconada,low_resource
1349,4.25,4.509803921568627,0.11764705882352941,0.5294117647058824,0.19607843137254902,0.0196078431372549,0.0,0.0,0.28093812502904264,0.17175981092958695,0.27849155101893247,0.1807584348166169,0.26912383905880605,0.1666538422472425,1,rinconada,low_resource
1350,11.333333333333334,4.313725490196078,0.20588235294117646,0.4803921568627451,0.2549019607843137,0.0784313725490196,0.0,0.0,0.25996350534275453,0.21830398639158527,0.2553729180064976,0.21487789951647884,0.23780378221683904,0.14030151773062108,1,rinconada,low_resource
1351,7.3,4.835616438356165,0.2191780821917808,0.5753424657534246,0.2328767123287671,0.0136986301369863,0.0,0.0,0.3311025136307223,0.23163833544185855,0.35592621582460326,0.22209001090178054,0.32226143598752266,0.2360452070918657,1,rinconada,low_resource
1352,5.6,4.053571428571429,0.05357142857142857,0.5535714285714286,0.21428571428571427,0.05357142857142857,0.0,0.0,0.2700674376978499,0.18353951183076148,0.2668135825737412,0.1459020702749187,0.28071339799557726,0.21716533409988467,1,rinconada,low_resource
1353,10.5,4.9523809523809526,0.2222222222222222,0.48148148148148145,0.18518518518518517,0.015873015873015872,0.0,0.0,0.3538049257650276,0.3092539729703613,0.3918989021481458,0.32375962313222895,0.3693298033470166,0.28993232948090203,1,rinconada,low_resource
1354,7.285714285714286,4.098039215686274,0.18627450980392157,0.38235294117647056,0.35294117647058826,0.029411764705882353,0.0,0.0,0.3058244502565558,0.18998384672051918,0.3180551035532236,0.15497141729002684,0.28891537296926284,0.15690647787256887,1,rinconada,low_resource
1355,6.0,4.666666666666667,0.3333333333333333,0.1,0.5,0.0,0.0,0.0,0.15768990992340146,0.03464315104878553,0.1584759965624776,0.07917713366454475,0.1214040490204525,0.024223006984873244,1,rinconada,low_resource
1356,13.56,4.23598820058997,0.19174041297935104,0.4424778761061947,0.2359882005899705,0.07079646017699115,0.0,0.0,0.39986491802668844,0.3500490263888474,0.42041048180691826,0.3087577489892172,0.4109847994294013,0.2802801536309729,1,rinconada,low_resource
1357,11.545454545454545,4.251968503937008,0.13385826771653545,0.4094488188976378,0.1968503937007874,0.09448818897637795,0.09448818897637795,0.0,0.36683388990557847,0.32831143268944535,0.37864882993743443,0.3012789107129722,0.3667799019599996,0.2562885963132244,1,rinconada,low_resource
1358,10.6875,4.421052631578948,0.19298245614035087,0.32748538011695905,0.15204678362573099,0.029239766081871343,0.0,0.0,0.3135320871588916,0.26635140413305236,0.2975746918369809,0.2561592732622738,0.2904953663298681,0.2222142682940877,1,rinconada,low_resource
1359,6.615384615384615,4.465116279069767,0.16279069767441862,0.5930232558139535,0.23255813953488372,0.05813953488372093,0.0,0.0,0.3418879391126057,0.22632047365797187,0.373819928642656,0.23612582289917675,0.32101979168126293,0.18402321472986877,1,rinconada,low_resource
1360,15.909090909090908,4.1085714285714285,0.15428571428571428,0.42857142857142855,0.26857142857142857,0.05142857142857143,0.005714285714285714,0.0,0.35038996644997933,0.24100656305046642,0.3866322284797708,0.2497449369832218,0.34491467680331866,0.23410633183121698,1,rinconada,low_resource
1361,11.0,3.909090909090909,0.09090909090909091,0.9090909090909091,0.18181818181818182,0.0,0.0,0.0,0.2596361829953922,0.08961316179813499,0.19423840403850348,0.08204321076584373,0.22989527945459712,0.14642947307177567,1,rinconada,low_resource
1362,9.0,4.063492063492063,0.19047619047619047,0.49206349206349204,0.36507936507936506,0.1746031746031746,0.0,0.0,0.296696745317834,0.17043895558622899,0.3029069168787427,0.17161481949134233,0.2686298110416227,0.14073293455149682,1,rinconada,low_resource
1363,5.2926829268292686,4.200460829493087,0.12211981566820276,0.38018433179723504,0.2304147465437788,0.059907834101382486,0.002304147465437788,0.0,0.34993269117464554,0.3214790775304509,0.34575065336634975,0.31638374967954674,0.32255857962798545,0.2747537489965579,1,rinconada,low_resource
1364,5.357142857142857,3.973333333333333,0.18666666666666668,0.4266666666666667,0.25333333333333335,0.0,0.0,0.0,0.24635227955590722,0.1712983011487869,0.24520299898050202,0.17167735082205135,0.2379406374080909,0.16059569771852505,1,rinconada,low_resource
1365,4.05,4.1234567901234565,0.07407407407407407,0.37037037037037035,0.12345679012345678,0.1111111111111111,0.0,0.0,0.2885822994864401,0.23762985260835712,0.271114092095048,0.17461810241267461,0.28381981831652353,0.2146098477348573,1,rinconada,low_resource
1366,25.0,4.145,0.085,0.33,0.27,0.045,0.015,0.0,0.2232967256645767,0.16126357319717805,0.21434963235108787,0.18163579125891244,0.19863142658194216,0.13200984402240667,1,rinconada,low_resource
1367,13.1,4.366412213740458,0.16793893129770993,0.3969465648854962,0.20610687022900764,0.03816793893129771,0.007633587786259542,0.0,0.30929899816166034,0.22299276209996138,0.306976671684051,0.2450810409372691,0.2805452116196293,0.18422974262892802,1,rinconada,low_resource
1368,13.3,4.503759398496241,0.17293233082706766,0.42105263157894735,0.3233082706766917,0.007518796992481203,0.0,0.0,0.3442507882533511,0.26202159338929715,0.3511011705399967,0.2260490003307379,0.3415830001006915,0.22100119454503753,1,rinconada,low_resource
1369,8.947368421052632,4.194117647058824,0.17647058823529413,0.3235294117647059,0.3,0.07058823529411765,0.0,0.0,0.27392336750593527,0.15810355907090248,0.25351796277853367,0.1337468665247142,0.2530625582438653,0.1487716672892099,1,rinconada,low_resource
1370,9.285714285714286,4.569230769230769,0.26153846153846155,0.5076923076923077,0.2923076923076923,0.06153846153846154,0.0,0.0,0.31475799116453723,0.202490446524963,0.30442344632368834,0.19782140312959742,0.3090248170826303,0.20730469686536718,1,rinconada,low_resource
1371,6.851851851851852,4.556756756756757,0.2,0.5351351351351351,0.24864864864864866,0.043243243243243246,0.016216216216216217,0.0,0.39718568047862957,0.3336698821699844,0.43558478692274905,0.28791176814982833,0.39598879797292336,0.3135598861178283,1,rinconada,low_resource
1372,4.882352941176471,4.349397590361446,0.18072289156626506,0.4939759036144578,0.24096385542168675,0.07228915662650602,0.0,0.0,0.26610723931385294,0.17113417293113325,0.26799747095962534,0.20901855064888128,0.25328432006864315,0.19297910704313076,1,rinconada,low_resource
1373,7.473684210526316,4.528169014084507,0.22535211267605634,0.5774647887323944,0.2323943661971831,0.014084507042253521,0.0,0.0,0.36755226840527977,0.3701531274122535,0.3787231140881754,0.3826162402162061,0.33118038196927013,0.30910227226024295,1,rinconada,low_resource
1374,7.833333333333333,4.074468085106383,0.1702127659574468,0.40425531914893614,0.3723404255319149,0.010638297872340425,0.0,0.0,0.3088844945171367,0.1665394467268458,0.317607154484682,0.137538979605354,0.27642454110389514,0.09887372340029327,1,rinconada,low_resource
1375,11.454545454545455,4.238095238095238,0.19047619047619047,0.5238095238095238,0.29365079365079366,0.023809523809523808,0.0,0.0,0.365384878971452,0.20605335388853221,0.3548742120673931,0.18846406277483446,0.3319299333639003,0.21816121089432866,1,rinconada,low_resource
1376,5.4375,4.149425287356322,0.09195402298850575,0.3333333333333333,0.12643678160919541,0.10344827586206896,0.0,0.0,0.26324841345249816,0.16577904548853262,0.2549224019871254,0.13593263403287856,0.2667290350466637,0.1677369992924468,1,rinconada,low_resource
1377,6.6,4.151515151515151,0.12121212121212122,0.3181818181818182,0.24242424242424243,0.10606060606060606,0.015151515151515152,0.0,0.27009124561913694,0.1449825118479282,0.3056665918600891,0.17828825912892976,0.28852500831714156,0.13477307393188223,1,rinconada,low_resource
1378,4.588235294117647,4.0256410256410255,0.10256410256410256,0.5897435897435898,0.23076923076923078,0.05128205128205128,0.0,0.0,0.2698796288208407,0.13045065041931547,0.25693934516345335,0.1306056577317994,0.2258910611507803,0.12500795829684438,1,rinconada,low_resource
1379,6.833333333333333,4.402439024390244,0.18292682926829268,0.5609756097560976,0.18292682926829268,0.024390243902439025,0.012195121951219513,0.0,0.2507438716832044,0.14140962998856965,0.24156476347661876,0.12532481201557719,0.23953298756068853,0.14882351495037913,1,rinconada,low_resource
1380,10.183673469387756,4.807615230460922,0.22444889779559118,0.44288577154308617,0.23847695390781562,0.04609218436873747,0.0,0.0,0.4177106352628433,0.39352482590323595,0.45631911615656773,0.3807009175637799,0.43211412238799557,0.39468736509087504,1,rinconada,low_resource
1381,15.0,4.533333333333333,0.2,0.8666666666666667,0.06666666666666667,0.26666666666666666,0.0,0.0,0.2578241568993971,0.14469467452245327,0.2629461298351785,0.18213324834741704,0.27456298847416544,0.1599184729790123,1,rinconada,low_resource
1382,14.0,4.857142857142857,0.21428571428571427,0.8571428571428571,0.2857142857142857,0.07142857142857142,0.0,0.0,0.26652086249149204,0.16345380807902882,0.2461690724329576,0.16455044726642687,0.23917823974939004,0.1755956209235855,1,rinconada,low_resource
1383,9.063829787234043,4.394366197183099,0.17136150234741784,0.4084507042253521,0.20657276995305165,0.0539906103286385,0.02112676056338028,0.0,0.41322864264041465,0.41119931405274224,0.4151563960268558,0.38656681601457515,0.3759267562369292,0.3840670205356052,1,rinconada,low_resource
1384,4.444444444444445,5.45,0.275,0.475,0.275,0.1,0.0,0.0,0.28182131261926824,0.160854537065335,0.2820597966968717,0.19223088688481105,0.24751289969064183,0.12284361172527165,1,rinconada,low_resource
1385,8.91304347826087,4.392682926829268,0.1902439024390244,0.4121951219512195,0.24634146341463414,0.04390243902439024,0.004878048780487805,0.0,0.3633572445847425,0.34797444325361515,0.39622574076397066,0.3416990529581127,0.3670324748198983,0.32238337171753645,1,rinconada,low_resource
1386,6.521739130434782,4.32,0.16,0.5933333333333334,0.25333333333333335,0.03333333333333333,0.0,0.0,0.35063707717950765,0.25449599611888934,0.37699686324168025,0.2507911907922644,0.3568231268709168,0.2516959573783701,1,rinconada,low_resource
1387,4.938775510204081,4.446280991735537,0.16115702479338842,0.5330578512396694,0.21487603305785125,0.07024793388429752,0.049586776859504134,0.0,0.3855617430440913,0.308444330320848,0.4101796725420497,0.2789634475899615,0.3767749269633359,0.34324456883380566,1,rinconada,low_resource
1388,9.382352941176471,4.683385579937304,0.20689655172413793,0.45768025078369906,0.25705329153605017,0.025078369905956112,0.0,0.0,0.3727576101038499,0.32733684414980496,0.3999798839679082,0.2769435937421126,0.38065725608834944,0.3085358842316162,1,rinconada,low_resource
1389,7.088235294117647,4.518672199170124,0.2074688796680498,0.35269709543568467,0.22821576763485477,0.06224066390041494,0.0,0.0,0.3950879108451428,0.3788537682889915,0.40147225571811007,0.3212221502253072,0.3698674821085696,0.32378810822423537,1,rinconada,low_resource
1390,9.0,4.294117647058823,0.11764705882352941,0.4444444444444444,0.17647058823529413,0.0392156862745098,0.0,0.0,0.29616026018370606,0.22541504923104003,0.2938900912479331,0.21505441716166232,0.2826326042815556,0.24402892515986202,1,rinconada,low_resource
1391,4.142857142857143,5.0,0.3103448275862069,0.7931034482758621,0.3448275862068966,0.06896551724137931,0.0,0.0,0.29813360302011005,0.18177900965157084,0.3010729775185308,0.23299965024770294,0.2856892099956047,0.17198431829610525,1,rinconada,low_resource
1392,13.615384615384615,4.203389830508475,0.1694915254237288,0.3898305084745763,0.20903954802259886,0.03954802259887006,0.0,0.0,0.3296203684030493,0.24062982837306732,0.33768972155481297,0.20575668329944177,0.32302408326400256,0.23503310841065414,1,rinconada,low_resource
1393,6.944444444444445,4.84,0.264,0.632,0.232,0.024,0.0,0.0,0.3866567882555229,0.2992310209995838,0.4030010963241308,0.28659107255141786,0.34371653028140176,0.22414512384653684,1,rinconada,low_resource
1394,7.0,4.825396825396825,0.23015873015873015,0.4523809523809524,0.2777777777777778,0.023809523809523808,0.0,0.0,0.39331663886215873,0.3243651806316062,0.3924755084923317,0.26753207219834596,0.3778404945431405,0.25074175769152784,1,rinconada,low_resource
1395,6.333333333333333,5.026315789473684,0.21052631578947367,0.8157894736842105,0.23684210526315788,0.0,0.0,0.0,0.31717618936438646,0.23165904215972058,0.35106808170451226,0.179790839830941,0.3150719104280274,0.17903604454378622,1,rinconada,low_resource
1396,11.666666666666666,4.428571428571429,0.19047619047619047,0.38412698412698415,0.27936507936507937,0.05396825396825397,0.0,0.0,0.36140492940697355,0.2613766907448012,0.3473453419428681,0.19981245247368873,0.3245420621888806,0.25186829979012043,1,rinconada,low_resource
1397,7.842105263157895,4.805369127516778,0.18791946308724833,0.4429530201342282,0.087248322147651,0.10067114093959731,0.0,0.0,0.3446150016110031,0.2558901441886901,0.38883209828384707,0.30846719969680075,0.33685386517551297,0.22941917707827034,1,rinconada,low_resource
1398,6.176470588235294,4.314285714285714,0.26666666666666666,0.22857142857142856,0.38095238095238093,0.06666666666666667,0.0,0.0,0.20337452955612287,0.08661003838104987,0.22587370377541005,0.06438451606261908,0.21757652729125204,0.0703313381577142,1,rinconada,low_resource
1399,7.5,6.1,0.48333333333333334,0.5666666666666667,0.03333333333333333,0.016666666666666666,0.0,0.0,0.3120996680310421,0.27664317257590715,0.30690955803763353,0.23544659667744527,0.2912445799370334,0.20346571460794935,1,rinconada,low_resource
1400,6.757575757575758,4.358744394618834,0.15246636771300448,0.5560538116591929,0.17937219730941703,0.07174887892376682,0.02242152466367713,0.0,0.3968704832429648,0.32134341739281597,0.4133708575987398,0.2957694977451274,0.3649806010147888,0.2553919077237133,1,rinconada,low_resource
1401,7.0,4.152380952380953,0.21904761904761905,0.5333333333333333,0.21904761904761905,0.0761904761904762,0.0,0.0,0.2666657467558185,0.161881257468168,0.28233737617441224,0.16603864352317468,0.2370509214693986,0.13468665827327442,1,rinconada,low_resource
1402,8.2,4.182926829268292,0.10975609756097561,0.5,0.34146341463414637,0.024390243902439025,0.0,0.0,0.30325713952252137,0.20087804340174004,0.2871019901128078,0.15077714342548024,0.25244911377272483,0.11439398079831571,1,rinconada,low_resource
1403,4.5,4.037037037037037,0.14814814814814814,0.6666666666666666,0.24074074074074073,0.05555555555555555,0.0,0.0,0.3010313471026762,0.17826949981732673,0.31996527507749845,0.16501321803592486,0.28308717016953294,0.18692851156349852,1,rinconada,low_resource
1404,8.711538461538462,4.589403973509934,0.17660044150110377,0.4260485651214128,0.24944812362030905,0.039735099337748346,0.004415011037527594,0.0,0.4266093266187134,0.38811870238841006,0.44815497389896847,0.394312013926102,0.41648044074238877,0.3914809013082998,2,rinconada,low_resource
1405,9.460526315789474,4.796940194714882,0.21974965229485396,0.43115438108484005,0.2239221140472879,0.02920723226703755,0.004172461752433936,0.0,0.4255328797104021,0.35433514389828663,0.46525309995266845,0.37371568361159,0.422949025438495,0.3459115384632985,2,rinconada,low_resource
1406,7.869565217391305,4.071823204419889,0.16022099447513813,0.26519337016574585,0.20994475138121546,0.055248618784530384,0.022099447513812154,0.0,0.35859189200910463,0.2881359908694683,0.3670887987591368,0.30904912245903465,0.3538649187008782,0.3011223666769896,2,rinconada,low_resource
1407,7.0,5.219047619047619,0.3047619047619048,0.5904761904761905,0.12380952380952381,0.10476190476190476,0.0,0.0,0.34952440177814453,0.2944379735367711,0.355474420479388,0.3029470599302339,0.3172820918444679,0.28329018892592095,2,rinconada,low_resource
1408,11.68,4.328767123287672,0.21404109589041095,0.3715753424657534,0.1832191780821918,0.09246575342465753,0.0,0.0,0.41367956885691826,0.37299262017917495,0.4356334960786719,0.35538506855033675,0.4070961122510226,0.30713520584923965,2,rinconada,low_resource
1409,10.311111111111112,4.678879310344827,0.2521551724137931,0.4331896551724138,0.2413793103448276,0.05818965517241379,0.0,0.0,0.43411338769957614,0.3952817475746965,0.4718596807088114,0.3776328375426525,0.4243253844164075,0.40582862689024096,2,rinconada,low_resource
1410,12.295081967213115,4.473333333333334,0.184,0.36,0.22666666666666666,0.064,0.0,0.0,0.41645172572666556,0.33635030131637833,0.44541936506302465,0.3205310547493839,0.42511985855693946,0.31696088798426525,2,rinconada,low_resource
1411,10.048192771084338,4.520383693045564,0.2182254196642686,0.34532374100719426,0.24700239808153476,0.05155875299760192,0.0,0.0,0.3894388853709735,0.40587632145896024,0.4318993292609606,0.36453420833055644,0.38838757726428075,0.35522149424026983,2,rinconada,low_resource
1412,8.660714285714286,4.447422680412371,0.1731958762886598,0.43711340206185567,0.24123711340206186,0.05567010309278351,0.0,0.0,0.3462798608353496,0.29695424164760875,0.349254588762152,0.2824698662014087,0.3457056960345544,0.24651391768632333,2,rinconada,low_resource
1413,11.423728813559322,4.4094955489614245,0.17804154302670624,0.3353115727002967,0.271513353115727,0.028189910979228485,0.0,0.0,0.41162852047479676,0.34495564868973955,0.42776635700197696,0.29120627201368227,0.41274230773810405,0.32479950970586685,2,rinconada,low_resource
1414,9.862068965517242,4.486013986013986,0.25524475524475526,0.3951048951048951,0.24825174825174826,0.02097902097902098,0.005244755244755245,0.0,0.42254930375482747,0.41528047361868814,0.4127648907103291,0.3339637225928735,0.3841238159742915,0.35899970326132835,2,rinconada,low_resource
1415,16.161290322580644,4.4351297405189625,0.18363273453093812,0.3652694610778443,0.2215568862275449,0.03592814371257485,0.0,0.0,0.38835628579879133,0.43508070099394064,0.4155094473438317,0.3671247000539526,0.3980155221113929,0.3960724863937205,2,rinconada,low_resource
1416,5.326086956521739,4.293877551020408,0.12653061224489795,0.4530612244897959,0.20408163265306123,0.04081632653061224,0.0163265306122449,0.0,0.36452896851899985,0.2758522412243135,0.36613452828224186,0.22895787691308078,0.35941992731692185,0.2627922059082317,2,rinconada,low_resource
1417,7.287878787878788,4.286902286902287,0.19126819126819128,0.4095634095634096,0.2494802494802495,0.035343035343035345,0.0,0.0,0.43002315381926887,0.4511096201698492,0.4588788121246692,0.35107168606603506,0.42382622078536636,0.41430461540309604,2,rinconada,low_resource
1418,11.580645161290322,4.681058495821727,0.2200557103064067,0.41086350974930363,0.23676880222841226,0.03203342618384401,0.0,0.0,0.4167614382573733,0.4413102929250252,0.4707173304903776,0.43832228148862096,0.423788759484083,0.41826038465214804,2,rinconada,low_resource
1419,8.654545454545454,4.831932773109243,0.25630252100840334,0.453781512605042,0.21428571428571427,0.037815126050420166,0.012605042016806723,0.0,0.4048248506117302,0.4028304808941299,0.44443341565196315,0.40222541549429797,0.41303441587077955,0.37501574383341546,2,rinconada,low_resource
1420,12.222222222222221,4.327272727272727,0.08181818181818182,0.41818181818181815,0.11818181818181818,0.18181818181818182,0.0,0.0,0.31372282882317976,0.1809362194813628,0.3308515526846042,0.16549294906462841,0.3173413268967931,0.16231197838143258,2,rinconada,low_resource
1421,7.407407407407407,4.29,0.14,0.475,0.19,0.085,0.01,0.0,0.3492313396076616,0.25644888728878606,0.35207194870241026,0.2298777652306938,0.3234535091910402,0.24058945559092992,2,rinconada,low_resource
1422,10.5,4.314285714285714,0.17333333333333334,0.38666666666666666,0.22095238095238096,0.02857142857142857,0.0,0.0,0.42568857401035604,0.39836406667985885,0.44148609328910055,0.3869528186932664,0.3823829718313591,0.3819206250271071,2,rinconada,low_resource
1423,5.75,5.0144927536231885,0.2898550724637681,0.4782608695652174,0.014492753623188406,0.07246376811594203,0.0,0.0,0.3036547863742421,0.2034554704545564,0.28380342074722287,0.23110343734974823,0.272416807192413,0.18942937982950367,2,rinconada,low_resource
1424,9.72463768115942,4.655737704918033,0.22950819672131148,0.33084947839046197,0.18926974664679583,0.09090909090909091,0.0014903129657228018,0.0,0.3757779547457323,0.3186527583985839,0.4153042063719923,0.289299438172893,0.3968299230859328,0.2934178380492626,2,rinconada,low_resource
1425,4.769230769230769,4.661290322580645,0.29838709677419356,0.3790322580645161,0.3064516129032258,0.04838709677419355,0.0,0.0,0.26956374248007353,0.1919596091550136,0.2703848503182495,0.15652358663974106,0.24710538173591556,0.17747277809248627,2,rinconada,low_resource
1426,10.930232558139535,4.625531914893617,0.24680851063829787,0.42127659574468085,0.2276595744680851,0.0425531914893617,0.0,0.002127659574468085,0.40909406722493485,0.38510736823994257,0.44545789059934526,0.3383429301758549,0.40529184375200245,0.3498203630473637,2,rinconada,low_resource
1427,11.017241379310345,4.723004694835681,0.20187793427230047,0.4241001564945227,0.22065727699530516,0.03599374021909233,0.0,0.0,0.4425297539809945,0.4219689763119749,0.4785045319960013,0.3714261750977437,0.4608188119667547,0.39842038728913387,2,rinconada,low_resource
1428,7.208333333333333,4.236994219653179,0.20809248554913296,0.5028901734104047,0.2774566473988439,0.06358381502890173,0.005780346820809248,0.0,0.3732848824115863,0.2955336475130395,0.42852154436504664,0.3082260738785922,0.3644118542123711,0.22574019027673164,2,rinconada,low_resource
1429,10.210526315789474,4.889175257731959,0.26288659793814434,0.4742268041237113,0.2345360824742268,0.030927835051546393,0.0,0.0,0.4221957023796293,0.41143427196021215,0.447875823950826,0.40946916656075966,0.43545948223351927,0.3997378470010721,2,rinconada,low_resource
1430,4.052631578947368,5.142857142857143,0.3116883116883117,0.4675324675324675,0.07792207792207792,0.09090909090909091,0.0,0.0,0.266640475865807,0.16247271931795867,0.23518187578360028,0.1630200093211234,0.22815430074474313,0.15126749457832697,2,rinconada,low_resource
1431,9.545454545454545,3.8476190476190477,0.11428571428571428,0.47619047619047616,0.2761904761904762,0.0761904761904762,0.0,0.0,0.3170084620287782,0.2108990387453677,0.2892812080933311,0.21834034114965578,0.27207403892305543,0.1651965722470061,2,rinconada,low_resource
1432,13.169230769230769,4.535046728971962,0.21261682242990654,0.3189252336448598,0.25350467289719625,0.030373831775700934,0.018691588785046728,0.0,0.40092367579664384,0.4132445098468982,0.4284812481079896,0.373082190559257,0.3835938918265237,0.36039662768293174,2,rinconada,low_resource
1433,11.777777777777779,4.621069182389937,0.21069182389937108,0.38522012578616355,0.21855345911949686,0.0440251572327044,0.0,0.0,0.3849885515311304,0.35545558888147694,0.402782403579792,0.35582253262440855,0.3752629753939174,0.3598467238508714,2,rinconada,low_resource
1434,11.28125,4.653739612188366,0.21329639889196675,0.3961218836565097,0.2299168975069252,0.03185595567867036,0.0,0.0,0.4119670166740572,0.47407422470310334,0.45592768285424057,0.41908405821555095,0.4137867969902343,0.40139945841278035,2,rinconada,low_resource
1435,7.766666666666667,4.257510729613734,0.1759656652360515,0.49356223175965663,0.21888412017167383,0.055793991416309016,0.0,0.0,0.38557268005511564,0.3431438034286761,0.37961430909337435,0.2638120513856359,0.384676965137951,0.30945994371671737,2,rinconada,low_resource
1436,11.777777777777779,4.528301886792453,0.19811320754716982,0.5424528301886793,0.21226415094339623,0.06132075471698113,0.0,0.0,0.36352569444662547,0.3352330848429684,0.369146633180646,0.2984270822798771,0.342208123232662,0.27436397384403133,2,rinconada,low_resource
1437,6.655172413793103,4.652849740932642,0.17098445595854922,0.5492227979274611,0.14507772020725387,0.09326424870466321,0.0,0.0,0.40269812255110876,0.3029603070127,0.41635016090992955,0.255625157138164,0.37360893169626797,0.2114447453255596,2,rinconada,low_resource
1438,12.144578313253012,4.461309523809524,0.2003968253968254,0.32142857142857145,0.24503968253968253,0.07738095238095238,0.005952380952380952,0.0,0.432064556014396,0.4321000135818706,0.45753804930144487,0.3663108843406579,0.3991414573268417,0.3848149715291227,2,rinconada,low_resource
1439,10.615384615384615,4.434782608695652,0.14492753623188406,0.4420289855072464,0.2028985507246377,0.050724637681159424,0.0,0.0,0.3800057191481717,0.3361816192208743,0.3523263976833071,0.3094754065574508,0.3366563302865167,0.30547364703113034,3,rinconada,low_resource
1440,8.186666666666667,4.765472312703583,0.23127035830618892,0.40879478827361565,0.23289902280130292,0.03257328990228013,0.0,0.0,0.3787280298289111,0.3505399005128548,0.3890911797599819,0.3265311442462943,0.361524008783603,0.2933523432897821,3,rinconada,low_resource
1441,14.636363636363637,4.453416149068323,0.18012422360248448,0.5093167701863354,0.2608695652173913,0.046583850931677016,0.003105590062111801,0.0,0.3691012751766377,0.324808638147473,0.41785573844298013,0.3142332336899169,0.36907149515591475,0.25937544326691,3,rinconada,low_resource
1442,15.31578947368421,4.711340206185567,0.2268041237113402,0.5360824742268041,0.2542955326460481,0.05154639175257732,0.0,0.0,0.3904528529507314,0.41784284439983427,0.4176667285216551,0.3613459629319246,0.3823233850281223,0.3474264013559012,3,rinconada,low_resource
1443,14.790697674418604,4.488993710691824,0.21069182389937108,0.30660377358490565,0.23034591194968554,0.04009433962264151,0.0007861635220125787,0.0,0.43130983102705994,0.44282555320426314,0.4666130456334446,0.40210556075909076,0.4215156388987132,0.4014432303345018,3,rinconada,low_resource
1444,11.674418604651162,4.539840637450199,0.19322709163346613,0.4760956175298805,0.24900398406374502,0.035856573705179286,0.00597609561752988,0.0,0.3964726429302853,0.3959346030626545,0.42758372645951565,0.3243773646009699,0.38132583595681735,0.3388725073845249,3,rinconada,low_resource
1445,10.930232558139535,4.7106382978723405,0.2148936170212766,0.42127659574468085,0.2297872340425532,0.036170212765957444,0.0,0.0,0.3867377679639555,0.41259340407237766,0.4231441326268121,0.3703280893656836,0.37843642721460774,0.35601174555671133,3,rinconada,low_resource
1446,9.337662337662337,4.411682892906815,0.19749652294853964,0.3477051460361613,0.24895688456189152,0.06258692628650904,0.0027816411682892906,0.0,0.40962151977405603,0.3480573970869808,0.4165497969939641,0.34255364345836475,0.36675450879281646,0.3136425243048032,3,rinconada,low_resource
1447,10.827586206896552,4.834394904458598,0.2229299363057325,0.5159235668789809,0.20063694267515925,0.050955414012738856,0.0,0.0,0.43353357658858765,0.4252841120314109,0.46637601353589453,0.36561738779945363,0.4044055264722033,0.35378829192275024,3,rinconada,low_resource
1448,5.203389830508475,4.214983713355049,0.17263843648208468,0.2280130293159609,0.20521172638436483,0.05211726384364821,0.009771986970684038,0.0,0.2876133667517447,0.21413685302684193,0.29608025913490243,0.24119591745464383,0.25553458749752755,0.22623514585512858,3,rinconada,low_resource
1449,6.294117647058823,4.579439252336448,0.2336448598130841,0.6542056074766355,0.18691588785046728,0.037383177570093455,0.009345794392523364,0.0,0.35691945954901366,0.33137473101384846,0.32514238915198745,0.30867418652916645,0.3220097229970354,0.32431727546478434,3,rinconada,low_resource
1450,14.527777777777779,4.772466539196941,0.2332695984703633,0.45506692160611856,0.21223709369024857,0.045889101338432124,0.0,0.0,0.42934672080691394,0.39975735656193573,0.4298884638691014,0.3995414987997195,0.4090399213326702,0.3624719865667252,3,rinconada,low_resource
1451,8.419354838709678,4.2988505747126435,0.2260536398467433,0.39846743295019155,0.22988505747126436,0.05363984674329502,0.0,0.0,0.30647602393489437,0.217495840327897,0.32094774599049897,0.22683790940289922,0.2801599454382858,0.23683158465011236,3,rinconada,low_resource
1452,8.520833333333334,4.9535452322738385,0.28361858190709044,0.4278728606356968,0.24938875305623473,0.034229828850855744,0.0,0.0,0.37012555585775997,0.3578124418857087,0.41146485110304265,0.36161455202485226,0.3575854435872559,0.3092726421518636,3,rinconada,low_resource
1453,9.837837837837839,4.728021978021978,0.2554945054945055,0.46703296703296704,0.20054945054945056,0.07692307692307693,0.0,0.0,0.4116042106203179,0.38080327516774237,0.427525789817486,0.3540527482111481,0.3939828047418005,0.3235357861288527,3,rinconada,low_resource
1454,11.8125,4.23015873015873,0.15608465608465608,0.43386243386243384,0.22486772486772486,0.07142857142857142,0.0,0.0,0.40768127097070583,0.4072072386756827,0.4289755799532905,0.3828153593374072,0.40899829601197274,0.43930111176075715,3,rinconada,low_resource
1455,10.444444444444445,4.773049645390071,0.21631205673758866,0.49645390070921985,0.1950354609929078,0.04609929078014184,0.0035460992907801418,0.0,0.3926450487652926,0.3389753792579025,0.3936355299225229,0.3169057178116461,0.3760640975430992,0.30904350346202425,3,rinconada,low_resource
1456,13.961538461538462,4.446280991735537,0.18181818181818182,0.39118457300275483,0.18181818181818182,0.07988980716253444,0.0,0.0,0.3635710024769303,0.31947473033224183,0.401539875508046,0.3602857258512515,0.33240899694459486,0.2899535595670139,3,rinconada,low_resource
1457,9.76923076923077,4.572834645669292,0.2283464566929134,0.3464566929133858,0.19488188976377951,0.07480314960629922,0.0,0.0,0.4180495104386329,0.32254759819790324,0.4378299187901376,0.344682794821605,0.4002487242219259,0.29346804987706754,3,rinconada,low_resource
1458,9.461538461538462,4.463414634146342,0.15176151761517614,0.4037940379403794,0.21680216802168023,0.02981029810298103,0.03523035230352303,0.0027100271002710027,0.3820183756388929,0.39904713756298904,0.3732384127877904,0.35257713725897677,0.33775599549690405,0.33230952969608085,3,rinconada,low_resource
1459,16.557142857142857,4.754961173425366,0.2364106988783434,0.3425366695427092,0.21484037963761865,0.027610008628127698,0.001725625539257981,0.0,0.41534915953119295,0.45075134259857097,0.4475343851368718,0.405488771785344,0.4084999112948428,0.3979477058725998,3,rinconada,low_resource
1460,9.924528301886792,4.682509505703422,0.22813688212927757,0.467680608365019,0.17680608365019013,0.06273764258555133,0.0,0.0,0.431986671630309,0.43996930618368413,0.45706077065961415,0.46727347959765186,0.43090949243538423,0.3522498044403385,3,rinconada,low_resource
1461,13.235294117647058,4.5311111111111115,0.18222222222222223,0.3422222222222222,0.18222222222222223,0.057777777777777775,0.0,0.0,0.3561530437040804,0.33965550923157517,0.37490883674654596,0.30687803857151696,0.36867352259826935,0.31240600008455227,3,rinconada,low_resource
1462,7.483870967741935,4.323275862068965,0.15517241379310345,0.43103448275862066,0.20689655172413793,0.03879310344827586,0.0,0.0,0.3933655229528284,0.3088195052397294,0.4164522975748448,0.30969347397955177,0.37123327839977965,0.2529145806855846,3,rinconada,low_resource
1463,11.046511627906977,4.486315789473684,0.18947368421052632,0.4105263157894737,0.24421052631578946,0.04842105263157895,0.01263157894736842,0.0,0.39650487417061614,0.35832698304065075,0.41283550354031817,0.3118446902185028,0.39938323458941466,0.35509303886891136,3,rinconada,low_resource
1464,10.735849056603774,4.660808435852372,0.22495606326889278,0.46924428822495606,0.2513181019332162,0.0210896309314587,0.0,0.0,0.45781705508158205,0.46646399141167383,0.4733026378043751,0.4103279384544816,0.42230582834159125,0.39084968627375966,3,rinconada,low_resource
1465,9.6,4.422348484848484,0.20643939393939395,0.3958333333333333,0.23863636363636365,0.04924242424242424,0.0,0.0,0.39409961950620903,0.3953147287475024,0.425423497102758,0.3791970177188897,0.400999725783487,0.35204016421847906,3,rinconada,low_resource
1466,19.375,4.903225806451613,0.26666666666666666,0.45376344086021503,0.1827956989247312,0.0967741935483871,0.0,0.0,0.42140751421862543,0.47295049454492316,0.4717049298958318,0.44873993637215065,0.4135058493262688,0.4078360629606661,3,rinconada,low_resource
1467,10.425,4.577937649880096,0.18944844124700239,0.434052757793765,0.22062350119904076,0.03836930455635491,0.0,0.0,0.3745551407746336,0.3759828847601961,0.41101295905737817,0.3622396190803768,0.38272670591536756,0.36610906677451427,3,rinconada,low_resource
1468,7.458333333333333,4.437616387337058,0.18808193668528864,0.409683426443203,0.26256983240223464,0.03165735567970205,0.0,0.0,0.39186828584136235,0.37088190790175135,0.41952928494545344,0.35561392917922485,0.39571049467691294,0.3161561623996663,3,rinconada,low_resource
1469,22.257142857142856,4.501925545571245,0.20025673940949937,0.1681643132220796,0.2336328626444159,0.03465982028241335,0.0,0.0,0.3729164040102935,0.3090687639119153,0.3707730610113579,0.25717767776749306,0.39392342459025953,0.27265469328611347,3,rinconada,low_resource
1470,11.7,4.611111111111111,0.2692307692307692,0.42735042735042733,0.20512820512820512,0.0641025641025641,0.0,0.0,0.43039610017791996,0.4278830009873153,0.43711364576432976,0.3839676108618562,0.42454621201022974,0.4183238027668371,3,rinconada,low_resource
1471,14.181818181818182,4.732905982905983,0.24572649572649571,0.42735042735042733,0.2329059829059829,0.049145299145299144,0.0,0.0,0.39221443966013775,0.31485307195804657,0.43197061581116675,0.3586582771244116,0.36835497136981515,0.29519218027162647,3,rinconada,low_resource
1472,14.145833333333334,4.499263622974963,0.18851251840942562,0.42857142857142855,0.23269513991163476,0.042709867452135494,0.014727540500736377,0.0014727540500736377,0.42088907279415216,0.4567635770738996,0.44000790773011017,0.3895990594047064,0.40553536132284557,0.4045595677568577,3,rinconada,low_resource
1473,15.233333333333333,4.949671772428884,0.2647702407002188,0.49452954048140046,0.24726477024070023,0.01312910284463895,0.0,0.0,0.4192188930357915,0.4454909773853837,0.45059751268654485,0.41288134157711875,0.41846979060010686,0.38274076889187475,3,rinconada,low_resource
1474,10.0,4.651515151515151,0.18181818181818182,0.403030303030303,0.2909090909090909,0.03939393939393939,0.006060606060606061,0.0,0.33023041001347225,0.27962763817967096,0.360712830142509,0.30282838855056654,0.31064663161918427,0.24724507576820778,3,rinconada,low_resource
1475,12.153846153846153,4.9978902953586495,0.2510548523206751,0.43670886075949367,0.2088607594936709,0.035864978902953586,0.008438818565400843,0.0,0.43123982460970944,0.4367800972693831,0.424733871104598,0.3707534920246928,0.4091276886959812,0.382164269611301,3,rinconada,low_resource
1476,10.23913043478261,4.424628450106157,0.19957537154989385,0.42462845010615713,0.23779193205944799,0.036093418259023353,0.0,0.0,0.38900983586802607,0.36550817701153837,0.4052719944300947,0.3349938515628609,0.3524388157671145,0.3173684450584268,3,rinconada,low_resource
1477,11.4,5.023391812865497,0.28654970760233917,0.6140350877192983,0.1695906432748538,0.05847953216374269,0.005847953216374269,0.0,0.3740105011319624,0.2983984392335927,0.3595772738335202,0.31325401761120425,0.35472103844075836,0.2771997731029222,3,rinconada,low_resource
1478,8.7,4.433908045977011,0.1867816091954023,0.3390804597701149,0.23275862068965517,0.04885057471264368,0.0,0.0,0.41540568852822846,0.3823443654973755,0.40947439367862126,0.32729190921028306,0.40875317422911056,0.3172712362323689,3,rinconada,low_resource
1479,15.137931034482758,4.382687927107061,0.18223234624145787,0.31890660592255127,0.23006833712984054,0.03644646924829157,0.0,0.0,0.4141927902886499,0.3458814951380708,0.4244321386823432,0.3181042587442177,0.40393764751222067,0.2984824938773797,3,rinconada,low_resource
