word_count,sentence_count,phrase_count_per_sentence,average_word_len,average_sentence_len,average_syllable_count,polysyll_count,consonant_cluster_density,v_density,cv_density,vc_density,cvc_density,vcc_density,cvcc_density,ccvc_density,ccv_density,ccvcc_density,ccvccc_density,tagalog_bigram_sim,bikol_bigram_sim,cebuano_bigram_sim,tagalog_trigram_sim,bikol_trigram_sim,cebuano_trigam_sim,class
78,20,0.0,4.666666666666667,3.9,2.1538461538461537,0,0.2692307692307692,2.1538461538461537,1.858974358974359,1.4230769230769231,0.8205128205128205,0.2307692307692307,0.1282051282051282,0.1153846153846153,0.1794871794871795,0.0,0.0,0.7608695652173914,0.7028985507246377,0.7282608695652174,0.7127659574468085,0.6223404255319149,0.8297872340425532,1
37,7,0.0,5.297297297297297,5.285714285714286,2.081081081081081,2,0.5675675675675675,2.081081081081081,1.837837837837838,1.837837837837838,1.027027027027027,0.5675675675675675,0.3243243243243243,0.1081081081081081,0.1891891891891892,0.1081081081081081,0.0,0.8050314465408805,0.8238993710691824,0.8176100628930818,0.7540983606557377,0.7786885245901639,0.680327868852459,1
36,12,0.0,4.583333333333333,3.0,2.111111111111111,0,0.2222222222222222,2.111111111111111,1.75,1.5277777777777777,0.9444444444444444,0.2222222222222222,0.1944444444444444,0.1111111111111111,0.1388888888888889,0.0,0.0,0.6796875,0.6328125,0.6484375,0.6043956043956044,0.5494505494505495,0.6923076923076923,1
58,12,0.0,4.517241379310345,4.833333333333333,2.0689655172413794,1,0.2068965517241379,2.0689655172413794,1.706896551724138,1.5517241379310345,0.9310344827586208,0.1379310344827586,0.1379310344827586,0.1551724137931034,0.2068965517241379,0.0,0.0,0.7892156862745098,0.7205882352941176,0.7647058823529411,0.7876712328767124,0.684931506849315,0.821917808219178,1
15,4,0.0,4.533333333333333,3.75,1.9333333333333331,0,0.3333333333333333,1.9333333333333331,1.6666666666666667,1.4666666666666666,0.8,0.3333333333333333,0.2,0.1333333333333333,0.2,0.0,0.0,0.660377358490566,0.6792452830188679,0.660377358490566,0.4736842105263157,0.3157894736842105,0.7105263157894737,1
74,21,1.0476190476190477,5.162162162162162,3.523809523809524,2.2972972972972974,3,0.3513513513513513,2.2972972972972974,1.9864864864864864,1.7297297297297298,0.9864864864864864,0.3108108108108108,0.2432432432432432,0.2027027027027027,0.2972972972972973,0.0135135135135135,0.0,0.75,0.75,0.8125,0.7831858407079646,0.6946902654867256,0.8938053097345132,1
17,5,0.0,4.529411764705882,3.4,2.0588235294117645,0,0.4705882352941176,2.0588235294117645,1.6470588235294117,1.3529411764705883,0.8235294117647058,0.4705882352941176,0.1764705882352941,0.2352941176470588,0.4117647058823529,0.1176470588235294,0.0,0.7627118644067796,0.6779661016949152,0.7796610169491526,0.6428571428571429,0.4761904761904761,0.6190476190476191,1
44,9,0.0,4.363636363636363,4.888888888888889,1.9545454545454544,0,0.2954545454545454,1.9545454545454544,1.5,1.4090909090909092,0.7045454545454546,0.2272727272727272,0.1818181818181818,0.0909090909090909,0.1363636363636363,0.0227272727272727,0.0,0.6258503401360545,0.5714285714285714,0.6870748299319728,0.5922330097087378,0.5728155339805825,0.6990291262135923,1
34,5,0.0,5.0,6.8,2.176470588235294,2,0.4117647058823529,2.176470588235294,1.7647058823529411,1.7352941176470589,0.9411764705882352,0.3529411764705882,0.2352941176470588,0.0588235294117647,0.1764705882352941,0.0294117647058823,0.0,0.7573529411764706,0.6691176470588235,0.7941176470588235,0.8137254901960784,0.6764705882352942,0.8823529411764706,1
68,12,0.0,4.279411764705882,5.666666666666667,1.9558823529411764,0,0.3088235294117647,1.9558823529411764,1.5588235294117647,1.3088235294117647,0.7647058823529411,0.2352941176470588,0.1764705882352941,0.1617647058823529,0.1911764705882352,0.0147058823529411,0.0,0.7085201793721974,0.6771300448430493,0.6860986547085202,0.6580645161290323,0.6064516129032258,0.7161290322580646,1
105,23,1.1363636363636365,4.895238095238096,4.565217391304348,2.0761904761904764,2,0.4380952380952381,2.0761904761904764,1.723809523809524,1.6476190476190475,0.961904761904762,0.3809523809523809,0.2571428571428571,0.1809523809523809,0.2952380952380952,0.0095238095238095,0.0,0.7202970297029703,0.6831683168316832,0.754950495049505,0.6666666666666666,0.6054421768707483,0.7482993197278912,1
63,12,0.0,4.73015873015873,5.25,2.142857142857143,1,0.3333333333333333,2.142857142857143,1.7301587301587302,1.6031746031746033,0.8253968253968254,0.3174603174603174,0.1746031746031746,0.0952380952380952,0.1904761904761904,0.0476190476190476,0.0,0.7510729613733905,0.6866952789699571,0.7553648068669528,0.6785714285714286,0.6309523809523809,0.7023809523809523,1
98,8,1.125,4.326530612244898,12.25,1.846938775510204,0,0.4387755102040816,1.846938775510204,1.6020408163265305,1.2244897959183674,0.7959183673469388,0.3163265306122449,0.2142857142857142,0.1326530612244898,0.2755102040816326,0.0,0.0,0.6430769230769231,0.5907692307692308,0.6676923076923077,0.584070796460177,0.4867256637168141,0.6238938053097345,1
76,8,0.0,4.881578947368421,9.5,2.0657894736842106,4,0.5,2.0657894736842106,1.8157894736842104,1.4210526315789471,0.8552631578947368,0.3289473684210526,0.2631578947368421,0.2368421052631578,0.4342105263157895,0.0394736842105263,0.0,0.6541095890410958,0.6541095890410958,0.7226027397260274,0.6431924882629108,0.596244131455399,0.7323943661971831,1
34,8,0.0,4.970588235294118,4.25,1.9705882352941175,0,0.5294117647058824,1.9705882352941175,1.6176470588235294,1.7941176470588236,1.0,0.4411764705882353,0.2058823529411764,0.1764705882352941,0.2647058823529412,0.0,0.0,0.6268656716417911,0.6268656716417911,0.6343283582089553,0.6262626262626263,0.6161616161616161,0.6464646464646465,1
19,5,0.0,4.368421052631579,3.8,2.0526315789473686,0,0.2631578947368421,2.0526315789473686,1.8421052631578947,1.2105263157894737,0.7894736842105263,0.2631578947368421,0.1052631578947368,0.1052631578947368,0.2105263157894736,0.0,0.0,0.75,0.609375,0.75,0.5777777777777777,0.4888888888888889,0.6888888888888889,1
19,6,0.0,4.894736842105263,3.1666666666666665,2.3157894736842106,0,0.3157894736842105,2.3157894736842106,1.894736842105263,1.4736842105263157,0.8421052631578947,0.3157894736842105,0.1052631578947368,0.1052631578947368,0.3157894736842105,0.1052631578947368,0.0526315789473684,0.7432432432432432,0.6621621621621622,0.7567567567567568,0.6545454545454545,0.5454545454545454,0.7818181818181819,1
46,9,1.2222222222222223,5.239130434782608,5.111111111111111,2.152173913043478,2,0.4565217391304347,2.152173913043478,2.0,1.6304347826086956,1.0434782608695652,0.4130434782608695,0.3260869565217391,0.1956521739130435,0.2391304347826087,0.0652173913043478,0.0652173913043478,0.7098445595854922,0.6787564766839378,0.7357512953367875,0.6027397260273972,0.5342465753424658,0.6712328767123288,1
54,7,1.2857142857142858,4.333333333333333,7.714285714285714,2.0,0,0.3518518518518518,2.0,1.5185185185185186,1.2592592592592593,0.6111111111111112,0.2407407407407407,0.1111111111111111,0.074074074074074,0.1851851851851851,0.0,0.0,0.7611111111111111,0.6888888888888889,0.7777777777777778,0.6507936507936508,0.5476190476190477,0.6428571428571429,1
39,7,0.0,4.205128205128205,5.571428571428571,1.8974358974358971,0,0.2564102564102564,1.8974358974358971,1.6923076923076923,1.2564102564102564,0.8461538461538461,0.2307692307692307,0.1538461538461538,0.1025641025641025,0.1538461538461538,0.0,0.0,0.784,0.696,0.8,0.7209302325581395,0.6046511627906976,0.7906976744186046,1
24,6,1.1666666666666667,3.458333333333333,4.0,1.625,0,0.0,1.625,1.3333333333333333,1.0416666666666667,0.625,0.0,0.0,0.0,0.0,0.0,0.0,0.5517241379310345,0.5,0.5689655172413793,0.5757575757575758,0.4545454545454545,0.4545454545454545,1
22,5,1.4,3.909090909090909,4.4,1.6363636363636365,0,0.3181818181818182,1.6363636363636365,1.4090909090909092,1.1363636363636365,0.6818181818181818,0.1818181818181818,0.1818181818181818,0.1363636363636363,0.3181818181818182,0.0,0.0,0.671875,0.6875,0.734375,0.6666666666666666,0.6666666666666666,0.6904761904761905,1
47,9,0.0,4.042553191489362,5.222222222222222,1.893617021276596,0,0.2127659574468085,1.893617021276596,1.6595744680851063,1.0425531914893618,0.6382978723404256,0.1914893617021276,0.0851063829787234,0.0638297872340425,0.1276595744680851,0.0,0.0,0.8,0.75,0.8,0.6847826086956522,0.5108695652173914,0.717391304347826,1
22,6,0.0,4.363636363636363,3.6666666666666665,1.9545454545454544,0,0.4090909090909091,1.9545454545454544,1.5,1.4090909090909092,0.7727272727272727,0.4090909090909091,0.0909090909090909,0.0909090909090909,0.2272727272727272,0.0454545454545454,0.0,0.7702702702702703,0.7432432432432432,0.7702702702702703,0.7692307692307693,0.6346153846153846,0.7115384615384616,1
17,6,0.0,3.823529411764706,2.833333333333333,1.8823529411764703,0,0.1764705882352941,1.8823529411764703,1.588235294117647,1.0588235294117647,0.6470588235294118,0.1764705882352941,0.0588235294117647,0.0588235294117647,0.1764705882352941,0.0,0.0,0.875,0.7916666666666666,0.8958333333333334,0.8387096774193549,0.5806451612903226,0.8387096774193549,1
68,17,1.0555555555555556,5.382352941176471,4.0,2.235294117647059,0,0.5294117647058824,2.235294117647059,2.044117647058824,1.6764705882352942,1.1029411764705883,0.4264705882352941,0.3382352941176471,0.2941176470588235,0.4558823529411764,0.0441176470588235,0.0,0.6554054054054054,0.6114864864864865,0.6587837837837838,0.6283185840707964,0.5663716814159292,0.6415929203539823,1
44,10,0.0,4.659090909090909,4.4,2.0454545454545454,0,0.4545454545454545,2.0454545454545454,1.681818181818182,1.4090909090909092,0.8181818181818182,0.3181818181818182,0.25,0.1136363636363636,0.2727272727272727,0.0454545454545454,0.0227272727272727,0.5714285714285714,0.4968944099378882,0.6086956521739131,0.5299145299145299,0.4957264957264957,0.6324786324786325,1
26,7,0.0,3.8461538461538463,3.7142857142857135,1.6538461538461535,0,0.3076923076923077,1.6538461538461535,1.3461538461538465,1.1538461538461535,0.7692307692307693,0.2307692307692307,0.1538461538461538,0.2307692307692307,0.2692307692307692,0.0,0.0,0.6756756756756757,0.6621621621621622,0.7162162162162162,0.6458333333333334,0.5416666666666666,0.6666666666666666,1
18,5,0.0,3.7222222222222223,3.6,1.6111111111111112,0,0.3888888888888889,1.6111111111111112,1.2777777777777777,1.0555555555555556,0.6666666666666666,0.3333333333333333,0.0555555555555555,0.1666666666666666,0.2222222222222222,0.0,0.0,0.673469387755102,0.673469387755102,0.673469387755102,0.5806451612903226,0.5161290322580645,0.5806451612903226,1
19,6,0.0,3.631578947368421,3.1666666666666665,1.5789473684210529,0,0.1578947368421052,1.5789473684210529,1.368421052631579,1.105263157894737,0.6842105263157895,0.1578947368421052,0.0,0.0,0.0,0.0,0.0,0.9,0.9,0.92,0.8709677419354839,0.5161290322580645,0.7419354838709677,1
225,15,1.6,4.8933333333333335,15.0,2.0844444444444443,9,0.4533333333333333,2.0844444444444443,1.8133333333333328,1.502222222222222,0.8488888888888889,0.3288888888888889,0.2444444444444444,0.1866666666666666,0.3466666666666667,0.0222222222222222,0.0,0.6697142857142857,0.6491428571428571,0.6948571428571428,0.6446153846153846,0.54,0.6292307692307693,1
91,10,0.0,4.538461538461538,9.1,1.912087912087912,1,0.4395604395604395,1.912087912087912,1.6703296703296704,1.3956043956043955,0.8131868131868132,0.3186813186813186,0.2307692307692307,0.1428571428571428,0.2857142857142857,0.0,0.0,0.765625,0.725,0.771875,0.7136563876651982,0.5903083700440529,0.8193832599118943,1
80,9,1.1111111111111112,4.2625,8.88888888888889,1.875,1,0.4125,1.875,1.5625,1.2,0.65,0.225,0.1625,0.125,0.3375,0.0,0.0,0.7011494252873564,0.6513409961685823,0.7777777777777778,0.7403314917127072,0.6629834254143646,0.850828729281768,1
60,11,1.0833333333333333,4.65,5.454545454545454,2.1166666666666667,2,0.3333333333333333,2.1166666666666667,1.6833333333333331,1.5166666666666666,0.7833333333333333,0.2333333333333333,0.1166666666666666,0.1333333333333333,0.2666666666666666,0.0,0.0,0.7674418604651163,0.6837209302325581,0.7767441860465116,0.7086092715231788,0.5695364238410596,0.7483443708609272,1
24,8,0.0,3.8333333333333335,3.0,1.4583333333333333,0,0.5416666666666666,1.4583333333333333,1.125,1.1666666666666667,0.7083333333333334,0.5416666666666666,0.4166666666666667,0.0416666666666666,0.0833333333333333,0.0,0.0,0.7647058823529411,0.6470588235294118,0.7352941176470589,0.8409090909090909,0.7954545454545454,0.9090909090909092,1
48,16,0.0,4.8125,3.0,1.9583333333333333,0,0.6041666666666666,1.9583333333333333,1.5208333333333333,1.625,0.8541666666666666,0.6041666666666666,0.4375,0.0416666666666666,0.1041666666666666,0.0208333333333333,0.0,0.6758241758241759,0.5659340659340659,0.6373626373626373,0.7593984962406015,0.6541353383458647,0.7518796992481203,1
74,13,0.0,4.486486486486487,5.6923076923076925,2.0,0,0.3783783783783784,2.0,1.608108108108108,1.445945945945946,0.7027027027027027,0.3243243243243243,0.1891891891891892,0.0945945945945946,0.2162162162162162,0.027027027027027,0.0,0.78125,0.765625,0.80078125,0.7611111111111111,0.7166666666666667,0.8333333333333334,1
49,10,1.1,3.979591836734694,4.9,1.836734693877551,0,0.2448979591836734,1.836734693877551,1.2448979591836735,1.346938775510204,0.6122448979591837,0.2040816326530612,0.0612244897959183,0.0408163265306122,0.0816326530612244,0.0,0.0,0.726027397260274,0.636986301369863,0.7397260273972602,0.5979381443298969,0.5670103092783505,0.6907216494845361,1
24,7,0.0,4.083333333333333,3.4285714285714284,1.7083333333333333,0,0.25,1.7083333333333333,1.5,1.3333333333333333,0.75,0.25,0.125,0.0833333333333333,0.0833333333333333,0.0,0.0,0.7837837837837838,0.7972972972972973,0.8108108108108109,0.64,0.6,0.74,1
20,6,0.0,3.9,3.333333333333333,1.7,0,0.3,1.7,1.4,1.15,0.7,0.3,0.15,0.1,0.15,0.0,0.0,0.6379310344827587,0.5517241379310345,0.6379310344827587,0.4736842105263157,0.3947368421052631,0.5,1
7,3,0.0,3.857142857142857,2.333333333333333,1.5714285714285714,0,0.4285714285714285,1.5714285714285714,1.4285714285714286,1.0,0.8571428571428571,0.4285714285714285,0.2857142857142857,0.2857142857142857,0.2857142857142857,0.0,0.0,0.9,0.9,0.9,0.6923076923076923,0.6923076923076923,0.6923076923076923,1
8,2,0.0,3.25,4.0,1.5,0,0.25,1.5,1.25,0.75,0.5,0.25,0.0,0.0,0.0,0.0,0.0,1.0,1.0,1.0,1.0,1.0,1.0,1
20,5,0.0,3.05,4.0,1.55,0,0.05,1.55,1.4,0.5,0.45,0.05,0.0,0.0,0.0,0.0,0.0,0.926829268292683,0.926829268292683,0.926829268292683,0.8095238095238095,0.6666666666666666,0.9047619047619048,1
40,13,0.0,5.2,3.076923076923077,2.3,0,0.325,2.3,1.95,1.725,0.925,0.325,0.275,0.075,0.175,0.0,0.0,0.7125748502994012,0.6646706586826348,0.7544910179640718,0.6587301587301587,0.626984126984127,0.7698412698412699,1
24,6,0.0,4.083333333333333,4.0,1.8333333333333333,0,0.25,1.8333333333333333,1.75,1.0833333333333333,0.7916666666666666,0.2083333333333333,0.1666666666666666,0.0833333333333333,0.2083333333333333,0.0,0.0,0.6756756756756757,0.6486486486486487,0.6891891891891891,0.64,0.48,0.68,1
12,3,0.0,3.5,4.0,1.5,0,0.3333333333333333,1.5,1.3333333333333333,0.8333333333333334,0.6666666666666666,0.3333333333333333,0.1666666666666666,0.1666666666666666,0.1666666666666666,0.0,0.0,0.9333333333333332,0.9333333333333332,0.9333333333333332,0.7777777777777778,0.6666666666666666,0.7777777777777778,1
19,6,0.0,3.3157894736842106,3.1666666666666665,1.5263157894736843,0,0.2631578947368421,1.5263157894736843,1.263157894736842,0.7894736842105263,0.5263157894736842,0.2631578947368421,0.0,0.0,0.0,0.0,0.0,1.0,1.0,1.0,1.0,0.84,1.0,1
22,6,0.0,3.727272727272727,3.6666666666666665,1.6363636363636365,0,0.1363636363636363,1.6363636363636365,1.2727272727272727,1.1363636363636365,0.4545454545454545,0.1363636363636363,0.0,0.0,0.0,0.0,0.0,0.6271186440677966,0.6271186440677966,0.6271186440677966,0.3611111111111111,0.5277777777777778,0.8888888888888888,1
24,6,0.0,5.125,4.0,2.0416666666666665,0,0.6666666666666666,2.0416666666666665,1.7083333333333333,1.6666666666666667,1.1666666666666667,0.6666666666666666,0.375,0.375,0.4166666666666667,0.2083333333333333,0.0,0.6530612244897959,0.6326530612244898,0.7244897959183674,0.5945945945945946,0.4729729729729729,0.6216216216216216,1
112,12,1.0909090909090908,4.75,9.333333333333334,2.044642857142857,1,0.4553571428571428,2.044642857142857,1.7678571428571428,1.4553571428571428,0.8928571428571429,0.3660714285714285,0.2589285714285714,0.1696428571428571,0.3125,0.0535714285714285,0.0,0.7410071942446043,0.7074340527577938,0.7721822541966427,0.7185430463576159,0.6556291390728477,0.7880794701986755,1
54,10,1.1,5.12962962962963,5.4,2.2222222222222223,0,0.4814814814814814,2.2222222222222223,1.962962962962963,1.5925925925925926,0.9444444444444444,0.4259259259259259,0.3703703703703703,0.1851851851851851,0.3518518518518518,0.0185185185185185,0.0,0.7737556561085973,0.6742081447963801,0.7918552036199095,0.7515151515151515,0.7151515151515152,0.8242424242424242,1
48,8,0.0,4.25,6.0,1.875,0,0.375,1.875,1.625,1.1875,0.7916666666666666,0.3333333333333333,0.2291666666666666,0.1875,0.25,0.0,0.0,0.6730769230769231,0.5833333333333334,0.6858974358974359,0.6203703703703703,0.5555555555555556,0.6666666666666666,1
76,21,0.0,4.842105263157895,3.619047619047619,2.0789473684210527,1,0.4605263157894737,2.0789473684210527,1.7763157894736843,1.5263157894736843,0.8947368421052632,0.3947368421052631,0.2236842105263158,0.1447368421052631,0.3157894736842105,0.0263157894736842,0.0,0.6724137931034483,0.6517241379310345,0.696551724137931,0.5849056603773585,0.5188679245283019,0.6462264150943396,1
41,14,0.0,4.487804878048781,2.9285714285714284,1.8780487804878048,0,0.5121951219512195,1.8780487804878048,1.5853658536585369,1.3170731707317074,0.8292682926829268,0.4146341463414634,0.2682926829268293,0.2682926829268293,0.3902439024390244,0.073170731707317,0.0,0.6993006993006993,0.6573426573426573,0.6923076923076923,0.5098039215686274,0.4901960784313725,0.5882352941176471,1
42,11,0.0,4.690476190476191,3.8181818181818175,1.8333333333333333,0,0.4523809523809524,1.8333333333333333,1.6666666666666667,1.5714285714285714,0.9761904761904762,0.4285714285714285,0.2619047619047619,0.1904761904761904,0.238095238095238,0.0,0.0,0.8580645161290322,0.8387096774193549,0.8774193548387097,0.7787610619469026,0.6106194690265486,0.7876106194690266,1
23,6,0.0,4.782608695652174,3.8333333333333335,2.0869565217391304,0,0.0869565217391304,2.0869565217391304,1.9130434782608696,1.7391304347826086,0.8695652173913043,0.0869565217391304,0.0869565217391304,0.0,0.0,0.0,0.0,0.7093023255813954,0.6162790697674418,0.686046511627907,0.6129032258064516,0.4032258064516129,0.6451612903225806,1
31,6,0.0,3.161290322580645,5.166666666666667,1.5806451612903225,0,0.032258064516129,1.5806451612903225,1.4838709677419355,0.6451612903225806,0.5483870967741935,0.032258064516129,0.0,0.0,0.0,0.0,0.0,0.7910447761194029,0.7761194029850746,0.8805970149253731,0.75,0.6388888888888888,0.6111111111111112,1
129,18,1.5294117647058822,4.7984496124031,7.166666666666667,2.046511627906977,1,0.4806201550387597,2.046511627906977,1.7209302325581397,1.5116279069767442,0.8604651162790697,0.4651162790697674,0.2868217054263566,0.2015503875968992,0.2635658914728682,0.0542635658914728,0.0077519379844961,0.7892561983471075,0.7458677685950413,0.7768595041322314,0.7994269340974212,0.6819484240687679,0.8166189111747851,1
22,6,0.0,4.727272727272728,3.6666666666666665,2.1818181818181817,0,0.3181818181818182,2.1818181818181817,1.8636363636363635,1.5,0.9090909090909092,0.3181818181818182,0.2727272727272727,0.1363636363636363,0.2272727272727272,0.0,0.0,0.7682926829268293,0.7195121951219512,0.7560975609756098,0.7419354838709677,0.6451612903225806,0.8064516129032258,1
11,4,1.25,3.4545454545454546,2.75,1.6363636363636365,0,0.1818181818181818,1.6363636363636365,1.4545454545454546,0.8181818181818182,0.6363636363636364,0.1818181818181818,0.0,0.0,0.0,0.0,0.0,1.0,1.0,1.0,1.0,0.6875,1.0,1
158,12,4.461538461538462,3.943037974683544,13.166666666666666,1.6012658227848102,3,0.4810126582278481,1.6012658227848102,1.1898734177215189,1.1962025316455696,0.5886075949367089,0.3227848101265823,0.1962025316455696,0.1075949367088607,0.2658227848101265,0.0063291139240506,0.0,0.6334056399132321,0.613882863340564,0.6464208242950108,0.5815384615384616,0.5661538461538461,0.6369230769230769,1
47,9,0.0,4.829787234042553,5.222222222222222,2.042553191489361,0,0.4468085106382978,2.042553191489361,1.74468085106383,1.4893617021276595,0.9361702127659576,0.3829787234042553,0.2978723404255319,0.1914893617021276,0.3404255319148936,0.0212765957446808,0.0,0.7388888888888889,0.6888888888888889,0.7222222222222222,0.7518796992481203,0.6165413533834586,0.7819548872180451,1
37,11,1.181818181818182,4.567567567567568,3.363636363636364,1.9189189189189189,0,0.4594594594594595,1.9189189189189189,1.5675675675675675,1.4324324324324325,0.8378378378378378,0.3783783783783784,0.1891891891891892,0.1351351351351351,0.2702702702702703,0.027027027027027,0.0,0.7045454545454546,0.5909090909090909,0.7121212121212122,0.631578947368421,0.5368421052631579,0.7052631578947368,1
17,4,0.0,3.5294117647058822,4.25,1.588235294117647,0,0.1764705882352941,1.588235294117647,1.2941176470588236,0.9411764705882352,0.5294117647058824,0.1176470588235294,0.0,0.0,0.0588235294117647,0.0,0.0,0.7674418604651163,0.7209302325581395,0.813953488372093,0.6153846153846154,0.5769230769230769,0.7692307692307693,1
11,4,0.0,4.0,2.75,1.5454545454545454,0,0.5454545454545454,1.5454545454545454,1.3636363636363635,1.0909090909090908,0.9090909090909092,0.5454545454545454,0.3636363636363636,0.2727272727272727,0.2727272727272727,0.0,0.0,0.9090909090909092,0.9090909090909092,0.9090909090909092,0.7272727272727273,0.7272727272727273,0.7272727272727273,1
19,5,0.0,3.263157894736842,3.8,1.5263157894736843,0,0.2105263157894736,1.5263157894736843,1.3157894736842106,0.7368421052631579,0.5263157894736842,0.2105263157894736,0.0,0.0,0.0,0.0,0.0,1.0,1.0,1.0,1.0,1.0,1.0,1
35,12,0.0,4.6,2.9166666666666665,1.9142857142857144,0,0.5428571428571428,1.9142857142857144,1.6,1.2285714285714286,0.7142857142857143,0.4571428571428571,0.2857142857142857,0.1714285714285714,0.4285714285714285,0.0857142857142857,0.0571428571428571,0.5793650793650794,0.626984126984127,0.6111111111111112,0.5274725274725275,0.4505494505494505,0.5714285714285714,1
24,8,0.0,5.208333333333333,3.0,2.208333333333333,1,0.5,2.208333333333333,1.7083333333333333,1.6666666666666667,0.75,0.4583333333333333,0.2083333333333333,0.0833333333333333,0.3333333333333333,0.0833333333333333,0.0,0.7368421052631579,0.7578947368421053,0.7473684210526316,0.5846153846153846,0.6307692307692307,0.8307692307692308,1
44,8,1.25,4.227272727272728,5.5,1.7954545454545454,0,0.3863636363636363,1.7954545454545454,1.4545454545454546,1.318181818181818,0.7272727272727273,0.2045454545454545,0.1136363636363636,0.1818181818181818,0.2727272727272727,0.0,0.0,0.6690140845070423,0.6901408450704225,0.7253521126760564,0.5,0.51,0.7,1
46,10,0.0,5.086956521739131,4.6,2.347826086956522,1,0.2826086956521739,2.347826086956522,2.0,1.6956521739130437,1.0,0.2608695652173913,0.217391304347826,0.108695652173913,0.1521739130434782,0.0,0.0,0.7058823529411765,0.6524064171122995,0.7058823529411765,0.6857142857142857,0.6428571428571429,0.75,1
24,6,0.0,3.8333333333333335,4.0,1.6666666666666667,0,0.4166666666666667,1.6666666666666667,1.2083333333333333,1.0833333333333333,0.5416666666666666,0.2916666666666667,0.0833333333333333,0.0833333333333333,0.25,0.0,0.0,0.6716417910447762,0.6268656716417911,0.6567164179104478,0.6428571428571429,0.6190476190476191,0.7142857142857143,1
54,16,1.125,5.648148148148148,3.375,2.425925925925926,3,0.3888888888888889,2.425925925925926,2.2222222222222223,1.962962962962963,1.2222222222222223,0.3888888888888889,0.3148148148148148,0.2037037037037037,0.2777777777777778,0.0,0.0,0.7330677290836654,0.6653386454183267,0.7051792828685259,0.700507614213198,0.6243654822335025,0.751269035532995,1
69,9,0.0,3.971014492753623,7.666666666666667,1.7826086956521738,0,0.2753623188405797,1.7826086956521738,1.5072463768115942,1.115942028985507,0.6666666666666666,0.2608695652173913,0.1014492753623188,0.0579710144927536,0.144927536231884,0.0144927536231884,0.0,0.6568627450980392,0.6176470588235294,0.6470588235294118,0.582089552238806,0.4701492537313433,0.6343283582089553,1
33,5,0.0,4.454545454545454,6.6,1.818181818181818,1,0.2727272727272727,1.818181818181818,1.6363636363636365,1.4848484848484849,0.8484848484848485,0.2121212121212121,0.1212121212121212,0.1212121212121212,0.1818181818181818,0.0303030303030303,0.0,0.7719298245614035,0.7631578947368421,0.8157894736842105,0.6666666666666666,0.5925925925925926,0.7777777777777778,1
55,16,1.0625,5.127272727272727,3.4375,2.2363636363636363,1,0.4545454545454545,2.2363636363636363,1.818181818181818,1.709090909090909,0.9454545454545454,0.3636363636363636,0.2363636363636363,0.2,0.2727272727272727,0.0545454545454545,0.0,0.6696428571428571,0.6651785714285714,0.6830357142857143,0.6107784431137725,0.5449101796407185,0.7065868263473054,1
38,12,0.0,4.815789473684211,3.1666666666666665,2.0526315789473686,0,0.2894736842105263,2.0526315789473686,1.894736842105263,1.5526315789473684,0.9473684210526316,0.1578947368421052,0.131578947368421,0.131578947368421,0.2105263157894736,0.0,0.0,0.7291666666666666,0.7013888888888888,0.8055555555555556,0.7142857142857143,0.6285714285714286,0.819047619047619,1
45,10,0.0,4.711111111111111,4.5,2.1555555555555554,1,0.3333333333333333,2.1555555555555554,1.9333333333333331,1.3555555555555556,0.8444444444444444,0.3111111111111111,0.2222222222222222,0.0666666666666666,0.2222222222222222,0.0,0.0,0.7544910179640718,0.6706586826347305,0.7904191616766467,0.639344262295082,0.5409836065573771,0.7704918032786885,1
163,10,5.818181818181818,3.668711656441718,16.3,1.496932515337423,3,0.4110429447852761,1.496932515337423,1.2024539877300613,0.98159509202454,0.558282208588957,0.2699386503067484,0.1840490797546012,0.1042944785276073,0.2147239263803681,0.0122699386503067,0.0,0.5103926096997691,0.4665127020785219,0.5219399538106235,0.3979591836734694,0.4591836734693877,0.4931972789115646,1
48,10,1.1,5.625,4.8,2.3125,1,0.5,2.3125,2.083333333333333,2.020833333333333,1.1041666666666667,0.3958333333333333,0.3125,0.2916666666666667,0.4375,0.0208333333333333,0.0,0.7737556561085973,0.7963800904977375,0.8009049773755657,0.686046511627907,0.5988372093023255,0.7674418604651163,1
63,11,1.181818181818182,4.476190476190476,5.727272727272728,2.063492063492064,0,0.238095238095238,2.063492063492064,1.6825396825396826,1.492063492063492,0.7936507936507936,0.2063492063492063,0.1111111111111111,0.0476190476190476,0.0952380952380952,0.0,0.0,0.7916666666666666,0.6898148148148148,0.8055555555555556,0.6733333333333333,0.64,0.7733333333333333,1
63,15,1.1333333333333333,4.238095238095238,4.2,1.968253968253968,0,0.2539682539682539,1.968253968253968,1.619047619047619,1.3492063492063493,0.746031746031746,0.2222222222222222,0.1111111111111111,0.0634920634920634,0.1111111111111111,0.0,0.0,0.7821782178217822,0.6831683168316832,0.7821782178217822,0.7372262773722628,0.5985401459854015,0.7664233576642335,1
20,6,0.0,3.3,3.333333333333333,1.65,0,0.1,1.65,1.4,0.75,0.5,0.1,0.0,0.0,0.0,0.0,0.0,0.9782608695652174,0.9782608695652174,0.9782608695652174,0.9230769230769232,0.6538461538461539,0.9230769230769232,1
53,10,1.2,5.075471698113208,5.3,2.169811320754717,0,0.4339622641509434,2.169811320754717,1.8867924528301887,1.660377358490566,1.018867924528302,0.4150943396226415,0.3018867924528302,0.1509433962264151,0.2264150943396226,0.0188679245283018,0.0188679245283018,0.7746478873239436,0.7089201877934272,0.784037558685446,0.7388535031847133,0.6178343949044586,0.7961783439490446,1
41,8,0.0,4.926829268292683,5.125,2.1463414634146343,1,0.3902439024390244,2.1463414634146343,1.8780487804878048,1.6585365853658536,0.951219512195122,0.3902439024390244,0.2195121951219512,0.1463414634146341,0.2195121951219512,0.0,0.0,0.7169811320754716,0.6226415094339622,0.6918238993710691,0.6637931034482759,0.6379310344827587,0.75,1
40,9,0.0,4.575,4.444444444444445,2.05,0,0.175,2.05,1.85,1.45,0.85,0.125,0.125,0.05,0.1,0.0,0.0,0.6783216783216783,0.6433566433566433,0.6573426573426573,0.6407766990291263,0.5922330097087378,0.7281553398058253,1
150,24,1.7894736842105263,4.36,6.25,1.86,0,0.44,1.86,1.5933333333333333,1.2666666666666666,0.7733333333333333,0.3666666666666666,0.24,0.1866666666666666,0.32,0.04,0.0066666666666666,0.7430278884462151,0.7191235059760956,0.7450199203187251,0.7,0.64,0.7742857142857142,1
53,10,1.2,4.716981132075472,5.3,2.037735849056604,0,0.3773584905660377,2.037735849056604,1.7547169811320755,1.528301886792453,0.9056603773584906,0.2830188679245283,0.1698113207547169,0.2075471698113207,0.3018867924528302,0.0188679245283018,0.0,0.6192893401015228,0.5888324873096447,0.6598984771573604,0.5902777777777778,0.5416666666666666,0.7361111111111112,1
20,6,0.0,3.45,3.333333333333333,1.55,0,0.35,1.55,1.25,0.8,0.5,0.25,0.0,0.0,0.1,0.0,0.0,0.9387755102040816,0.9387755102040816,0.979591836734694,0.6551724137931034,0.6551724137931034,0.7931034482758621,1
44,8,0.0,4.795454545454546,5.5,2.090909090909091,0,0.25,2.090909090909091,1.818181818181818,1.6363636363636365,0.9090909090909092,0.2272727272727272,0.2045454545454545,0.1136363636363636,0.1363636363636363,0.0,0.0,0.6445783132530121,0.5662650602409639,0.6144578313253012,0.628099173553719,0.5537190082644629,0.7107438016528925,1
45,10,0.0,4.6,4.5,2.022222222222222,0,0.3333333333333333,2.022222222222222,1.6666666666666667,1.488888888888889,0.7555555555555555,0.2666666666666666,0.1111111111111111,0.1555555555555555,0.1555555555555555,0.0,0.0,0.6296296296296297,0.5802469135802469,0.6172839506172839,0.5555555555555556,0.5641025641025641,0.7435897435897436,1
41,10,0.0,5.439024390243903,4.1,2.365853658536585,1,0.4390243902439024,2.365853658536585,2.1707317073170733,1.6829268292682926,1.0731707317073171,0.4146341463414634,0.3902439024390244,0.1707317073170731,0.3414634146341463,0.0,0.0,0.6983240223463687,0.6480446927374302,0.7262569832402235,0.6518518518518519,0.5777777777777777,0.725925925925926,1
17,6,0.0,4.411764705882353,2.833333333333333,1.7058823529411764,0,0.5882352941176471,1.7058823529411764,1.2941176470588236,1.5294117647058822,0.8823529411764706,0.5882352941176471,0.2352941176470588,0.3529411764705882,0.3529411764705882,0.0,0.0,0.8275862068965517,0.7758620689655172,0.8103448275862069,0.7804878048780488,0.6341463414634146,0.8780487804878049,1
37,8,0.0,5.324324324324325,4.625,2.3513513513513518,2,0.3783783783783784,2.3513513513513518,1.972972972972973,1.864864864864865,0.8648648648648649,0.3513513513513513,0.2162162162162162,0.081081081081081,0.1621621621621621,0.0,0.0,0.7735849056603774,0.7421383647798742,0.7547169811320755,0.7603305785123967,0.6198347107438017,0.8429752066115702,1
40,12,0.0,5.425,3.333333333333333,2.35,0,0.425,2.35,2.0,1.875,1.05,0.4,0.225,0.15,0.275,0.075,0.0,0.7267441860465116,0.6453488372093024,0.7093023255813954,0.6456692913385826,0.5590551181102362,0.7086614173228346,1
65,13,0.0,4.876923076923077,5.0,2.0153846153846158,0,0.4923076923076923,2.0153846153846158,1.8461538461538465,1.353846153846154,0.953846153846154,0.4,0.2923076923076923,0.2153846153846154,0.3692307692307692,0.1076923076923077,0.0,0.6290322580645161,0.5685483870967742,0.6370967741935484,0.5277777777777778,0.5166666666666667,0.5444444444444444,1
13,6,0.0,3.3076923076923075,2.1666666666666665,1.6153846153846154,0,0.0769230769230769,1.6153846153846154,1.3846153846153846,0.6923076923076923,0.5384615384615384,0.0769230769230769,0.0,0.0,0.0,0.0,0.0,0.8333333333333334,0.6,0.8333333333333334,0.4117647058823529,0.4117647058823529,0.5882352941176471,1
20,6,0.0,3.9,3.333333333333333,1.5,0,0.45,1.5,1.0,1.45,0.8,0.45,0.15,0.15,0.15,0.0,0.0,0.8928571428571429,0.7142857142857143,0.625,0.4117647058823529,0.4117647058823529,0.7352941176470589,1
52,18,0.0,5.0,2.888888888888889,2.1538461538461537,0,0.4038461538461538,2.1538461538461537,1.7884615384615383,1.4807692307692308,0.8653846153846154,0.3653846153846153,0.2692307692307692,0.1346153846153846,0.2884615384615384,0.0192307692307692,0.0192307692307692,0.6394230769230769,0.6105769230769231,0.6346153846153846,0.6153846153846154,0.5833333333333334,0.75,1
20,6,0.0,4.0,3.333333333333333,1.7,0,0.3,1.7,1.45,1.25,0.85,0.3,0.15,0.15,0.15,0.0,0.0,0.7627118644067796,0.7627118644067796,0.8135593220338984,0.8974358974358975,0.8974358974358975,0.8974358974358975,1
73,8,0.0,4.863013698630137,9.125,2.0,0,0.4931506849315068,2.0,1.7945205479452055,1.5068493150684932,0.9041095890410958,0.3287671232876712,0.273972602739726,0.1643835616438356,0.3424657534246575,0.0,0.0,0.7821428571428571,0.7607142857142857,0.8071428571428572,0.7853658536585366,0.6926829268292682,0.7853658536585366,1
30,6,0.0,4.033333333333333,5.0,1.7,0,0.2666666666666666,1.7,1.2333333333333334,1.3333333333333333,0.5666666666666667,0.1666666666666666,0.1666666666666666,0.0666666666666666,0.1666666666666666,0.0,0.0,0.5054945054945055,0.4615384615384615,0.5054945054945055,0.4754098360655737,0.4426229508196721,0.5245901639344263,1
10,3,0.0,4.3,3.333333333333333,1.8,0,0.0,1.8,1.8,1.5,0.8,0.0,0.0,0.0,0.0,0.0,0.0,0.9696969696969696,0.9696969696969696,1.0,1.0,0.9130434782608696,1.0,1
55,10,1.1,4.0,5.5,1.9090909090909087,0,0.0909090909090909,1.9090909090909087,1.7454545454545454,1.0909090909090908,0.7272727272727273,0.0727272727272727,0.0363636363636363,0.0363636363636363,0.0545454545454545,0.0,0.0,0.6727272727272727,0.6303030303030303,0.6848484848484848,0.6,0.4272727272727272,0.6636363636363637,1
19,5,1.2,3.5789473684210527,3.8,1.5263157894736843,0,0.3684210526315789,1.5263157894736843,1.3157894736842106,0.8947368421052632,0.6842105263157895,0.3684210526315789,0.1578947368421052,0.1578947368421052,0.1578947368421052,0.0,0.0,0.9387755102040816,0.9387755102040816,0.9387755102040816,0.8,0.8,0.8," pwede nato hipuson? Isa na lang"" Pila ka iring? Nuwebe ka iring?Kaka ni Katkat"
5,1,2.0,3.4,5.0,1.6,0,0.2,1.6,1.4,0.8,0.6,0.2,0.0,0.0,0.0,0.0,0.0,1.0,1.0,1.0,1.0,0.8571428571428571,1.0,1
22,6,0.0,4.318181818181818,3.6666666666666665,2.136363636363636,0,0.1818181818181818,2.136363636363636,1.6363636363636365,1.3636363636363635,0.5909090909090909,0.1818181818181818,0.0909090909090909,0.0909090909090909,0.1818181818181818,0.0454545454545454,0.0,0.7714285714285715,0.7142857142857143,0.7,0.6888888888888889,0.6888888888888889,0.7777777777777778,1
65,16,0.0,5.2615384615384615,4.0625,2.1846153846153844,0,0.4153846153846154,2.1846153846153844,1.876923076923077,1.907692307692308,1.015384615384615,0.4,0.123076923076923,0.1076923076923077,0.1384615384615384,0.0153846153846153,0.0,0.6425992779783394,0.6642599277978339,0.7075812274368231,0.6698113207547169,0.5471698113207547,0.7075471698113207,1
98,11,1.0909090909090908,4.795918367346939,8.909090909090908,1.9081632653061225,0,0.4693877551020408,1.9081632653061225,1.7346938775510203,1.489795918367347,0.8979591836734694,0.4591836734693877,0.3775510204081632,0.1530612244897959,0.2346938775510204,0.0918367346938775,0.0,0.7324324324324324,0.7135135135135136,0.7486486486486487,0.6555555555555556,0.6259259259259259,0.7407407407407407,1
7,2,0.0,3.4285714285714284,3.5,1.5714285714285714,0,0.1428571428571428,1.5714285714285714,1.5714285714285714,0.7142857142857143,0.7142857142857143,0.1428571428571428,0.1428571428571428,0.1428571428571428,0.1428571428571428,0.0,0.0,0.9411764705882352,0.9411764705882352,0.9411764705882352,0.8,0.7,0.8,1
41,6,0.0,4.512195121951219,6.833333333333333,1.8780487804878048,0,0.4634146341463415,1.8780487804878048,1.4634146341463414,1.4634146341463414,0.7804878048780488,0.4146341463414634,0.2682926829268293,0.1707317073170731,0.2439024390243902,0.0975609756097561,0.0,0.75,0.6666666666666666,0.75,0.6601941747572816,0.7184466019417476,0.8155339805825242,1
17,6,0.0,3.4705882352941178,2.833333333333333,1.6470588235294117,0,0.2941176470588235,1.6470588235294117,1.2352941176470589,0.8235294117647058,0.3529411764705882,0.2941176470588235,0.0,0.0,0.1764705882352941,0.0,0.0,0.6428571428571429,0.6428571428571429,0.6428571428571429,0.12,0.28,0.36,1
32,7,0.0,4.71875,4.571428571428571,2.1875,0,0.34375,2.1875,1.75,1.5,1.0,0.3125,0.15625,0.125,0.25,0.0625,0.0,0.7372881355932204,0.711864406779661,0.7288135593220338,0.6588235294117647,0.6588235294117647,0.7529411764705882,1
5,2,0.0,3.4,2.5,1.6,0,0.2,1.6,1.4,0.8,0.6,0.2,0.0,0.0,0.0,0.0,0.0,1.0,1.0,1.0,1.0,0.8571428571428571,1.0,1
8,2,0.0,3.25,4.0,1.5,0,0.25,1.5,1.25,0.75,0.5,0.25,0.0,0.0,0.0,0.0,0.0,1.0,1.0,1.0,1.0,0.8,1.0,1
56,11,1.1,5.339285714285714,5.090909090909091,2.2142857142857144,0,0.5178571428571429,2.2142857142857144,2.0535714285714284,1.7321428571428572,1.1071428571428572,0.4285714285714285,0.3571428571428571,0.1785714285714285,0.3571428571428571,0.0714285714285714,0.0178571428571428,0.6970954356846473,0.6556016597510373,0.7012448132780082,0.644808743169399,0.6065573770491803,0.6612021857923497,1
53,11,1.2222222222222223,5.0,4.818181818181818,2.0,0,0.5094339622641509,2.0,1.849056603773585,1.5660377358490567,1.0754716981132075,0.4150943396226415,0.3018867924528302,0.3018867924528302,0.3584905660377358,0.0566037735849056,0.0,0.5545023696682464,0.5450236966824644,0.5687203791469194,0.5095541401273885,0.4076433121019108,0.535031847133758,1
55,6,0.0,3.8545454545454554,9.166666666666666,1.8,0,0.2181818181818181,1.8,1.509090909090909,1.0363636363636364,0.6181818181818182,0.2181818181818181,0.109090909090909,0.0727272727272727,0.1818181818181818,0.0363636363636363,0.0,0.6942675159235668,0.5859872611464968,0.6624203821656051,0.5294117647058824,0.4607843137254901,0.4901960784313725,1
20,5,0.0,3.95,4.0,1.7,0,0.35,1.7,1.45,1.1,0.7,0.25,0.2,0.05,0.15,0.0,0.0,0.7457627118644068,0.6949152542372882,0.7796610169491526,0.8717948717948718,0.6923076923076923,0.7692307692307693,1
14,3,0.0,3.857142857142857,4.666666666666667,1.6428571428571428,0,0.3571428571428571,1.6428571428571428,1.5,1.0,0.8571428571428571,0.3571428571428571,0.2142857142857142,0.2142857142857142,0.2142857142857142,0.0,0.0,0.925,0.925,0.925,0.7692307692307693,0.6538461538461539,0.7692307692307693,1
12,0,0.0,4.583333333333333,12.0,1.8333333333333333,0,0.3333333333333333,1.8333333333333333,1.8333333333333333,1.4166666666666667,1.3333333333333333,0.3333333333333333,0.3333333333333333,0.3333333333333333,0.3333333333333333,0.0,0.0,0.9069767441860463,0.9069767441860463,0.9069767441860463,0.6129032258064516,0.6129032258064516,0.7741935483870968,1
55,11,0.0,4.927272727272728,5.0,2.0,0,0.4727272727272727,2.0,1.7636363636363637,1.4727272727272729,0.9636363636363636,0.4,0.2909090909090909,0.1818181818181818,0.3636363636363636,0.0181818181818181,0.0181818181818181,0.6976744186046512,0.6837209302325581,0.7209302325581395,0.660377358490566,0.6037735849056604,0.7295597484276729,1
56,16,1.375,4.607142857142857,3.5,2.142857142857143,0,0.1964285714285714,2.142857142857143,1.8571428571428568,1.4821428571428572,0.875,0.1607142857142857,0.1607142857142857,0.0178571428571428,0.0892857142857142,0.0,0.0,0.6464646464646465,0.6060606060606061,0.6616161616161617,0.5942028985507246,0.5507246376811594,0.717391304347826,1
57,18,0.0,4.982456140350878,3.1666666666666665,2.0701754385964914,0,0.4210526315789473,2.0701754385964914,1.7543859649122806,1.5789473684210529,0.9298245614035088,0.3684210526315789,0.2807017543859649,0.2105263157894736,0.3333333333333333,0.0350877192982456,0.0,0.6367713004484304,0.5874439461883408,0.672645739910314,0.5740740740740741,0.5061728395061729,0.6728395061728395,1
41,8,0.0,5.097560975609756,5.125,2.1463414634146343,1,0.5365853658536586,2.1463414634146343,1.8780487804878048,1.6341463414634143,0.8780487804878049,0.4146341463414634,0.2195121951219512,0.073170731707317,0.1951219512195122,0.0,0.0,0.6845238095238095,0.6666666666666666,0.7321428571428571,0.6535433070866141,0.5669291338582677,0.6614173228346457,1
90,23,1.3478260869565215,5.255555555555556,3.9130434782608696,2.4,2,0.3444444444444444,2.4,2.1,1.6555555555555554,0.9,0.3222222222222222,0.2444444444444444,0.0888888888888888,0.2111111111111111,0.0333333333333333,0.0,0.6868421052631579,0.6157894736842106,0.718421052631579,0.6829268292682927,0.5923344947735192,0.7735191637630662,1
22,4,0.0,4.818181818181818,5.5,1.818181818181818,0,0.6818181818181818,1.818181818181818,1.5909090909090908,1.5,0.9090909090909092,0.5909090909090909,0.4090909090909091,0.2727272727272727,0.4545454545454545,0.0454545454545454,0.0454545454545454,0.6309523809523809,0.6190476190476191,0.6309523809523809,0.5483870967741935,0.5161290322580645,0.4677419354838709,1
40,7,0.0,4.225,5.714285714285714,1.825,0,0.375,1.825,1.5,1.275,0.65,0.225,0.175,0.125,0.25,0.025,0.0,0.7364341085271318,0.7286821705426356,0.7596899224806202,0.6404494382022472,0.651685393258427,0.797752808988764,1
32,12,0.0,4.75,2.6666666666666665,2.125,0,0.25,2.125,1.9375,1.4375,0.96875,0.25,0.15625,0.03125,0.0625,0.0,0.0,0.7,0.6,0.6833333333333333,0.6818181818181818,0.5568181818181818,0.6590909090909091,1
22,6,0.0,4.136363636363637,3.6666666666666665,1.681818181818182,0,0.4545454545454545,1.681818181818182,1.4090909090909092,1.2727272727272727,0.7727272727272727,0.4090909090909091,0.2727272727272727,0.1363636363636363,0.2272727272727272,0.0,0.0,0.7391304347826086,0.7391304347826086,0.7391304347826086,0.7021276595744681,0.6170212765957447,0.7659574468085106,1
54,7,0.0,4.685185185185185,7.714285714285714,1.9814814814814812,0,0.5370370370370371,1.9814814814814812,1.5740740740740742,1.4444444444444444,0.8333333333333334,0.4814814814814814,0.2962962962962963,0.1296296296296296,0.2962962962962963,0.0185185185185185,0.0,0.6919191919191919,0.6363636363636364,0.696969696969697,0.6223776223776224,0.5874125874125874,0.7552447552447552,1
23,6,0.0,3.260869565217391,3.8333333333333335,1.5217391304347827,0,0.1739130434782608,1.5217391304347827,1.2173913043478262,0.8260869565217391,0.5652173913043478,0.1739130434782608,0.0,0.0,0.0,0.0,0.0,0.9411764705882352,0.9411764705882352,0.9411764705882352,0.9629629629629628,0.6666666666666666,1.0,1
225,15,1.6,4.8933333333333335,15.0,2.0844444444444443,9,0.4533333333333333,2.0844444444444443,1.8133333333333328,1.502222222222222,0.8488888888888889,0.3288888888888889,0.2444444444444444,0.1866666666666666,0.3466666666666667,0.0222222222222222,0.0,0.6697142857142857,0.6491428571428571,0.6948571428571428,0.6446153846153846,0.54,0.6292307692307693,1
75,12,1.6,4.92,6.25,2.013333333333333,1,0.3733333333333333,2.013333333333333,1.8133333333333328,1.6133333333333333,0.96,0.3466666666666667,0.24,0.2133333333333333,0.2666666666666666,0.0133333333333333,0.0,0.6426116838487973,0.6185567010309279,0.6666666666666666,0.6103286384976526,0.568075117370892,0.7089201877934272,1
55,10,0.0,4.254545454545455,5.5,1.8363636363636364,0,0.2909090909090909,1.8363636363636364,1.6545454545454543,1.2545454545454546,0.7090909090909091,0.2363636363636363,0.1818181818181818,0.0545454545454545,0.2181818181818181,0.0,0.0,0.5955056179775281,0.5561797752808989,0.6292134831460674,0.5819672131147541,0.5327868852459017,0.6147540983606558,1
24,6,0.0,3.7083333333333335,4.0,1.625,0,0.2083333333333333,1.625,1.2916666666666667,1.125,0.5416666666666666,0.2083333333333333,0.0833333333333333,0.0416666666666666,0.0416666666666666,0.0,0.0,0.8153846153846154,0.8153846153846154,0.8461538461538461,0.7317073170731707,0.7560975609756098,0.926829268292683,1
126,14,1.6666666666666667,4.428571428571429,9.0,1.8571428571428568,1,0.5,1.8571428571428568,1.5,1.3571428571428572,0.6746031746031746,0.4047619047619047,0.3253968253968254,0.0634920634920634,0.1984126984126984,0.0079365079365079,0.0,0.7337962962962963,0.7106481481481481,0.7453703703703703,0.6862745098039216,0.6241830065359477,0.7549019607843137,1
50,10,1.1,4.4,5.0,1.9,0,0.4,1.9,1.52,1.36,0.68,0.34,0.26,0.04,0.16,0.0,0.0,0.7261904761904762,0.7083333333333334,0.75,0.6896551724137931,0.5431034482758621,0.7241379310344828,1
81,9,1.4444444444444444,4.91358024691358,9.0,2.08641975308642,1,0.4938271604938271,2.08641975308642,1.7530864197530864,1.530864197530864,0.8641975308641975,0.419753086419753,0.2592592592592592,0.1975308641975308,0.345679012345679,0.0617283950617283,0.0123456790123456,0.65814696485623,0.6166134185303515,0.7028753993610224,0.6419213973799127,0.5152838427947598,0.6375545851528385,1
81,9,1.4444444444444444,4.91358024691358,9.0,2.08641975308642,1,0.4938271604938271,2.08641975308642,1.7530864197530864,1.530864197530864,0.8641975308641975,0.419753086419753,0.2592592592592592,0.1975308641975308,0.345679012345679,0.0617283950617283,0.0123456790123456,0.65814696485623,0.6166134185303515,0.7028753993610224,0.6419213973799127,0.5152838427947598,0.6375545851528385,1
46,8,0.0,4.521739130434782,5.75,2.0434782608695654,0,0.3260869565217391,2.0434782608695654,1.7173913043478262,1.391304347826087,0.7608695652173914,0.3043478260869565,0.2391304347826087,0.0869565217391304,0.217391304347826,0.0,0.0,0.7515527950310559,0.7142857142857143,0.782608695652174,0.6754385964912281,0.6052631578947368,0.7807017543859649,1
81,8,1.5,4.296296296296297,10.125,1.8271604938271604,0,0.345679012345679,1.8271604938271604,1.530864197530864,1.3703703703703705,0.8395061728395061,0.2962962962962963,0.2098765432098765,0.1111111111111111,0.2222222222222222,0.037037037037037,0.0123456790123456,0.6891385767790262,0.6479400749063671,0.704119850187266,0.6290322580645161,0.5053763440860215,0.7258064516129032,1
23,6,0.0,4.130434782608695,3.8333333333333335,1.7826086956521738,0,0.4347826086956521,1.7826086956521738,1.3043478260869563,1.3478260869565215,0.7391304347826086,0.4347826086956521,0.217391304347826,0.0869565217391304,0.0869565217391304,0.0434782608695652,0.0,0.7638888888888888,0.6666666666666666,0.7361111111111112,0.7551020408163265,0.6938775510204082,0.7142857142857143,1
12,4,0.0,3.8333333333333335,3.0,1.6666666666666667,0,0.3333333333333333,1.6666666666666667,1.5,1.0,0.8333333333333334,0.3333333333333333,0.1666666666666666,0.1666666666666666,0.1666666666666666,0.0,0.0,0.9411764705882352,0.9411764705882352,0.9411764705882352,0.6363636363636364,0.5454545454545454,1.0,1
50,10,0.0,4.32,5.0,1.86,0,0.42,1.86,1.58,1.26,0.76,0.36,0.22,0.08,0.2,0.02,0.0,0.8433734939759037,0.8373493975903614,0.7831325301204819,0.8448275862068966,0.7155172413793104,0.853448275862069,1
36,12,0.0,5.083333333333333,3.0,2.1944444444444446,0,0.3055555555555556,2.1944444444444446,2.0277777777777777,1.6666666666666667,1.0555555555555556,0.3055555555555556,0.3055555555555556,0.1111111111111111,0.1666666666666666,0.0,0.0,0.8068965517241379,0.7034482758620689,0.7793103448275862,0.8130841121495327,0.6728971962616822,0.7570093457943925,1
53,10,0.0,4.547169811320755,5.3,2.037735849056604,0,0.320754716981132,2.037735849056604,1.7735849056603774,1.3773584905660377,0.8679245283018868,0.2641509433962264,0.1886792452830188,0.0754716981132075,0.2075471698113207,0.0188679245283018,0.0,0.7526881720430108,0.6720430107526881,0.7634408602150538,0.6717557251908397,0.6030534351145038,0.7557251908396947,1
42,9,0.0,4.285714285714286,4.666666666666667,1.880952380952381,0,0.2857142857142857,1.880952380952381,1.5952380952380951,1.2142857142857142,0.7857142857142857,0.2142857142857142,0.1666666666666666,0.0952380952380952,0.119047619047619,0.0238095238095238,0.0238095238095238,0.6204379562043796,0.6131386861313869,0.6058394160583942,0.5368421052631579,0.4526315789473684,0.6,1
18,5,0.0,3.2777777777777777,3.6,1.5555555555555556,0,0.0,1.5555555555555556,1.4444444444444444,0.7777777777777778,0.6111111111111112,0.0,0.0,0.0,0.0,0.0,0.0,0.7560975609756098,0.7560975609756098,0.8292682926829268,0.6521739130434783,0.782608695652174,0.6956521739130435,1
55,17,1.0588235294117647,5.0,3.235294117647059,2.0727272727272728,0,0.4363636363636363,2.0727272727272728,1.8545454545454545,1.5454545454545454,1.0,0.4181818181818181,0.3272727272727272,0.2727272727272727,0.3272727272727272,0.0727272727272727,0.0363636363636363,0.6543778801843319,0.6175115207373272,0.663594470046083,0.5849056603773585,0.5534591194968553,0.6540880503144654,1
22,6,0.0,3.272727272727273,3.6666666666666665,1.681818181818182,0,0.0454545454545454,1.681818181818182,1.318181818181818,0.8181818181818182,0.4090909090909091,0.0454545454545454,0.0,0.0,0.0,0.0,0.0,0.64,0.56,0.74,0.3928571428571428,0.3571428571428571,0.5714285714285714,1
17,5,0.0,3.823529411764706,3.4,1.8235294117647056,0,0.3529411764705882,1.8235294117647056,1.5294117647058822,0.9411764705882352,0.5294117647058824,0.3529411764705882,0.0588235294117647,0.0588235294117647,0.3529411764705882,0.0,0.0,0.7291666666666666,0.7083333333333334,0.7291666666666666,0.5483870967741935,0.7419354838709677,0.6129032258064516,1
80,9,1.1111111111111112,4.2625,8.88888888888889,1.875,1,0.4125,1.875,1.5625,1.2,0.65,0.225,0.1625,0.125,0.3375,0.0,0.0,0.7011494252873564,0.6513409961685823,0.7777777777777778,0.7403314917127072,0.6629834254143646,0.850828729281768,1
24,6,0.0,3.458333333333333,4.0,1.75,0,0.0,1.75,1.5,0.7916666666666666,0.4583333333333333,0.0,0.0,0.0,0.0,0.0,0.0,0.9322033898305084,0.8813559322033898,0.9322033898305084,0.8285714285714286,0.7142857142857143,0.9428571428571428,1
66,13,1.0769230769230769,4.848484848484849,5.076923076923077,2.196969696969697,0,0.3181818181818182,2.196969696969697,1.9242424242424243,1.4242424242424243,0.9090909090909092,0.303030303030303,0.1969696969696969,0.1818181818181818,0.303030303030303,0.0151515151515151,0.0,0.7984189723320159,0.6996047430830039,0.7747035573122529,0.6451612903225806,0.5053763440860215,0.7311827956989247,1
48,8,0.0,4.729166666666667,6.0,2.020833333333333,0,0.4791666666666667,2.020833333333333,1.8125,1.375,0.8333333333333334,0.375,0.2916666666666667,0.2083333333333333,0.375,0.0208333333333333,0.0208333333333333,0.7627118644067796,0.7401129943502824,0.7175141242937854,0.7559055118110236,0.6850393700787402,0.7952755905511811,1
22,6,0.0,3.6818181818181817,3.6666666666666665,1.7727272727272727,0,0.1363636363636363,1.7727272727272727,1.5909090909090908,0.9545454545454546,0.7272727272727273,0.1363636363636363,0.0909090909090909,0.0,0.0909090909090909,0.0,0.0,0.7413793103448276,0.6206896551724138,0.7068965517241379,0.6388888888888888,0.6111111111111112,0.6388888888888888,1
178,20,1.8,4.52808988764045,8.9,1.98876404494382,2,0.5112359550561798,1.98876404494382,1.550561797752809,1.2696629213483146,0.6966292134831461,0.3876404494382022,0.2752808988764045,0.1011235955056179,0.3314606741573033,0.0561797752808988,0.0,0.6592,0.6496,0.6912,0.6306306306306306,0.5900900900900901,0.6801801801801802,1
53,10,0.0,4.471698113207547,5.3,1.9245283018867925,0,0.3773584905660377,1.9245283018867925,1.69811320754717,1.320754716981132,0.8679245283018868,0.320754716981132,0.2075471698113207,0.0943396226415094,0.2075471698113207,0.0377358490566037,0.0,0.7016574585635359,0.7016574585635359,0.7237569060773481,0.776,0.624,0.8,1
30,10,0.0,4.366666666666666,3.0,1.9,1,0.2,1.9,1.8,1.3666666666666667,0.9333333333333332,0.1333333333333333,0.0666666666666666,0.1333333333333333,0.1333333333333333,0.0,0.0,0.61,0.56,0.6,0.6086956521739131,0.6231884057971014,0.6231884057971014,1
33,12,0.0,4.878787878787879,2.75,2.1515151515151514,0,0.3636363636363636,2.1515151515151514,1.7575757575757576,1.696969696969697,0.9696969696969696,0.303030303030303,0.1212121212121212,0.2121212121212121,0.2121212121212121,0.0,0.0,0.6953125,0.703125,0.6953125,0.6210526315789474,0.6105263157894737,0.7052631578947368,1
41,7,0.0,4.878048780487805,5.857142857142857,2.024390243902439,0,0.5121951219512195,2.024390243902439,1.7317073170731707,1.4146341463414631,0.8780487804878049,0.4146341463414634,0.2926829268292683,0.1707317073170731,0.3658536585365853,0.073170731707317,0.024390243902439,0.75,0.717948717948718,0.75,0.6607142857142857,0.6071428571428571,0.8035714285714286,1
24,6,1.8333333333333333,4.083333333333333,4.0,1.7083333333333333,0,0.2916666666666667,1.7083333333333333,1.375,1.4166666666666667,0.75,0.25,0.125,0.0833333333333333,0.125,0.0,0.0,0.5945945945945946,0.5,0.5135135135135135,0.64,0.6,0.7,1
20,6,0.0,3.9,3.333333333333333,1.55,0,0.4,1.55,1.1,1.4,0.65,0.4,0.0,0.15,0.15,0.0,0.0,0.6896551724137931,0.6379310344827587,0.6724137931034483,0.5789473684210527,0.4473684210526316,0.5789473684210527,1
66,11,0.0,4.590909090909091,6.0,1.9696969696969695,0,0.3787878787878788,1.9696969696969695,1.6666666666666667,1.4848484848484849,0.8787878787878788,0.3484848484848485,0.2424242424242424,0.1363636363636363,0.1818181818181818,0.0454545454545454,0.0,0.6893617021276596,0.625531914893617,0.7276595744680852,0.6823529411764706,0.611764705882353,0.8,1
72,19,4.5,4.569444444444445,3.789473684210526,1.875,2,0.5138888888888888,1.875,1.5,1.5,0.8611111111111112,0.3611111111111111,0.2361111111111111,0.1944444444444444,0.3055555555555556,0.0277777777777777,0.0,0.7182539682539683,0.6904761904761905,0.6944444444444444,0.6193181818181818,0.5511363636363636,0.6306818181818182,1
61,16,1.125,4.622950819672131,3.8125,2.1311475409836067,5,0.2950819672131147,2.1311475409836067,1.6885245901639343,1.3770491803278688,0.7704918032786885,0.2459016393442623,0.1475409836065573,0.0983606557377049,0.180327868852459,0.0,0.0,0.6788990825688074,0.6513761467889908,0.6926605504587156,0.632258064516129,0.535483870967742,0.7032258064516129,1
83,15,1.0666666666666669,5.445783132530121,5.533333333333333,2.409638554216868,7,0.4578313253012048,2.409638554216868,2.060240963855421,1.783132530120482,1.0120481927710845,0.3855421686746988,0.3493975903614458,0.1927710843373494,0.3493975903614458,0.0240963855421686,0.0,0.726027397260274,0.684931506849315,0.7315068493150685,0.6726618705035972,0.6007194244604317,0.7517985611510791,2
269,26,1.7142857142857142,4.5464684014869885,10.346153846153848,1.933085501858736,3,0.4907063197026022,1.933085501858736,1.6282527881040891,1.3605947955390334,0.79182156133829,0.3903345724907063,0.2862453531598513,0.174721189591078,0.3643122676579926,0.0260223048327137,0.0037174721189591,0.6670190274841438,0.645877378435518,0.7029598308668076,0.6567164179104478,0.5985074626865672,0.7313432835820896,2
56,11,1.0909090909090908,5.232142857142857,5.090909090909091,2.2142857142857144,2,0.4821428571428571,2.2142857142857144,1.9642857142857144,1.7321428571428572,1.0535714285714286,0.4285714285714285,0.3571428571428571,0.1964285714285714,0.3214285714285714,0.0714285714285714,0.0,0.7372881355932204,0.7076271186440678,0.7627118644067796,0.7318435754189944,0.6703910614525139,0.8044692737430168,2
66,5,0.0,5.181818181818182,13.2,2.196969696969697,1,0.6363636363636364,2.196969696969697,1.7272727272727273,1.5151515151515151,0.7727272727272727,0.5303030303030303,0.2272727272727272,0.1969696969696969,0.4696969696969697,0.0454545454545454,0.0,0.6043956043956044,0.608058608058608,0.63003663003663,0.5392156862745098,0.5392156862745098,0.6862745098039216,2
66,7,1.4285714285714286,4.757575757575758,9.428571428571429,2.090909090909091,1,0.3484848484848485,2.090909090909091,1.7424242424242424,1.5303030303030305,0.9242424242424242,0.303030303030303,0.2272727272727272,0.1666666666666666,0.2575757575757575,0.0,0.0,0.7090163934426229,0.6598360655737705,0.7172131147540983,0.6954022988505747,0.6149425287356322,0.7931034482758621,2
71,10,1.3,4.661971830985915,7.1,2.112676056338028,2,0.4366197183098591,2.112676056338028,1.619718309859155,1.4929577464788732,0.7605633802816901,0.3943661971830985,0.2112676056338028,0.1126760563380281,0.2676056338028169,0.056338028169014,0.0,0.6961538461538461,0.6615384615384615,0.6884615384615385,0.6137566137566137,0.5978835978835979,0.671957671957672,2
187,38,1.131578947368421,5.101604278074866,4.921052631578948,2.251336898395722,4,0.3636363636363636,2.251336898395722,2.0267379679144386,1.5668449197860963,1.0160427807486632,0.3368983957219251,0.2727272727272727,0.1443850267379679,0.2727272727272727,0.0481283422459893,0.0053475935828877,0.7227332457293035,0.6701708278580815,0.7187910643889619,0.6883802816901409,0.5933098591549296,0.727112676056338,2
50,6,1.3333333333333333,4.64,8.333333333333334,2.06,1,0.44,2.06,1.76,1.38,0.8,0.32,0.24,0.16,0.32,0.04,0.0,0.7197802197802198,0.6923076923076923,0.7307692307692307,0.6818181818181818,0.6287878787878788,0.8106060606060606,2
70,10,1.3,4.314285714285714,7.0,1.9,0,0.1857142857142857,1.9,1.7,1.4,0.8142857142857143,0.1714285714285714,0.1285714285714285,0.0571428571428571,0.0857142857142857,0.0,0.0,0.853448275862069,0.8103448275862069,0.8275862068965517,0.808641975308642,0.6481481481481481,0.8641975308641975,2
72,7,1.1428571428571428,4.486111111111111,10.285714285714286,1.9027777777777777,2,0.5694444444444444,1.9027777777777777,1.3888888888888888,1.3333333333333333,0.6805555555555556,0.4305555555555556,0.3055555555555556,0.1111111111111111,0.2638888888888889,0.0277777777777777,0.0,0.7091633466135459,0.6613545816733067,0.749003984063745,0.664804469273743,0.6368715083798883,0.8268156424581006,2
274,54,1.0925925925925926,5.423357664233577,5.074074074074074,2.288321167883212,10,0.583941605839416,2.288321167883212,1.996350364963504,1.6386861313868613,1.0255474452554745,0.4963503649635036,0.3795620437956204,0.2664233576642336,0.4671532846715328,0.0401459854014598,0.0072992700729927,0.6073211314475874,0.5815307820299501,0.6231281198003328,0.5,0.4607843137254901,0.5610021786492375,2
89,20,0.0,4.561797752808989,4.45,1.9662921348314608,0,0.3258426966292135,1.9662921348314608,1.7303370786516854,1.4157303370786516,0.8539325842696629,0.2696629213483146,0.146067415730337,0.1685393258426966,0.2247191011235955,0.0224719101123595,0.0,0.7183544303797469,0.7120253164556962,0.7183544303797469,0.6327433628318584,0.5530973451327433,0.6991150442477876,2
119,26,1.0384615384615383,4.957983193277311,4.576923076923077,2.0840336134453783,2,0.453781512605042,2.0840336134453783,1.7394957983193278,1.6638655462184877,0.907563025210084,0.4285714285714285,0.2436974789915966,0.1428571428571428,0.2689075630252101,0.0336134453781512,0.0,0.7494692144373672,0.7112526539278131,0.7537154989384289,0.7045454545454546,0.6107954545454546,0.7840909090909091,2
118,24,1.125,4.745762711864407,4.916666666666667,2.067796610169492,3,0.3813559322033898,2.067796610169492,1.805084745762712,1.4406779661016949,0.8898305084745762,0.3135593220338983,0.2203389830508474,0.1779661016949152,0.2627118644067797,0.0762711864406779,0.0,0.6933638443935927,0.6544622425629291,0.6864988558352403,0.6476190476190476,0.5174603174603175,0.7047619047619048,2
46,5,1.8,4.804347826086956,9.2,1.9565217391304348,0,0.4565217391304347,1.9565217391304348,1.7826086956521738,1.5217391304347827,0.9565217391304348,0.2608695652173913,0.2391304347826087,0.217391304347826,0.3695652173913043,0.0217391304347826,0.0,0.7126436781609196,0.6839080459770115,0.7241379310344828,0.7007874015748031,0.6062992125984252,0.7795275590551181,2
154,33,0.0,4.987012987012987,4.666666666666667,2.1623376623376624,6,0.3246753246753247,2.1623376623376624,1.948051948051948,1.6493506493506491,0.9805194805194806,0.2727272727272727,0.1883116883116883,0.1493506493506493,0.2077922077922078,0.0194805194805194,0.0,0.78125,0.7286184210526315,0.7976973684210527,0.796875,0.703125,0.8392857142857143,2
189,39,0.0,5.428571428571429,4.846153846153846,2.306878306878307,10,0.5661375661375662,2.306878306878307,1.9788359788359788,1.693121693121693,0.9947089947089948,0.5132275132275133,0.3439153439153439,0.238095238095238,0.3703703703703703,0.0476190476190476,0.0158730158730158,0.7120481927710843,0.6518072289156627,0.7228915662650602,0.6340694006309149,0.61198738170347,0.7429022082018928,2
111,24,0.0,4.648648648648648,4.625,2.126126126126126,1,0.2612612612612612,2.126126126126126,1.7027027027027026,1.4414414414414414,0.7117117117117117,0.2342342342342342,0.1981981981981982,0.09009009009009,0.1891891891891892,0.027027027027027,0.0,0.6859296482412061,0.6256281407035176,0.7236180904522613,0.6785714285714286,0.55,0.7107142857142857,2
49,15,0.0,5.346938775510204,3.2666666666666666,2.26530612244898,0,0.4693877551020408,2.26530612244898,1.8979591836734693,1.6938775510204085,0.979591836734694,0.4693877551020408,0.2448979591836734,0.2244897959183673,0.3469387755102041,0.0408163265306122,0.0204081632653061,0.660377358490566,0.5943396226415094,0.6367924528301887,0.5493827160493827,0.4691358024691358,0.6481481481481481,2
114,22,0.0,4.973684210526316,5.181818181818182,2.254385964912281,2,0.3421052631578947,2.254385964912281,1.868421052631579,1.6754385964912282,0.8859649122807017,0.2368421052631578,0.1929824561403508,0.087719298245614,0.2017543859649122,0.0,0.0,0.7411504424778761,0.6946902654867256,0.7721238938053098,0.6617210682492581,0.629080118694362,0.798219584569733,2
223,22,3.136363636363636,4.354260089686099,10.136363636363637,1.7847533632286996,4,0.4798206278026906,1.7847533632286996,1.4215246636771302,1.3094170403587444,0.7174887892376681,0.3497757847533632,0.2286995515695067,0.1838565022421524,0.2914798206278027,0.0493273542600896,0.0044843049327354,0.6512890094979648,0.6309362279511533,0.655359565807327,0.5882352941176471,0.5806451612903226,0.6641366223908919,2
158,25,2.75,4.265822784810126,6.32,1.8481012658227849,4,0.4683544303797468,1.8481012658227849,1.4873417721518989,1.0822784810126582,0.620253164556962,0.3481012658227848,0.2215189873417721,0.1518987341772152,0.2974683544303797,0.0253164556962025,0.0126582278481012,0.6970873786407767,0.6873786407766991,0.7067961165048544,0.5955056179775281,0.5674157303370787,0.7191011235955056,2
46,5,1.6,4.782608695652174,9.2,2.152173913043478,0,0.2826086956521739,2.152173913043478,1.891304347826087,1.565217391304348,0.8260869565217391,0.1521739130434782,0.108695652173913,0.0217391304347826,0.1739130434782608,0.0,0.0,0.7514450867052023,0.7283236994219653,0.7803468208092486,0.7142857142857143,0.6031746031746031,0.7936507936507936,2
49,10,0.0,4.469387755102041,4.9,2.1020408163265305,0,0.2244897959183673,2.1020408163265305,1.7551020408163265,1.3673469387755102,0.7346938775510204,0.1836734693877551,0.1632653061224489,0.0612244897959183,0.1632653061224489,0.0,0.0,0.6153846153846154,0.591715976331361,0.5562130177514792,0.5462184873949579,0.4789915966386555,0.6218487394957983,2
72,16,0.0,4.472222222222222,4.5,1.9583333333333333,0,0.2361111111111111,1.9583333333333333,1.6944444444444444,1.4722222222222223,0.8472222222222222,0.2083333333333333,0.125,0.0972222222222222,0.1666666666666666,0.0,0.0,0.6788617886178862,0.6585365853658537,0.7195121951219512,0.5588235294117647,0.5117647058823529,0.6647058823529411,2
116,24,1.0416666666666667,4.913793103448276,4.833333333333333,2.112068965517241,1,0.4741379310344827,2.112068965517241,1.793103448275862,1.5689655172413792,0.8793103448275862,0.4137931034482758,0.25,0.1637931034482758,0.2844827586206896,0.1034482758620689,0.0,0.6814159292035398,0.6061946902654868,0.6637168141592921,0.6119402985074627,0.5044776119402985,0.6238805970149254,2
60,11,0.0,4.333333333333333,5.454545454545454,1.9,0,0.4333333333333333,1.9,1.6333333333333333,1.2166666666666666,0.7833333333333333,0.3333333333333333,0.2666666666666666,0.1,0.3,0.0166666666666666,0.0,0.71,0.67,0.74,0.7,0.6142857142857143,0.7357142857142858,2
98,15,1.2666666666666666,5.061224489795919,6.533333333333333,2.204081632653061,4,0.3571428571428571,2.204081632653061,2.0,1.6020408163265305,1.010204081632653,0.2959183673469387,0.2346938775510204,0.2040816326530612,0.2857142857142857,0.0204081632653061,0.0,0.7171717171717171,0.7070707070707071,0.7121212121212122,0.705685618729097,0.6187290969899666,0.802675585284281,2
85,10,1.5,4.6117647058823525,8.5,2.0,2,0.3529411764705882,2.0,1.611764705882353,1.5058823529411764,0.7647058823529411,0.2705882352941176,0.1411764705882353,0.1176470588235294,0.2117647058823529,0.0117647058823529,0.0,0.7352941176470589,0.7287581699346405,0.7287581699346405,0.6227272727272727,0.4727272727272727,0.6727272727272727,2
104,18,1.2222222222222223,5.403846153846154,5.777777777777778,2.4423076923076925,7,0.3076923076923077,2.4423076923076925,2.0576923076923075,1.9038461538461535,1.0480769230769231,0.2980769230769231,0.2019230769230769,0.0769230769230769,0.125,0.0096153846153846,0.0,0.7929515418502202,0.724669603524229,0.7951541850220264,0.735632183908046,0.6551724137931034,0.8390804597701149,2
164,15,1.9333333333333331,5.121951219512195,10.933333333333334,2.1463414634146343,9,0.5853658536585366,2.1463414634146343,1.859756097560976,1.5426829268292683,0.9085365853658536,0.4817073170731707,0.3658536585365853,0.2439024390243902,0.3780487804878049,0.0670731707317073,0.0,0.7359050445103857,0.6958456973293768,0.7626112759643917,0.7066929133858267,0.6594488188976378,0.7834645669291339,2
102,72,1.0294117647058822,4.852941176470588,1.4166666666666667,2.1862745098039214,1,0.3333333333333333,2.1862745098039214,1.7745098039215683,1.5588235294117647,0.8823529411764706,0.3235294117647059,0.196078431372549,0.1764705882352941,0.2450980392156862,0.0294117647058823,0.0,0.6173469387755102,0.5714285714285714,0.6352040816326531,0.5363321799307958,0.4948096885813148,0.6124567474048442,2
120,20,0.0,4.666666666666667,6.0,1.95,0,0.3833333333333333,1.95,1.6916666666666669,1.5583333333333331,0.8833333333333333,0.3,0.2,0.1,0.1833333333333333,0.0083333333333333,0.0,0.7,0.6727272727272727,0.7090909090909091,0.709375,0.6375,0.765625,2
110,12,1.1666666666666667,4.318181818181818,9.166666666666666,1.7181818181818185,2,0.5545454545454546,1.7181818181818185,1.490909090909091,1.181818181818182,0.7818181818181819,0.4272727272727272,0.3363636363636363,0.1454545454545454,0.3272727272727272,0.0272727272727272,0.0,0.6821917808219178,0.6904109589041096,0.7232876712328767,0.7294117647058823,0.6470588235294118,0.6196078431372549,2
293,60,1.3461538461538465,4.948805460750854,4.883333333333334,2.1194539249146755,4,0.4129692832764505,2.1194539249146755,1.8532423208191129,1.5426621160409557,0.938566552901024,0.3310580204778157,0.2389078498293515,0.1945392491467577,0.310580204778157,0.0136518771331058,0.0034129692832764,0.6469049694856146,0.5867480383609416,0.6669572798605057,0.6184834123222749,0.5177725118483413,0.6789099526066351,2
291,35,1.4583333333333333,4.587628865979381,8.314285714285715,1.986254295532646,6,0.4536082474226804,1.986254295532646,1.718213058419244,1.29553264604811,0.7353951890034365,0.2955326460481099,0.2096219931271477,0.1615120274914089,0.3539518900343643,0.0206185567010309,0.0034364261168384,0.6269230769230769,0.5913461538461539,0.6201923076923077,0.5315436241610738,0.4738255033557047,0.5758389261744966,2
108,16,0.0,4.898148148148148,6.75,2.092592592592593,1,0.4814814814814814,2.092592592592593,1.7037037037037035,1.5648148148148149,0.9074074074074074,0.4074074074074074,0.2592592592592592,0.1759259259259259,0.2962962962962963,0.0555555555555555,0.0092592592592592,0.7272727272727273,0.69377990430622,0.7488038277511961,0.7100977198697068,0.5960912052117264,0.739413680781759,2
294,56,1.0178571428571428,5.370748299319728,5.25,2.258503401360544,21,0.5578231292517006,2.258503401360544,1.95578231292517,1.7244897959183674,1.0034013605442176,0.4693877551020408,0.3265306122448979,0.227891156462585,0.4013605442176871,0.0408163265306122,0.0,0.725920125293657,0.7180892717306187,0.7619420516836335,0.6964102564102564,0.5969230769230769,0.7364102564102564,2
689,100,1.528301886792453,4.7677793904209,6.89,2.0130624092888243,8,0.4760522496371553,2.0130624092888243,1.7111756168359942,1.4644412191582004,0.8780841799709724,0.4354136429608127,0.2946298984034833,0.1886792452830188,0.2917271407837445,0.058055152394775,0.0014513788098693,0.6787925696594427,0.6308049535603715,0.6865325077399381,0.5983041865394807,0.5325914149443561,0.6899841017488076,2
48,10,1.1,4.833333333333333,4.8,2.0416666666666665,0,0.5625,2.0416666666666665,1.7916666666666667,1.3541666666666667,0.7916666666666666,0.4791666666666667,0.2708333333333333,0.1666666666666666,0.4166666666666667,0.0625,0.0,0.7049180327868853,0.6502732240437158,0.6994535519125683,0.5970149253731343,0.4701492537313433,0.6716417910447762,2
82,18,0.0,4.7560975609756095,4.555555555555555,2.0853658536585367,0,0.3902439024390244,2.0853658536585367,1.6341463414634143,1.5975609756097562,0.8780487804878049,0.3658536585365853,0.1585365853658536,0.1341463414634146,0.1707317073170731,0.0121951219512195,0.0,0.672077922077922,0.6558441558441559,0.7337662337662337,0.7079646017699115,0.584070796460177,0.8008849557522124,2
828,87,1.318840579710145,4.897342995169082,9.517241379310343,2.0990338164251208,22,0.4468599033816425,2.0990338164251208,1.8007246376811594,1.5229468599033815,0.8405797101449275,0.3357487922705314,0.214975845410628,0.1582125603864734,0.2910628019323671,0.0253623188405797,0.001207729468599,0.7083983765220107,0.6718701217608493,0.7083983765220107,0.6689332766680833,0.5988100297492562,0.7229069273268168,2
448,74,1.3269230769230769,4.636160714285714,6.054054054054054,1.9486607142857144,5,0.4955357142857143,1.9486607142857144,1.703125,1.34375,0.8035714285714286,0.3660714285714285,0.265625,0.140625,0.3303571428571428,0.0602678571428571,0.015625,0.6815089672232529,0.6487322201607916,0.6852195423623995,0.6781708369283865,0.5703192407247627,0.6669542709232097,2
143,24,0.0,4.909090909090909,5.958333333333333,1.972027972027972,0,0.6013986013986014,1.972027972027972,1.7202797202797202,1.4825174825174825,0.93006993006993,0.5314685314685315,0.3076923076923077,0.2307692307692307,0.3216783216783216,0.1188811188811188,0.0,0.7226277372262774,0.7007299270072993,0.6733576642335767,0.6776649746192893,0.5786802030456852,0.6954314720812182,2
125,22,1.0952380952380951,4.92,5.681818181818182,2.096,2,0.4,2.096,1.8,1.568,1.0,0.368,0.312,0.144,0.208,0.016,0.0,0.6632653061224489,0.6,0.6775510204081633,0.6027397260273972,0.5178082191780822,0.6794520547945205,2
246,27,2.592592592592593,4.1016260162601625,9.11111111111111,1.6341463414634143,5,0.4227642276422764,1.6341463414634143,1.3739837398373984,1.1991869918699187,0.6991869918699187,0.3130081300813008,0.2195121951219512,0.1138211382113821,0.2113821138211382,0.024390243902439,0.0,0.5817941952506597,0.5672823218997362,0.5778364116094987,0.5422138836772983,0.5290806754221389,0.5853658536585366,2
57,9,1.2222222222222223,4.859649122807017,6.333333333333333,2.0350877192982457,0,0.4912280701754385,2.0350877192982457,1.8771929824561404,1.456140350877193,0.912280701754386,0.4210526315789473,0.2982456140350877,0.1578947368421052,0.3684210526315789,0.087719298245614,0.0,0.7990867579908676,0.7442922374429224,0.7671232876712328,0.7080745341614907,0.6521739130434783,0.7701863354037267,2
35,6,0.0,4.571428571428571,5.833333333333333,1.9142857142857144,0,0.3142857142857143,1.9142857142857144,1.7428571428571429,1.4857142857142858,0.9142857142857144,0.2857142857142857,0.2285714285714285,0.1142857142857142,0.1428571428571428,0.0,0.0,0.768,0.704,0.776,0.6666666666666666,0.4777777777777778,0.8222222222222222,2
320,37,1.608695652173913,4.375,8.64864864864865,1.928125,4,0.34375,1.928125,1.578125,1.29375,0.7125,0.25625,0.178125,0.078125,0.196875,0.0125,0.009375,0.6821130676552364,0.6561631139944393,0.7145505097312326,0.6160949868073878,0.5923482849604221,0.7203166226912929,2
157,29,1.0344827586206895,5.273885350318471,5.413793103448276,2.3121019108280256,9,0.3949044585987261,2.3121019108280256,2.063694267515924,1.694267515923567,1.0254777070063694,0.3630573248407643,0.2738853503184713,0.1656050955414012,0.286624203821656,0.0254777070063694,0.0,0.7300150829562594,0.6606334841628959,0.7450980392156863,0.6887550200803213,0.5883534136546185,0.7530120481927711,2
187,37,1.0555555555555556,5.251336898395722,5.054054054054054,2.144385026737968,10,0.5561497326203209,2.144385026737968,1.9411764705882355,1.6524064171122994,1.0053475935828875,0.481283422459893,0.4117647058823529,0.213903743315508,0.3422459893048128,0.0267379679144385,0.0,0.7503184713375797,0.6904458598726114,0.7439490445859872,0.6615646258503401,0.5850340136054422,0.7414965986394558,2
160,30,1.0333333333333334,5.29375,5.333333333333333,2.3375,14,0.3875,2.3375,2.0875,1.7125,1.0,0.33125,0.26875,0.2,0.275,0.0125,0.0,0.7838235294117647,0.7073529411764706,0.7897058823529411,0.7426900584795322,0.6666666666666666,0.8460038986354775,2
75,14,1.1428571428571428,4.96,5.357142857142857,2.1466666666666665,2,0.3733333333333333,2.1466666666666665,1.92,1.5466666666666666,0.9466666666666668,0.2933333333333333,0.24,0.1733333333333333,0.32,0.0266666666666666,0.0,0.6587837837837838,0.6452702702702703,0.668918918918919,0.6561085972850679,0.5656108597285068,0.6787330316742082,2
63,8,1.125,5.238095238095238,7.875,2.2698412698412698,2,0.5873015873015873,2.2698412698412698,1.8253968253968251,1.6666666666666667,0.9365079365079364,0.492063492063492,0.3174603174603174,0.2698412698412698,0.3968253968253968,0.0476190476190476,0.0,0.6830188679245283,0.6792452830188679,0.7094339622641509,0.6716417910447762,0.5870646766169154,0.7263681592039801,2
924,79,1.7457627118644068,4.35064935064935,11.69620253164557,1.8474025974025972,14,0.3939393939393939,1.8474025974025972,1.5963203463203464,1.25,0.7554112554112554,0.2911255411255411,0.2186147186147186,0.1255411255411255,0.277056277056277,0.0216450216450216,0.001082251082251,0.6942014901198574,0.6543569808875931,0.6987366375121478,0.6459684893419834,0.5843373493975904,0.7159406858202039,2
1026,102,1.5348837209302326,4.574074074074074,10.058823529411764,1.949317738791423,8,0.4454191033138401,1.949317738791423,1.6783625730994152,1.3528265107212476,0.8157894736842105,0.3606237816764132,0.2670565302144249,0.1374269005847953,0.2982456140350877,0.0185185185185185,0.0019493177387914,0.6947339550191991,0.6555128908392759,0.701865057597367,0.6386005382545175,0.5740099961553249,0.7104959630911188,2
48,10,0.0,4.333333333333333,4.8,1.75,0,0.4583333333333333,1.75,1.3958333333333333,1.4791666666666667,0.75,0.3958333333333333,0.125,0.2291666666666666,0.2916666666666667,0.0,0.0,0.8742138364779874,0.8679245283018868,0.8867924528301887,0.7909090909090909,0.6727272727272727,0.8181818181818182,2
107,20,1.105263157894737,4.728971962616822,5.35,2.149532710280374,3,0.2429906542056074,2.149532710280374,1.8691588785046729,1.560747663551402,0.8504672897196262,0.1869158878504672,0.1121495327102803,0.102803738317757,0.1588785046728972,0.0093457943925233,0.0,0.7417721518987341,0.6708860759493671,0.7620253164556962,0.6584507042253521,0.6056338028169014,0.7640845070422535,2
258,29,2.6,4.395348837209302,8.89655172413793,1.810077519379845,3,0.4534883720930232,1.810077519379845,1.4612403100775193,1.37984496124031,0.7286821705426356,0.3410852713178294,0.2403100775193798,0.1395348837209302,0.2558139534883721,0.003875968992248,0.0,0.5822784810126582,0.5581127733026467,0.5834292289988493,0.5317460317460317,0.4746031746031746,0.5873015873015873,2
234,51,1.1136363636363635,4.602564102564102,4.588235294117647,1.9658119658119655,2,0.405982905982906,1.9658119658119655,1.7435897435897436,1.3504273504273503,0.8632478632478633,0.3247863247863248,0.2094017094017094,0.1111111111111111,0.2222222222222222,0.0299145299145299,0.0085470085470085,0.7154761904761905,0.6738095238095239,0.6988095238095238,0.6401326699834162,0.615257048092869,0.7761194029850746,2
285,33,2.1666666666666665,4.705263157894737,8.636363636363637,2.0105263157894737,4,0.4210526315789473,2.0105263157894737,1.7964912280701757,1.4175438596491228,0.8315789473684211,0.343859649122807,0.2526315789473684,0.1473684210526315,0.256140350877193,0.0210526315789473,0.0,0.6559241706161137,0.6426540284360189,0.6492890995260664,0.6207792207792208,0.5727272727272728,0.6818181818181818,2
429,30,1.3333333333333333,4.699300699300699,14.3,1.951048951048951,4,0.5477855477855478,1.951048951048951,1.6573426573426573,1.4172494172494172,0.7948717948717948,0.4219114219114219,0.289044289044289,0.1258741258741259,0.3333333333333333,0.0069930069930069,0.0,0.7104761904761905,0.686984126984127,0.7180952380952381,0.6887125220458554,0.6190476190476191,0.7504409171075838,2
50,6,0.0,4.84,8.333333333333334,2.04,0,0.52,2.04,1.84,1.44,1.08,0.48,0.28,0.24,0.38,0.14,0.0,0.578125,0.5364583333333334,0.6041666666666666,0.5140845070422535,0.4507042253521127,0.5845070422535211,2
184,54,0.0,4.201086956521739,3.4074074074074074,1.7934782608695652,1,0.2934782608695652,1.7934782608695652,1.5706521739130437,1.1358695652173914,0.7445652173913043,0.2771739130434782,0.2228260869565217,0.1195652173913043,0.1358695652173913,0.0054347826086956,0.0,0.6843910806174958,0.5951972555746141,0.6689536878216124,0.6081424936386769,0.5241730279898219,0.6641221374045801,2
113,16,1.1875,4.884955752212389,7.0625,2.0707964601769917,0,0.4690265486725664,2.0707964601769917,1.8053097345132745,1.5221238938053097,0.9292035398230089,0.4070796460176991,0.3185840707964602,0.1946902654867256,0.3274336283185841,0.0353982300884955,0.0,0.597254004576659,0.5766590389016019,0.6247139588100686,0.5201238390092879,0.4922600619195046,0.6408668730650154,2
72,16,1.0625,5.833333333333333,4.5,2.458333333333333,2,0.5416666666666666,2.458333333333333,2.1944444444444446,1.9722222222222223,1.2083333333333333,0.4444444444444444,0.3333333333333333,0.2638888888888889,0.4722222222222222,0.0277777777777777,0.0,0.6569767441860465,0.6511627906976745,0.688953488372093,0.6417910447761194,0.5485074626865671,0.6902985074626866,2
156,17,4.0,4.6923076923076925,9.176470588235292,2.1923076923076925,7,0.3076923076923077,2.1923076923076925,1.6794871794871795,1.551282051282051,0.7948717948717948,0.2948717948717949,0.1794871794871795,0.1025641025641025,0.1602564102564102,0.0,0.0,0.705574912891986,0.6567944250871081,0.710801393728223,0.625,0.6418269230769231,0.8293269230769231,2
51,7,0.0,5.980392156862745,7.285714285714286,2.411764705882353,4,0.7254901960784313,2.411764705882353,2.215686274509804,1.8235294117647056,1.2745098039215683,0.5882352941176471,0.4117647058823529,0.3725490196078431,0.6274509803921569,0.1176470588235294,0.0196078431372549,0.7023809523809523,0.6507936507936508,0.7182539682539683,0.6633165829145728,0.628140703517588,0.7587939698492462,2
116,18,1.375,4.767241379310345,6.444444444444445,1.9396551724137927,1,0.4224137931034483,1.9396551724137927,1.6724137931034482,1.6206896551724137,0.9396551724137931,0.293103448275862,0.2155172413793103,0.1206896551724138,0.293103448275862,0.0172413793103448,0.0,0.6821345707656613,0.6705336426914154,0.6682134570765661,0.6741214057507987,0.5814696485623003,0.6932907348242812,2
194,20,3.0,4.061855670103093,9.7,1.6391752577319587,3,0.4639175257731959,1.6391752577319587,1.3556701030927836,1.1597938144329898,0.6597938144329897,0.2577319587628865,0.1597938144329896,0.1391752577319587,0.3144329896907216,0.0309278350515463,0.0051546391752577,0.5794871794871795,0.5743589743589743,0.6068376068376068,0.5318627450980392,0.5318627450980392,0.5686274509803921,2
167,39,1.2352941176470589,4.125748502994012,4.282051282051282,1.8622754491017963,5,0.2215568862275449,1.8622754491017963,1.6646706586826348,1.1497005988023952,0.718562874251497,0.1796407185628742,0.0898203592814371,0.0718562874251497,0.1317365269461078,0.0179640718562874,0.0,0.6634615384615384,0.6038461538461538,0.6461538461538462,0.5954415954415955,0.5669515669515669,0.6153846153846154,2
131,22,1.3571428571428572,4.786259541984733,5.954545454545454,1.984732824427481,2,0.5190839694656488,1.984732824427481,1.717557251908397,1.4351145038167938,0.900763358778626,0.4351145038167939,0.3053435114503817,0.1908396946564885,0.3587786259541984,0.0534351145038167,0.015267175572519,0.6707566462167689,0.6359918200408998,0.656441717791411,0.6214689265536724,0.5480225988700564,0.7005649717514124,2
1043,94,1.65625,4.890699904122723,11.095744680851064,2.117929050814957,30,0.5225311601150527,2.117929050814957,1.7622243528283796,1.49568552253116,0.8648130393096836,0.423777564717162,0.2694151486097795,0.2205177372962607,0.3720038350910834,0.0297219558964525,0.0,0.6735199405499133,0.6346296755016101,0.6928412187267773,0.6160564326503191,0.5613033254954652,0.7027208599261001,2
170,31,0.0,5.0588235294117645,5.483870967741935,2.176470588235294,7,0.5294117647058824,2.176470588235294,1.8647058823529408,1.5235294117647058,0.8764705882352941,0.4294117647058823,0.2705882352941176,0.1823529411764705,0.3705882352941176,0.0470588235294117,0.0117647058823529,0.6826783114992722,0.6346433770014556,0.6695778748180495,0.6245136186770428,0.566147859922179,0.6945525291828794,2
282,55,1.45,4.684397163120567,5.127272727272727,2.0602836879432624,7,0.3794326241134751,2.0602836879432624,1.74822695035461,1.4716312056737588,0.8333333333333334,0.3191489361702128,0.2375886524822695,0.1524822695035461,0.226950354609929,0.0177304964539007,0.0035460992907801,0.663768115942029,0.6463768115942029,0.6811594202898551,0.6844207723035952,0.6165113182423435,0.7749667110519307,2
92,16,0.0,5.239130434782608,5.75,2.2065217391304346,2,0.532608695652174,2.2065217391304346,1.9456521739130437,1.673913043478261,1.0108695652173914,0.4456521739130434,0.3369565217391304,0.1956521739130435,0.3695652173913043,0.0543478260869565,0.0108695652173913,0.7890625,0.7890625,0.8463541666666666,0.7447552447552448,0.6573426573426573,0.7972027972027972,2
86,8,1.4444444444444444,4.732558139534884,10.75,2.0232558139534884,2,0.5930232558139535,2.0232558139534884,1.4651162790697674,1.558139534883721,0.7674418604651163,0.5930232558139535,0.3837209302325581,0.127906976744186,0.2558139534883721,0.0232558139534883,0.0,0.5799373040752351,0.5924764890282131,0.6018808777429467,0.5714285714285714,0.5844155844155844,0.6753246753246753,2
81,15,1.0666666666666669,4.765432098765432,5.4,2.111111111111111,0,0.3580246913580246,2.111111111111111,1.7777777777777777,1.4197530864197532,0.8518518518518519,0.3580246913580246,0.2716049382716049,0.1728395061728395,0.2469135802469135,0.0493827160493827,0.0123456790123456,0.7317880794701986,0.6390728476821192,0.7086092715231788,0.6238532110091743,0.5275229357798165,0.6972477064220184,2
162,35,1.25,5.203703703703703,4.628571428571429,2.037037037037037,2,0.6111111111111112,2.037037037037037,1.845679012345679,1.5617283950617284,0.9691358024691358,0.4567901234567901,0.345679012345679,0.2469135802469135,0.3580246913580246,0.0308641975308641,0.0,0.6725403817914831,0.6461086637298091,0.6989720998531571,0.5777351247600768,0.5758157389635317,0.6641074856046065,2
90,16,0.0,4.7,5.625,2.033333333333333,0,0.2111111111111111,2.033333333333333,1.9555555555555555,1.522222222222222,1.0777777777777775,0.2111111111111111,0.1666666666666666,0.0555555555555555,0.1111111111111111,0.0,0.0,0.6144578313253012,0.5301204819277109,0.6114457831325302,0.7024793388429752,0.5165289256198347,0.6983471074380165,2
99,18,0.0,4.838383838383838,5.5,2.0707070707070705,6,0.404040404040404,2.0707070707070705,1.7474747474747474,1.5454545454545454,0.8282828282828283,0.3333333333333333,0.2727272727272727,0.2222222222222222,0.303030303030303,0.0101010101010101,0.0,0.7142857142857143,0.7142857142857143,0.7439353099730458,0.688212927756654,0.6083650190114068,0.7870722433460076,2
88,19,1.1578947368421053,5.0,4.631578947368421,2.090909090909091,2,0.5113636363636364,2.090909090909091,1.7954545454545454,1.6136363636363635,0.9659090909090908,0.4204545454545454,0.3181818181818182,0.1931818181818181,0.3068181818181818,0.0454545454545454,0.0,0.7040229885057471,0.7068965517241379,0.7270114942528736,0.6653696498054474,0.6498054474708171,0.7392996108949417,2
89,16,1.181818181818182,4.337078651685394,5.5625,1.9775280898876404,0,0.2134831460674157,1.9775280898876404,1.7078651685393258,1.3258426966292134,0.797752808988764,0.2022471910112359,0.1235955056179775,0.0898876404494382,0.1797752808988764,0.0,0.0,0.6902356902356902,0.6498316498316499,0.7171717171717171,0.6442307692307693,0.4855769230769231,0.7019230769230769,2
76,12,2.0,4.131578947368421,6.333333333333333,1.855263157894737,0,0.2763157894736842,1.855263157894737,1.6710526315789471,1.144736842105263,0.7236842105263158,0.1973684210526315,0.1447368421052631,0.0921052631578947,0.2368421052631578,0.0131578947368421,0.0,0.6497890295358649,0.6244725738396625,0.6497890295358649,0.6375,0.5875,0.7625,2
220,43,1.1578947368421053,5.045454545454546,5.116279069767442,2.168181818181818,9,0.4090909090909091,2.168181818181818,1.9,1.6272727272727272,0.9590909090909092,0.3727272727272727,0.2545454545454545,0.1318181818181818,0.25,0.0318181818181818,0.0,0.6813559322033899,0.6508474576271186,0.6836158192090396,0.6242424242424243,0.5878787878787879,0.7,2
44,5,1.1666666666666667,4.340909090909091,8.8,1.9318181818181817,0,0.3863636363636363,1.9318181818181817,1.6590909090909092,1.1363636363636365,0.6590909090909091,0.1818181818181818,0.1590909090909091,0.1363636363636363,0.3181818181818182,0.0454545454545454,0.0454545454545454,0.6758620689655173,0.6275862068965518,0.6758620689655173,0.6138613861386139,0.504950495049505,0.7326732673267327,2
298,62,0.0,4.775167785234899,4.806451612903226,2.0738255033557045,3,0.3657718120805369,2.0738255033557045,1.778523489932886,1.4731543624161074,0.9026845637583892,0.3221476510067114,0.2550335570469799,0.1174496644295302,0.1778523489932885,0.0067114093959731,0.0,0.6969424460431655,0.6312949640287769,0.7095323741007195,0.6479400749063671,0.5780274656679151,0.7116104868913857,2
38,7,0.0,4.7368421052631575,5.428571428571429,2.1052631578947367,0,0.3947368421052631,2.1052631578947367,1.7894736842105263,1.4736842105263157,0.7631578947368421,0.2631578947368421,0.131578947368421,0.2105263157894736,0.2631578947368421,0.0,0.0,0.7092198581560284,0.6312056737588653,0.7092198581560284,0.6274509803921569,0.4705882352941176,0.7450980392156863,2
143,26,1.0416666666666667,4.608391608391608,5.5,1.9090909090909087,1,0.4055944055944055,1.9090909090909087,1.7342657342657342,1.4195804195804196,0.8951048951048951,0.3776223776223776,0.2867132867132867,0.1818181818181818,0.2447552447552447,0.0139860139860139,0.0,0.60546875,0.58203125,0.609375,0.5315068493150685,0.5013698630136987,0.6164383561643836,2
145,35,1.1470588235294117,4.710344827586207,4.142857142857143,1.9793103448275864,4,0.4413793103448276,1.9793103448275864,1.7862068965517242,1.3448275862068966,0.8689655172413793,0.3034482758620689,0.2068965517241379,0.2137931034482758,0.296551724137931,0.0137931034482758,0.0,0.6983240223463687,0.6405959031657356,0.6890130353817505,0.629156010230179,0.5652173913043478,0.7084398976982097,2
222,45,1.1666666666666667,4.905405405405405,4.933333333333334,2.171171171171171,4,0.3783783783783784,2.171171171171171,1.9324324324324325,1.5135135135135136,0.9774774774774776,0.3378378378378378,0.2297297297297297,0.1981981981981982,0.2972972972972973,0.018018018018018,0.0,0.7361601884570083,0.6949352179034158,0.767962308598351,0.7093596059113301,0.5894909688013136,0.7668308702791461,2
256,52,1.0769230769230769,4.8671875,4.923076923076923,2.09375,4,0.39453125,2.09375,1.85546875,1.453125,0.9140625,0.33203125,0.25,0.15625,0.26953125,0.03515625,0.0078125,0.676829268292683,0.6270325203252033,0.6758130081300813,0.6177285318559557,0.5373961218836565,0.6634349030470914,2
98,9,1.2,4.714285714285714,10.88888888888889,1.9489795918367347,3,0.4897959183673469,1.9489795918367347,1.6326530612244898,1.5,0.8163265306122449,0.336734693877551,0.2346938775510204,0.1224489795918367,0.2244897959183673,0.0408163265306122,0.0,0.7506925207756233,0.7617728531855956,0.6952908587257618,0.842911877394636,0.6283524904214559,0.6091954022988506,2
76,8,1.25,4.657894736842105,9.5,2.0526315789473686,3,0.3552631578947368,2.0526315789473686,1.6842105263157894,1.4736842105263157,0.7631578947368421,0.2763157894736842,0.1710526315789473,0.0921052631578947,0.2105263157894736,0.0,0.0,0.7230215827338129,0.6762589928057554,0.7877697841726619,0.7079207920792079,0.6237623762376238,0.8217821782178217,2
257,25,2.6538461538461537,4.120622568093385,10.28,1.7120622568093384,4,0.4085603112840467,1.7120622568093384,1.424124513618677,1.1906614785992218,0.6964980544747081,0.3190661478599221,0.2178988326848249,0.1011673151750972,0.2178988326848249,0.0116731517509727,0.0,0.6737766624843162,0.6386449184441656,0.6524466750313677,0.5854092526690391,0.599644128113879,0.594306049822064,2
114,23,1.0434782608695652,4.728070175438597,4.956521739130435,2.087719298245614,0,0.2543859649122807,2.087719298245614,1.9385964912280704,1.4824561403508771,0.9649122807017544,0.2105263157894736,0.1929824561403508,0.131578947368421,0.1842105263157894,0.0,0.0,0.7047619047619048,0.6309523809523809,0.7023809523809523,0.6677740863787376,0.584717607973422,0.7641196013289037,2
10,2,0.0,4.7,5.0,1.8,0,0.7,1.8,1.6,1.4,0.8,0.6,0.3,0.1,0.2,0.1,0.0,0.7837837837837838,0.7567567567567568,0.8378378378378378,0.8148148148148148,0.6666666666666666,0.6666666666666666,2
72,16,1.125,3.75,4.5,1.6944444444444444,0,0.1666666666666666,1.6944444444444444,1.5,0.9861111111111112,0.6805555555555556,0.1666666666666666,0.1666666666666666,0.0555555555555555,0.0555555555555555,0.0,0.0,0.5076923076923077,0.482051282051282,0.5435897435897435,0.4916666666666666,0.425,0.4916666666666666,2
200,22,1.3529411764705883,4.62,9.090909090909092,1.96,4,0.475,1.96,1.69,1.38,0.805,0.33,0.21,0.16,0.295,0.02,0.005,0.700139470013947,0.6722454672245467,0.704323570432357,0.6176470588235294,0.5862745098039216,0.692156862745098,2
84,4,1.5,4.809523809523809,21.0,2.130952380952381,1,0.4047619047619047,2.130952380952381,1.809523809523809,1.4523809523809523,0.7380952380952381,0.3333333333333333,0.2619047619047619,0.119047619047619,0.2619047619047619,0.0119047619047619,0.0,0.6962025316455697,0.6550632911392406,0.7341772151898734,0.6008771929824561,0.5701754385964912,0.75,2
520,48,1.564102564102564,4.498076923076923,10.833333333333334,1.932692307692308,6,0.4038461538461538,1.932692307692308,1.648076923076923,1.398076923076923,0.8096153846153846,0.2980769230769231,0.2230769230769231,0.123076923076923,0.2615384615384615,0.0076923076923076,0.0,0.7244050913115662,0.7033757609297178,0.7304925290536801,0.6888714733542319,0.6332288401253918,0.7445141065830722,3
439,43,1.4722222222222223,4.621867881548975,10.209302325581396,1.96127562642369,9,0.4259681093394077,1.96127562642369,1.7084282460136675,1.3849658314350797,0.8428246013667426,0.3507972665148063,0.2596810933940774,0.1753986332574031,0.2870159453302961,0.0136674259681093,0.0,0.7352754908169727,0.7105763141228626,0.7580747308423053,0.6604938271604939,0.607583774250441,0.7998236331569665,3
113,23,1.1304347826086956,4.548672566371682,4.913043478260869,1.9646017699115044,2,0.3805309734513274,1.9646017699115044,1.6814159292035398,1.4336283185840708,0.7964601769911505,0.3097345132743362,0.2123893805309734,0.0973451327433628,0.2389380530973451,0.0088495575221238,0.0,0.700507614213198,0.6649746192893401,0.7106598984771574,0.7137681159420289,0.6159420289855072,0.75,3
237,18,1.8333333333333333,4.835443037974684,13.166666666666666,2.075949367088608,3,0.5147679324894515,2.075949367088608,1.7468354430379749,1.459915611814346,0.8649789029535865,0.4050632911392405,0.2489451476793249,0.2194092827004219,0.3713080168776371,0.0548523206751054,0.0042194092827004,0.6740331491712708,0.6464088397790055,0.6762430939226519,0.6280120481927711,0.5813253012048193,0.6867469879518072,3
809,71,2.4047619047619047,4.744128553770087,11.394366197183098,2.022249690976514,17,0.4252163164400494,2.022249690976514,1.7564894932014834,1.4338689740420272,0.8331273176761433,0.3275648949320148,0.2274412855377008,0.1619283065512979,0.30778739184178,0.0321384425216316,0.0160692212608158,0.6570566543747904,0.6228628897083474,0.6738183037210862,0.6128578132332239,0.5612388549976537,0.7489441576724543,3
207,22,1.4285714285714286,4.555555555555555,9.409090909090908,1.9420289855072463,3,0.429951690821256,1.9420289855072463,1.6376811594202898,1.3864734299516908,0.8260869565217391,0.3526570048309179,0.2560386473429952,0.1352657004830917,0.2415458937198067,0.0193236714975845,0.0,0.7213793103448276,0.6924137931034483,0.7213793103448276,0.6607495069033531,0.6035502958579881,0.7613412228796844,3
987,88,1.542857142857143,4.715298885511651,11.215909090909092,1.9766970618034447,25,0.5126646403242148,1.9766970618034447,1.716312056737589,1.3687943262411348,0.8571428571428571,0.4052684903748733,0.3019250253292806,0.2066869300911854,0.3718338399189463,0.0415400202634245,0.0,0.6821917808219178,0.6512328767123288,0.6983561643835616,0.5975839939599848,0.5447338618346546,0.6795016987542469,3
124,13,1.25,4.467741935483871,9.538461538461538,1.9112903225806448,2,0.3709677419354839,1.9112903225806448,1.5564516129032258,1.435483870967742,0.7661290322580645,0.2903225806451613,0.1854838709677419,0.0967741935483871,0.2096774193548387,0.0161290322580645,0.0080645161290322,0.6252927400468384,0.5995316159250585,0.6697892271662763,0.574750830564784,0.5548172757475083,0.7009966777408638,3
542,76,1.3725490196078431,4.726937269372693,7.131578947368421,2.0092250922509227,8,0.5166051660516605,2.0092250922509227,1.6900369003690037,1.3690036900369005,0.8487084870848709,0.4280442804428044,0.3062730627306273,0.2029520295202952,0.3708487084870848,0.029520295202952,0.0092250922509225,0.6455633100697906,0.6026919242273181,0.652542372881356,0.5523415977961432,0.5020661157024794,0.6528925619834711,3
436,43,1.4,4.56651376146789,10.13953488372093,1.9931192660550456,5,0.3394495412844037,1.9931192660550456,1.6811926605504588,1.474770642201835,0.7706422018348624,0.2844036697247706,0.2018348623853211,0.1009174311926605,0.2133027522935779,0.0091743119266055,0.0,0.6881443298969072,0.6462628865979382,0.7132731958762887,0.6307277628032345,0.6199460916442049,0.7322551662174304,3
235,56,1.2173913043478262,4.6,4.196428571428571,1.88936170212766,3,0.4638297872340425,1.88936170212766,1.5276595744680852,1.4425531914893617,0.8680851063829788,0.3787234042553191,0.2382978723404255,0.2,0.2851063829787234,0.0297872340425531,0.0,0.6646919431279621,0.6338862559241706,0.6812796208530806,0.5980230642504119,0.5304777594728172,0.657331136738056,3
555,65,1.339622641509434,4.790990990990991,8.538461538461538,2.0306306306306308,3,0.4648648648648649,2.0306306306306308,1.6828828828828828,1.473873873873874,0.8432432432432433,0.3927927927927928,0.2522522522522522,0.1459459459459459,0.3009009009009009,0.027027027027027,0.0018018018018018,0.7066411849020545,0.6803631151457239,0.7286192068800764,0.6708033964728936,0.6022207707380797,0.7406923579359895,3
174,11,1.3636363636363635,4.5344827586206895,15.818181818181818,1.9252873563218391,0,0.4367816091954023,1.9252873563218391,1.5229885057471264,1.4195402298850577,0.7471264367816092,0.3160919540229885,0.2183908045977011,0.1149425287356321,0.2471264367816092,0.0057471264367816,0.0,0.7055921052631579,0.6924342105263158,0.7351973684210527,0.6869158878504673,0.6448598130841121,0.7780373831775701,3
192,19,1.3125,4.661458333333333,10.105263157894736,1.890625,8,0.4635416666666667,1.890625,1.6458333333333333,1.4479166666666667,0.8489583333333334,0.359375,0.296875,0.1458333333333333,0.1875,0.0260416666666666,0.0052083333333333,0.7585714285714286,0.7671428571428571,0.7457142857142857,0.8023715415019763,0.7134387351778656,0.6719367588932806,3
670,82,1.4482758620689655,4.552238805970149,8.170731707317072,1.953731343283582,14,0.4731343283582089,1.953731343283582,1.6656716417910449,1.3238805970149254,0.746268656716418,0.3776119402985075,0.2328358208955223,0.1701492537313433,0.3507462686567164,0.0432835820895522,0.008955223880597,0.6835871404399323,0.6565143824027073,0.6954314720812182,0.6029761904761904,0.5505952380952381,0.6732142857142858,3
426,38,2.269230769230769,4.528169014084507,11.210526315789474,1.8685446009389672,7,0.3873239436619718,1.8685446009389672,1.6103286384976525,1.408450704225352,0.863849765258216,0.3450704225352112,0.244131455399061,0.1619718309859155,0.244131455399061,0.0117370892018779,0.0023474178403755,0.6372745490981964,0.6259185036740147,0.6713426853707415,0.6106941838649156,0.5450281425891182,0.650093808630394,3
411,30,1.851851851851852,4.732360097323601,13.7,1.9927007299270072,14,0.5450121654501217,1.9927007299270072,1.7128953771289537,1.3722627737226278,0.8004866180048662,0.3625304136253041,0.2384428223844282,0.1605839416058394,0.3819951338199513,0.024330900243309,0.0024330900243309,0.6863130320890635,0.6679764243614931,0.6941715782580222,0.6050269299820467,0.5493716337522442,0.6364452423698385,3
196,18,2.0,4.505102040816326,10.88888888888889,1.9846938775510203,4,0.3928571428571428,1.9846938775510203,1.6377551020408163,1.3061224489795915,0.75,0.3163265306122449,0.1938775510204081,0.1173469387755102,0.25,0.0153061224489795,0.0051020408163265,0.7683284457478006,0.7258064516129032,0.8269794721407625,0.7692307692307693,0.6964656964656964,0.8503118503118503,3
163,32,1.03125,4.717791411042945,5.09375,1.96319018404908,1,0.4478527607361963,1.96319018404908,1.7914110429447854,1.411042944785276,0.9325153374233128,0.4294478527607362,0.3558282208588957,0.1717791411042944,0.3067484662576687,0.0184049079754601,0.0,0.5598006644518272,0.5382059800664452,0.5548172757475083,0.464367816091954,0.4298850574712644,0.5494252873563218,3
437,30,1.5517241379310345,4.613272311212815,14.566666666666666,1.965675057208238,2,0.4347826086956521,1.965675057208238,1.677345537757437,1.366132723112128,0.8032036613272311,0.3455377574370709,0.2334096109839817,0.1556064073226544,0.2791762013729977,0.0205949656750572,0.0,0.6936305732484076,0.6643312101910828,0.7178343949044586,0.6492007104795737,0.5923623445825933,0.7060390763765542,3
91,13,1.0769230769230769,5.043956043956044,7.0,2.10989010989011,4,0.3626373626373626,2.10989010989011,1.9230769230769231,1.6813186813186811,1.0,0.3406593406593406,0.2307692307692307,0.1648351648351648,0.2307692307692307,0.0439560439560439,0.0109890109890109,0.7978142076502732,0.7568306010928961,0.7841530054644809,0.7142857142857143,0.652014652014652,0.8021978021978022,3
629,86,1.6181818181818182,5.074721780604134,7.313953488372093,2.0317965023847377,12,0.6565977742448331,2.0317965023847377,1.7329093799682036,1.5357710651828298,0.9475357710651828,0.5421303656597775,0.3688394276629571,0.2750397456279809,0.4674085850556438,0.0906200317965023,0.0,0.6832810047095761,0.6487441130298273,0.7032967032967034,0.6397482957524908,0.5700052438384898,0.7215521761929733,3
365,50,1.5142857142857142,4.657534246575342,7.3,1.9808219178082191,3,0.4575342465753425,1.9808219178082191,1.7068493150684931,1.3808219178082193,0.8136986301369863,0.4054794520547945,0.273972602739726,0.1397260273972602,0.2931506849315068,0.0383561643835616,0.0054794520547945,0.6674174174174174,0.6343843843843844,0.6561561561561562,0.5943983402489627,0.5560165975103735,0.6493775933609959,3
128,12,1.3333333333333333,4.6484375,10.666666666666666,1.984375,2,0.4140625,1.984375,1.6953125,1.4921875,0.8515625,0.34375,0.2734375,0.15625,0.25,0.0234375,0.0078125,0.75,0.7043478260869566,0.7739130434782608,0.7169230769230769,0.6307692307692307,0.8153846153846154,3
3516,199,2.2157894736842105,4.746871444823663,17.668341708542712,2.007394766780432,96,0.5210466439135382,2.007394766780432,1.7124573378839592,1.4032992036405003,0.8191126279863481,0.3757110352673493,0.2571103526734926,0.1848691695108077,0.3703071672354949,0.043230944254835,0.0022753128555176,0.6738000611433812,0.6477376948945277,0.697569550596148,0.6258675078864353,0.5846477392218717,0.7038906414300736,3
332,43,1.5416666666666667,4.379518072289157,7.72093023255814,1.894578313253012,2,0.3674698795180723,1.894578313253012,1.6174698795180722,1.2951807228915662,0.7530120481927711,0.2831325301204819,0.1927710843373494,0.1265060240963855,0.25,0.003012048192771,0.0,0.704136690647482,0.677158273381295,0.7095323741007195,0.6523994811932555,0.6238651102464332,0.7237354085603113,3
102,72,1.0294117647058822,4.852941176470588,1.4166666666666667,2.1862745098039214,1,0.3333333333333333,2.1862745098039214,1.7745098039215683,1.5588235294117647,0.8823529411764706,0.3235294117647059,0.196078431372549,0.1764705882352941,0.2450980392156862,0.0294117647058823,0.0,0.6173469387755102,0.5714285714285714,0.6352040816326531,0.5363321799307958,0.4948096885813148,0.6124567474048442,3
153,13,1.3846153846153846,4.601307189542483,11.76923076923077,1.9803921568627447,1,0.4836601307189542,1.9803921568627447,1.6405228758169934,1.3856209150326797,0.7058823529411765,0.3660130718954248,0.2352941176470588,0.1176470588235294,0.2941176470588235,0.0196078431372549,0.0,0.75591985428051,0.6939890710382514,0.7686703096539163,0.6751269035532995,0.6269035532994924,0.7791878172588832,3
252,70,1.1764705882352942,5.067460317460317,3.6,2.111111111111111,8,0.5119047619047619,2.111111111111111,1.8531746031746037,1.6071428571428572,1.011904761904762,0.4325396825396825,0.3452380952380952,0.2539682539682539,0.3015873015873015,0.0198412698412698,0.0079365079365079,0.7340529931305201,0.7095191364082434,0.7595682041216879,0.7161629434954008,0.6281208935611038,0.735873850197109,3
88,8,1.3333333333333333,4.704545454545454,11.0,2.0,1,0.3636363636363636,2.0,1.7386363636363635,1.556818181818182,0.9090909090909092,0.3295454545454545,0.2045454545454545,0.0795454545454545,0.125,0.0568181818181818,0.0,0.8518518518518519,0.7746913580246914,0.8024691358024691,0.8162393162393162,0.7094017094017094,0.7350427350427351,3
184,15,1.6153846153846154,4.315217391304348,12.266666666666667,1.880434782608696,2,0.3695652173913043,1.880434782608696,1.5923913043478262,1.266304347826087,0.717391304347826,0.25,0.1576086956521739,0.1195652173913043,0.2608695652173913,0.0217391304347826,0.0,0.6650082918739635,0.6434494195688225,0.6998341625207297,0.6796116504854369,0.6019417475728155,0.7572815533980582,3
478,42,1.6666666666666667,4.696652719665272,11.38095238095238,2.0313807531380754,8,0.3702928870292887,2.0313807531380754,1.7238493723849373,1.5230125523012552,0.8870292887029289,0.3075313807531381,0.1841004184100418,0.1736401673640167,0.2573221757322175,0.0146443514644351,0.00418410041841,0.7279954571266326,0.7030096536059057,0.7433276547416241,0.6830985915492958,0.6103286384976526,0.8231611893583725,3
436,31,1.9166666666666667,4.637614678899083,14.064516129032258,1.970183486238532,11,0.4885321100917431,1.970183486238532,1.6926605504587156,1.360091743119266,0.7408256880733946,0.3211009174311927,0.2224770642201834,0.1536697247706422,0.3509174311926605,0.0275229357798165,0.0,0.6838422391857506,0.6870229007633588,0.7111959287531806,0.6144256455921638,0.5983971504897596,0.6901157613535174,3
696,56,1.8837209302325584,4.347701149425287,12.428571428571429,1.9123563218390804,8,0.4281609195402299,1.9123563218390804,1.5775862068965518,1.262931034482759,0.7054597701149425,0.2859195402298851,0.1752873563218391,0.1077586206896551,0.2744252873563218,0.0086206896551724,0.0014367816091954,0.7210913815504547,0.6929406669553919,0.747076656561282,0.6871088861076345,0.6408010012515645,0.7884856070087609,3
264,19,1.1578947368421053,4.575757575757576,13.894736842105264,2.003787878787879,3,0.4507575757575757,2.003787878787879,1.625,1.371212121212121,0.75,0.3863636363636363,0.2575757575757575,0.1401515151515151,0.2840909090909091,0.0416666666666666,0.0,0.7414529914529915,0.6752136752136753,0.7489316239316239,0.6280120481927711,0.5798192771084337,0.7319277108433735,3
247,27,1.2,4.5425101214574894,9.148148148148149,1.991902834008097,1,0.2955465587044534,1.991902834008097,1.6518218623481782,1.4777327935222673,0.8218623481781376,0.2469635627530364,0.1214574898785425,0.097165991902834,0.1700404858299595,0.0080971659919028,0.0,0.7113163972286374,0.6859122401847575,0.710161662817552,0.6721311475409836,0.6098360655737705,0.8245901639344262,3
427,52,1.5945945945945943,4.510538641686183,8.211538461538462,1.97423887587822,2,0.3676814988290398,1.97423887587822,1.639344262295082,1.3583138173302107,0.7775175644028103,0.3185011709601874,0.2388758782201405,0.1381733021077283,0.2412177985948477,0.0234192037470726,0.0,0.710261569416499,0.6928236083165661,0.7491616364855801,0.6568998109640832,0.6266540642722117,0.7523629489603024,3
673,84,1.3770491803278688,4.643387815750372,8.011904761904763,2.0460624071322435,10,0.3818722139673105,2.0460624071322435,1.7444279346210996,1.424962852897474,0.8395245170876672,0.3268945022288261,0.2332838038632986,0.1233283803863298,0.2184249628528974,0.0222882615156017,0.0,0.6898110106820049,0.6561216105176664,0.7128184059161874,0.6411428571428571,0.6034285714285714,0.7365714285714285,3
706,74,2.142857142857143,4.569405099150142,9.54054054054054,1.998583569405099,18,0.4518413597733711,1.998583569405099,1.6713881019830028,1.3371104815864023,0.7691218130311614,0.330028328611898,0.1855524079320113,0.1402266288951841,0.311614730878187,0.0226628895184136,0.0,0.7138855542216886,0.6798719487795118,0.7414965986394558,0.6655386350817822,0.6153412295544275,0.7631133671742809,3
968,96,1.4337349397590362,4.631198347107438,10.083333333333334,1.9814049586776856,10,0.4524793388429752,1.9814049586776856,1.712809917355372,1.3450413223140496,0.8068181818181818,0.3316115702479338,0.2417355371900826,0.143595041322314,0.3223140495867768,0.024793388429752,0.0041322314049586,0.6877142857142857,0.6571428571428571,0.7034285714285714,0.6461721539071796,0.5838952796509321,0.6925823086076953,3
324,35,1.7037037037037035,4.518518518518518,9.257142857142858,1.8611111111111112,1,0.5123456790123457,1.8611111111111112,1.5524691358024691,1.382716049382716,0.8209876543209876,0.3796296296296296,0.25,0.1358024691358024,0.3148148148148148,0.0462962962962962,0.0,0.6940760389036251,0.6480990274093722,0.7011494252873564,0.6382978723404256,0.6107634543178974,0.7058823529411765,3
134,14,1.8461538461538465,5.007462686567164,9.571428571428571,2.1791044776119404,6,0.4477611940298507,2.1791044776119404,1.7388059701492538,1.671641791044776,0.9477611940298508,0.3880597014925373,0.2611940298507462,0.1492537313432835,0.2388059701492537,0.0298507462686567,0.0,0.6685288640595903,0.6610800744878957,0.6834264432029795,0.6178660049627791,0.6178660049627791,0.7022332506203474,3
94,8,1.375,4.51063829787234,11.75,2.0,0,0.3404255319148936,2.0,1.702127659574468,1.2659574468085106,0.723404255319149,0.2872340425531915,0.2446808510638297,0.0957446808510638,0.2659574468085106,0.0,0.0,0.6981132075471698,0.6352201257861635,0.7327044025157232,0.6807511737089202,0.6009389671361502,0.8075117370892019,3
379,35,1.96,4.788918205804749,10.82857142857143,2.060686015831134,7,0.5514511873350924,2.060686015831134,1.733509234828496,1.3799472295514512,0.7810026385224275,0.4327176781002638,0.2717678100263852,0.1978891820580474,0.445910290237467,0.0448548812664907,0.0,0.677645409950946,0.6580238262088297,0.6916608269096005,0.5917387127761767,0.5754082612872238,0.6868395773294909,3
437,75,1.2033898305084745,4.759725400457666,5.826666666666667,2.0411899313501145,7,0.4393592677345537,2.0411899313501145,1.7505720823798627,1.469107551487414,0.8604118993135011,0.3592677345537757,0.2540045766590389,0.1876430205949656,0.2700228832951945,0.0160183066361556,0.0022883295194508,0.7120098039215687,0.6727941176470589,0.7242647058823529,0.6329113924050633,0.5940928270042194,0.7257383966244726,3
141,13,0.0,4.73758865248227,10.846153846153848,2.106382978723404,5,0.4468085106382978,2.106382978723404,1.6666666666666667,1.50354609929078,0.8014184397163121,0.3617021276595745,0.2553191489361702,0.1347517730496454,0.2624113475177305,0.0496453900709219,0.0070921985815602,0.685823754789272,0.6168582375478927,0.6896551724137931,0.6063829787234043,0.5398936170212766,0.6781914893617021,3
182,25,1.4090909090909092,4.87912087912088,7.28,2.087912087912088,4,0.4010989010989011,2.087912087912088,1.824175824175824,1.5824175824175823,0.8901098901098901,0.3461538461538461,0.2527472527472527,0.1428571428571428,0.2582417582417582,0.0274725274725274,0.0,0.6690442225392297,0.6319543509272468,0.7004279600570613,0.6556420233463035,0.5330739299610895,0.6984435797665369,3
475,70,1.3409090909090908,4.903157894736842,6.785714285714286,2.014736842105263,3,0.5642105263157895,2.014736842105263,1.68,1.52,0.8989473684210526,0.4631578947368421,0.3031578947368421,0.2231578947368421,0.3768421052631578,0.0463157894736842,0.0,0.6702878870179251,0.6463878326996197,0.690385659967409,0.6192930780559647,0.5898379970544919,0.7017673048600883,3
153,18,1.2777777777777777,4.594771241830065,8.5,1.9803921568627447,1,0.3856209150326797,1.9803921568627447,1.6797385620915033,1.4183006535947713,0.7908496732026143,0.2875816993464052,0.1699346405228758,0.0980392156862745,0.2222222222222222,0.0196078431372549,0.0,0.697632058287796,0.668488160291439,0.7122040072859745,0.6070528967254408,0.5239294710327456,0.6750629722921915,3
566,59,1.7659574468085106,4.685512367491167,9.59322033898305,2.03356890459364,7,0.4593639575971731,2.03356890459364,1.704946996466431,1.431095406360424,0.8286219081272085,0.3621908127208481,0.2526501766784452,0.1837455830388692,0.3321554770318021,0.0600706713780918,0.0017667844522968,0.6732625482625483,0.6365830115830116,0.6776061776061776,0.5923949299533022,0.5483655770513676,0.6784523015343562,3
394,129,1.305084745762712,4.418781725888325,3.054263565891473,1.8756345177664973,3,0.3857868020304568,1.8756345177664973,1.6598984771573604,1.3020304568527918,0.8299492385786802,0.3375634517766497,0.266497461928934,0.0837563451776649,0.2461928934010152,0.015228426395939,0.0,0.7118391660461653,0.6731198808637379,0.7252419955323902,0.6592592592592592,0.5894179894179894,0.7291005291005291,3
306,35,1.4827586206896552,4.712418300653595,8.742857142857142,2.026143790849673,1,0.434640522875817,2.026143790849673,1.7352941176470589,1.3366013071895424,0.7908496732026143,0.2516339869281045,0.1895424836601307,0.1405228758169934,0.3562091503267974,0.0163398692810457,0.0,0.648936170212766,0.6161347517730497,0.6923758865248227,0.6102941176470589,0.5698529411764706,0.7291666666666666,3
206,14,1.5714285714285714,4.902912621359223,14.714285714285714,2.1116504854368934,4,0.5048543689320388,2.1116504854368934,1.7766990291262137,1.4611650485436891,0.8203883495145631,0.3786407766990291,0.2233009708737864,0.2184466019417475,0.3349514563106796,0.0388349514563106,0.0,0.704630788485607,0.6608260325406758,0.6921151439299124,0.6564625850340136,0.6071428571428571,0.7125850340136054,3
475,46,1.441860465116279,4.3578947368421055,10.326086956521738,1.8778947368421053,15,0.3978947368421052,1.8778947368421053,1.5747368421052632,1.2210526315789474,0.728421052631579,0.2442105263157894,0.1705263157894737,0.1136842105263157,0.2673684210526316,0.0294736842105263,0.0,0.6786843769765971,0.6419987349778621,0.7001897533206831,0.6224862888482633,0.5776965265082267,0.720292504570384,3
696,70,1.6440677966101696,4.497126436781609,9.942857142857145,1.9410919540229885,7,0.3577586206896552,1.9410919540229885,1.6752873563218391,1.3936781609195403,0.8261494252873564,0.2945402298850574,0.2183908045977011,0.1379310344827586,0.2327586206896551,0.0114942528735632,0.0014367816091954,0.691036761668732,0.6472532011565468,0.7030152829409335,0.6277712952158693,0.55950991831972,0.7322053675612602,3
383,39,1.65625,4.438642297650131,9.82051282051282,1.947780678851175,7,0.3681462140992167,1.947780678851175,1.6553524804177546,1.3472584856396868,0.7754569190600522,0.2715404699738903,0.1879895561357702,0.1201044386422976,0.248041775456919,0.0052219321148825,0.0,0.7268553940321346,0.7161438408569243,0.7230298393267024,0.7210065645514223,0.6575492341356673,0.7231947483588621,3
720,73,1.6166666666666667,4.690277777777778,9.863013698630136,2.0166666666666666,12,0.475,2.0166666666666666,1.7777777777777777,1.3763888888888889,0.825,0.3513888888888888,0.2263888888888889,0.1541666666666666,0.3222222222222222,0.0291666666666666,0.0013888888888888,0.7208774583963692,0.6747352496217852,0.7348714069591528,0.6173549398849973,0.5938316779926817,0.7354939884997387,3
799,154,1.5166666666666666,4.466833541927409,5.188311688311688,1.891113892365457,0,0.4205256570713391,1.891113892365457,1.6220275344180226,1.3329161451814768,0.769712140175219,0.3566958698372966,0.2703379224030037,0.1101376720901126,0.2052565707133917,0.0062578222778473,0.0,0.6978260869565217,0.6550724637681159,0.7003623188405798,0.6511270491803278,0.5855532786885246,0.7172131147540983,3
316,35,2.1,4.525316455696203,9.028571428571428,1.860759493670886,4,0.4367088607594936,1.860759493670886,1.5917721518987342,1.379746835443038,0.8417721518987342,0.360759493670886,0.2784810126582278,0.1772151898734177,0.2753164556962025,0.0284810126582278,0.0,0.6732673267326733,0.6678667866786678,0.684068406840684,0.6040353089533418,0.5825977301387137,0.699873896595208,3
228,28,1.380952380952381,4.745614035087719,8.142857142857142,2.030701754385965,9,0.5482456140350878,2.030701754385965,1.719298245614035,1.3421052631578947,0.7982456140350878,0.4385964912280701,0.2763157894736842,0.1710526315789473,0.425438596491228,0.0350877192982456,0.0043859649122807,0.6375442739079102,0.628099173553719,0.6706021251475797,0.5456026058631922,0.5162866449511401,0.6156351791530945,3
691,50,2.323529411764706,4.424023154848046,13.82,1.87698986975398,11,0.3661360347322721,1.87698986975398,1.5817655571635312,1.2937771345875542,0.7149059334298119,0.2460202604920405,0.1664254703328509,0.1259044862518089,0.2402315484804631,0.0072358900144717,0.0028943560057887,0.6899059024807528,0.6454234388366125,0.7065868263473054,0.6436923076923077,0.6178461538461538,0.7612307692307693,3
234,42,1.4482758620689655,4.653846153846154,5.571428571428571,2.047008547008547,5,0.4615384615384615,2.047008547008547,1.7564102564102564,1.358974358974359,0.8162393162393162,0.3846153846153846,0.2264957264957265,0.1666666666666666,0.329059829059829,0.0512820512820512,0.0,0.7149587750294464,0.6666666666666666,0.71849234393404,0.660655737704918,0.5983606557377049,0.7360655737704918,3
491,62,2.6,4.407331975560082,7.919354838709677,1.934826883910387,3,0.3604887983706721,1.934826883910387,1.6741344195519348,1.2769857433808554,0.790224032586558,0.2810590631364562,0.1975560081466395,0.1364562118126273,0.2464358452138492,0.0183299389002036,0.0,0.7062423500611995,0.7056303549571603,0.7166462668298653,0.6447602131438721,0.6287744227353463,0.7344582593250444,3
570,86,1.3962264150943395,4.494736842105263,6.627906976744186,1.9385964912280704,9,0.4228070175438596,1.9385964912280704,1.670175438596491,1.3,0.7789473684210526,0.3192982456140351,0.2105263157894736,0.1631578947368421,0.2929824561403509,0.0210526315789473,0.0017543859649122,0.6979219462747086,0.6710593005575266,0.7359351241763812,0.6262553802008608,0.578909612625538,0.7037302725968436,3
108,11,1.4545454545454546,5.277777777777778,9.818181818181818,2.1666666666666665,6,0.6666666666666666,2.1666666666666665,1.8425925925925928,1.6574074074074074,0.9907407407407408,0.5,0.3518518518518518,0.2222222222222222,0.4814814814814814,0.0648148148148148,0.0,0.7199124726477024,0.7133479212253829,0.7308533916849015,0.7304347826086957,0.6521739130434783,0.8434782608695652,3
285,27,2.15,5.428070175438597,10.555555555555555,2.256140350877193,8,0.4736842105263157,2.256140350877193,1.9859649122807017,1.8210526315789477,1.0491228070175438,0.4140350877192982,0.3087719298245614,0.1929824561403508,0.3017543859649123,0.031578947368421,0.0070175438596491,0.6730462519936204,0.6523125996810207,0.6921850079744817,0.5912863070539419,0.5425311203319502,0.6680497925311203,3
85,11,1.0909090909090908,4.08235294117647,7.727272727272727,1.9294117647058824,0,0.1529411764705882,1.9294117647058824,1.6,1.223529411764706,0.6823529411764706,0.1294117647058823,0.0941176470588235,0.0352941176470588,0.0705882352941176,0.0,0.0,0.8390804597701149,0.8045977011494253,0.8620689655172413,0.7885714285714286,0.6914285714285714,0.8628571428571429,3
140,14,1.2142857142857142,4.478571428571429,10.0,1.9357142857142855,0,0.4071428571428571,1.9357142857142855,1.6,1.3357142857142856,0.7642857142857142,0.2642857142857143,0.2,0.1285714285714285,0.3142857142857143,0.0,0.0,0.7010309278350515,0.7072164948453609,0.7649484536082474,0.7142857142857143,0.6326530612244898,0.7696793002915452,3
252,17,1.8666666666666667,4.5,14.823529411764708,1.9404761904761905,2,0.365079365079365,1.9404761904761905,1.6468253968253967,1.4007936507936507,0.7857142857142857,0.2777777777777778,0.2063492063492063,0.1031746031746031,0.2103174603174603,0.0079365079365079,0.0,0.734321550741163,0.6955530216647663,0.750285062713797,0.6532258064516129,0.6016129032258064,0.7580645161290323,3
1096,57,2.571428571428572,4.632299270072993,19.2280701754386,2.042883211678832,19,0.4370437956204379,2.042883211678832,1.7618613138686132,1.3503649635036497,0.7709854014598541,0.2974452554744525,0.2171532846715328,0.1523722627737226,0.3366788321167883,0.0173357664233576,0.0018248175182481,0.7179681576952237,0.6707101339398535,0.7407126611068992,0.6712376933895922,0.6104078762306611,0.769690576652602,3
86,6,1.8333333333333333,4.441860465116279,14.333333333333334,1.930232558139535,1,0.3953488372093023,1.930232558139535,1.6511627906976745,1.3604651162790695,0.7790697674418605,0.3023255813953488,0.2674418604651162,0.1511627906976744,0.2906976744186046,0.0116279069767441,0.0,0.6701030927835051,0.6288659793814433,0.6769759450171822,0.594059405940594,0.5841584158415841,0.6633663366336634,3
204,17,1.2222222222222223,4.980392156862745,12.0,2.07843137254902,8,0.5196078431372549,2.07843137254902,1.8137254901960784,1.553921568627451,0.9117647058823528,0.4117647058823529,0.3137254901960784,0.1225490196078431,0.2352941176470588,0.0490196078431372,0.0,0.8185185185185185,0.7703703703703704,0.7790123456790123,0.8857615894039735,0.7185430463576159,0.7599337748344371,3
203,16,1.4375,4.847290640394089,12.6875,2.073891625615764,4,0.4236453201970443,2.073891625615764,1.7241379310344829,1.6009852216748768,0.8571428571428571,0.3645320197044335,0.2463054187192118,0.1133004926108374,0.2216748768472906,0.0147783251231527,0.0098522167487684,0.7544987146529563,0.705655526992288,0.7789203084832905,0.7272727272727273,0.6643356643356644,0.8391608391608392,3
125,14,1.2142857142857142,4.616,8.928571428571429,2.08,3,0.312,2.08,1.736,1.48,0.856,0.288,0.216,0.088,0.176,0.016,0.0,0.7477678571428571,0.6897321428571429,0.78125,0.7366771159874608,0.658307210031348,0.8275862068965517,3
446,54,1.4489795918367347,4.497757847533633,8.25925925925926,1.9327354260089689,5,0.3520179372197309,1.9327354260089689,1.7264573991031391,1.3408071748878925,0.8340807174887892,0.289237668161435,0.2130044843049327,0.1031390134529148,0.1928251121076233,0.0179372197309417,0.0,0.6658031088082902,0.6314766839378239,0.6800518134715026,0.5909926470588235,0.5496323529411765,0.6378676470588235,3
449,42,1.8,4.76391982182628,10.69047619047619,2.028953229398664,9,0.443207126948775,2.028953229398664,1.734966592427617,1.5033407572383073,0.9131403118040088,0.4053452115812918,0.3162583518930957,0.2115812917594654,0.2962138084632517,0.0244988864142538,0.0022271714922048,0.7534246575342466,0.7051816557474687,0.7593805836807623,0.6628383921246924,0.6152584085315833,0.8137817883511075,3
257,29,1.5294117647058822,4.595330739299611,8.862068965517242,2.038910505836576,5,0.357976653696498,2.038910505836576,1.727626459143969,1.3307392996108949,0.7665369649805448,0.2723735408560311,0.1945525291828793,0.1361867704280155,0.2490272373540856,0.0272373540856031,0.0,0.7010869565217391,0.6434782608695652,0.7228260869565217,0.6403641881638846,0.5644916540212443,0.6843702579666161,3
703,54,1.7173913043478262,4.648648648648648,13.01851851851852,1.9530583214793744,12,0.4978662873399715,1.9530583214793744,1.689900426742532,1.3428165007112376,0.7951635846372689,0.3172119487908961,0.2290184921763869,0.155049786628734,0.3854907539118065,0.0625889046941678,0.0014224751066856,0.6839418924224578,0.6595995288574794,0.6949352179034158,0.6166848418756816,0.5605234460196292,0.6875681570338059,3
720,141,1.8113207547169807,4.368055555555555,5.1063829787234045,1.8569444444444445,0,0.4055555555555555,1.8569444444444445,1.6527777777777777,1.2361111111111112,0.775,0.3291666666666666,0.2583333333333333,0.1277777777777777,0.2055555555555555,0.0,0.0,0.6785862785862786,0.6074844074844075,0.6823284823284823,0.6940611877624475,0.555488902219556,0.7162567486502699,3
261,21,3.142857142857143,4.651340996168583,12.428571428571429,1.996168582375479,12,0.4444444444444444,1.996168582375479,1.6551724137931034,1.3946360153256705,0.7816091954022989,0.367816091954023,0.2452107279693486,0.1494252873563218,0.2681992337164751,0.0191570881226053,0.0,0.7374599786552828,0.7331910352187834,0.743863393810032,0.6439393939393939,0.5984848484848485,0.7242424242424242,3
250,20,3.142857142857143,4.668,12.5,1.996,12,0.46,1.996,1.656,1.4,0.788,0.38,0.256,0.156,0.276,0.02,0.0,0.7413984461709212,0.7336293007769146,0.7513873473917869,0.6377952755905512,0.6,0.7417322834645669,3
506,112,1.2653061224489797,4.565217391304348,4.517857142857143,1.9407114624505928,5,0.4328063241106719,1.9407114624505928,1.6106719367588933,1.3675889328063242,0.7707509881422925,0.3280632411067193,0.2312252964426877,0.1699604743083003,0.308300395256917,0.0316205533596837,0.0118577075098814,0.6010044642857143,0.5703125,0.59375,0.552858261550509,0.5207517619420516,0.6162881754111198,3
